<?xml version="1.0" encoding="UTF-8"?>
<gpx creator="nc500-visualise" version="1.1"
  xsi:schemaLocation="http://www.topografix.com/GPX/1/1 http://www.topografix.com/GPX/11.xsd"
  xmlns:ns3="http://www.garmin.com/xmlschemas/TrackPointExtension/v1"
  xmlns="http://www.topografix.com/GPX/1/1"
  xmlns:xsi="http://www.w3.org/2001/XMLSchema-instance" xmlns:ns2="http://www.garmin.com/xmlschemas/GpxExtensions/v3">
  <metadata>
    <time>2026-08-09T10:06:29.000Z</time>
  </metadata>
  <trk>
    <name>Highlands Cycling</name>
    <type>cycling</type>
    <trkseg>
      <trkpt lat="57.5676373578608036041259765625" lon="-4.43917452357709407806396484375">
        <ele>5.19999980926513671875</ele>
        <time>2026-08-09T10:06:29.000Z</time>
      </trkpt>
      <trkpt lat="57.56748698651790618896484375" lon="-4.438898004591464996337890625">
        <ele>5.599999904632568359375</ele>
        <time>2026-08-09T10:06:34.000Z</time>
      </trkpt>
      <trkpt lat="57.56732496432960033416748046875" lon="-4.4385798275470733642578125">
        <ele>6.19999980926513671875</ele>
        <time>2026-08-09T10:06:39.000Z</time>
      </trkpt>
      <trkpt lat="57.567292191088199615478515625" lon="-4.438515119254589080810546875">
        <ele>6.400000095367431640625</ele>
        <time>2026-08-09T10:06:40.000Z</time>
      </trkpt>
      <trkpt lat="57.56719068624079227447509765625" lon="-4.43833851255476474761962890625">
        <ele>6</ele>
        <time>2026-08-09T10:06:43.000Z</time>
      </trkpt>
      <trkpt lat="57.567067556083202362060546875" lon="-4.43813483230769634246826171875">
        <ele>6</ele>
        <time>2026-08-09T10:06:46.000Z</time>
      </trkpt>
      <trkpt lat="57.5668940506875514984130859375" lon="-4.437830485403537750244140625">
        <ele>6.599999904632568359375</ele>
        <time>2026-08-09T10:06:50.000Z</time>
      </trkpt>
      <trkpt lat="57.5668088905513286590576171875" lon="-4.437682293355464935302734375">
        <ele>7</ele>
        <time>2026-08-09T10:06:52.000Z</time>
      </trkpt>
      <trkpt lat="57.56669581867754459381103515625" lon="-4.43747467361390590667724609375">
        <ele>7.19999980926513671875</ele>
        <time>2026-08-09T10:06:55.000Z</time>
      </trkpt>
      <trkpt lat="57.56665843538939952850341796875" lon="-4.43741214461624622344970703125">
        <ele>7.400000095367431640625</ele>
        <time>2026-08-09T10:06:56.000Z</time>
      </trkpt>
      <trkpt lat="57.56661987863481044769287109375" lon="-4.43736051209270954132080078125">
        <ele>7.599999904632568359375</ele>
        <time>2026-08-09T10:06:57.000Z</time>
      </trkpt>
      <trkpt lat="57.56658752448856830596923828125" lon="-4.4373029284179210662841796875">
        <ele>7.80000019073486328125</ele>
        <time>2026-08-09T10:06:58.000Z</time>
      </trkpt>
      <trkpt lat="57.56652834825217723846435546875" lon="-4.4371953047811985015869140625">
        <ele>8.19999980926513671875</ele>
        <time>2026-08-09T10:07:00.000Z</time>
      </trkpt>
      <trkpt lat="57.56650219671428203582763671875" lon="-4.43714811466634273529052734375">
        <ele>8.3999996185302734375</ele>
        <time>2026-08-09T10:07:01.000Z</time>
      </trkpt>
      <trkpt lat="57.566425837576389312744140625" lon="-4.43703227676451206207275390625">
        <ele>8.80000019073486328125</ele>
        <time>2026-08-09T10:07:04.000Z</time>
      </trkpt>
      <trkpt lat="57.56640513427555561065673828125" lon="-4.43699791096150875091552734375">
        <ele>8.80000019073486328125</ele>
        <time>2026-08-09T10:07:05.000Z</time>
      </trkpt>
      <trkpt lat="57.5663810782134532928466796875" lon="-4.43696421571075916290283203125">
        <ele>8.80000019073486328125</ele>
        <time>2026-08-09T10:07:06.000Z</time>
      </trkpt>
      <trkpt lat="57.56634193472564220428466796875" lon="-4.4368975795805454254150390625">
        <ele>9</ele>
        <time>2026-08-09T10:07:08.000Z</time>
      </trkpt>
      <trkpt lat="57.56631913594901561737060546875" lon="-4.43687151186168193817138671875">
        <ele>9</ele>
        <time>2026-08-09T10:07:09.000Z</time>
      </trkpt>
      <trkpt lat="57.5662204809486865997314453125" lon="-4.43672633729875087738037109375">
        <ele>9.3999996185302734375</ele>
        <time>2026-08-09T10:07:14.000Z</time>
      </trkpt>
      <trkpt lat="57.56619952619075775146484375" lon="-4.4366984255611896514892578125">
        <ele>9.6000003814697265625</ele>
        <time>2026-08-09T10:07:15.000Z</time>
      </trkpt>
      <trkpt lat="57.56606332026422023773193359375" lon="-4.4365431927144527435302734375">
        <ele>10.3999996185302734375</ele>
        <time>2026-08-09T10:07:21.000Z</time>
      </trkpt>
      <trkpt lat="57.56604203023016452789306640625" lon="-4.43651846610009670257568359375">
        <ele>10.3999996185302734375</ele>
        <time>2026-08-09T10:07:22.000Z</time>
      </trkpt>
      <trkpt lat="57.565910182893276214599609375" lon="-4.43637245334684848785400390625">
        <ele>10.6000003814697265625</ele>
        <time>2026-08-09T10:07:28.000Z</time>
      </trkpt>
      <trkpt lat="57.56589098833501338958740234375" lon="-4.43634093739092350006103515625">
        <ele>10.6000003814697265625</ele>
        <time>2026-08-09T10:07:29.000Z</time>
      </trkpt>
      <trkpt lat="57.56572787649929523468017578125" lon="-4.436169527471065521240234375">
        <ele>11.3999996185302734375</ele>
        <time>2026-08-09T10:07:36.000Z</time>
      </trkpt>
      <trkpt lat="57.5656146369874477386474609375" lon="-4.436046816408634185791015625">
        <ele>11.3999996185302734375</ele>
        <time>2026-08-09T10:07:41.000Z</time>
      </trkpt>
      <trkpt lat="57.565588988363742828369140625" lon="-4.43603181280195713043212890625">
        <ele>11.80000019073486328125</ele>
        <time>2026-08-09T10:07:42.000Z</time>
      </trkpt>
      <trkpt lat="57.565503828227519989013671875" lon="-4.4359748996794223785400390625">
        <ele>13</ele>
        <time>2026-08-09T10:07:45.000Z</time>
      </trkpt>
      <trkpt lat="57.56547935307025909423828125" lon="-4.4359521009027957916259765625">
        <ele>13</ele>
        <time>2026-08-09T10:07:46.000Z</time>
      </trkpt>
      <trkpt lat="57.565470635890960693359375" lon="-4.43591446615755558013916015625">
        <ele>13.19999980926513671875</ele>
        <time>2026-08-09T10:07:47.000Z</time>
      </trkpt>
      <trkpt lat="57.5654500164091587066650390625" lon="-4.435822181403636932373046875">
        <ele>13.19999980926513671875</ele>
        <time>2026-08-09T10:07:49.000Z</time>
      </trkpt>
      <trkpt lat="57.5654563866555690765380859375" lon="-4.43578421138226985931396484375">
        <ele>13.19999980926513671875</ele>
        <time>2026-08-09T10:07:50.000Z</time>
      </trkpt>
      <trkpt lat="57.56546032615005970001220703125" lon="-4.4356922619044780731201171875">
        <ele>13.6000003814697265625</ele>
        <time>2026-08-09T10:07:52.000Z</time>
      </trkpt>
      <trkpt lat="57.56545445881783962249755859375" lon="-4.43564750254154205322265625">
        <ele>13.6000003814697265625</ele>
        <time>2026-08-09T10:07:53.000Z</time>
      </trkpt>
      <trkpt lat="57.565440796315670013427734375" lon="-4.4356034137308597564697265625">
        <ele>14</ele>
        <time>2026-08-09T10:07:54.000Z</time>
      </trkpt>
      <trkpt lat="57.5653695501387119293212890625" lon="-4.43543988279998302459716796875">
        <ele>14.6000003814697265625</ele>
        <time>2026-08-09T10:07:58.000Z</time>
      </trkpt>
      <trkpt lat="57.56533811800181865692138671875" lon="-4.435354135930538177490234375">
        <ele>15</ele>
        <time>2026-08-09T10:08:00.000Z</time>
      </trkpt>
      <trkpt lat="57.56527416408061981201171875" lon="-4.4351787865161895751953125">
        <ele>15.80000019073486328125</ele>
        <time>2026-08-09T10:08:04.000Z</time>
      </trkpt>
      <trkpt lat="57.565236277878284454345703125" lon="-4.4351165927946567535400390625">
        <ele>16</ele>
        <time>2026-08-09T10:08:06.000Z</time>
      </trkpt>
      <trkpt lat="57.56521238945424556732177734375" lon="-4.43497292697429656982421875">
        <ele>16.3999996185302734375</ele>
        <time>2026-08-09T10:08:09.000Z</time>
      </trkpt>
      <trkpt lat="57.5651291571557521820068359375" lon="-4.43467251956462860107421875">
        <ele>17</ele>
        <time>2026-08-09T10:08:16.000Z</time>
      </trkpt>
      <trkpt lat="57.56512119434773921966552734375" lon="-4.4346250779926776885986328125">
        <ele>17.200000762939453125</ele>
        <time>2026-08-09T10:08:17.000Z</time>
      </trkpt>
      <trkpt lat="57.5650909356772899627685546875" lon="-4.43436766974627971649169921875">
        <ele>17.3999996185302734375</ele>
        <time>2026-08-09T10:08:22.000Z</time>
      </trkpt>
      <trkpt lat="57.5650830566883087158203125" lon="-4.4343152828514575958251953125">
        <ele>17.6000003814697265625</ele>
        <time>2026-08-09T10:08:23.000Z</time>
      </trkpt>
      <trkpt lat="57.565076351165771484375" lon="-4.43407497368752956390380859375">
        <ele>17.799999237060546875</ele>
        <time>2026-08-09T10:08:28.000Z</time>
      </trkpt>
      <trkpt lat="57.5650721602141857147216796875" lon="-4.433909766376018524169921875">
        <ele>18.200000762939453125</ele>
        <time>2026-08-09T10:08:31.000Z</time>
      </trkpt>
      <trkpt lat="57.565080039203166961669921875" lon="-4.4336096942424774169921875">
        <ele>18.3999996185302734375</ele>
        <time>2026-08-09T10:08:36.000Z</time>
      </trkpt>
      <trkpt lat="57.565086744725704193115234375" lon="-4.43310786969959735870361328125">
        <ele>18.799999237060546875</ele>
        <time>2026-08-09T10:08:44.000Z</time>
      </trkpt>
      <trkpt lat="57.5650892592966556549072265625" lon="-4.43281047977507114410400390625">
        <ele>19.3999996185302734375</ele>
        <time>2026-08-09T10:08:49.000Z</time>
      </trkpt>
      <trkpt lat="57.56509135477244853973388671875" lon="-4.43275080062448978424072265625">
        <ele>19.6000003814697265625</ele>
        <time>2026-08-09T10:08:50.000Z</time>
      </trkpt>
      <trkpt lat="57.56509856320917606353759765625" lon="-4.432455003261566162109375">
        <ele>20.200000762939453125</ele>
        <time>2026-08-09T10:08:55.000Z</time>
      </trkpt>
      <trkpt lat="57.56510007195174694061279296875" lon="-4.43228694610297679901123046875">
        <ele>20.200000762939453125</ele>
        <time>2026-08-09T10:08:58.000Z</time>
      </trkpt>
      <trkpt lat="57.56510795094072818756103515625" lon="-4.43206616677343845367431640625">
        <ele>20.3999996185302734375</ele>
        <time>2026-08-09T10:09:02.000Z</time>
      </trkpt>
      <trkpt lat="57.56511725485324859619140625" lon="-4.431880004703998565673828125">
        <ele>20.799999237060546875</ele>
        <time>2026-08-09T10:09:05.000Z</time>
      </trkpt>
      <trkpt lat="57.5651160813868045806884765625" lon="-4.43156744353473186492919921875">
        <ele>21</ele>
        <time>2026-08-09T10:09:10.000Z</time>
      </trkpt>
      <trkpt lat="57.56509772501885890960693359375" lon="-4.43118162453174591064453125">
        <ele>21.3999996185302734375</ele>
        <time>2026-08-09T10:09:16.000Z</time>
      </trkpt>
      <trkpt lat="57.565097808837890625" lon="-4.43111591041088104248046875">
        <ele>21.3999996185302734375</ele>
        <time>2026-08-09T10:09:17.000Z</time>
      </trkpt>
      <trkpt lat="57.565065957605838775634765625" lon="-4.4306379742920398712158203125">
        <ele>21.3999996185302734375</ele>
        <time>2026-08-09T10:09:24.000Z</time>
      </trkpt>
      <trkpt lat="57.56505958735942840576171875" lon="-4.4304334558546543121337890625">
        <ele>22</ele>
        <time>2026-08-09T10:09:27.000Z</time>
      </trkpt>
      <trkpt lat="57.5650480203330516815185546875" lon="-4.4300891272723674774169921875">
        <ele>22.3999996185302734375</ele>
        <time>2026-08-09T10:09:32.000Z</time>
      </trkpt>
      <trkpt lat="57.5650450028479099273681640625" lon="-4.4300163723528385162353515625">
        <ele>22.3999996185302734375</ele>
        <time>2026-08-09T10:09:33.000Z</time>
      </trkpt>
      <trkpt lat="57.56501876749098300933837890625" lon="-4.42944598384201526641845703125">
        <ele>23.6000003814697265625</ele>
        <time>2026-08-09T10:09:41.000Z</time>
      </trkpt>
      <trkpt lat="57.564998231828212738037109375" lon="-4.42904046736657619476318359375">
        <ele>24.3999996185302734375</ele>
        <time>2026-08-09T10:09:47.000Z</time>
      </trkpt>
      <trkpt lat="57.56498641334474086761474609375" lon="-4.42891247570514678955078125">
        <ele>24.3999996185302734375</ele>
        <time>2026-08-09T10:09:49.000Z</time>
      </trkpt>
      <trkpt lat="57.56499479524791240692138671875" lon="-4.42878565751016139984130859375">
        <ele>24.799999237060546875</ele>
        <time>2026-08-09T10:09:51.000Z</time>
      </trkpt>
      <trkpt lat="57.565008290112018585205078125" lon="-4.4286383874714374542236328125">
        <ele>25.3999996185302734375</ele>
        <time>2026-08-09T10:09:53.000Z</time>
      </trkpt>
      <trkpt lat="57.5650014169514179229736328125" lon="-4.4285619445145130157470703125">
        <ele>25.3999996185302734375</ele>
        <time>2026-08-09T10:09:54.000Z</time>
      </trkpt>
      <trkpt lat="57.56495724432170391082763671875" lon="-4.42843982018530368804931640625">
        <ele>25.6000003814697265625</ele>
        <time>2026-08-09T10:09:56.000Z</time>
      </trkpt>
      <trkpt lat="57.564922459423542022705078125" lon="-4.42840260453522205352783203125">
        <ele>25.6000003814697265625</ele>
        <time>2026-08-09T10:09:57.000Z</time>
      </trkpt>
      <trkpt lat="57.56484945304691791534423828125" lon="-4.42836572416126728057861328125">
        <ele>25.799999237060546875</ele>
        <time>2026-08-09T10:09:59.000Z</time>
      </trkpt>
      <trkpt lat="57.564810812473297119140625" lon="-4.42836320959031581878662109375">
        <ele>26</ele>
        <time>2026-08-09T10:10:00.000Z</time>
      </trkpt>
      <trkpt lat="57.564737387001514434814453125" lon="-4.428389109671115875244140625">
        <ele>26.3999996185302734375</ele>
        <time>2026-08-09T10:10:02.000Z</time>
      </trkpt>
      <trkpt lat="57.56466371007263660430908203125" lon="-4.42839338444173336029052734375">
        <ele>26.3999996185302734375</ele>
        <time>2026-08-09T10:10:04.000Z</time>
      </trkpt>
      <trkpt lat="57.5646279193460941314697265625" lon="-4.42837025038897991180419921875">
        <ele>26.6000003814697265625</ele>
        <time>2026-08-09T10:10:05.000Z</time>
      </trkpt>
      <trkpt lat="57.56450730375945568084716796875" lon="-4.428228847682476043701171875">
        <ele>26.799999237060546875</ele>
        <time>2026-08-09T10:10:09.000Z</time>
      </trkpt>
      <trkpt lat="57.56447863765060901641845703125" lon="-4.428197331726551055908203125">
        <ele>27</ele>
        <time>2026-08-09T10:10:10.000Z</time>
      </trkpt>
      <trkpt lat="57.56440512835979461669921875" lon="-4.4280816614627838134765625">
        <ele>27.200000762939453125</ele>
        <time>2026-08-09T10:10:13.000Z</time>
      </trkpt>
      <trkpt lat="57.56440504454076290130615234375" lon="-4.42797529511153697967529296875">
        <ele>27.200000762939453125</ele>
        <time>2026-08-09T10:10:15.000Z</time>
      </trkpt>
      <trkpt lat="57.56446489132940769195556640625" lon="-4.42781989462673664093017578125">
        <ele>27.6000003814697265625</ele>
        <time>2026-08-09T10:10:19.000Z</time>
      </trkpt>
      <trkpt lat="57.5645125843584537506103515625" lon="-4.4276332296431064605712890625">
        <ele>27.3999996185302734375</ele>
        <time>2026-08-09T10:10:25.000Z</time>
      </trkpt>
      <trkpt lat="57.56452742032706737518310546875" lon="-4.42757329903542995452880859375">
        <ele>27.3999996185302734375</ele>
        <time>2026-08-09T10:10:27.000Z</time>
      </trkpt>
      <trkpt lat="57.56454083137214183807373046875" lon="-4.427488557994365692138671875">
        <ele>27.3999996185302734375</ele>
        <time>2026-08-09T10:10:31.000Z</time>
      </trkpt>
      <trkpt lat="57.56453965790569782257080078125" lon="-4.42749090492725372314453125">
        <ele>27.3999996185302734375</ele>
        <time>2026-08-09T10:10:37.000Z</time>
      </trkpt>
      <trkpt lat="57.56453949026763439178466796875" lon="-4.42748688161373138427734375">
        <ele>27.3999996185302734375</ele>
        <time>2026-08-09T10:10:38.000Z</time>
      </trkpt>
      <trkpt lat="57.5645343773066997528076171875" lon="-4.4275028072297573089599609375">
        <ele>27.200000762939453125</ele>
        <time>2026-08-09T10:10:46.000Z</time>
      </trkpt>
      <trkpt lat="57.5645350478589534759521484375" lon="-4.4275229237973690032958984375">
        <ele>27.3999996185302734375</ele>
        <time>2026-08-09T10:10:48.000Z</time>
      </trkpt>
      <trkpt lat="57.564541585743427276611328125" lon="-4.4274862110614776611328125">
        <ele>27.799999237060546875</ele>
        <time>2026-08-09T10:10:52.000Z</time>
      </trkpt>
      <trkpt lat="57.56454250775277614593505859375" lon="-4.4274702854454517364501953125">
        <ele>28</ele>
        <time>2026-08-09T10:10:55.000Z</time>
      </trkpt>
      <trkpt lat="57.5645487941801548004150390625" lon="-4.42747036926448345184326171875">
        <ele>28</ele>
        <time>2026-08-09T10:10:57.000Z</time>
      </trkpt>
      <trkpt lat="57.56454284302890300750732421875" lon="-4.4274743087589740753173828125">
        <ele>28.200000762939453125</ele>
        <time>2026-08-09T10:11:04.000Z</time>
      </trkpt>
      <trkpt lat="57.564526498317718505859375" lon="-4.4274890609085559844970703125">
        <ele>28.3999996185302734375</ele>
        <time>2026-08-09T10:11:11.000Z</time>
      </trkpt>
      <trkpt lat="57.56452507339417934417724609375" lon="-4.42750833928585052490234375">
        <ele>28.200000762939453125</ele>
        <time>2026-08-09T10:11:17.000Z</time>
      </trkpt>
      <trkpt lat="57.56452322937548160552978515625" lon="-4.4275048188865184783935546875">
        <ele>28.6000003814697265625</ele>
        <time>2026-08-09T10:11:20.000Z</time>
      </trkpt>
      <trkpt lat="57.56453027017414569854736328125" lon="-4.427490569651126861572265625">
        <ele>28.6000003814697265625</ele>
        <time>2026-08-09T10:11:21.000Z</time>
      </trkpt>
      <trkpt lat="57.56454736925661563873291015625" lon="-4.42749115638434886932373046875">
        <ele>28.6000003814697265625</ele>
        <time>2026-08-09T10:11:25.000Z</time>
      </trkpt>
      <trkpt lat="57.564544267952442169189453125" lon="-4.427493251860141754150390625">
        <ele>28.6000003814697265625</ele>
        <time>2026-08-09T10:11:26.000Z</time>
      </trkpt>
      <trkpt lat="57.56455508060753345489501953125" lon="-4.427493251860141754150390625">
        <ele>28.799999237060546875</ele>
        <time>2026-08-09T10:11:31.000Z</time>
      </trkpt>
      <trkpt lat="57.5645508058369159698486328125" lon="-4.4274893961846828460693359375">
        <ele>29</ele>
        <time>2026-08-09T10:11:32.000Z</time>
      </trkpt>
      <trkpt lat="57.56451803259551525115966796875" lon="-4.427569694817066192626953125">
        <ele>29.3999996185302734375</ele>
        <time>2026-08-09T10:11:36.000Z</time>
      </trkpt>
      <trkpt lat="57.5644998438656330108642578125" lon="-4.42756709642708301544189453125">
        <ele>29.3999996185302734375</ele>
        <time>2026-08-09T10:11:40.000Z</time>
      </trkpt>
      <trkpt lat="57.564446032047271728515625" lon="-4.42763532511889934539794921875">
        <ele>29.799999237060546875</ele>
        <time>2026-08-09T10:11:46.000Z</time>
      </trkpt>
      <trkpt lat="57.56440286524593830108642578125" lon="-4.427711851894855499267578125">
        <ele>29.799999237060546875</ele>
        <time>2026-08-09T10:11:50.000Z</time>
      </trkpt>
      <trkpt lat="57.5643669068813323974609375" lon="-4.4277794100344181060791015625">
        <ele>30</ele>
        <time>2026-08-09T10:11:53.000Z</time>
      </trkpt>
      <trkpt lat="57.56437201984226703643798828125" lon="-4.427808411419391632080078125">
        <ele>30.200000762939453125</ele>
        <time>2026-08-09T10:11:56.000Z</time>
      </trkpt>
      <trkpt lat="57.56443773396313190460205078125" lon="-4.42787806503474712371826171875">
        <ele>30.799999237060546875</ele>
        <time>2026-08-09T10:12:04.000Z</time>
      </trkpt>
      <trkpt lat="57.5647516362369060516357421875" lon="-4.4275976903736591339111328125">
        <ele>32.799999237060546875</ele>
        <time>2026-08-09T10:12:40.000Z</time>
      </trkpt>
      <trkpt lat="57.56472875364124774932861328125" lon="-4.4276275299489498138427734375">
        <ele>32.799999237060546875</ele>
        <time>2026-08-09T10:12:41.000Z</time>
      </trkpt>
      <trkpt lat="57.5646279193460941314697265625" lon="-4.4274997897446155548095703125">
        <ele>33</ele>
        <time>2026-08-09T10:12:45.000Z</time>
      </trkpt>
      <trkpt lat="57.5645642168819904327392578125" lon="-4.4274593889713287353515625">
        <ele>33</ele>
        <time>2026-08-09T10:12:52.000Z</time>
      </trkpt>
      <trkpt lat="57.5645568408071994781494140625" lon="-4.42748327739536762237548828125">
        <ele>32.799999237060546875</ele>
        <time>2026-08-09T10:12:58.000Z</time>
      </trkpt>
      <trkpt lat="57.5645008496940135955810546875" lon="-4.427571035921573638916015625">
        <ele>35.799999237060546875</ele>
        <time>2026-08-09T10:15:01.000Z</time>
      </trkpt>
      <trkpt lat="57.56451903842389583587646484375" lon="-4.42752015776932239532470703125">
        <ele>35.799999237060546875</ele>
        <time>2026-08-09T10:15:04.000Z</time>
      </trkpt>
      <trkpt lat="57.56452859379351139068603515625" lon="-4.4275128655135631561279296875">
        <ele>36</ele>
        <time>2026-08-09T10:15:05.000Z</time>
      </trkpt>
      <trkpt lat="57.564519457519054412841796875" lon="-4.427486546337604522705078125">
        <ele>36.200000762939453125</ele>
        <time>2026-08-09T10:15:07.000Z</time>
      </trkpt>
      <trkpt lat="57.5645179487764835357666015625" lon="-4.4274900667369365692138671875">
        <ele>35.59999847412109375</ele>
        <time>2026-08-09T10:15:11.000Z</time>
      </trkpt>
      <trkpt lat="57.5645179487764835357666015625" lon="-4.4274900667369365692138671875">
        <ele>35.40000152587890625</ele>
        <time>2026-08-09T10:15:17.000Z</time>
      </trkpt>
      <trkpt lat="57.5645179487764835357666015625" lon="-4.4274900667369365692138671875">
        <ele>35.200000762939453125</ele>
        <time>2026-08-09T10:15:20.000Z</time>
      </trkpt>
      <trkpt lat="57.5645179487764835357666015625" lon="-4.4274900667369365692138671875">
        <ele>35</ele>
        <time>2026-08-09T10:15:22.000Z</time>
      </trkpt>
      <trkpt lat="57.5645179487764835357666015625" lon="-4.4274900667369365692138671875">
        <ele>35.200000762939453125</ele>
        <time>2026-08-09T10:15:24.000Z</time>
      </trkpt>
      <trkpt lat="57.5645179487764835357666015625" lon="-4.4274900667369365692138671875">
        <ele>34.799999237060546875</ele>
        <time>2026-08-09T10:15:33.000Z</time>
      </trkpt>
      <trkpt lat="57.56451937370002269744873046875" lon="-4.42748193629086017608642578125">
        <ele>34.799999237060546875</ele>
        <time>2026-08-09T10:15:35.000Z</time>
      </trkpt>
      <trkpt lat="57.56451644003391265869140625" lon="-4.42746265791356563568115234375">
        <ele>34.59999847412109375</ele>
        <time>2026-08-09T10:15:37.000Z</time>
      </trkpt>
      <trkpt lat="57.5645273365080356597900390625" lon="-4.42745712585747241973876953125">
        <ele>34.40000152587890625</ele>
        <time>2026-08-09T10:15:43.000Z</time>
      </trkpt>
      <trkpt lat="57.56453253328800201416015625" lon="-4.4274736382067203521728515625">
        <ele>34.200000762939453125</ele>
        <time>2026-08-09T10:15:49.000Z</time>
      </trkpt>
      <trkpt lat="57.56453446112573146820068359375" lon="-4.4274830259382724761962890625">
        <ele>34</ele>
        <time>2026-08-09T10:15:51.000Z</time>
      </trkpt>
      <trkpt lat="57.56453253328800201416015625" lon="-4.4274736382067203521728515625">
        <ele>34.200000762939453125</ele>
        <time>2026-08-09T10:15:53.000Z</time>
      </trkpt>
      <trkpt lat="57.56454217247664928436279296875" lon="-4.4275189004838466644287109375">
        <ele>33.59999847412109375</ele>
        <time>2026-08-09T10:15:58.000Z</time>
      </trkpt>
      <trkpt lat="57.564542256295680999755859375" lon="-4.42751848138868808746337890625">
        <ele>33.200000762939453125</ele>
        <time>2026-08-09T10:16:00.000Z</time>
      </trkpt>
      <trkpt lat="57.564542256295680999755859375" lon="-4.42751864902675151824951171875">
        <ele>33.799999237060546875</ele>
        <time>2026-08-09T10:16:04.000Z</time>
      </trkpt>
      <trkpt lat="57.5645573437213897705078125" lon="-4.42750968039035797119140625">
        <ele>33.59999847412109375</ele>
        <time>2026-08-09T10:16:10.000Z</time>
      </trkpt>
      <trkpt lat="57.56455625407397747039794921875" lon="-4.42751102149486541748046875">
        <ele>33.40000152587890625</ele>
        <time>2026-08-09T10:16:16.000Z</time>
      </trkpt>
      <trkpt lat="57.56455625407397747039794921875" lon="-4.42751102149486541748046875">
        <ele>33.40000152587890625</ele>
        <time>2026-08-09T10:16:17.000Z</time>
      </trkpt>
      <trkpt lat="57.56455625407397747039794921875" lon="-4.42751102149486541748046875">
        <ele>33.200000762939453125</ele>
        <time>2026-08-09T10:16:20.000Z</time>
      </trkpt>
      <trkpt lat="57.56455625407397747039794921875" lon="-4.42751102149486541748046875">
        <ele>33.40000152587890625</ele>
        <time>2026-08-09T10:16:24.000Z</time>
      </trkpt>
      <trkpt lat="57.56456673145294189453125" lon="-4.4275339879095554351806640625">
        <ele>33</ele>
        <time>2026-08-09T10:16:28.000Z</time>
      </trkpt>
      <trkpt lat="57.56454351358115673065185546875" lon="-4.427566342055797576904296875">
        <ele>33</ele>
        <time>2026-08-09T10:16:30.000Z</time>
      </trkpt>
      <trkpt lat="57.564524821937084197998046875" lon="-4.4275867938995361328125">
        <ele>33.200000762939453125</ele>
        <time>2026-08-09T10:16:32.000Z</time>
      </trkpt>
      <trkpt lat="57.56452121771872043609619140625" lon="-4.427591823041439056396484375">
        <ele>33.200000762939453125</ele>
        <time>2026-08-09T10:16:36.000Z</time>
      </trkpt>
      <trkpt lat="57.56453664042055606842041015625" lon="-4.427584111690521240234375">
        <ele>33.40000152587890625</ele>
        <time>2026-08-09T10:16:38.000Z</time>
      </trkpt>
      <trkpt lat="57.56453664042055606842041015625" lon="-4.42757078446447849273681640625">
        <ele>33.40000152587890625</ele>
        <time>2026-08-09T10:16:40.000Z</time>
      </trkpt>
      <trkpt lat="57.5645363889634609222412109375" lon="-4.427558295428752899169921875">
        <ele>33</ele>
        <time>2026-08-09T10:16:46.000Z</time>
      </trkpt>
      <trkpt lat="57.5645363889634609222412109375" lon="-4.427558295428752899169921875">
        <ele>33</ele>
        <time>2026-08-09T10:16:47.000Z</time>
      </trkpt>
      <trkpt lat="57.5645166076719760894775390625" lon="-4.42755569703876972198486328125">
        <ele>32.799999237060546875</ele>
        <time>2026-08-09T10:16:54.000Z</time>
      </trkpt>
      <trkpt lat="57.5645316950976848602294921875" lon="-4.42755259573459625244140625">
        <ele>32.59999847412109375</ele>
        <time>2026-08-09T10:16:58.000Z</time>
      </trkpt>
      <trkpt lat="57.5645363889634609222412109375" lon="-4.427558295428752899169921875">
        <ele>32.59999847412109375</ele>
        <time>2026-08-09T10:16:59.000Z</time>
      </trkpt>
      <trkpt lat="57.56453697569668292999267578125" lon="-4.4275551103055477142333984375">
        <ele>32.200000762939453125</ele>
        <time>2026-08-09T10:17:07.000Z</time>
      </trkpt>
      <trkpt lat="57.5645363889634609222412109375" lon="-4.427558295428752899169921875">
        <ele>32</ele>
        <time>2026-08-09T10:17:11.000Z</time>
      </trkpt>
      <trkpt lat="57.5645363889634609222412109375" lon="-4.427558295428752899169921875">
        <ele>32</ele>
        <time>2026-08-09T10:17:12.000Z</time>
      </trkpt>
      <trkpt lat="57.5645216368138790130615234375" lon="-4.42755661904811859130859375">
        <ele>31.799999237060546875</ele>
        <time>2026-08-09T10:17:15.000Z</time>
      </trkpt>
      <trkpt lat="57.564518451690673828125" lon="-4.427562654018402099609375">
        <ele>31.6000003814697265625</ele>
        <time>2026-08-09T10:17:17.000Z</time>
      </trkpt>
      <trkpt lat="57.56451803259551525115966796875" lon="-4.42755888216197490692138671875">
        <ele>31.3999996185302734375</ele>
        <time>2026-08-09T10:17:19.000Z</time>
      </trkpt>
      <trkpt lat="57.56452021189033985137939453125" lon="-4.4275618158280849456787109375">
        <ele>31</ele>
        <time>2026-08-09T10:17:24.000Z</time>
      </trkpt>
      <trkpt lat="57.56453747861087322235107421875" lon="-4.4275479018688201904296875">
        <ele>30.799999237060546875</ele>
        <time>2026-08-09T10:17:29.000Z</time>
      </trkpt>
      <trkpt lat="57.56453865207731723785400390625" lon="-4.4275202415883541107177734375">
        <ele>30.6000003814697265625</ele>
        <time>2026-08-09T10:17:32.000Z</time>
      </trkpt>
      <trkpt lat="57.5645291805267333984375" lon="-4.42751563154160976409912109375">
        <ele>30.200000762939453125</ele>
        <time>2026-08-09T10:17:34.000Z</time>
      </trkpt>
      <trkpt lat="57.5645291805267333984375" lon="-4.42751546390354633331298828125">
        <ele>30.200000762939453125</ele>
        <time>2026-08-09T10:17:40.000Z</time>
      </trkpt>
      <trkpt lat="57.5645291805267333984375" lon="-4.42751546390354633331298828125">
        <ele>30.200000762939453125</ele>
        <time>2026-08-09T10:17:48.000Z</time>
      </trkpt>
      <trkpt lat="57.5645291805267333984375" lon="-4.42751546390354633331298828125">
        <ele>30.6000003814697265625</ele>
        <time>2026-08-09T10:17:57.000Z</time>
      </trkpt>
      <trkpt lat="57.56452339701354503631591796875" lon="-4.42752317525446414947509765625">
        <ele>30.6000003814697265625</ele>
        <time>2026-08-09T10:18:03.000Z</time>
      </trkpt>
      <trkpt lat="57.5645166076719760894775390625" lon="-4.42753574810922145843505859375">
        <ele>30.799999237060546875</ele>
        <time>2026-08-09T10:18:04.000Z</time>
      </trkpt>
      <trkpt lat="57.5644978322088718414306640625" lon="-4.4275413639843463897705078125">
        <ele>31.200000762939453125</ele>
        <time>2026-08-09T10:18:10.000Z</time>
      </trkpt>
      <trkpt lat="57.564491964876651763916015625" lon="-4.42754312418401241302490234375">
        <ele>31.3999996185302734375</ele>
        <time>2026-08-09T10:18:17.000Z</time>
      </trkpt>
      <trkpt lat="57.56449774838984012603759765625" lon="-4.42755267955362796783447265625">
        <ele>31.3999996185302734375</ele>
        <time>2026-08-09T10:18:18.000Z</time>
      </trkpt>
      <trkpt lat="57.5644726864993572235107421875" lon="-4.42759148776531219482421875">
        <ele>31.799999237060546875</ele>
        <time>2026-08-09T10:18:21.000Z</time>
      </trkpt>
      <trkpt lat="57.56446556188166141510009765625" lon="-4.427595846354961395263671875">
        <ele>31.799999237060546875</ele>
        <time>2026-08-09T10:18:22.000Z</time>
      </trkpt>
      <trkpt lat="57.5644929707050323486328125" lon="-4.4276794977486133575439453125">
        <ele>32</ele>
        <time>2026-08-09T10:18:28.000Z</time>
      </trkpt>
      <trkpt lat="57.56449372507631778717041015625" lon="-4.42766650579869747161865234375">
        <ele>32</ele>
        <time>2026-08-09T10:18:29.000Z</time>
      </trkpt>
      <trkpt lat="57.56449942477047443389892578125" lon="-4.4276862032711505889892578125">
        <ele>32.200000762939453125</ele>
        <time>2026-08-09T10:18:32.000Z</time>
      </trkpt>
      <trkpt lat="57.56446489132940769195556640625" lon="-4.4277395121753215789794921875">
        <ele>31.799999237060546875</ele>
        <time>2026-08-09T10:18:39.000Z</time>
      </trkpt>
      <trkpt lat="57.564535550773143768310546875" lon="-4.42766650579869747161865234375">
        <ele>32.59999847412109375</ele>
        <time>2026-08-09T10:18:45.000Z</time>
      </trkpt>
      <trkpt lat="57.56454057991504669189453125" lon="-4.42765560932457447052001953125">
        <ele>32.799999237060546875</ele>
        <time>2026-08-09T10:18:46.000Z</time>
      </trkpt>
      <trkpt lat="57.56453798152506351470947265625" lon="-4.4276040606200695037841796875">
        <ele>32.59999847412109375</ele>
        <time>2026-08-09T10:18:52.000Z</time>
      </trkpt>
      <trkpt lat="57.56454418413341045379638671875" lon="-4.4276043958961963653564453125">
        <ele>32.40000152587890625</ele>
        <time>2026-08-09T10:18:58.000Z</time>
      </trkpt>
      <trkpt lat="57.56463018245995044708251953125" lon="-4.42749559879302978515625">
        <ele>32.40000152587890625</ele>
        <time>2026-08-09T10:19:03.000Z</time>
      </trkpt>
      <trkpt lat="57.5646547414362430572509765625" lon="-4.4274712912738323211669921875">
        <ele>32.40000152587890625</ele>
        <time>2026-08-09T10:19:04.000Z</time>
      </trkpt>
      <trkpt lat="57.56481324322521686553955078125" lon="-4.42732326686382293701171875">
        <ele>32.59999847412109375</ele>
        <time>2026-08-09T10:19:06.000Z</time>
      </trkpt>
      <trkpt lat="57.56392124108970165252685546875" lon="-4.42790589295327663421630859375">
        <ele>33.200000762939453125</ele>
        <time>2026-08-09T10:19:20.000Z</time>
      </trkpt>
      <trkpt lat="57.56400321610271930694580078125" lon="-4.42758335731923580169677734375">
        <ele>33.200000762939453125</ele>
        <time>2026-08-09T10:19:25.000Z</time>
      </trkpt>
      <trkpt lat="57.563903890550136566162109375" lon="-4.42741773091256618499755859375">
        <ele>33</ele>
        <time>2026-08-09T10:19:27.000Z</time>
      </trkpt>
      <trkpt lat="57.5639429502189159393310546875" lon="-4.42743499763309955596923828125">
        <ele>32.799999237060546875</ele>
        <time>2026-08-09T10:19:28.000Z</time>
      </trkpt>
      <trkpt lat="57.56429859437048435211181640625" lon="-4.42745125852525234222412109375">
        <ele>32.799999237060546875</ele>
        <time>2026-08-09T10:19:30.000Z</time>
      </trkpt>
      <trkpt lat="57.5645048730075359344482421875" lon="-4.42747841589152812957763671875">
        <ele>32.59999847412109375</ele>
        <time>2026-08-09T10:19:35.000Z</time>
      </trkpt>
      <trkpt lat="57.56452742032706737518310546875" lon="-4.4274602271616458892822265625">
        <ele>31.799999237060546875</ele>
        <time>2026-08-09T10:19:42.000Z</time>
      </trkpt>
      <trkpt lat="57.56453110836446285247802734375" lon="-4.42745947279036045074462890625">
        <ele>31.799999237060546875</ele>
        <time>2026-08-09T10:19:50.000Z</time>
      </trkpt>
      <trkpt lat="57.56453999318182468414306640625" lon="-4.42751663736999034881591796875">
        <ele>31.799999237060546875</ele>
        <time>2026-08-09T10:19:55.000Z</time>
      </trkpt>
      <trkpt lat="57.5645370595157146453857421875" lon="-4.42753038369119167327880859375">
        <ele>31.799999237060546875</ele>
        <time>2026-08-09T10:20:00.000Z</time>
      </trkpt>
      <trkpt lat="57.564534209668636322021484375" lon="-4.427549578249454498291015625">
        <ele>31.799999237060546875</ele>
        <time>2026-08-09T10:20:04.000Z</time>
      </trkpt>
      <trkpt lat="57.564526498317718505859375" lon="-4.427573718130588531494140625">
        <ele>31.799999237060546875</ele>
        <time>2026-08-09T10:20:05.000Z</time>
      </trkpt>
      <trkpt lat="57.5645202957093715667724609375" lon="-4.4275913201272487640380859375">
        <ele>31.3999996185302734375</ele>
        <time>2026-08-09T10:20:06.000Z</time>
      </trkpt>
      <trkpt lat="57.56446924991905689239501953125" lon="-4.42770288325846195220947265625">
        <ele>31.799999237060546875</ele>
        <time>2026-08-09T10:20:10.000Z</time>
      </trkpt>
      <trkpt lat="57.564434967935085296630859375" lon="-4.4277773983776569366455078125">
        <ele>31.6000003814697265625</ele>
        <time>2026-08-09T10:20:12.000Z</time>
      </trkpt>
      <trkpt lat="57.5643550045788288116455078125" lon="-4.428034722805023193359375">
        <ele>31.6000003814697265625</ele>
        <time>2026-08-09T10:20:17.000Z</time>
      </trkpt>
      <trkpt lat="57.56436497904360294342041015625" lon="-4.42810085602104663848876953125">
        <ele>31.3999996185302734375</ele>
        <time>2026-08-09T10:20:18.000Z</time>
      </trkpt>
      <trkpt lat="57.5643878616392612457275390625" lon="-4.42815148271620273590087890625">
        <ele>31.3999996185302734375</ele>
        <time>2026-08-09T10:20:19.000Z</time>
      </trkpt>
      <trkpt lat="57.56444645114243030548095703125" lon="-4.4282135926187038421630859375">
        <ele>32.200000762939453125</ele>
        <time>2026-08-09T10:20:21.000Z</time>
      </trkpt>
      <trkpt lat="57.56461375392973423004150390625" lon="-4.4284140877425670623779296875">
        <ele>31.6000003814697265625</ele>
        <time>2026-08-09T10:20:27.000Z</time>
      </trkpt>
      <trkpt lat="57.56466957740485668182373046875" lon="-4.4284891895949840545654296875">
        <ele>31.6000003814697265625</ele>
        <time>2026-08-09T10:20:29.000Z</time>
      </trkpt>
      <trkpt lat="57.56468030624091625213623046875" lon="-4.4285404868423938751220703125">
        <ele>31.6000003814697265625</ele>
        <time>2026-08-09T10:20:30.000Z</time>
      </trkpt>
      <trkpt lat="57.56472171284258365631103515625" lon="-4.4287455081939697265625">
        <ele>31.200000762939453125</ele>
        <time>2026-08-09T10:20:33.000Z</time>
      </trkpt>
      <trkpt lat="57.56478575058281421661376953125" lon="-4.428850114345550537109375">
        <ele>30.799999237060546875</ele>
        <time>2026-08-09T10:20:35.000Z</time>
      </trkpt>
      <trkpt lat="57.5648260675370693206787109375" lon="-4.4288729131221771240234375">
        <ele>30.3999996185302734375</ele>
        <time>2026-08-09T10:20:36.000Z</time>
      </trkpt>
      <trkpt lat="57.564871497452259063720703125" lon="-4.4288750924170017242431640625">
        <ele>30.3999996185302734375</ele>
        <time>2026-08-09T10:20:37.000Z</time>
      </trkpt>
      <trkpt lat="57.5649474374949932098388671875" lon="-4.42878372967243194580078125">
        <ele>30.799999237060546875</ele>
        <time>2026-08-09T10:20:39.000Z</time>
      </trkpt>
      <trkpt lat="57.5649930350482463836669921875" lon="-4.42862656898796558380126953125">
        <ele>31</ele>
        <time>2026-08-09T10:20:41.000Z</time>
      </trkpt>
      <trkpt lat="57.56503544747829437255859375" lon="-4.428464211523532867431640625">
        <ele>30.799999237060546875</ele>
        <time>2026-08-09T10:20:43.000Z</time>
      </trkpt>
      <trkpt lat="57.5651147402822971343994140625" lon="-4.4282189570367336273193359375">
        <ele>30.799999237060546875</ele>
        <time>2026-08-09T10:20:46.000Z</time>
      </trkpt>
      <trkpt lat="57.56520786322653293609619140625" lon="-4.4279877841472625732421875">
        <ele>30.6000003814697265625</ele>
        <time>2026-08-09T10:20:49.000Z</time>
      </trkpt>
      <trkpt lat="57.5652649439871311187744140625" lon="-4.42783498205244541168212890625">
        <ele>30.3999996185302734375</ele>
        <time>2026-08-09T10:20:51.000Z</time>
      </trkpt>
      <trkpt lat="57.56542327813804149627685546875" lon="-4.42749601788818836212158203125">
        <ele>30.200000762939453125</ele>
        <time>2026-08-09T10:20:56.000Z</time>
      </trkpt>
      <trkpt lat="57.5655482523143291473388671875" lon="-4.42719544284045696258544921875">
        <ele>30.200000762939453125</ele>
        <time>2026-08-09T10:21:00.000Z</time>
      </trkpt>
      <trkpt lat="57.5656340830028057098388671875" lon="-4.4269774295389652252197265625">
        <ele>30.3999996185302734375</ele>
        <time>2026-08-09T10:21:03.000Z</time>
      </trkpt>
      <trkpt lat="57.5658218376338481903076171875" lon="-4.426495134830474853515625">
        <ele>31</ele>
        <time>2026-08-09T10:21:10.000Z</time>
      </trkpt>
      <trkpt lat="57.5658506713807582855224609375" lon="-4.4264267385005950927734375">
        <ele>31.200000762939453125</ele>
        <time>2026-08-09T10:21:11.000Z</time>
      </trkpt>
      <trkpt lat="57.566027529537677764892578125" lon="-4.42601527087390422821044921875">
        <ele>30.200000762939453125</ele>
        <time>2026-08-09T10:21:17.000Z</time>
      </trkpt>
      <trkpt lat="57.566112689673900604248046875" lon="-4.42578761838376522064208984375">
        <ele>30.6000003814697265625</ele>
        <time>2026-08-09T10:21:20.000Z</time>
      </trkpt>
      <trkpt lat="57.5662868656218051910400390625" lon="-4.42535762675106525421142578125">
        <ele>31.200000762939453125</ele>
        <time>2026-08-09T10:21:26.000Z</time>
      </trkpt>
      <trkpt lat="57.56652667187154293060302734375" lon="-4.4247300736606121063232421875">
        <ele>30.6000003814697265625</ele>
        <time>2026-08-09T10:21:35.000Z</time>
      </trkpt>
      <trkpt lat="57.566666565835475921630859375" lon="-4.424275942146778106689453125">
        <ele>31</ele>
        <time>2026-08-09T10:21:42.000Z</time>
      </trkpt>
      <trkpt lat="57.5666412524878978729248046875" lon="-4.42402238957583904266357421875">
        <ele>31.3999996185302734375</ele>
        <time>2026-08-09T10:21:46.000Z</time>
      </trkpt>
      <trkpt lat="57.5666218064725399017333984375" lon="-4.42396455444395542144775390625">
        <ele>31.3999996185302734375</ele>
        <time>2026-08-09T10:21:47.000Z</time>
      </trkpt>
      <trkpt lat="57.566534467041492462158203125" lon="-4.423627518117427825927734375">
        <ele>31.799999237060546875</ele>
        <time>2026-08-09T10:21:52.000Z</time>
      </trkpt>
      <trkpt lat="57.56653010845184326171875" lon="-4.4235529191792011260986328125">
        <ele>32</ele>
        <time>2026-08-09T10:21:53.000Z</time>
      </trkpt>
      <trkpt lat="57.5665376521646976470947265625" lon="-4.423478655517101287841796875">
        <ele>31.799999237060546875</ele>
        <time>2026-08-09T10:21:54.000Z</time>
      </trkpt>
      <trkpt lat="57.5665517337620258331298828125" lon="-4.42340129055082798004150390625">
        <ele>31.6000003814697265625</ele>
        <time>2026-08-09T10:21:55.000Z</time>
      </trkpt>
      <trkpt lat="57.56657159887254238128662109375" lon="-4.42331763915717601776123046875">
        <ele>31.3999996185302734375</ele>
        <time>2026-08-09T10:21:56.000Z</time>
      </trkpt>
      <trkpt lat="57.56659624166786670684814453125" lon="-4.42324496805667877197265625">
        <ele>31.200000762939453125</ele>
        <time>2026-08-09T10:21:57.000Z</time>
      </trkpt>
      <trkpt lat="57.56671140901744365692138671875" lon="-4.42306458950042724609375">
        <ele>31.200000762939453125</ele>
        <time>2026-08-09T10:22:00.000Z</time>
      </trkpt>
      <trkpt lat="57.56685541011393070220947265625" lon="-4.42290365695953369140625">
        <ele>30.6000003814697265625</ele>
        <time>2026-08-09T10:22:03.000Z</time>
      </trkpt>
      <trkpt lat="57.56691156886518001556396484375" lon="-4.42286501638591289520263671875">
        <ele>30.200000762939453125</ele>
        <time>2026-08-09T10:22:04.000Z</time>
      </trkpt>
      <trkpt lat="57.56702187471091747283935546875" lon="-4.4227750785648822784423828125">
        <ele>30</ele>
        <time>2026-08-09T10:22:06.000Z</time>
      </trkpt>
      <trkpt lat="57.5671314261853694915771484375" lon="-4.42269335500895977020263671875">
        <ele>29.799999237060546875</ele>
        <time>2026-08-09T10:22:08.000Z</time>
      </trkpt>
      <trkpt lat="57.56723812781274318695068359375" lon="-4.4225933589041233062744140625">
        <ele>29.799999237060546875</ele>
        <time>2026-08-09T10:22:10.000Z</time>
      </trkpt>
      <trkpt lat="57.56734038703143596649169921875" lon="-4.4224572367966175079345703125">
        <ele>29</ele>
        <time>2026-08-09T10:22:12.000Z</time>
      </trkpt>
      <trkpt lat="57.567390762269496917724609375" lon="-4.42237802781164646148681640625">
        <ele>28.799999237060546875</ele>
        <time>2026-08-09T10:22:13.000Z</time>
      </trkpt>
      <trkpt lat="57.5676123797893524169921875" lon="-4.421894140541553497314453125">
        <ele>29.3999996185302734375</ele>
        <time>2026-08-09T10:22:18.000Z</time>
      </trkpt>
      <trkpt lat="57.5677664391696453094482421875" lon="-4.421484768390655517578125">
        <ele>28.6000003814697265625</ele>
        <time>2026-08-09T10:22:22.000Z</time>
      </trkpt>
      <trkpt lat="57.56781446747481822967529296875" lon="-4.42137354053556919097900390625">
        <ele>28.200000762939453125</ele>
        <time>2026-08-09T10:22:23.000Z</time>
      </trkpt>
      <trkpt lat="57.5678886473178863525390625" lon="-4.42116231657564640045166015625">
        <ele>28.799999237060546875</ele>
        <time>2026-08-09T10:22:25.000Z</time>
      </trkpt>
      <trkpt lat="57.5679645873606204986572265625" lon="-4.42095704376697540283203125">
        <ele>29.3999996185302734375</ele>
        <time>2026-08-09T10:22:27.000Z</time>
      </trkpt>
      <trkpt lat="57.5681117735803127288818359375" lon="-4.420567788183689117431640625">
        <ele>29.6000003814697265625</ele>
        <time>2026-08-09T10:22:31.000Z</time>
      </trkpt>
      <trkpt lat="57.5681851990520954132080078125" lon="-4.4203718192875385284423828125">
        <ele>29.799999237060546875</ele>
        <time>2026-08-09T10:22:33.000Z</time>
      </trkpt>
      <trkpt lat="57.56825451739132404327392578125" lon="-4.42017828114330768585205078125">
        <ele>30</ele>
        <time>2026-08-09T10:22:35.000Z</time>
      </trkpt>
      <trkpt lat="57.56828494369983673095703125" lon="-4.420083649456501007080078125">
        <ele>30.200000762939453125</ele>
        <time>2026-08-09T10:22:36.000Z</time>
      </trkpt>
      <trkpt lat="57.5684333033859729766845703125" lon="-4.41949247382581233978271484375">
        <ele>30.799999237060546875</ele>
        <time>2026-08-09T10:22:42.000Z</time>
      </trkpt>
      <trkpt lat="57.56862399168312549591064453125" lon="-4.4186143018305301666259765625">
        <ele>31.200000762939453125</ele>
        <time>2026-08-09T10:22:51.000Z</time>
      </trkpt>
      <trkpt lat="57.56866975687444210052490234375" lon="-4.4184218533337116241455078125">
        <ele>31.200000762939453125</ele>
        <time>2026-08-09T10:22:53.000Z</time>
      </trkpt>
      <trkpt lat="57.56877620704472064971923828125" lon="-4.4180201925337314605712890625">
        <ele>31</ele>
        <time>2026-08-09T10:22:57.000Z</time>
      </trkpt>
      <trkpt lat="57.56888617761433124542236328125" lon="-4.4177046976983547210693359375">
        <ele>30.3999996185302734375</ele>
        <time>2026-08-09T10:23:00.000Z</time>
      </trkpt>
      <trkpt lat="57.56922128610312938690185546875" lon="-4.4169546850025653839111328125">
        <ele>29.799999237060546875</ele>
        <time>2026-08-09T10:23:08.000Z</time>
      </trkpt>
      <trkpt lat="57.56947341375052928924560546875" lon="-4.4164561294019222259521484375">
        <ele>30.200000762939453125</ele>
        <time>2026-08-09T10:23:14.000Z</time>
      </trkpt>
      <trkpt lat="57.56956033408641815185546875" lon="-4.416278935968875885009765625">
        <ele>30</ele>
        <time>2026-08-09T10:23:16.000Z</time>
      </trkpt>
      <trkpt lat="57.5696047581732273101806640625" lon="-4.41618916578590869903564453125">
        <ele>29.799999237060546875</ele>
        <time>2026-08-09T10:23:17.000Z</time>
      </trkpt>
      <trkpt lat="57.569914720952510833740234375" lon="-4.415530264377593994140625">
        <ele>29.799999237060546875</ele>
        <time>2026-08-09T10:23:24.000Z</time>
      </trkpt>
      <trkpt lat="57.570001222193241119384765625" lon="-4.41534443758428096771240234375">
        <ele>30.200000762939453125</ele>
        <time>2026-08-09T10:23:26.000Z</time>
      </trkpt>
      <trkpt lat="57.57039718329906463623046875" lon="-4.414491914212703704833984375">
        <ele>30.3999996185302734375</ele>
        <time>2026-08-09T10:23:35.000Z</time>
      </trkpt>
      <trkpt lat="57.57070857100188732147216796875" lon="-4.41387064754962921142578125">
        <ele>31.200000762939453125</ele>
        <time>2026-08-09T10:23:42.000Z</time>
      </trkpt>
      <trkpt lat="57.57075148634612560272216796875" lon="-4.4137812964618206024169921875">
        <ele>31.200000762939453125</ele>
        <time>2026-08-09T10:23:43.000Z</time>
      </trkpt>
      <trkpt lat="57.57101467810571193695068359375" lon="-4.41329573281109333038330078125">
        <ele>31.799999237060546875</ele>
        <time>2026-08-09T10:23:49.000Z</time>
      </trkpt>
      <trkpt lat="57.57105926983058452606201171875" lon="-4.413220882415771484375">
        <ele>32</ele>
        <time>2026-08-09T10:23:50.000Z</time>
      </trkpt>
      <trkpt lat="57.571232020854949951171875" lon="-4.4128985144197940826416015625">
        <ele>32</ele>
        <time>2026-08-09T10:23:54.000Z</time>
      </trkpt>
      <trkpt lat="57.5714881718158721923828125" lon="-4.412501044571399688720703125">
        <ele>31.799999237060546875</ele>
        <time>2026-08-09T10:23:59.000Z</time>
      </trkpt>
      <trkpt lat="57.57192478515207767486572265625" lon="-4.41191196441650390625">
        <ele>32</ele>
        <time>2026-08-09T10:24:07.000Z</time>
      </trkpt>
      <trkpt lat="57.5719795189797878265380859375" lon="-4.4118390418589115142822265625">
        <ele>31.799999237060546875</ele>
        <time>2026-08-09T10:24:08.000Z</time>
      </trkpt>
      <trkpt lat="57.57224799133837223052978515625" lon="-4.4114782847464084625244140625">
        <ele>31.6000003814697265625</ele>
        <time>2026-08-09T10:24:13.000Z</time>
      </trkpt>
      <trkpt lat="57.57230264134705066680908203125" lon="-4.41140972077846527099609375">
        <ele>31.6000003814697265625</ele>
        <time>2026-08-09T10:24:14.000Z</time>
      </trkpt>
      <trkpt lat="57.5724130310118198394775390625" lon="-4.41126286983489990234375">
        <ele>31.3999996185302734375</ele>
        <time>2026-08-09T10:24:16.000Z</time>
      </trkpt>
      <trkpt lat="57.57278527133166790008544921875" lon="-4.41076372750103473663330078125">
        <ele>30.6000003814697265625</ele>
        <time>2026-08-09T10:24:22.000Z</time>
      </trkpt>
      <trkpt lat="57.5729156099259853363037109375" lon="-4.41060028038918972015380859375">
        <ele>30.200000762939453125</ele>
        <time>2026-08-09T10:24:24.000Z</time>
      </trkpt>
      <trkpt lat="57.5732404924929141998291015625" lon="-4.41022158600389957427978515625">
        <ele>29.799999237060546875</ele>
        <time>2026-08-09T10:24:29.000Z</time>
      </trkpt>
      <trkpt lat="57.5734555721282958984375" lon="-4.40999058075249195098876953125">
        <ele>29.200000762939453125</ele>
        <time>2026-08-09T10:24:32.000Z</time>
      </trkpt>
      <trkpt lat="57.5736857391893863677978515625" lon="-4.40974532626569271087646484375">
        <ele>28.6000003814697265625</ele>
        <time>2026-08-09T10:24:35.000Z</time>
      </trkpt>
      <trkpt lat="57.5739190913736820220947265625" lon="-4.40949906595051288604736328125">
        <ele>28.200000762939453125</ele>
        <time>2026-08-09T10:24:38.000Z</time>
      </trkpt>
      <trkpt lat="57.5741316564381122589111328125" lon="-4.4092659652233123779296875">
        <ele>27.6000003814697265625</ele>
        <time>2026-08-09T10:24:41.000Z</time>
      </trkpt>
      <trkpt lat="57.57419795729219913482666015625" lon="-4.4091943837702274322509765625">
        <ele>27.3999996185302734375</ele>
        <time>2026-08-09T10:24:42.000Z</time>
      </trkpt>
      <trkpt lat="57.574264593422412872314453125" lon="-4.409128166735172271728515625">
        <ele>27.200000762939453125</ele>
        <time>2026-08-09T10:24:43.000Z</time>
      </trkpt>
      <trkpt lat="57.574395351111888885498046875" lon="-4.40899631939828395843505859375">
        <ele>27</ele>
        <time>2026-08-09T10:24:45.000Z</time>
      </trkpt>
      <trkpt lat="57.57452401332557201385498046875" lon="-4.4088607840240001678466796875">
        <ele>26.799999237060546875</ele>
        <time>2026-08-09T10:24:47.000Z</time>
      </trkpt>
      <trkpt lat="57.5748538412153720855712890625" lon="-4.4084986858069896697998046875">
        <ele>27.200000762939453125</ele>
        <time>2026-08-09T10:24:52.000Z</time>
      </trkpt>
      <trkpt lat="57.5751180388033390045166015625" lon="-4.40820691175758838653564453125">
        <ele>27.6000003814697265625</ele>
        <time>2026-08-09T10:24:56.000Z</time>
      </trkpt>
      <trkpt lat="57.57531325332820415496826171875" lon="-4.4079944305121898651123046875">
        <ele>28</ele>
        <time>2026-08-09T10:24:59.000Z</time>
      </trkpt>
      <trkpt lat="57.57537670433521270751953125" lon="-4.40792460925877094268798828125">
        <ele>28</ele>
        <time>2026-08-09T10:25:00.000Z</time>
      </trkpt>
      <trkpt lat="57.57550000213086605072021484375" lon="-4.40778764896094799041748046875">
        <ele>28.200000762939453125</ele>
        <time>2026-08-09T10:25:02.000Z</time>
      </trkpt>
      <trkpt lat="57.5756836496293544769287109375" lon="-4.4075850583612918853759765625">
        <ele>28.3999996185302734375</ele>
        <time>2026-08-09T10:25:05.000Z</time>
      </trkpt>
      <trkpt lat="57.57574425078928470611572265625" lon="-4.4075230322778224945068359375">
        <ele>28.3999996185302734375</ele>
        <time>2026-08-09T10:25:06.000Z</time>
      </trkpt>
      <trkpt lat="57.57591985166072845458984375" lon="-4.4073409773409366607666015625">
        <ele>28.3999996185302734375</ele>
        <time>2026-08-09T10:25:09.000Z</time>
      </trkpt>
      <trkpt lat="57.57630399428308010101318359375" lon="-4.4068984128534793853759765625">
        <ele>28.3999996185302734375</ele>
        <time>2026-08-09T10:25:16.000Z</time>
      </trkpt>
      <trkpt lat="57.57670708000659942626953125" lon="-4.40639256499707698822021484375">
        <ele>27.6000003814697265625</ele>
        <time>2026-08-09T10:25:23.000Z</time>
      </trkpt>
      <trkpt lat="57.5767722912132740020751953125" lon="-4.4063110090792179107666015625">
        <ele>27.3999996185302734375</ele>
        <time>2026-08-09T10:25:24.000Z</time>
      </trkpt>
      <trkpt lat="57.5770398415625095367431640625" lon="-4.405985958874225616455078125">
        <ele>27.3999996185302734375</ele>
        <time>2026-08-09T10:25:28.000Z</time>
      </trkpt>
      <trkpt lat="57.57723011076450347900390625" lon="-4.405737854540348052978515625">
        <ele>27.3999996185302734375</ele>
        <time>2026-08-09T10:25:31.000Z</time>
      </trkpt>
      <trkpt lat="57.5774264149367809295654296875" lon="-4.40549402497708797454833984375">
        <ele>27</ele>
        <time>2026-08-09T10:25:34.000Z</time>
      </trkpt>
      <trkpt lat="57.57788046263158321380615234375" lon="-4.4049450941383838653564453125">
        <ele>26.3999996185302734375</ele>
        <time>2026-08-09T10:25:41.000Z</time>
      </trkpt>
      <trkpt lat="57.57794517092406749725341796875" lon="-4.40486404113471508026123046875">
        <ele>26.3999996185302734375</ele>
        <time>2026-08-09T10:25:42.000Z</time>
      </trkpt>
      <trkpt lat="57.5781388767063617706298828125" lon="-4.40462817437946796417236328125">
        <ele>25.799999237060546875</ele>
        <time>2026-08-09T10:25:45.000Z</time>
      </trkpt>
      <trkpt lat="57.57851178757846355438232421875" lon="-4.404111765325069427490234375">
        <ele>25</ele>
        <time>2026-08-09T10:25:51.000Z</time>
      </trkpt>
      <trkpt lat="57.57856492884457111358642578125" lon="-4.40400640480220317840576171875">
        <ele>24.799999237060546875</ele>
        <time>2026-08-09T10:25:52.000Z</time>
      </trkpt>
      <trkpt lat="57.57876207120716571807861328125" lon="-4.40353500656783580780029296875">
        <ele>24.200000762939453125</ele>
        <time>2026-08-09T10:25:56.000Z</time>
      </trkpt>
      <trkpt lat="57.57885955274105072021484375" lon="-4.40327717922627925872802734375">
        <ele>23.799999237060546875</ele>
        <time>2026-08-09T10:25:58.000Z</time>
      </trkpt>
      <trkpt lat="57.57912576198577880859375" lon="-4.40258114598691463470458984375">
        <ele>22.6000003814697265625</ele>
        <time>2026-08-09T10:26:03.000Z</time>
      </trkpt>
      <trkpt lat="57.57918653078377246856689453125" lon="-4.4024419225752353668212890625">
        <ele>22.3999996185302734375</ele>
        <time>2026-08-09T10:26:04.000Z</time>
      </trkpt>
      <trkpt lat="57.57957830093801021575927734375" lon="-4.40173507668077945709228515625">
        <ele>21.799999237060546875</ele>
        <time>2026-08-09T10:26:10.000Z</time>
      </trkpt>
      <trkpt lat="57.579875774681568145751953125" lon="-4.40138094127178192138671875">
        <ele>21.3999996185302734375</ele>
        <time>2026-08-09T10:26:14.000Z</time>
      </trkpt>
      <trkpt lat="57.5799572467803955078125" lon="-4.40130391158163547515869140625">
        <ele>21.200000762939453125</ele>
        <time>2026-08-09T10:26:15.000Z</time>
      </trkpt>
      <trkpt lat="57.5802053511142730712890625" lon="-4.40108095295727252960205078125">
        <ele>20.200000762939453125</ele>
        <time>2026-08-09T10:26:18.000Z</time>
      </trkpt>
      <trkpt lat="57.58059100247919559478759765625" lon="-4.40072237513959407806396484375">
        <ele>19.200000762939453125</ele>
        <time>2026-08-09T10:26:23.000Z</time>
      </trkpt>
      <trkpt lat="57.5808831118047237396240234375" lon="-4.40044526942074298858642578125">
        <ele>20.6000003814697265625</ele>
        <time>2026-08-09T10:26:27.000Z</time>
      </trkpt>
      <trkpt lat="57.58125971071422100067138671875" lon="-4.40010010264813899993896484375">
        <ele>20.200000762939453125</ele>
        <time>2026-08-09T10:26:32.000Z</time>
      </trkpt>
      <trkpt lat="57.5814162008464336395263671875" lon="-4.3999595381319522857666015625">
        <ele>19.3999996185302734375</ele>
        <time>2026-08-09T10:26:34.000Z</time>
      </trkpt>
      <trkpt lat="57.581574618816375732421875" lon="-4.39981964416801929473876953125">
        <ele>18.799999237060546875</ele>
        <time>2026-08-09T10:26:36.000Z</time>
      </trkpt>
      <trkpt lat="57.58188768289983272552490234375" lon="-4.39953868277370929718017578125">
        <ele>18.200000762939453125</ele>
        <time>2026-08-09T10:26:40.000Z</time>
      </trkpt>
      <trkpt lat="57.58195943199098110198974609375" lon="-4.39945285208523273468017578125">
        <ele>18.200000762939453125</ele>
        <time>2026-08-09T10:26:41.000Z</time>
      </trkpt>
      <trkpt lat="57.58206755854189395904541015625" lon="-4.39921765588223934173583984375">
        <ele>18.200000762939453125</ele>
        <time>2026-08-09T10:26:43.000Z</time>
      </trkpt>
      <trkpt lat="57.58212472312152385711669921875" lon="-4.39894239418208599090576171875">
        <ele>18.3999996185302734375</ele>
        <time>2026-08-09T10:26:45.000Z</time>
      </trkpt>
      <trkpt lat="57.58213452994823455810546875" lon="-4.398801662027835845947265625">
        <ele>18.200000762939453125</ele>
        <time>2026-08-09T10:26:46.000Z</time>
      </trkpt>
      <trkpt lat="57.58213411085307598114013671875" lon="-4.3986618518829345703125">
        <ele>18.3999996185302734375</ele>
        <time>2026-08-09T10:26:47.000Z</time>
      </trkpt>
      <trkpt lat="57.58209018968045711517333984375" lon="-4.3984038569033145904541015625">
        <ele>18.6000003814697265625</ele>
        <time>2026-08-09T10:26:49.000Z</time>
      </trkpt>
      <trkpt lat="57.58194099180400371551513671875" lon="-4.39803781919181346893310546875">
        <ele>18.6000003814697265625</ele>
        <time>2026-08-09T10:26:53.000Z</time>
      </trkpt>
      <trkpt lat="57.5818240642547607421875" lon="-4.39778904430568218231201171875">
        <ele>18.200000762939453125</ele>
        <time>2026-08-09T10:26:56.000Z</time>
      </trkpt>
      <trkpt lat="57.58181526325643062591552734375" lon="-4.39768125303089618682861328125">
        <ele>18</ele>
        <time>2026-08-09T10:26:57.000Z</time>
      </trkpt>
      <trkpt lat="57.581827081739902496337890625" lon="-4.39758419059216976165771484375">
        <ele>17.6000003814697265625</ele>
        <time>2026-08-09T10:26:58.000Z</time>
      </trkpt>
      <trkpt lat="57.58188642561435699462890625" lon="-4.397409260272979736328125">
        <ele>17.3999996185302734375</ele>
        <time>2026-08-09T10:27:00.000Z</time>
      </trkpt>
      <trkpt lat="57.58217744529247283935546875" lon="-4.396762847900390625">
        <ele>17.200000762939453125</ele>
        <time>2026-08-09T10:27:07.000Z</time>
      </trkpt>
      <trkpt lat="57.5822688080370426177978515625" lon="-4.39655958674848079681396484375">
        <ele>17</ele>
        <time>2026-08-09T10:27:09.000Z</time>
      </trkpt>
      <trkpt lat="57.58236226625740528106689453125" lon="-4.3963563255965709686279296875">
        <ele>16.799999237060546875</ele>
        <time>2026-08-09T10:27:11.000Z</time>
      </trkpt>
      <trkpt lat="57.5824562273919582366943359375" lon="-4.396159015595912933349609375">
        <ele>16.6000003814697265625</ele>
        <time>2026-08-09T10:27:13.000Z</time>
      </trkpt>
      <trkpt lat="57.5824986398220062255859375" lon="-4.396060444414615631103515625">
        <ele>16.6000003814697265625</ele>
        <time>2026-08-09T10:27:14.000Z</time>
      </trkpt>
      <trkpt lat="57.58282628841698169708251953125" lon="-4.39536868594586849212646484375">
        <ele>16.200000762939453125</ele>
        <time>2026-08-09T10:27:21.000Z</time>
      </trkpt>
      <trkpt lat="57.5829189084470272064208984375" lon="-4.3951650895178318023681640625">
        <ele>16.3999996185302734375</ele>
        <time>2026-08-09T10:27:23.000Z</time>
      </trkpt>
      <trkpt lat="57.58315301500260829925537109375" lon="-4.39465270377695560455322265625">
        <ele>16.6000003814697265625</ele>
        <time>2026-08-09T10:27:28.000Z</time>
      </trkpt>
      <trkpt lat="57.5832427851855754852294921875" lon="-4.39444701187312602996826171875">
        <ele>16.3999996185302734375</ele>
        <time>2026-08-09T10:27:30.000Z</time>
      </trkpt>
      <trkpt lat="57.58338083513081073760986328125" lon="-4.3941421620547771453857421875">
        <ele>16.3999996185302734375</ele>
        <time>2026-08-09T10:27:33.000Z</time>
      </trkpt>
      <trkpt lat="57.58365492336452007293701171875" lon="-4.39356029033660888671875">
        <ele>17</ele>
        <time>2026-08-09T10:27:39.000Z</time>
      </trkpt>
      <trkpt lat="57.5837405025959014892578125" lon="-4.3933730386197566986083984375">
        <ele>17.6000003814697265625</ele>
        <time>2026-08-09T10:27:41.000Z</time>
      </trkpt>
      <trkpt lat="57.58378031663596630096435546875" lon="-4.39328159205615520477294921875">
        <ele>17.799999237060546875</ele>
        <time>2026-08-09T10:27:42.000Z</time>
      </trkpt>
      <trkpt lat="57.5839304365217685699462890625" lon="-4.39295486547052860260009765625">
        <ele>18.6000003814697265625</ele>
        <time>2026-08-09T10:27:46.000Z</time>
      </trkpt>
      <trkpt lat="57.58396958000957965850830078125" lon="-4.3928865529596805572509765625">
        <ele>18.799999237060546875</ele>
        <time>2026-08-09T10:27:47.000Z</time>
      </trkpt>
      <trkpt lat="57.5840058736503124237060546875" lon="-4.39281874336302280426025390625">
        <ele>19</ele>
        <time>2026-08-09T10:27:48.000Z</time>
      </trkpt>
      <trkpt lat="57.58425104431807994842529296875" lon="-4.39234198071062564849853515625">
        <ele>19.6000003814697265625</ele>
        <time>2026-08-09T10:27:55.000Z</time>
      </trkpt>
      <trkpt lat="57.58428591303527355194091796875" lon="-4.3922714889049530029296875">
        <ele>19.6000003814697265625</ele>
        <time>2026-08-09T10:27:56.000Z</time>
      </trkpt>
      <trkpt lat="57.5843257270753383636474609375" lon="-4.3922019191086292266845703125">
        <ele>19.6000003814697265625</ele>
        <time>2026-08-09T10:27:57.000Z</time>
      </trkpt>
      <trkpt lat="57.58436503820121288299560546875" lon="-4.392131008207798004150390625">
        <ele>19.799999237060546875</ele>
        <time>2026-08-09T10:27:58.000Z</time>
      </trkpt>
      <trkpt lat="57.584535777568817138671875" lon="-4.39181710593402385711669921875">
        <ele>19.200000762939453125</ele>
        <time>2026-08-09T10:28:02.000Z</time>
      </trkpt>
      <trkpt lat="57.5847659446299076080322265625" lon="-4.3913858570158481597900390625">
        <ele>18.799999237060546875</ele>
        <time>2026-08-09T10:28:07.000Z</time>
      </trkpt>
      <trkpt lat="57.584913633763790130615234375" lon="-4.39113113097846508026123046875">
        <ele>18.3999996185302734375</ele>
        <time>2026-08-09T10:28:10.000Z</time>
      </trkpt>
      <trkpt lat="57.58505134843289852142333984375" lon="-4.3908782489597797393798828125">
        <ele>18.6000003814697265625</ele>
        <time>2026-08-09T10:28:13.000Z</time>
      </trkpt>
      <trkpt lat="57.58526458404958248138427734375" lon="-4.3904899992048740386962890625">
        <ele>19.3999996185302734375</ele>
        <time>2026-08-09T10:28:18.000Z</time>
      </trkpt>
      <trkpt lat="57.58565434254705905914306640625" lon="-4.38978977501392364501953125">
        <ele>19.200000762939453125</ele>
        <time>2026-08-09T10:28:27.000Z</time>
      </trkpt>
      <trkpt lat="57.58590378798544406890869140625" lon="-4.38933019526302814483642578125">
        <ele>17.799999237060546875</ele>
        <time>2026-08-09T10:28:32.000Z</time>
      </trkpt>
      <trkpt lat="57.58601258508861064910888671875" lon="-4.3891304545104503631591796875">
        <ele>17</ele>
        <time>2026-08-09T10:28:34.000Z</time>
      </trkpt>
      <trkpt lat="57.58606891147792339324951171875" lon="-4.38903179951012134552001953125">
        <ele>16.799999237060546875</ele>
        <time>2026-08-09T10:28:35.000Z</time>
      </trkpt>
      <trkpt lat="57.58612674660980701446533203125" lon="-4.38893540762364864349365234375">
        <ele>16.3999996185302734375</ele>
        <time>2026-08-09T10:28:36.000Z</time>
      </trkpt>
      <trkpt lat="57.58623956702649593353271484375" lon="-4.38873508013784885406494140625">
        <ele>16.200000762939453125</ele>
        <time>2026-08-09T10:28:38.000Z</time>
      </trkpt>
      <trkpt lat="57.586451880633831024169921875" lon="-4.38832218758761882781982421875">
        <ele>15.80000019073486328125</ele>
        <time>2026-08-09T10:28:42.000Z</time>
      </trkpt>
      <trkpt lat="57.58677399717271327972412109375" lon="-4.387730844318866729736328125">
        <ele>15.3999996185302734375</ele>
        <time>2026-08-09T10:28:48.000Z</time>
      </trkpt>
      <trkpt lat="57.586827389895915985107421875" lon="-4.38763084821403026580810546875">
        <ele>15.3999996185302734375</ele>
        <time>2026-08-09T10:28:49.000Z</time>
      </trkpt>
      <trkpt lat="57.58720298297703266143798828125" lon="-4.3869404308497905731201171875">
        <ele>16</ele>
        <time>2026-08-09T10:28:56.000Z</time>
      </trkpt>
      <trkpt lat="57.58745326660573482513427734375" lon="-4.38648529350757598876953125">
        <ele>14.3999996185302734375</ele>
        <time>2026-08-09T10:29:01.000Z</time>
      </trkpt>
      <trkpt lat="57.58753859438002109527587890625" lon="-4.386311285197734832763671875">
        <ele>14.6000003814697265625</ele>
        <time>2026-08-09T10:29:03.000Z</time>
      </trkpt>
      <trkpt lat="57.58767463266849517822265625" lon="-4.3860757537186145782470703125">
        <ele>15.6000003814697265625</ele>
        <time>2026-08-09T10:29:06.000Z</time>
      </trkpt>
      <trkpt lat="57.587724588811397552490234375" lon="-4.385983385145664215087890625">
        <ele>15.80000019073486328125</ele>
        <time>2026-08-09T10:29:07.000Z</time>
      </trkpt>
      <trkpt lat="57.587970681488513946533203125" lon="-4.38555724918842315673828125">
        <ele>17</ele>
        <time>2026-08-09T10:29:12.000Z</time>
      </trkpt>
      <trkpt lat="57.5880664028227329254150390625" lon="-4.3853813968598842620849609375">
        <ele>17.3999996185302734375</ele>
        <time>2026-08-09T10:29:14.000Z</time>
      </trkpt>
      <trkpt lat="57.5881111621856689453125" lon="-4.38529196195304393768310546875">
        <ele>17.799999237060546875</ele>
        <time>2026-08-09T10:29:15.000Z</time>
      </trkpt>
      <trkpt lat="57.58816254325211048126220703125" lon="-4.38520294614136219024658203125">
        <ele>18</ele>
        <time>2026-08-09T10:29:16.000Z</time>
      </trkpt>
      <trkpt lat="57.588212080299854278564453125" lon="-4.385107643902301788330078125">
        <ele>18.200000762939453125</ele>
        <time>2026-08-09T10:29:17.000Z</time>
      </trkpt>
      <trkpt lat="57.58826413191854953765869140625" lon="-4.385015778243541717529296875">
        <ele>18.200000762939453125</ele>
        <time>2026-08-09T10:29:18.000Z</time>
      </trkpt>
      <trkpt lat="57.58831408806145191192626953125" lon="-4.38491779379546642303466796875">
        <ele>18</ele>
        <time>2026-08-09T10:29:19.000Z</time>
      </trkpt>
      <trkpt lat="57.588575184345245361328125" lon="-4.38443281687796115875244140625">
        <ele>18</ele>
        <time>2026-08-09T10:29:24.000Z</time>
      </trkpt>
      <trkpt lat="57.588731758296489715576171875" lon="-4.38414263539016246795654296875">
        <ele>18</ele>
        <time>2026-08-09T10:29:27.000Z</time>
      </trkpt>
      <trkpt lat="57.5887828879058361053466796875" lon="-4.384046494960784912109375">
        <ele>18</ele>
        <time>2026-08-09T10:29:28.000Z</time>
      </trkpt>
      <trkpt lat="57.58907097391784191131591796875" lon="-4.38345029018819332122802734375">
        <ele>18</ele>
        <time>2026-08-09T10:29:34.000Z</time>
      </trkpt>
      <trkpt lat="57.58910533972084522247314453125" lon="-4.38333478756248950958251953125">
        <ele>18.200000762939453125</ele>
        <time>2026-08-09T10:29:35.000Z</time>
      </trkpt>
      <trkpt lat="57.58913719095289707183837890625" lon="-4.38321836292743682861328125">
        <ele>18.3999996185302734375</ele>
        <time>2026-08-09T10:29:36.000Z</time>
      </trkpt>
      <trkpt lat="57.5892210938036441802978515625" lon="-4.38272927887737751007080078125">
        <ele>18.6000003814697265625</ele>
        <time>2026-08-09T10:29:40.000Z</time>
      </trkpt>
      <trkpt lat="57.58923056535422801971435546875" lon="-4.38260120339691638946533203125">
        <ele>18.6000003814697265625</ele>
        <time>2026-08-09T10:29:41.000Z</time>
      </trkpt>
      <trkpt lat="57.589278258383274078369140625" lon="-4.38199787400662899017333984375">
        <ele>18.6000003814697265625</ele>
        <time>2026-08-09T10:29:46.000Z</time>
      </trkpt>
      <trkpt lat="57.58929711766541004180908203125" lon="-4.3817738257348537445068359375">
        <ele>19</ele>
        <time>2026-08-09T10:29:48.000Z</time>
      </trkpt>
      <trkpt lat="57.58930197916924953460693359375" lon="-4.38166410662233829498291015625">
        <ele>19.200000762939453125</ele>
        <time>2026-08-09T10:29:49.000Z</time>
      </trkpt>
      <trkpt lat="57.58930583484470844268798828125" lon="-4.381388090550899505615234375">
        <ele>20.3999996185302734375</ele>
        <time>2026-08-09T10:29:52.000Z</time>
      </trkpt>
      <trkpt lat="57.58930415846407413482666015625" lon="-4.38130653463304042816162109375">
        <ele>20.6000003814697265625</ele>
        <time>2026-08-09T10:29:53.000Z</time>
      </trkpt>
      <trkpt lat="57.58929141797125339508056640625" lon="-4.3810794688761234283447265625">
        <ele>21.6000003814697265625</ele>
        <time>2026-08-09T10:29:56.000Z</time>
      </trkpt>
      <trkpt lat="57.58923911489546298980712890625" lon="-4.38089422881603240966796875">
        <ele>22.200000762939453125</ele>
        <time>2026-08-09T10:29:59.000Z</time>
      </trkpt>
      <trkpt lat="57.58918094448745250701904296875" lon="-4.38074360601603984832763671875">
        <ele>22.6000003814697265625</ele>
        <time>2026-08-09T10:30:02.000Z</time>
      </trkpt>
      <trkpt lat="57.5891275517642498016357421875" lon="-4.380653835833072662353515625">
        <ele>22.799999237060546875</ele>
        <time>2026-08-09T10:30:04.000Z</time>
      </trkpt>
      <trkpt lat="57.58910332806408405303955078125" lon="-4.380612932145595550537109375">
        <ele>22.799999237060546875</ele>
        <time>2026-08-09T10:30:05.000Z</time>
      </trkpt>
      <trkpt lat="57.58903979323804378509521484375" lon="-4.38048116862773895263671875">
        <ele>23</ele>
        <time>2026-08-09T10:30:08.000Z</time>
      </trkpt>
      <trkpt lat="57.58897407911717891693115234375" lon="-4.3803542666137218475341796875">
        <ele>23.200000762939453125</ele>
        <time>2026-08-09T10:30:11.000Z</time>
      </trkpt>
      <trkpt lat="57.58882840164005756378173828125" lon="-4.38007757999002933502197265625">
        <ele>23.6000003814697265625</ele>
        <time>2026-08-09T10:30:18.000Z</time>
      </trkpt>
      <trkpt lat="57.58873268030583858489990234375" lon="-4.3798764981329441070556640625">
        <ele>23.6000003814697265625</ele>
        <time>2026-08-09T10:30:23.000Z</time>
      </trkpt>
      <trkpt lat="57.5887106359004974365234375" lon="-4.3798412941396236419677734375">
        <ele>23.799999237060546875</ele>
        <time>2026-08-09T10:30:24.000Z</time>
      </trkpt>
      <trkpt lat="57.58865472860634326934814453125" lon="-4.37974062748253345489501953125">
        <ele>24</ele>
        <time>2026-08-09T10:30:27.000Z</time>
      </trkpt>
      <trkpt lat="57.58863695897161960601806640625" lon="-4.3797061778604984283447265625">
        <ele>24</ele>
        <time>2026-08-09T10:30:28.000Z</time>
      </trkpt>
      <trkpt lat="57.58861516602337360382080078125" lon="-4.3796766735613346099853515625">
        <ele>23.799999237060546875</ele>
        <time>2026-08-09T10:30:29.000Z</time>
      </trkpt>
      <trkpt lat="57.58850536309182643890380859375" lon="-4.37949688173830509185791015625">
        <ele>24.3999996185302734375</ele>
        <time>2026-08-09T10:30:34.000Z</time>
      </trkpt>
      <trkpt lat="57.58846563287079334259033203125" lon="-4.37941758893430233001708984375">
        <ele>24.6000003814697265625</ele>
        <time>2026-08-09T10:30:36.000Z</time>
      </trkpt>
      <trkpt lat="57.58840243332087993621826171875" lon="-4.3793014995753765106201171875">
        <ele>24.799999237060546875</ele>
        <time>2026-08-09T10:30:39.000Z</time>
      </trkpt>
      <trkpt lat="57.58834241889417171478271484375" lon="-4.37915992923080921173095703125">
        <ele>25.200000762939453125</ele>
        <time>2026-08-09T10:30:42.000Z</time>
      </trkpt>
      <trkpt lat="57.5883419997990131378173828125" lon="-4.37909974716603755950927734375">
        <ele>25.3999996185302734375</ele>
        <time>2026-08-09T10:30:43.000Z</time>
      </trkpt>
      <trkpt lat="57.58836261928081512451171875" lon="-4.37897049821913242340087890625">
        <ele>25.799999237060546875</ele>
        <time>2026-08-09T10:30:45.000Z</time>
      </trkpt>
      <trkpt lat="57.58838768117129802703857421875" lon="-4.37891920097172260284423828125">
        <ele>25.799999237060546875</ele>
        <time>2026-08-09T10:30:46.000Z</time>
      </trkpt>
      <trkpt lat="57.5884630344808101654052734375" lon="-4.378838650882244110107421875">
        <ele>26</ele>
        <time>2026-08-09T10:30:48.000Z</time>
      </trkpt>
      <trkpt lat="57.5887211970984935760498046875" lon="-4.378596246242523193359375">
        <ele>26</ele>
        <time>2026-08-09T10:30:54.000Z</time>
      </trkpt>
      <trkpt lat="57.589054293930530548095703125" lon="-4.37830564565956592559814453125">
        <ele>26.6000003814697265625</ele>
        <time>2026-08-09T10:31:01.000Z</time>
      </trkpt>
      <trkpt lat="57.5891094468533992767333984375" lon="-4.3782608024775981903076171875">
        <ele>26.6000003814697265625</ele>
        <time>2026-08-09T10:31:02.000Z</time>
      </trkpt>
      <trkpt lat="57.5893411226570606231689453125" lon="-4.3780693598091602325439453125">
        <ele>27</ele>
        <time>2026-08-09T10:31:06.000Z</time>
      </trkpt>
      <trkpt lat="57.589580677449703216552734375" lon="-4.3778567947447299957275390625">
        <ele>27</ele>
        <time>2026-08-09T10:31:10.000Z</time>
      </trkpt>
      <trkpt lat="57.58997655473649501800537109375" lon="-4.37751137651503086090087890625">
        <ele>26.200000762939453125</ele>
        <time>2026-08-09T10:31:16.000Z</time>
      </trkpt>
      <trkpt lat="57.59004360996186733245849609375" lon="-4.37745161354541778564453125">
        <ele>26</ele>
        <time>2026-08-09T10:31:17.000Z</time>
      </trkpt>
      <trkpt lat="57.59017520584166049957275390625" lon="-4.3773277290165424346923828125">
        <ele>25.6000003814697265625</ele>
        <time>2026-08-09T10:31:19.000Z</time>
      </trkpt>
      <trkpt lat="57.5903640501201152801513671875" lon="-4.37713083811104297637939453125">
        <ele>25.799999237060546875</ele>
        <time>2026-08-09T10:31:22.000Z</time>
      </trkpt>
      <trkpt lat="57.59042599238455295562744140625" lon="-4.37706462107598781585693359375">
        <ele>25.799999237060546875</ele>
        <time>2026-08-09T10:31:23.000Z</time>
      </trkpt>
      <trkpt lat="57.59048785082995891571044921875" lon="-4.3769961409270763397216796875">
        <ele>26</ele>
        <time>2026-08-09T10:31:24.000Z</time>
      </trkpt>
      <trkpt lat="57.59061257354915142059326171875" lon="-4.37684903852641582489013671875">
        <ele>26</ele>
        <time>2026-08-09T10:31:26.000Z</time>
      </trkpt>
      <trkpt lat="57.5908134877681732177734375" lon="-4.37664200551807880401611328125">
        <ele>25.3999996185302734375</ele>
        <time>2026-08-09T10:31:29.000Z</time>
      </trkpt>
      <trkpt lat="57.59094734676182270050048828125" lon="-4.37653957866132259368896484375">
        <ele>25.200000762939453125</ele>
        <time>2026-08-09T10:31:31.000Z</time>
      </trkpt>
      <trkpt lat="57.591256387531757354736328125" lon="-4.37635282985866069793701171875">
        <ele>26.799999237060546875</ele>
        <time>2026-08-09T10:31:36.000Z</time>
      </trkpt>
      <trkpt lat="57.5913135521113872528076171875" lon="-4.37632634304463863372802734375">
        <ele>27</ele>
        <time>2026-08-09T10:31:37.000Z</time>
      </trkpt>
      <trkpt lat="57.59137046523392200469970703125" lon="-4.3762950785458087921142578125">
        <ele>27.200000762939453125</ele>
        <time>2026-08-09T10:31:38.000Z</time>
      </trkpt>
      <trkpt lat="57.59142561815679073333740234375" lon="-4.3762638978660106658935546875">
        <ele>27.3999996185302734375</ele>
        <time>2026-08-09T10:31:39.000Z</time>
      </trkpt>
      <trkpt lat="57.59154112078249454498291015625" lon="-4.37620916403830051422119140625">
        <ele>27.6000003814697265625</ele>
        <time>2026-08-09T10:31:41.000Z</time>
      </trkpt>
      <trkpt lat="57.59172233752906322479248046875" lon="-4.376106821000576019287109375">
        <ele>27.3999996185302734375</ele>
        <time>2026-08-09T10:31:44.000Z</time>
      </trkpt>
      <trkpt lat="57.59210564196109771728515625" lon="-4.3758934177458286285400390625">
        <ele>27</ele>
        <time>2026-08-09T10:31:50.000Z</time>
      </trkpt>
      <trkpt lat="57.59234762750566005706787109375" lon="-4.37578001059591770172119140625">
        <ele>25.6000003814697265625</ele>
        <time>2026-08-09T10:31:53.000Z</time>
      </trkpt>
      <trkpt lat="57.59252280928194522857666015625" lon="-4.37571546994149684906005859375">
        <ele>23.799999237060546875</ele>
        <time>2026-08-09T10:31:55.000Z</time>
      </trkpt>
      <trkpt lat="57.5928105600178241729736328125" lon="-4.37567372806370258331298828125">
        <ele>21.6000003814697265625</ele>
        <time>2026-08-09T10:31:58.000Z</time>
      </trkpt>
      <trkpt lat="57.59301063604652881622314453125" lon="-4.3756577186286449432373046875">
        <ele>20.799999237060546875</ele>
        <time>2026-08-09T10:32:00.000Z</time>
      </trkpt>
      <trkpt lat="57.5931067764759063720703125" lon="-4.37564849853515625">
        <ele>19.799999237060546875</ele>
        <time>2026-08-09T10:32:01.000Z</time>
      </trkpt>
      <trkpt lat="57.5932940281927585601806640625" lon="-4.3756275437772274017333984375">
        <ele>18.6000003814697265625</ele>
        <time>2026-08-09T10:32:03.000Z</time>
      </trkpt>
      <trkpt lat="57.59338614530861377716064453125" lon="-4.37558211386203765869140625">
        <ele>18.200000762939453125</ele>
        <time>2026-08-09T10:32:04.000Z</time>
      </trkpt>
      <trkpt lat="57.5934707187116146087646484375" lon="-4.37550877220928668975830078125">
        <ele>17.799999237060546875</ele>
        <time>2026-08-09T10:32:05.000Z</time>
      </trkpt>
      <trkpt lat="57.59387346915900707244873046875" lon="-4.3751185946166515350341796875">
        <ele>18.6000003814697265625</ele>
        <time>2026-08-09T10:32:10.000Z</time>
      </trkpt>
      <trkpt lat="57.594310753047466278076171875" lon="-4.37487174756824970245361328125">
        <ele>18.200000762939453125</ele>
        <time>2026-08-09T10:32:15.000Z</time>
      </trkpt>
      <trkpt lat="57.59448819793760776519775390625" lon="-4.37478541396558284759521484375">
        <ele>18.200000762939453125</ele>
        <time>2026-08-09T10:32:17.000Z</time>
      </trkpt>
      <trkpt lat="57.5945707596838474273681640625" lon="-4.3747122399508953094482421875">
        <ele>18</ele>
        <time>2026-08-09T10:32:18.000Z</time>
      </trkpt>
      <trkpt lat="57.59464695118367671966552734375" lon="-4.37462112866342067718505859375">
        <ele>17.799999237060546875</ele>
        <time>2026-08-09T10:32:19.000Z</time>
      </trkpt>
      <trkpt lat="57.59498222731053829193115234375" lon="-4.37412609346210956573486328125">
        <ele>18.6000003814697265625</ele>
        <time>2026-08-09T10:32:24.000Z</time>
      </trkpt>
      <trkpt lat="57.59504961781203746795654296875" lon="-4.37405250035226345062255859375">
        <ele>18.799999237060546875</ele>
        <time>2026-08-09T10:32:25.000Z</time>
      </trkpt>
      <trkpt lat="57.59523712098598480224609375" lon="-4.37385083176195621490478515625">
        <ele>19.200000762939453125</ele>
        <time>2026-08-09T10:32:28.000Z</time>
      </trkpt>
      <trkpt lat="57.5952994823455810546875" lon="-4.37380238436162471771240234375">
        <ele>19.6000003814697265625</ele>
        <time>2026-08-09T10:32:29.000Z</time>
      </trkpt>
      <trkpt lat="57.59536192752420902252197265625" lon="-4.3737454712390899658203125">
        <ele>19.6000003814697265625</ele>
        <time>2026-08-09T10:32:30.000Z</time>
      </trkpt>
      <trkpt lat="57.5956205092370510101318359375" lon="-4.373587556183338165283203125">
        <ele>19.799999237060546875</ele>
        <time>2026-08-09T10:32:34.000Z</time>
      </trkpt>
      <trkpt lat="57.59568312205374240875244140625" lon="-4.3735521845519542694091796875">
        <ele>20</ele>
        <time>2026-08-09T10:32:35.000Z</time>
      </trkpt>
      <trkpt lat="57.59574615396559238433837890625" lon="-4.37353617511689662933349609375">
        <ele>20</ele>
        <time>2026-08-09T10:32:36.000Z</time>
      </trkpt>
      <trkpt lat="57.5959148816764354705810546875" lon="-4.3734692037105560302734375">
        <ele>20</ele>
        <time>2026-08-09T10:32:39.000Z</time>
      </trkpt>
      <trkpt lat="57.59616441093385219573974609375" lon="-4.3733248673379421234130859375">
        <ele>19.200000762939453125</ele>
        <time>2026-08-09T10:32:43.000Z</time>
      </trkpt>
      <trkpt lat="57.59622006677091121673583984375" lon="-4.3732336722314357757568359375">
        <ele>19</ele>
        <time>2026-08-09T10:32:44.000Z</time>
      </trkpt>
      <trkpt lat="57.59625971317291259765625" lon="-4.3731139786541461944580078125">
        <ele>18.6000003814697265625</ele>
        <time>2026-08-09T10:32:45.000Z</time>
      </trkpt>
      <trkpt lat="57.59632408618927001953125" lon="-4.37284215353429317474365234375">
        <ele>18</ele>
        <time>2026-08-09T10:32:47.000Z</time>
      </trkpt>
      <trkpt lat="57.59635350666940212249755859375" lon="-4.37269882299005985260009765625">
        <ele>17.3999996185302734375</ele>
        <time>2026-08-09T10:32:48.000Z</time>
      </trkpt>
      <trkpt lat="57.5963886268436908721923828125" lon="-4.372558929026126861572265625">
        <ele>16.6000003814697265625</ele>
        <time>2026-08-09T10:32:49.000Z</time>
      </trkpt>
      <trkpt lat="57.59643615223467350006103515625" lon="-4.3724286742508411407470703125">
        <ele>16.3999996185302734375</ele>
        <time>2026-08-09T10:32:50.000Z</time>
      </trkpt>
      <trkpt lat="57.5964922271668910980224609375" lon="-4.37231652438640594482421875">
        <ele>16</ele>
        <time>2026-08-09T10:32:51.000Z</time>
      </trkpt>
      <trkpt lat="57.5965572707355022430419921875" lon="-4.37220898456871509552001953125">
        <ele>15.80000019073486328125</ele>
        <time>2026-08-09T10:32:52.000Z</time>
      </trkpt>
      <trkpt lat="57.596753574907779693603515625" lon="-4.3719089962542057037353515625">
        <ele>14.80000019073486328125</ele>
        <time>2026-08-09T10:32:55.000Z</time>
      </trkpt>
      <trkpt lat="57.59701031260192394256591796875" lon="-4.37149736098945140838623046875">
        <ele>14.6000003814697265625</ele>
        <time>2026-08-09T10:32:59.000Z</time>
      </trkpt>
      <trkpt lat="57.59707602672278881072998046875" lon="-4.37139895744621753692626953125">
        <ele>15</ele>
        <time>2026-08-09T10:33:00.000Z</time>
      </trkpt>
      <trkpt lat="57.5972642004489898681640625" lon="-4.37110827304422855377197265625">
        <ele>15.3999996185302734375</ele>
        <time>2026-08-09T10:33:03.000Z</time>
      </trkpt>
      <trkpt lat="57.59743862785398960113525390625" lon="-4.37083351425826549530029296875">
        <ele>15</ele>
        <time>2026-08-09T10:33:06.000Z</time>
      </trkpt>
      <trkpt lat="57.59749663062393665313720703125" lon="-4.37075288034975528717041015625">
        <ele>15</ele>
        <time>2026-08-09T10:33:07.000Z</time>
      </trkpt>
      <trkpt lat="57.59767885319888591766357421875" lon="-4.37054735608398914337158203125">
        <ele>14.80000019073486328125</ele>
        <time>2026-08-09T10:33:10.000Z</time>
      </trkpt>
      <trkpt lat="57.59781782515347003936767578125" lon="-4.37048499472439289093017578125">
        <ele>15</ele>
        <time>2026-08-09T10:33:12.000Z</time>
      </trkpt>
      <trkpt lat="57.5981062464416027069091796875" lon="-4.37045599333941936492919921875">
        <ele>15.19999980926513671875</ele>
        <time>2026-08-09T10:33:16.000Z</time>
      </trkpt>
      <trkpt lat="57.59818076156079769134521484375" lon="-4.37044844962656497955322265625">
        <ele>14.80000019073486328125</ele>
        <time>2026-08-09T10:33:17.000Z</time>
      </trkpt>
      <trkpt lat="57.59833700023591518402099609375" lon="-4.37045163474977016448974609375">
        <ele>13.80000019073486328125</ele>
        <time>2026-08-09T10:33:19.000Z</time>
      </trkpt>
      <trkpt lat="57.59857772849500179290771484375" lon="-4.3705353699624538421630859375">
        <ele>12.80000019073486328125</ele>
        <time>2026-08-09T10:33:22.000Z</time>
      </trkpt>
      <trkpt lat="57.5986589491367340087890625" lon="-4.370563365519046783447265625">
        <ele>12.3999996185302734375</ele>
        <time>2026-08-09T10:33:23.000Z</time>
      </trkpt>
      <trkpt lat="57.5990854203701019287109375" lon="-4.37062983401119709014892578125">
        <ele>11.80000019073486328125</ele>
        <time>2026-08-09T10:33:28.000Z</time>
      </trkpt>
      <trkpt lat="57.5992616079747676849365234375" lon="-4.370560012757778167724609375">
        <ele>11.80000019073486328125</ele>
        <time>2026-08-09T10:33:30.000Z</time>
      </trkpt>
      <trkpt lat="57.59943352080881595611572265625" lon="-4.37043629586696624755859375">
        <ele>11.19999980926513671875</ele>
        <time>2026-08-09T10:33:32.000Z</time>
      </trkpt>
      <trkpt lat="57.59959545917809009552001953125" lon="-4.37026807107031345367431640625">
        <ele>11.19999980926513671875</ele>
        <time>2026-08-09T10:33:34.000Z</time>
      </trkpt>
      <trkpt lat="57.59974968619644641876220703125" lon="-4.3700814060866832733154296875">
        <ele>11</ele>
        <time>2026-08-09T10:33:36.000Z</time>
      </trkpt>
      <trkpt lat="57.59982143528759479522705078125" lon="-4.3699788115918636322021484375">
        <ele>11.19999980926513671875</ele>
        <time>2026-08-09T10:33:37.000Z</time>
      </trkpt>
      <trkpt lat="57.59988530538976192474365234375" lon="-4.36986305750906467437744140625">
        <ele>11</ele>
        <time>2026-08-09T10:33:38.000Z</time>
      </trkpt>
      <trkpt lat="57.599988989531993865966796875" lon="-4.369614534080028533935546875">
        <ele>11</ele>
        <time>2026-08-09T10:33:40.000Z</time>
      </trkpt>
      <trkpt lat="57.60002897121012210845947265625" lon="-4.36947782523930072784423828125">
        <ele>11</ele>
        <time>2026-08-09T10:33:41.000Z</time>
      </trkpt>
      <trkpt lat="57.60012670420110225677490234375" lon="-4.36889695934951305389404296875">
        <ele>11.19999980926513671875</ele>
        <time>2026-08-09T10:33:45.000Z</time>
      </trkpt>
      <trkpt lat="57.60020499117672443389892578125" lon="-4.36833637766540050506591796875">
        <ele>10.19999980926513671875</ele>
        <time>2026-08-09T10:33:49.000Z</time>
      </trkpt>
      <trkpt lat="57.60022996924817562103271484375" lon="-4.368203021585941314697265625">
        <ele>10.19999980926513671875</ele>
        <time>2026-08-09T10:33:50.000Z</time>
      </trkpt>
      <trkpt lat="57.600290067493915557861328125" lon="-4.367960952222347259521484375">
        <ele>10.3999996185302734375</ele>
        <time>2026-08-09T10:33:52.000Z</time>
      </trkpt>
      <trkpt lat="57.6003291271626949310302734375" lon="-4.3678528256714344024658203125">
        <ele>10.6000003814697265625</ele>
        <time>2026-08-09T10:33:53.000Z</time>
      </trkpt>
      <trkpt lat="57.60040883906185626983642578125" lon="-4.3676362372934818267822265625">
        <ele>10.80000019073486328125</ele>
        <time>2026-08-09T10:33:55.000Z</time>
      </trkpt>
      <trkpt lat="57.6004508323967456817626953125" lon="-4.367534480988979339599609375">
        <ele>10.80000019073486328125</ele>
        <time>2026-08-09T10:33:56.000Z</time>
      </trkpt>
      <trkpt lat="57.60049425065517425537109375" lon="-4.36744160950183868408203125">
        <ele>10.6000003814697265625</ele>
        <time>2026-08-09T10:33:57.000Z</time>
      </trkpt>
      <trkpt lat="57.60079239495098590850830078125" lon="-4.3669633381068706512451171875">
        <ele>10.80000019073486328125</ele>
        <time>2026-08-09T10:34:03.000Z</time>
      </trkpt>
      <trkpt lat="57.60109732858836650848388671875" lon="-4.3666967935860157012939453125">
        <ele>11</ele>
        <time>2026-08-09T10:34:08.000Z</time>
      </trkpt>
      <trkpt lat="57.6013859175145626068115234375" lon="-4.36640853993594646453857421875">
        <ele>9.80000019073486328125</ele>
        <time>2026-08-09T10:34:13.000Z</time>
      </trkpt>
      <trkpt lat="57.6014358736574649810791015625" lon="-4.36633762903511524200439453125">
        <ele>10</ele>
        <time>2026-08-09T10:34:14.000Z</time>
      </trkpt>
      <trkpt lat="57.60187885724008083343505859375" lon="-4.36570043675601482391357421875">
        <ele>11</ele>
        <time>2026-08-09T10:34:23.000Z</time>
      </trkpt>
      <trkpt lat="57.6019297353923320770263671875" lon="-4.365630447864532470703125">
        <ele>11.19999980926513671875</ele>
        <time>2026-08-09T10:34:24.000Z</time>
      </trkpt>
      <trkpt lat="57.60219636373221874237060546875" lon="-4.36528737656772136688232421875">
        <ele>11.80000019073486328125</ele>
        <time>2026-08-09T10:34:29.000Z</time>
      </trkpt>
      <trkpt lat="57.6023521833121776580810546875" lon="-4.3650311417877674102783203125">
        <ele>11.6000003814697265625</ele>
        <time>2026-08-09T10:34:32.000Z</time>
      </trkpt>
      <trkpt lat="57.60243616998195648193359375" lon="-4.3648269586265087127685546875">
        <ele>11.6000003814697265625</ele>
        <time>2026-08-09T10:34:34.000Z</time>
      </trkpt>
      <trkpt lat="57.6024980284273624420166015625" lon="-4.36461565084755420684814453125">
        <ele>11.6000003814697265625</ele>
        <time>2026-08-09T10:34:36.000Z</time>
      </trkpt>
      <trkpt lat="57.60254940949380397796630859375" lon="-4.36440811492502689361572265625">
        <ele>11.80000019073486328125</ele>
        <time>2026-08-09T10:34:38.000Z</time>
      </trkpt>
      <trkpt lat="57.602585367858409881591796875" lon="-4.3642180971801280975341796875">
        <ele>12.19999980926513671875</ele>
        <time>2026-08-09T10:34:40.000Z</time>
      </trkpt>
      <trkpt lat="57.60260506533086299896240234375" lon="-4.364128410816192626953125">
        <ele>12.19999980926513671875</ele>
        <time>2026-08-09T10:34:41.000Z</time>
      </trkpt>
      <trkpt lat="57.60264395736157894134521484375" lon="-4.36395716853439807891845703125">
        <ele>12.80000019073486328125</ele>
        <time>2026-08-09T10:34:43.000Z</time>
      </trkpt>
      <trkpt lat="57.60267916135489940643310546875" lon="-4.363795816898345947265625">
        <ele>13.3999996185302734375</ele>
        <time>2026-08-09T10:34:45.000Z</time>
      </trkpt>
      <trkpt lat="57.602695338428020477294921875" lon="-4.36371543444693088531494140625">
        <ele>13.80000019073486328125</ele>
        <time>2026-08-09T10:34:46.000Z</time>
      </trkpt>
      <trkpt lat="57.6027451269328594207763671875" lon="-4.363504461944103240966796875">
        <ele>14.80000019073486328125</ele>
        <time>2026-08-09T10:34:49.000Z</time>
      </trkpt>
      <trkpt lat="57.6027773134410381317138671875" lon="-4.363387785851955413818359375">
        <ele>15.6000003814697265625</ele>
        <time>2026-08-09T10:34:51.000Z</time>
      </trkpt>
      <trkpt lat="57.6028002798557281494140625" lon="-4.36333104036748409271240234375">
        <ele>16</ele>
        <time>2026-08-09T10:34:52.000Z</time>
      </trkpt>
      <trkpt lat="57.60286222212016582489013671875" lon="-4.36307908035814762115478515625">
        <ele>16.799999237060546875</ele>
        <time>2026-08-09T10:34:56.000Z</time>
      </trkpt>
      <trkpt lat="57.60287747718393802642822265625" lon="-4.363018982112407684326171875">
        <ele>17</ele>
        <time>2026-08-09T10:34:57.000Z</time>
      </trkpt>
      <trkpt lat="57.60289608500897884368896484375" lon="-4.3629685230553150177001953125">
        <ele>17.200000762939453125</ele>
        <time>2026-08-09T10:34:58.000Z</time>
      </trkpt>
      <trkpt lat="57.60293363593518733978271484375" lon="-4.36286483891308307647705078125">
        <ele>17.799999237060546875</ele>
        <time>2026-08-09T10:35:00.000Z</time>
      </trkpt>
      <trkpt lat="57.60295358486473560333251953125" lon="-4.36280214227735996246337890625">
        <ele>18</ele>
        <time>2026-08-09T10:35:01.000Z</time>
      </trkpt>
      <trkpt lat="57.60297596454620361328125" lon="-4.36274011619389057159423828125">
        <ele>18.200000762939453125</ele>
        <time>2026-08-09T10:35:02.000Z</time>
      </trkpt>
      <trkpt lat="57.60306925512850284576416015625" lon="-4.36251615174114704132080078125">
        <ele>18.799999237060546875</ele>
        <time>2026-08-09T10:35:06.000Z</time>
      </trkpt>
      <trkpt lat="57.60311317630112171173095703125" lon="-4.362404085695743560791015625">
        <ele>18.799999237060546875</ele>
        <time>2026-08-09T10:35:08.000Z</time>
      </trkpt>
      <trkpt lat="57.60314368642866611480712890625" lon="-4.36234767548739910125732421875">
        <ele>19</ele>
        <time>2026-08-09T10:35:09.000Z</time>
      </trkpt>
      <trkpt lat="57.60332129895687103271484375" lon="-4.36201860196888446807861328125">
        <ele>18.3999996185302734375</ele>
        <time>2026-08-09T10:35:14.000Z</time>
      </trkpt>
      <trkpt lat="57.60352204553782939910888671875" lon="-4.36165080405771732330322265625">
        <ele>18.799999237060546875</ele>
        <time>2026-08-09T10:35:20.000Z</time>
      </trkpt>
      <trkpt lat="57.60359287261962890625" lon="-4.3615199625492095947265625">
        <ele>18.799999237060546875</ele>
        <time>2026-08-09T10:35:22.000Z</time>
      </trkpt>
      <trkpt lat="57.60370242409408092498779296875" lon="-4.36132843606173992156982421875">
        <ele>18.799999237060546875</ele>
        <time>2026-08-09T10:35:25.000Z</time>
      </trkpt>
      <trkpt lat="57.6037670485675334930419921875" lon="-4.36120907776057720184326171875">
        <ele>18.6000003814697265625</ele>
        <time>2026-08-09T10:35:27.000Z</time>
      </trkpt>
      <trkpt lat="57.60401087813079357147216796875" lon="-4.3606963567435741424560546875">
        <ele>18.6000003814697265625</ele>
        <time>2026-08-09T10:35:35.000Z</time>
      </trkpt>
      <trkpt lat="57.60407458059489727020263671875" lon="-4.3605407886207103729248046875">
        <ele>19</ele>
        <time>2026-08-09T10:35:37.000Z</time>
      </trkpt>
      <trkpt lat="57.604106850922107696533203125" lon="-4.36046090908348560333251953125">
        <ele>19.200000762939453125</ele>
        <time>2026-08-09T10:35:38.000Z</time>
      </trkpt>
      <trkpt lat="57.60427951812744140625" lon="-4.3600903451442718505859375">
        <ele>19</ele>
        <time>2026-08-09T10:35:43.000Z</time>
      </trkpt>
      <trkpt lat="57.60458839125931262969970703125" lon="-4.35949665494263172149658203125">
        <ele>18.799999237060546875</ele>
        <time>2026-08-09T10:35:51.000Z</time>
      </trkpt>
      <trkpt lat="57.60499508120119571685791015625" lon="-4.3587410263717174530029296875">
        <ele>18.3999996185302734375</ele>
        <time>2026-08-09T10:36:00.000Z</time>
      </trkpt>
      <trkpt lat="57.6050441153347492218017578125" lon="-4.35866584070026874542236328125">
        <ele>18.3999996185302734375</ele>
        <time>2026-08-09T10:36:01.000Z</time>
      </trkpt>
      <trkpt lat="57.6054330356419086456298828125" lon="-4.3580858968198299407958984375">
        <ele>19.3999996185302734375</ele>
        <time>2026-08-09T10:36:09.000Z</time>
      </trkpt>
      <trkpt lat="57.60548056103289127349853515625" lon="-4.3580114655196666717529296875">
        <ele>19.6000003814697265625</ele>
        <time>2026-08-09T10:36:10.000Z</time>
      </trkpt>
      <trkpt lat="57.60582841001451015472412109375" lon="-4.35732725076377391815185546875">
        <ele>19.3999996185302734375</ele>
        <time>2026-08-09T10:36:18.000Z</time>
      </trkpt>
      <trkpt lat="57.60592304170131683349609375" lon="-4.35715156607329845428466796875">
        <ele>19.200000762939453125</ele>
        <time>2026-08-09T10:36:20.000Z</time>
      </trkpt>
      <trkpt lat="57.60609612800180912017822265625" lon="-4.35696087777614593505859375">
        <ele>18.799999237060546875</ele>
        <time>2026-08-09T10:36:23.000Z</time>
      </trkpt>
      <trkpt lat="57.60662846267223358154296875" lon="-4.35646458528935909271240234375">
        <ele>18.200000762939453125</ele>
        <time>2026-08-09T10:36:32.000Z</time>
      </trkpt>
      <trkpt lat="57.60680255480110645294189453125" lon="-4.3563069216907024383544921875">
        <ele>17</ele>
        <time>2026-08-09T10:36:35.000Z</time>
      </trkpt>
      <trkpt lat="57.60697086341679096221923828125" lon="-4.35615881346166133880615234375">
        <ele>17.200000762939453125</ele>
        <time>2026-08-09T10:36:38.000Z</time>
      </trkpt>
      <trkpt lat="57.60708385147154331207275390625" lon="-4.35605420731008052825927734375">
        <ele>17.3999996185302734375</ele>
        <time>2026-08-09T10:36:40.000Z</time>
      </trkpt>
      <trkpt lat="57.60719918645918369293212890625" lon="-4.35594624839723110198974609375">
        <ele>17.6000003814697265625</ele>
        <time>2026-08-09T10:36:42.000Z</time>
      </trkpt>
      <trkpt lat="57.6075657270848751068115234375" lon="-4.35561533086001873016357421875">
        <ele>17.200000762939453125</ele>
        <time>2026-08-09T10:36:48.000Z</time>
      </trkpt>
      <trkpt lat="57.60769925080239772796630859375" lon="-4.35550301335752010345458984375">
        <ele>18</ele>
        <time>2026-08-09T10:36:50.000Z</time>
      </trkpt>
      <trkpt lat="57.60796554386615753173828125" lon="-4.355294890701770782470703125">
        <ele>17.799999237060546875</ele>
        <time>2026-08-09T10:36:54.000Z</time>
      </trkpt>
      <trkpt lat="57.60829403065145015716552734375" lon="-4.355009905993938446044921875">
        <ele>17.3999996185302734375</ele>
        <time>2026-08-09T10:36:59.000Z</time>
      </trkpt>
      <trkpt lat="57.60842830874025821685791015625" lon="-4.3548984266817569732666015625">
        <ele>17.3999996185302734375</ele>
        <time>2026-08-09T10:37:01.000Z</time>
      </trkpt>
      <trkpt lat="57.60855739004909992218017578125" lon="-4.35477982275187969207763671875">
        <ele>17</ele>
        <time>2026-08-09T10:37:03.000Z</time>
      </trkpt>
      <trkpt lat="57.60861991904675960540771484375" lon="-4.35471511445939540863037109375">
        <ele>16.799999237060546875</ele>
        <time>2026-08-09T10:37:04.000Z</time>
      </trkpt>
      <trkpt lat="57.6086758263409137725830078125" lon="-4.3546355701982975006103515625">
        <ele>16.6000003814697265625</ele>
        <time>2026-08-09T10:37:05.000Z</time>
      </trkpt>
      <trkpt lat="57.60876542888581752777099609375" lon="-4.3544414453208446502685546875">
        <ele>16.3999996185302734375</ele>
        <time>2026-08-09T10:37:07.000Z</time>
      </trkpt>
      <trkpt lat="57.60880147106945514678955078125" lon="-4.3543423712253570556640625">
        <ele>16.3999996185302734375</ele>
        <time>2026-08-09T10:37:08.000Z</time>
      </trkpt>
      <trkpt lat="57.6088535226881504058837890625" lon="-4.35415000654757022857666015625">
        <ele>16.200000762939453125</ele>
        <time>2026-08-09T10:37:10.000Z</time>
      </trkpt>
      <trkpt lat="57.6088897325098514556884765625" lon="-4.3539837934076786041259765625">
        <ele>16.3999996185302734375</ele>
        <time>2026-08-09T10:37:12.000Z</time>
      </trkpt>
      <trkpt lat="57.60895083658397197723388671875" lon="-4.35381422750651836395263671875">
        <ele>16.799999237060546875</ele>
        <time>2026-08-09T10:37:16.000Z</time>
      </trkpt>
      <trkpt lat="57.6089712046086788177490234375" lon="-4.35376745648682117462158203125">
        <ele>16.200000762939453125</ele>
        <time>2026-08-09T10:37:20.000Z</time>
      </trkpt>
      <trkpt lat="57.60897598229348659515380859375" lon="-4.35375572182238101959228515625">
        <ele>16</ele>
        <time>2026-08-09T10:37:21.000Z</time>
      </trkpt>
      <trkpt lat="57.60898503474891185760498046875" lon="-4.3537450768053531646728515625">
        <ele>15.80000019073486328125</ele>
        <time>2026-08-09T10:37:22.000Z</time>
      </trkpt>
      <trkpt lat="57.60898411273956298828125" lon="-4.3536659516394138336181640625">
        <ele>15.6000003814697265625</ele>
        <time>2026-08-09T10:37:24.000Z</time>
      </trkpt>
      <trkpt lat="57.60891647078096866607666015625" lon="-4.3535207770764827728271484375">
        <ele>15.19999980926513671875</ele>
        <time>2026-08-09T10:37:28.000Z</time>
      </trkpt>
      <trkpt lat="57.60875402949750423431396484375" lon="-4.35341072268784046173095703125">
        <ele>14.80000019073486328125</ele>
        <time>2026-08-09T10:37:33.000Z</time>
      </trkpt>
      <trkpt lat="57.608712203800678253173828125" lon="-4.35337669216096401214599609375">
        <ele>14.80000019073486328125</ele>
        <time>2026-08-09T10:37:34.000Z</time>
      </trkpt>
      <trkpt lat="57.60858605615794658660888671875" lon="-4.3531771190464496612548828125">
        <ele>15.19999980926513671875</ele>
        <time>2026-08-09T10:37:38.000Z</time>
      </trkpt>
      <trkpt lat="57.6085554622113704681396484375" lon="-4.35298391617834568023681640625">
        <ele>15.6000003814697265625</ele>
        <time>2026-08-09T10:37:41.000Z</time>
      </trkpt>
      <trkpt lat="57.608558647334575653076171875" lon="-4.352907054126262664794921875">
        <ele>15.80000019073486328125</ele>
        <time>2026-08-09T10:37:42.000Z</time>
      </trkpt>
      <trkpt lat="57.608566023409366607666015625" lon="-4.35283019207417964935302734375">
        <ele>16</ele>
        <time>2026-08-09T10:37:43.000Z</time>
      </trkpt>
      <trkpt lat="57.60858454741537570953369140625" lon="-4.35276246629655361175537109375">
        <ele>16.200000762939453125</ele>
        <time>2026-08-09T10:37:44.000Z</time>
      </trkpt>
      <trkpt lat="57.6086057536303997039794921875" lon="-4.352697171270847320556640625">
        <ele>16.6000003814697265625</ele>
        <time>2026-08-09T10:37:45.000Z</time>
      </trkpt>
      <trkpt lat="57.608626373112201690673828125" lon="-4.35263154096901416778564453125">
        <ele>16.799999237060546875</ele>
        <time>2026-08-09T10:37:46.000Z</time>
      </trkpt>
      <trkpt lat="57.6086516864597797393798828125" lon="-4.35256716795265674591064453125">
        <ele>17.200000762939453125</ele>
        <time>2026-08-09T10:37:47.000Z</time>
      </trkpt>
      <trkpt lat="57.60872167535126209259033203125" lon="-4.35236231423914432525634765625">
        <ele>18</ele>
        <time>2026-08-09T10:37:50.000Z</time>
      </trkpt>
      <trkpt lat="57.608745060861110687255859375" lon="-4.35229358263313770294189453125">
        <ele>18.200000762939453125</ele>
        <time>2026-08-09T10:37:51.000Z</time>
      </trkpt>
      <trkpt lat="57.60882041417062282562255859375" lon="-4.3520945124328136444091796875">
        <ele>18.6000003814697265625</ele>
        <time>2026-08-09T10:37:54.000Z</time>
      </trkpt>
      <trkpt lat="57.6089953444898128509521484375" lon="-4.3516586534678936004638671875">
        <ele>19.200000762939453125</ele>
        <time>2026-08-09T10:38:01.000Z</time>
      </trkpt>
      <trkpt lat="57.60906390845775604248046875" lon="-4.35146997682750225067138671875">
        <ele>19.3999996185302734375</ele>
        <time>2026-08-09T10:38:04.000Z</time>
      </trkpt>
      <trkpt lat="57.6091931574046611785888671875" lon="-4.35115247033536434173583984375">
        <ele>20</ele>
        <time>2026-08-09T10:38:09.000Z</time>
      </trkpt>
      <trkpt lat="57.60933405719697475433349609375" lon="-4.35081325471401214599609375">
        <ele>20.200000762939453125</ele>
        <time>2026-08-09T10:38:14.000Z</time>
      </trkpt>
      <trkpt lat="57.60938820429146289825439453125" lon="-4.35067269019782543182373046875">
        <ele>20.200000762939453125</ele>
        <time>2026-08-09T10:38:16.000Z</time>
      </trkpt>
      <trkpt lat="57.609443776309490203857421875" lon="-4.350534640252590179443359375">
        <ele>20.3999996185302734375</ele>
        <time>2026-08-09T10:38:18.000Z</time>
      </trkpt>
      <trkpt lat="57.609469592571258544921875" lon="-4.3504654057323932647705078125">
        <ele>20.6000003814697265625</ele>
        <time>2026-08-09T10:38:19.000Z</time>
      </trkpt>
      <trkpt lat="57.6094962470233440399169921875" lon="-4.35039608739316463470458984375">
        <ele>20.799999237060546875</ele>
        <time>2026-08-09T10:38:20.000Z</time>
      </trkpt>
      <trkpt lat="57.60952256619930267333984375" lon="-4.35032450594007968902587890625">
        <ele>20.799999237060546875</ele>
        <time>2026-08-09T10:38:21.000Z</time>
      </trkpt>
      <trkpt lat="57.6095515675842761993408203125" lon="-4.3502548523247241973876953125">
        <ele>20.799999237060546875</ele>
        <time>2026-08-09T10:38:22.000Z</time>
      </trkpt>
      <trkpt lat="57.609579563140869140625" lon="-4.35018117539584636688232421875">
        <ele>21</ele>
        <time>2026-08-09T10:38:23.000Z</time>
      </trkpt>
      <trkpt lat="57.60969045571982860565185546875" lon="-4.349881522357463836669921875">
        <ele>21.200000762939453125</ele>
        <time>2026-08-09T10:38:27.000Z</time>
      </trkpt>
      <trkpt lat="57.609808556735515594482421875" lon="-4.3495588190853595733642578125">
        <ele>21.3999996185302734375</ele>
        <time>2026-08-09T10:38:31.000Z</time>
      </trkpt>
      <trkpt lat="57.6101077906787395477294921875" lon="-4.34876664541661739349365234375">
        <ele>21.200000762939453125</ele>
        <time>2026-08-09T10:38:40.000Z</time>
      </trkpt>
      <trkpt lat="57.610251121222972869873046875" lon="-4.34840152971446514129638671875">
        <ele>21</ele>
        <time>2026-08-09T10:38:44.000Z</time>
      </trkpt>
      <trkpt lat="57.61032295413315296173095703125" lon="-4.34822299517691135406494140625">
        <ele>20.799999237060546875</ele>
        <time>2026-08-09T10:38:46.000Z</time>
      </trkpt>
      <trkpt lat="57.61047114618122577667236328125" lon="-4.34788419865071773529052734375">
        <ele>22.3999996185302734375</ele>
        <time>2026-08-09T10:38:50.000Z</time>
      </trkpt>
      <trkpt lat="57.61060827411711215972900390625" lon="-4.3475679494440555572509765625">
        <ele>23</ele>
        <time>2026-08-09T10:38:54.000Z</time>
      </trkpt>
      <trkpt lat="57.6106797717511653900146484375" lon="-4.34741447679698467254638671875">
        <ele>23.3999996185302734375</ele>
        <time>2026-08-09T10:38:56.000Z</time>
      </trkpt>
      <trkpt lat="57.6107528619468212127685546875" lon="-4.34725840575993061065673828125">
        <ele>23.200000762939453125</ele>
        <time>2026-08-09T10:38:58.000Z</time>
      </trkpt>
      <trkpt lat="57.6109221763908863067626953125" lon="-4.34698364697396755218505859375">
        <ele>23.200000762939453125</ele>
        <time>2026-08-09T10:39:02.000Z</time>
      </trkpt>
      <trkpt lat="57.61123138479888439178466796875" lon="-4.34658466838300228118896484375">
        <ele>23</ele>
        <time>2026-08-09T10:39:08.000Z</time>
      </trkpt>
      <trkpt lat="57.61142500676214694976806640625" lon="-4.34638618491590023040771484375">
        <ele>23</ele>
        <time>2026-08-09T10:39:11.000Z</time>
      </trkpt>
      <trkpt lat="57.61161510832607746124267578125" lon="-4.34618418104946613311767578125">
        <ele>23</ele>
        <time>2026-08-09T10:39:14.000Z</time>
      </trkpt>
      <trkpt lat="57.611729018390178680419921875" lon="-4.346023835241794586181640625">
        <ele>22.799999237060546875</ele>
        <time>2026-08-09T10:39:16.000Z</time>
      </trkpt>
      <trkpt lat="57.611895985901355743408203125" lon="-4.34579492546617984771728515625">
        <ele>23</ele>
        <time>2026-08-09T10:39:19.000Z</time>
      </trkpt>
      <trkpt lat="57.6121268235146999359130859375" lon="-4.345357976853847503662109375">
        <ele>22.799999237060546875</ele>
        <time>2026-08-09T10:39:24.000Z</time>
      </trkpt>
      <trkpt lat="57.612372748553752899169921875" lon="-4.34492555446922779083251953125">
        <ele>22.799999237060546875</ele>
        <time>2026-08-09T10:39:29.000Z</time>
      </trkpt>
      <trkpt lat="57.61243301443755626678466796875" lon="-4.34485263191163539886474609375">
        <ele>22.6000003814697265625</ele>
        <time>2026-08-09T10:39:30.000Z</time>
      </trkpt>
      <trkpt lat="57.61249286122620105743408203125" lon="-4.34478021226823329925537109375">
        <ele>22.3999996185302734375</ele>
        <time>2026-08-09T10:39:31.000Z</time>
      </trkpt>
      <trkpt lat="57.612919919192790985107421875" lon="-4.344310574233531951904296875">
        <ele>22</ele>
        <time>2026-08-09T10:39:38.000Z</time>
      </trkpt>
      <trkpt lat="57.61317028664052486419677734375" lon="-4.34404361061751842498779296875">
        <ele>21.6000003814697265625</ele>
        <time>2026-08-09T10:39:42.000Z</time>
      </trkpt>
      <trkpt lat="57.6132925786077976226806640625" lon="-4.34391352348029613494873046875">
        <ele>22.3999996185302734375</ele>
        <time>2026-08-09T10:39:44.000Z</time>
      </trkpt>
      <trkpt lat="57.613763473927974700927734375" lon="-4.3434018082916736602783203125">
        <ele>22</ele>
        <time>2026-08-09T10:39:52.000Z</time>
      </trkpt>
      <trkpt lat="57.6141699962317943572998046875" lon="-4.3429421447217464447021484375">
        <ele>22</ele>
        <time>2026-08-09T10:39:59.000Z</time>
      </trkpt>
      <trkpt lat="57.61428809724748134613037109375" lon="-4.3427902646362781524658203125">
        <ele>21.799999237060546875</ele>
        <time>2026-08-09T10:40:01.000Z</time>
      </trkpt>
      <trkpt lat="57.61447367258369922637939453125" lon="-4.34247560799121856689453125">
        <ele>21.3999996185302734375</ele>
        <time>2026-08-09T10:40:04.000Z</time>
      </trkpt>
      <trkpt lat="57.61452756822109222412109375" lon="-4.34235784225165843963623046875">
        <ele>21.200000762939453125</ele>
        <time>2026-08-09T10:40:05.000Z</time>
      </trkpt>
      <trkpt lat="57.6146333478391170501708984375" lon="-4.34212683700025081634521484375">
        <ele>21.3999996185302734375</ele>
        <time>2026-08-09T10:40:07.000Z</time>
      </trkpt>
      <trkpt lat="57.61484364978969097137451171875" lon="-4.34173263609409332275390625">
        <ele>21.6000003814697265625</ele>
        <time>2026-08-09T10:40:11.000Z</time>
      </trkpt>
      <trkpt lat="57.614904753863811492919921875" lon="-4.341659210622310638427734375">
        <ele>21.6000003814697265625</ele>
        <time>2026-08-09T10:40:12.000Z</time>
      </trkpt>
      <trkpt lat="57.6150336675345897674560546875" lon="-4.34154630638659000396728515625">
        <ele>21.799999237060546875</ele>
        <time>2026-08-09T10:40:14.000Z</time>
      </trkpt>
      <trkpt lat="57.6151013933122158050537109375" lon="-4.34149031527340412139892578125">
        <ele>22</ele>
        <time>2026-08-09T10:40:15.000Z</time>
      </trkpt>
      <trkpt lat="57.61549182236194610595703125" lon="-4.34116560034453868865966796875">
        <ele>22.3999996185302734375</ele>
        <time>2026-08-09T10:40:21.000Z</time>
      </trkpt>
      <trkpt lat="57.61591653339564800262451171875" lon="-4.34083485044538974761962890625">
        <ele>22.6000003814697265625</ele>
        <time>2026-08-09T10:40:28.000Z</time>
      </trkpt>
      <trkpt lat="57.61611065827310085296630859375" lon="-4.34065438807010650634765625">
        <ele>22</ele>
        <time>2026-08-09T10:40:31.000Z</time>
      </trkpt>
      <trkpt lat="57.616217695176601409912109375" lon="-4.34045800007879734039306640625">
        <ele>21.3999996185302734375</ele>
        <time>2026-08-09T10:40:33.000Z</time>
      </trkpt>
      <trkpt lat="57.61638089083135128021240234375" lon="-4.33999112807214260101318359375">
        <ele>21.200000762939453125</ele>
        <time>2026-08-09T10:40:37.000Z</time>
      </trkpt>
      <trkpt lat="57.61658222414553165435791015625" lon="-4.3393774889409542083740234375">
        <ele>22</ele>
        <time>2026-08-09T10:40:43.000Z</time>
      </trkpt>
      <trkpt lat="57.616705857217311859130859375" lon="-4.33914187364280223846435546875">
        <ele>22.3999996185302734375</ele>
        <time>2026-08-09T10:40:46.000Z</time>
      </trkpt>
      <trkpt lat="57.6168014109134674072265625" lon="-4.33899954892694950103759765625">
        <ele>22.6000003814697265625</ele>
        <time>2026-08-09T10:40:48.000Z</time>
      </trkpt>
      <trkpt lat="57.61702227406203746795654296875" lon="-4.33869528584182262420654296875">
        <ele>21.3999996185302734375</ele>
        <time>2026-08-09T10:40:52.000Z</time>
      </trkpt>
      <trkpt lat="57.6171469129621982574462890625" lon="-4.33854910545051097869873046875">
        <ele>21</ele>
        <time>2026-08-09T10:40:54.000Z</time>
      </trkpt>
      <trkpt lat="57.61734061874449253082275390625" lon="-4.3383367918431758880615234375">
        <ele>20.3999996185302734375</ele>
        <time>2026-08-09T10:40:57.000Z</time>
      </trkpt>
      <trkpt lat="57.6175297982990741729736328125" lon="-4.3381389789283275604248046875">
        <ele>20.200000762939453125</ele>
        <time>2026-08-09T10:41:00.000Z</time>
      </trkpt>
      <trkpt lat="57.617650665342807769775390625" lon="-4.3380088917911052703857421875">
        <ele>21.3999996185302734375</ele>
        <time>2026-08-09T10:41:02.000Z</time>
      </trkpt>
      <trkpt lat="57.6177091710269451141357421875" lon="-4.33794175274670124053955078125">
        <ele>22</ele>
        <time>2026-08-09T10:41:03.000Z</time>
      </trkpt>
      <trkpt lat="57.617828361690044403076171875" lon="-4.33781753294169902801513671875">
        <ele>22.6000003814697265625</ele>
        <time>2026-08-09T10:41:05.000Z</time>
      </trkpt>
      <trkpt lat="57.6181001029908657073974609375" lon="-4.337439425289630889892578125">
        <ele>23.200000762939453125</ele>
        <time>2026-08-09T10:41:10.000Z</time>
      </trkpt>
      <trkpt lat="57.61819590814411640167236328125" lon="-4.33724907226860523223876953125">
        <ele>23.3999996185302734375</ele>
        <time>2026-08-09T10:41:12.000Z</time>
      </trkpt>
      <trkpt lat="57.61828023009002208709716796875" lon="-4.33705058880150318145751953125">
        <ele>23.6000003814697265625</ele>
        <time>2026-08-09T10:41:14.000Z</time>
      </trkpt>
      <trkpt lat="57.6183461956679821014404296875" lon="-4.3368448130786418914794921875">
        <ele>24.200000762939453125</ele>
        <time>2026-08-09T10:41:16.000Z</time>
      </trkpt>
      <trkpt lat="57.61841802857816219329833984375" lon="-4.33650760911405086517333984375">
        <ele>24.6000003814697265625</ele>
        <time>2026-08-09T10:41:19.000Z</time>
      </trkpt>
      <trkpt lat="57.618448622524738311767578125" lon="-4.33626721613109111785888671875">
        <ele>25</ele>
        <time>2026-08-09T10:41:21.000Z</time>
      </trkpt>
      <trkpt lat="57.61845205910503864288330078125" lon="-4.33592967689037322998046875">
        <ele>25.799999237060546875</ele>
        <time>2026-08-09T10:41:24.000Z</time>
      </trkpt>
      <trkpt lat="57.61845239438116550445556640625" lon="-4.33582666330039501190185546875">
        <ele>26</ele>
        <time>2026-08-09T10:41:25.000Z</time>
      </trkpt>
      <trkpt lat="57.6184648834168910980224609375" lon="-4.33553245849907398223876953125">
        <ele>26.799999237060546875</ele>
        <time>2026-08-09T10:41:28.000Z</time>
      </trkpt>
      <trkpt lat="57.61851257644593715667724609375" lon="-4.3351731263101100921630859375">
        <ele>27.3999996185302734375</ele>
        <time>2026-08-09T10:41:32.000Z</time>
      </trkpt>
      <trkpt lat="57.618561945855617523193359375" lon="-4.33492829091846942901611328125">
        <ele>28</ele>
        <time>2026-08-09T10:41:35.000Z</time>
      </trkpt>
      <trkpt lat="57.6185839064419269561767578125" lon="-4.33485436253249645233154296875">
        <ele>28</ele>
        <time>2026-08-09T10:41:36.000Z</time>
      </trkpt>
      <trkpt lat="57.6186476089060306549072265625" lon="-4.3346068449318408966064453125">
        <ele>28</ele>
        <time>2026-08-09T10:41:39.000Z</time>
      </trkpt>
      <trkpt lat="57.61886947788298130035400390625" lon="-4.333599843084812164306640625">
        <ele>27.3999996185302734375</ele>
        <time>2026-08-09T10:41:50.000Z</time>
      </trkpt>
      <trkpt lat="57.618999481201171875" lon="-4.3328959308564662933349609375">
        <ele>27.6000003814697265625</ele>
        <time>2026-08-09T10:41:58.000Z</time>
      </trkpt>
      <trkpt lat="57.61907282285392284393310546875" lon="-4.3324547074735164642333984375">
        <ele>27.799999237060546875</ele>
        <time>2026-08-09T10:42:03.000Z</time>
      </trkpt>
      <trkpt lat="57.619101740419864654541015625" lon="-4.33227525092661380767822265625">
        <ele>27.799999237060546875</ele>
        <time>2026-08-09T10:42:05.000Z</time>
      </trkpt>
      <trkpt lat="57.6192554645240306854248046875" lon="-4.33144208975136280059814453125">
        <ele>28</ele>
        <time>2026-08-09T10:42:14.000Z</time>
      </trkpt>
      <trkpt lat="57.619289495050907135009765625" lon="-4.33128702454268932342529296875">
        <ele>28.3999996185302734375</ele>
        <time>2026-08-09T10:42:16.000Z</time>
      </trkpt>
      <trkpt lat="57.619340121746063232421875" lon="-4.3310623057186603546142578125">
        <ele>29.200000762939453125</ele>
        <time>2026-08-09T10:42:19.000Z</time>
      </trkpt>
      <trkpt lat="57.61937054805457592010498046875" lon="-4.33093381114304065704345703125">
        <ele>29.6000003814697265625</ele>
        <time>2026-08-09T10:42:21.000Z</time>
      </trkpt>
      <trkpt lat="57.61941446922719478607177734375" lon="-4.3307535164058208465576171875">
        <ele>30.200000762939453125</ele>
        <time>2026-08-09T10:42:24.000Z</time>
      </trkpt>
      <trkpt lat="57.61948965489864349365234375" lon="-4.330450929701328277587890625">
        <ele>30.799999237060546875</ele>
        <time>2026-08-09T10:42:29.000Z</time>
      </trkpt>
      <trkpt lat="57.61951320804655551910400390625" lon="-4.33033769018948078155517578125">
        <ele>31</ele>
        <time>2026-08-09T10:42:31.000Z</time>
      </trkpt>
      <trkpt lat="57.61954438872635364532470703125" lon="-4.330228976905345916748046875">
        <ele>31.200000762939453125</ele>
        <time>2026-08-09T10:42:33.000Z</time>
      </trkpt>
      <trkpt lat="57.61956266127526760101318359375" lon="-4.330179691314697265625">
        <ele>31.200000762939453125</ele>
        <time>2026-08-09T10:42:34.000Z</time>
      </trkpt>
      <trkpt lat="57.61960096657276153564453125" lon="-4.33006896637380123138427734375">
        <ele>31.200000762939453125</ele>
        <time>2026-08-09T10:42:36.000Z</time>
      </trkpt>
      <trkpt lat="57.619783021509647369384765625" lon="-4.32968038134276866912841796875">
        <ele>32.200000762939453125</ele>
        <time>2026-08-09T10:42:44.000Z</time>
      </trkpt>
      <trkpt lat="57.61980255134403705596923828125" lon="-4.32962807826697826385498046875">
        <ele>32.40000152587890625</ele>
        <time>2026-08-09T10:42:45.000Z</time>
      </trkpt>
      <trkpt lat="57.6199612207710742950439453125" lon="-4.3293034471571445465087890625">
        <ele>33.40000152587890625</ele>
        <time>2026-08-09T10:42:52.000Z</time>
      </trkpt>
      <trkpt lat="57.62000866234302520751953125" lon="-4.32921032421290874481201171875">
        <ele>33.59999847412109375</ele>
        <time>2026-08-09T10:42:54.000Z</time>
      </trkpt>
      <trkpt lat="57.620165236294269561767578125" lon="-4.32889633812010288238525390625">
        <ele>34.59999847412109375</ele>
        <time>2026-08-09T10:43:01.000Z</time>
      </trkpt>
      <trkpt lat="57.6201878674328327178955078125" lon="-4.32885074056684970855712890625">
        <ele>34.799999237060546875</ele>
        <time>2026-08-09T10:43:02.000Z</time>
      </trkpt>
      <trkpt lat="57.6203538291156291961669921875" lon="-4.32843692600727081298828125">
        <ele>35.40000152587890625</ele>
        <time>2026-08-09T10:43:11.000Z</time>
      </trkpt>
      <trkpt lat="57.62042867951095104217529296875" lon="-4.328207261860370635986328125">
        <ele>35.799999237060546875</ele>
        <time>2026-08-09T10:43:16.000Z</time>
      </trkpt>
      <trkpt lat="57.6204601116478443145751953125" lon="-4.32806887663900852203369140625">
        <ele>36</ele>
        <time>2026-08-09T10:43:19.000Z</time>
      </trkpt>
      <trkpt lat="57.62052272446453571319580078125" lon="-4.3277615122497081756591796875">
        <ele>36.59999847412109375</ele>
        <time>2026-08-09T10:43:25.000Z</time>
      </trkpt>
      <trkpt lat="57.62054267339408397674560546875" lon="-4.32771046645939350128173828125">
        <ele>37</ele>
        <time>2026-08-09T10:43:26.000Z</time>
      </trkpt>
      <trkpt lat="57.6206441782414913177490234375" lon="-4.3274155072867870330810546875">
        <ele>38</ele>
        <time>2026-08-09T10:43:31.000Z</time>
      </trkpt>
      <trkpt lat="57.6206622831523418426513671875" lon="-4.3273581750690937042236328125">
        <ele>38</ele>
        <time>2026-08-09T10:43:32.000Z</time>
      </trkpt>
      <trkpt lat="57.62079278938472270965576171875" lon="-4.32700035162270069122314453125">
        <ele>37.799999237060546875</ele>
        <time>2026-08-09T10:43:39.000Z</time>
      </trkpt>
      <trkpt lat="57.6208555698394775390625" lon="-4.3268495611846446990966796875">
        <ele>38.200000762939453125</ele>
        <time>2026-08-09T10:43:42.000Z</time>
      </trkpt>
      <trkpt lat="57.62092304416000843048095703125" lon="-4.3267137743532657623291015625">
        <ele>39.200000762939453125</ele>
        <time>2026-08-09T10:43:45.000Z</time>
      </trkpt>
      <trkpt lat="57.6209445856511592864990234375" lon="-4.3266621418297290802001953125">
        <ele>39.59999847412109375</ele>
        <time>2026-08-09T10:43:46.000Z</time>
      </trkpt>
      <trkpt lat="57.6209898479282855987548828125" lon="-4.32656449265778064727783203125">
        <ele>40.40000152587890625</ele>
        <time>2026-08-09T10:43:48.000Z</time>
      </trkpt>
      <trkpt lat="57.62105313129723072052001953125" lon="-4.3264205753803253173828125">
        <ele>41.40000152587890625</ele>
        <time>2026-08-09T10:43:51.000Z</time>
      </trkpt>
      <trkpt lat="57.621089927852153778076171875" lon="-4.32633533142507076263427734375">
        <ele>41.799999237060546875</ele>
        <time>2026-08-09T10:43:53.000Z</time>
      </trkpt>
      <trkpt lat="57.62114818207919597625732421875" lon="-4.32620742358267307281494140625">
        <ele>42.40000152587890625</ele>
        <time>2026-08-09T10:43:56.000Z</time>
      </trkpt>
      <trkpt lat="57.621234096586704254150390625" lon="-4.32603592984378337860107421875">
        <ele>43.59999847412109375</ele>
        <time>2026-08-09T10:44:00.000Z</time>
      </trkpt>
      <trkpt lat="57.62125614099204540252685546875" lon="-4.325993098318576812744140625">
        <ele>43.799999237060546875</ele>
        <time>2026-08-09T10:44:01.000Z</time>
      </trkpt>
      <trkpt lat="57.6213123835623264312744140625" lon="-4.32586468756198883056640625">
        <ele>45</ele>
        <time>2026-08-09T10:44:04.000Z</time>
      </trkpt>
      <trkpt lat="57.62141506187617778778076171875" lon="-4.3256588280200958251953125">
        <ele>45.799999237060546875</ele>
        <time>2026-08-09T10:44:09.000Z</time>
      </trkpt>
      <trkpt lat="57.62145328335464000701904296875" lon="-4.32558238506317138671875">
        <ele>46.200000762939453125</ele>
        <time>2026-08-09T10:44:11.000Z</time>
      </trkpt>
      <trkpt lat="57.6215326599776744842529296875" lon="-4.3254105560481548309326171875">
        <ele>47.40000152587890625</ele>
        <time>2026-08-09T10:44:16.000Z</time>
      </trkpt>
      <trkpt lat="57.621646821498870849609375" lon="-4.32520410977303981781005859375">
        <ele>48.40000152587890625</ele>
        <time>2026-08-09T10:44:22.000Z</time>
      </trkpt>
      <trkpt lat="57.62166819535195827484130859375" lon="-4.32517561130225658416748046875">
        <ele>48.59999847412109375</ele>
        <time>2026-08-09T10:44:23.000Z</time>
      </trkpt>
      <trkpt lat="57.62176458723843097686767578125" lon="-4.32500545866787433624267578125">
        <ele>49.40000152587890625</ele>
        <time>2026-08-09T10:44:28.000Z</time>
      </trkpt>
      <trkpt lat="57.62180347926914691925048828125" lon="-4.3249373137950897216796875">
        <ele>50</ele>
        <time>2026-08-09T10:44:30.000Z</time>
      </trkpt>
      <trkpt lat="57.62183784507215023040771484375" lon="-4.32486766017973423004150390625">
        <ele>50.59999847412109375</ele>
        <time>2026-08-09T10:44:32.000Z</time>
      </trkpt>
      <trkpt lat="57.62191965244710445404052734375" lon="-4.3247373215854167938232421875">
        <ele>51.200000762939453125</ele>
        <time>2026-08-09T10:44:36.000Z</time>
      </trkpt>
      <trkpt lat="57.62196156196296215057373046875" lon="-4.32468049228191375732421875">
        <ele>51.59999847412109375</ele>
        <time>2026-08-09T10:44:38.000Z</time>
      </trkpt>
      <trkpt lat="57.622055523097515106201171875" lon="-4.32450220920145511627197265625">
        <ele>52.200000762939453125</ele>
        <time>2026-08-09T10:44:43.000Z</time>
      </trkpt>
      <trkpt lat="57.6221244223415851593017578125" lon="-4.3243752233684062957763671875">
        <ele>52.799999237060546875</ele>
        <time>2026-08-09T10:44:47.000Z</time>
      </trkpt>
      <trkpt lat="57.6221738755702972412109375" lon="-4.32427120395004749298095703125">
        <ele>53.200000762939453125</ele>
        <time>2026-08-09T10:44:50.000Z</time>
      </trkpt>
      <trkpt lat="57.62230002321302890777587890625" lon="-4.32405092753469944000244140625">
        <ele>53.799999237060546875</ele>
        <time>2026-08-09T10:44:57.000Z</time>
      </trkpt>
      <trkpt lat="57.62231938540935516357421875" lon="-4.324019663035869598388671875">
        <ele>53.799999237060546875</ele>
        <time>2026-08-09T10:44:58.000Z</time>
      </trkpt>
      <trkpt lat="57.6224727742373943328857421875" lon="-4.3237330019474029541015625">
        <ele>54.59999847412109375</ele>
        <time>2026-08-09T10:45:06.000Z</time>
      </trkpt>
      <trkpt lat="57.62251476757228374481201171875" lon="-4.32366251014173030853271484375">
        <ele>55</ele>
        <time>2026-08-09T10:45:08.000Z</time>
      </trkpt>
      <trkpt lat="57.62260043062269687652587890625" lon="-4.3235118873417377471923828125">
        <ele>56</ele>
        <time>2026-08-09T10:45:13.000Z</time>
      </trkpt>
      <trkpt lat="57.62264267541468143463134765625" lon="-4.32344575412571430206298828125">
        <ele>56</ele>
        <time>2026-08-09T10:45:15.000Z</time>
      </trkpt>
      <trkpt lat="57.62274996377527713775634765625" lon="-4.32326302863657474517822265625">
        <ele>57</ele>
        <time>2026-08-09T10:45:20.000Z</time>
      </trkpt>
      <trkpt lat="57.62277142144739627838134765625" lon="-4.32322363369166851043701171875">
        <ele>57.200000762939453125</ele>
        <time>2026-08-09T10:45:21.000Z</time>
      </trkpt>
      <trkpt lat="57.622850798070430755615234375" lon="-4.3230773694813251495361328125">
        <ele>58.40000152587890625</ele>
        <time>2026-08-09T10:45:25.000Z</time>
      </trkpt>
      <trkpt lat="57.6228854991495609283447265625" lon="-4.3229868449270725250244140625">
        <ele>58.799999237060546875</ele>
        <time>2026-08-09T10:45:28.000Z</time>
      </trkpt>
      <trkpt lat="57.6229435019195079803466796875" lon="-4.32285566814243793487548828125">
        <ele>59.59999847412109375</ele>
        <time>2026-08-09T10:45:33.000Z</time>
      </trkpt>
      <trkpt lat="57.62297443114221096038818359375" lon="-4.3227779679000377655029296875">
        <ele>60</ele>
        <time>2026-08-09T10:45:35.000Z</time>
      </trkpt>
      <trkpt lat="57.62304224073886871337890625" lon="-4.32258610613644123077392578125">
        <ele>60.40000152587890625</ele>
        <time>2026-08-09T10:45:40.000Z</time>
      </trkpt>
      <trkpt lat="57.6230497844517230987548828125" lon="-4.3225469626486301422119140625">
        <ele>60.59999847412109375</ele>
        <time>2026-08-09T10:45:41.000Z</time>
      </trkpt>
      <trkpt lat="57.623119018971920013427734375" lon="-4.3223434500396251678466796875">
        <ele>61.40000152587890625</ele>
        <time>2026-08-09T10:45:46.000Z</time>
      </trkpt>
      <trkpt lat="57.62312899343669414520263671875" lon="-4.32229743339121341705322265625">
        <ele>61.59999847412109375</ele>
        <time>2026-08-09T10:45:47.000Z</time>
      </trkpt>
      <trkpt lat="57.62316520325839519500732421875" lon="-4.32215678505599498748779296875">
        <ele>62</ele>
        <time>2026-08-09T10:45:50.000Z</time>
      </trkpt>
      <trkpt lat="57.62319705449044704437255859375" lon="-4.32203206233680248260498046875">
        <ele>62.59999847412109375</ele>
        <time>2026-08-09T10:45:53.000Z</time>
      </trkpt>
      <trkpt lat="57.62320593930780887603759765625" lon="-4.32198596186935901641845703125">
        <ele>62.799999237060546875</ele>
        <time>2026-08-09T10:45:54.000Z</time>
      </trkpt>
      <trkpt lat="57.623258493840694427490234375" lon="-4.3218018114566802978515625">
        <ele>63.799999237060546875</ele>
        <time>2026-08-09T10:45:58.000Z</time>
      </trkpt>
      <trkpt lat="57.62329244054853916168212890625" lon="-4.32172243483364582061767578125">
        <ele>64.40000152587890625</ele>
        <time>2026-08-09T10:46:00.000Z</time>
      </trkpt>
      <trkpt lat="57.62330652214586734771728515625" lon="-4.3216759152710437774658203125">
        <ele>64.8000030517578125</ele>
        <time>2026-08-09T10:46:01.000Z</time>
      </trkpt>
      <trkpt lat="57.62337617576122283935546875" lon="-4.3214573152363300323486328125">
        <ele>65.8000030517578125</ele>
        <time>2026-08-09T10:46:06.000Z</time>
      </trkpt>
      <trkpt lat="57.6233889162540435791015625" lon="-4.32141347788274288177490234375">
        <ele>66</ele>
        <time>2026-08-09T10:46:07.000Z</time>
      </trkpt>
      <trkpt lat="57.62343929149210453033447265625" lon="-4.32118800468742847442626953125">
        <ele>67</ele>
        <time>2026-08-09T10:46:12.000Z</time>
      </trkpt>
      <trkpt lat="57.62345387600362300872802734375" lon="-4.32113955728709697723388671875">
        <ele>67.1999969482421875</ele>
        <time>2026-08-09T10:46:13.000Z</time>
      </trkpt>
      <trkpt lat="57.6234672032296657562255859375" lon="-4.3210466019809246063232421875">
        <ele>67.8000030517578125</ele>
        <time>2026-08-09T10:46:15.000Z</time>
      </trkpt>
      <trkpt lat="57.623515985906124114990234375" lon="-4.32092615403234958648681640625">
        <ele>68.40000152587890625</ele>
        <time>2026-08-09T10:46:18.000Z</time>
      </trkpt>
      <trkpt lat="57.62353853322565555572509765625" lon="-4.32083428837358951568603515625">
        <ele>69</ele>
        <time>2026-08-09T10:46:20.000Z</time>
      </trkpt>
      <trkpt lat="57.623574323952198028564453125" lon="-4.32069531641900539398193359375">
        <ele>69.40000152587890625</ele>
        <time>2026-08-09T10:46:23.000Z</time>
      </trkpt>
      <trkpt lat="57.62360625900328159332275390625" lon="-4.320571683347225189208984375">
        <ele>69.59999847412109375</ele>
        <time>2026-08-09T10:46:26.000Z</time>
      </trkpt>
      <trkpt lat="57.62370248325169086456298828125" lon="-4.32022458873689174652099609375">
        <ele>70.59999847412109375</ele>
        <time>2026-08-09T10:46:33.000Z</time>
      </trkpt>
      <trkpt lat="57.6237783394753932952880859375" lon="-4.31992216967046260833740234375">
        <ele>71.59999847412109375</ele>
        <time>2026-08-09T10:46:39.000Z</time>
      </trkpt>
      <trkpt lat="57.62379116378724575042724609375" lon="-4.31986383162438869476318359375">
        <ele>71.8000030517578125</ele>
        <time>2026-08-09T10:46:40.000Z</time>
      </trkpt>
      <trkpt lat="57.6238396950066089630126953125" lon="-4.31965864263474941253662109375">
        <ele>72.8000030517578125</ele>
        <time>2026-08-09T10:46:44.000Z</time>
      </trkpt>
      <trkpt lat="57.62385721318423748016357421875" lon="-4.319549091160297393798828125">
        <ele>73.1999969482421875</ele>
        <time>2026-08-09T10:46:46.000Z</time>
      </trkpt>
      <trkpt lat="57.62390012852847576141357421875" lon="-4.31936611421406269073486328125">
        <ele>73.8000030517578125</ele>
        <time>2026-08-09T10:46:50.000Z</time>
      </trkpt>
      <trkpt lat="57.623920328915119171142578125" lon="-4.31926435790956020355224609375">
        <ele>74.1999969482421875</ele>
        <time>2026-08-09T10:46:52.000Z</time>
      </trkpt>
      <trkpt lat="57.62397891841828823089599609375" lon="-4.31897015310823917388916015625">
        <ele>75</ele>
        <time>2026-08-09T10:46:58.000Z</time>
      </trkpt>
      <trkpt lat="57.62399065308272838592529296875" lon="-4.3189264833927154541015625">
        <ele>75.1999969482421875</ele>
        <time>2026-08-09T10:46:59.000Z</time>
      </trkpt>
      <trkpt lat="57.62405586428940296173095703125" lon="-4.3186926282942295074462890625">
        <ele>76</ele>
        <time>2026-08-09T10:47:04.000Z</time>
      </trkpt>
      <trkpt lat="57.6240901462733745574951171875" lon="-4.3184314481914043426513671875">
        <ele>76.59999847412109375</ele>
        <time>2026-08-09T10:47:09.000Z</time>
      </trkpt>
      <trkpt lat="57.6241354085505008697509765625" lon="-4.318260960280895233154296875">
        <ele>77</ele>
        <time>2026-08-09T10:47:12.000Z</time>
      </trkpt>
      <trkpt lat="57.62417153455317020416259765625" lon="-4.318100027740001678466796875">
        <ele>77.1999969482421875</ele>
        <time>2026-08-09T10:47:15.000Z</time>
      </trkpt>
      <trkpt lat="57.62425166554749011993408203125" lon="-4.31780959479510784149169921875">
        <ele>77.8000030517578125</ele>
        <time>2026-08-09T10:47:21.000Z</time>
      </trkpt>
      <trkpt lat="57.6242606341838836669921875" lon="-4.31776106357574462890625">
        <ele>78</ele>
        <time>2026-08-09T10:47:22.000Z</time>
      </trkpt>
      <trkpt lat="57.6243127696216106414794921875" lon="-4.3175020627677440643310546875">
        <ele>78.1999969482421875</ele>
        <time>2026-08-09T10:47:27.000Z</time>
      </trkpt>
      <trkpt lat="57.62432442046701908111572265625" lon="-4.31744246743619441986083984375">
        <ele>78.40000152587890625</ele>
        <time>2026-08-09T10:47:28.000Z</time>
      </trkpt>
      <trkpt lat="57.6244066469371318817138671875" lon="-4.31701784022152423858642578125">
        <ele>78.40000152587890625</ele>
        <time>2026-08-09T10:47:35.000Z</time>
      </trkpt>
      <trkpt lat="57.62446003966033458709716796875" lon="-4.31674190796911716461181640625">
        <ele>79.1999969482421875</ele>
        <time>2026-08-09T10:47:39.000Z</time>
      </trkpt>
      <trkpt lat="57.62449943460524082183837890625" lon="-4.31654493324458599090576171875">
        <ele>79.59999847412109375</ele>
        <time>2026-08-09T10:47:42.000Z</time>
      </trkpt>
      <trkpt lat="57.62455827556550502777099609375" lon="-4.31628090329468250274658203125">
        <ele>79.59999847412109375</ele>
        <time>2026-08-09T10:47:46.000Z</time>
      </trkpt>
      <trkpt lat="57.6245923899114131927490234375" lon="-4.316154085099697113037109375">
        <ele>80.1999969482421875</ele>
        <time>2026-08-09T10:47:48.000Z</time>
      </trkpt>
      <trkpt lat="57.6246068067848682403564453125" lon="-4.31610052473843097686767578125">
        <ele>80.40000152587890625</ele>
        <time>2026-08-09T10:47:49.000Z</time>
      </trkpt>
      <trkpt lat="57.624642848968505859375" lon="-4.315868429839611053466796875">
        <ele>80.59999847412109375</ele>
        <time>2026-08-09T10:47:53.000Z</time>
      </trkpt>
      <trkpt lat="57.6246946491301059722900390625" lon="-4.3155549466609954833984375">
        <ele>81</ele>
        <time>2026-08-09T10:47:59.000Z</time>
      </trkpt>
      <trkpt lat="57.6247031986713409423828125" lon="-4.31545377708971500396728515625">
        <ele>81.40000152587890625</ele>
        <time>2026-08-09T10:48:01.000Z</time>
      </trkpt>
      <trkpt lat="57.62472105212509632110595703125" lon="-4.31518681347370147705078125">
        <ele>81.59999847412109375</ele>
        <time>2026-08-09T10:48:06.000Z</time>
      </trkpt>
      <trkpt lat="57.624754495918750762939453125" lon="-4.314774759113788604736328125">
        <ele>82</ele>
        <time>2026-08-09T10:48:13.000Z</time>
      </trkpt>
      <trkpt lat="57.62476983480155467987060546875" lon="-4.3145341984927654266357421875">
        <ele>82</ele>
        <time>2026-08-09T10:48:17.000Z</time>
      </trkpt>
      <trkpt lat="57.62479263357818126678466796875" lon="-4.31438692845404148101806640625">
        <ele>82</ele>
        <time>2026-08-09T10:48:19.000Z</time>
      </trkpt>
      <trkpt lat="57.62482683174312114715576171875" lon="-4.31418366730213165283203125">
        <ele>82</ele>
        <time>2026-08-09T10:48:22.000Z</time>
      </trkpt>
      <trkpt lat="57.62488760054111480712890625" lon="-4.31396096013486385345458984375">
        <ele>82.40000152587890625</ele>
        <time>2026-08-09T10:48:26.000Z</time>
      </trkpt>
      <trkpt lat="57.62491366825997829437255859375" lon="-4.3138592876493930816650390625">
        <ele>82.8000030517578125</ele>
        <time>2026-08-09T10:48:28.000Z</time>
      </trkpt>
      <trkpt lat="57.624999918043613433837890625" lon="-4.31349224410951137542724609375">
        <ele>83.59999847412109375</ele>
        <time>2026-08-09T10:48:35.000Z</time>
      </trkpt>
      <trkpt lat="57.62501089833676815032958984375" lon="-4.313443042337894439697265625">
        <ele>83.8000030517578125</ele>
        <time>2026-08-09T10:48:36.000Z</time>
      </trkpt>
      <trkpt lat="57.62507141567766666412353515625" lon="-4.31312419474124908447265625">
        <ele>84.59999847412109375</ele>
        <time>2026-08-09T10:48:42.000Z</time>
      </trkpt>
      <trkpt lat="57.6250839047133922576904296875" lon="-4.31306862272322177886962890625">
        <ele>84.8000030517578125</ele>
        <time>2026-08-09T10:48:43.000Z</time>
      </trkpt>
      <trkpt lat="57.62512539513409137725830078125" lon="-4.31282135657966136932373046875">
        <ele>85.1999969482421875</ele>
        <time>2026-08-09T10:48:48.000Z</time>
      </trkpt>
      <trkpt lat="57.62514148838818073272705078125" lon="-4.31255757808685302734375">
        <ele>85.8000030517578125</ele>
        <time>2026-08-09T10:48:53.000Z</time>
      </trkpt>
      <trkpt lat="57.62514366768300533294677734375" lon="-4.3125121481716632843017578125">
        <ele>85.8000030517578125</ele>
        <time>2026-08-09T10:48:54.000Z</time>
      </trkpt>
      <trkpt lat="57.62513997964560985565185546875" lon="-4.312465377151966094970703125">
        <ele>86</ele>
        <time>2026-08-09T10:48:55.000Z</time>
      </trkpt>
      <trkpt lat="57.62512740679085254669189453125" lon="-4.31230536662042140960693359375">
        <ele>86.1999969482421875</ele>
        <time>2026-08-09T10:48:59.000Z</time>
      </trkpt>
      <trkpt lat="57.62514417059719562530517578125" lon="-4.31222707964479923248291015625">
        <ele>86.40000152587890625</ele>
        <time>2026-08-09T10:49:01.000Z</time>
      </trkpt>
      <trkpt lat="57.625197060406208038330078125" lon="-4.3120776303112506866455078125">
        <ele>86.40000152587890625</ele>
        <time>2026-08-09T10:49:06.000Z</time>
      </trkpt>
      <trkpt lat="57.62532748281955718994140625" lon="-4.3118922226130962371826171875">
        <ele>86.40000152587890625</ele>
        <time>2026-08-09T10:49:12.000Z</time>
      </trkpt>
      <trkpt lat="57.6253844797611236572265625" lon="-4.31181469000875949859619140625">
        <ele>86.8000030517578125</ele>
        <time>2026-08-09T10:49:14.000Z</time>
      </trkpt>
      <trkpt lat="57.62553376145660877227783203125" lon="-4.3115985207259654998779296875">
        <ele>87.8000030517578125</ele>
        <time>2026-08-09T10:49:19.000Z</time>
      </trkpt>
      <trkpt lat="57.62556410394608974456787109375" lon="-4.3115530908107757568359375">
        <ele>88</ele>
        <time>2026-08-09T10:49:20.000Z</time>
      </trkpt>
      <trkpt lat="57.6256565563380718231201171875" lon="-4.31141369976103305816650390625">
        <ele>88.8000030517578125</ele>
        <time>2026-08-09T10:49:23.000Z</time>
      </trkpt>
      <trkpt lat="57.6256848871707916259765625" lon="-4.311375729739665985107421875">
        <ele>89</ele>
        <time>2026-08-09T10:49:24.000Z</time>
      </trkpt>
      <trkpt lat="57.62579645030200481414794921875" lon="-4.31120448745787143707275390625">
        <ele>89.1999969482421875</ele>
        <time>2026-08-09T10:49:28.000Z</time>
      </trkpt>
      <trkpt lat="57.6260508410632610321044921875" lon="-4.3108290620148181915283203125">
        <ele>88.8000030517578125</ele>
        <time>2026-08-09T10:49:37.000Z</time>
      </trkpt>
      <trkpt lat="57.62622426263988018035888671875" lon="-4.3105390481650829315185546875">
        <ele>89.59999847412109375</ele>
        <time>2026-08-09T10:49:43.000Z</time>
      </trkpt>
      <trkpt lat="57.62634093873202800750732421875" lon="-4.310315586626529693603515625">
        <ele>90</ele>
        <time>2026-08-09T10:49:47.000Z</time>
      </trkpt>
      <trkpt lat="57.6264390908181667327880859375" lon="-4.3101373873651027679443359375">
        <ele>90.8000030517578125</ele>
        <time>2026-08-09T10:49:50.000Z</time>
      </trkpt>
      <trkpt lat="57.62653187848627567291259765625" lon="-4.30996463634073734283447265625">
        <ele>91.40000152587890625</ele>
        <time>2026-08-09T10:49:53.000Z</time>
      </trkpt>
      <trkpt lat="57.62658619321882724761962890625" lon="-4.309846870601177215576171875">
        <ele>91.59999847412109375</ele>
        <time>2026-08-09T10:49:55.000Z</time>
      </trkpt>
      <trkpt lat="57.626646123826503753662109375" lon="-4.30974151007831096649169921875">
        <ele>92.40000152587890625</ele>
        <time>2026-08-09T10:49:57.000Z</time>
      </trkpt>
      <trkpt lat="57.6267304457724094390869140625" lon="-4.30960404686629772186279296875">
        <ele>93.40000152587890625</ele>
        <time>2026-08-09T10:50:00.000Z</time>
      </trkpt>
      <trkpt lat="57.6268105767667293548583984375" lon="-4.309448897838592529296875">
        <ele>94</ele>
        <time>2026-08-09T10:50:03.000Z</time>
      </trkpt>
      <trkpt lat="57.6268974132835865020751953125" lon="-4.30928737856447696685791015625">
        <ele>94.1999969482421875</ele>
        <time>2026-08-09T10:50:06.000Z</time>
      </trkpt>
      <trkpt lat="57.62695332057774066925048828125" lon="-4.30918059311807155609130859375">
        <ele>94.1999969482421875</ele>
        <time>2026-08-09T10:50:08.000Z</time>
      </trkpt>
      <trkpt lat="57.62707896530628204345703125" lon="-4.30896031670272350311279296875">
        <ele>94</ele>
        <time>2026-08-09T10:50:12.000Z</time>
      </trkpt>
      <trkpt lat="57.627228833734989166259765625" lon="-4.30867767892777919769287109375">
        <ele>94.40000152587890625</ele>
        <time>2026-08-09T10:50:17.000Z</time>
      </trkpt>
      <trkpt lat="57.627311311662197113037109375" lon="-4.308530576527118682861328125">
        <ele>94.59999847412109375</ele>
        <time>2026-08-09T10:50:20.000Z</time>
      </trkpt>
      <trkpt lat="57.6274442486464977264404296875" lon="-4.308270402252674102783203125">
        <ele>95.59999847412109375</ele>
        <time>2026-08-09T10:50:25.000Z</time>
      </trkpt>
      <trkpt lat="57.6274978928267955780029296875" lon="-4.30816822685301303863525390625">
        <ele>96.40000152587890625</ele>
        <time>2026-08-09T10:50:27.000Z</time>
      </trkpt>
      <trkpt lat="57.6275243796408176422119140625" lon="-4.30811860598623752593994140625">
        <ele>96.8000030517578125</ele>
        <time>2026-08-09T10:50:28.000Z</time>
      </trkpt>
      <trkpt lat="57.6276055164635181427001953125" lon="-4.30798499844968318939208984375">
        <ele>97.8000030517578125</ele>
        <time>2026-08-09T10:50:31.000Z</time>
      </trkpt>
      <trkpt lat="57.62771255336701869964599609375" lon="-4.30778500624001026153564453125">
        <ele>98.8000030517578125</ele>
        <time>2026-08-09T10:50:35.000Z</time>
      </trkpt>
      <trkpt lat="57.6277952827513217926025390625" lon="-4.30761435069143772125244140625">
        <ele>99.40000152587890625</ele>
        <time>2026-08-09T10:50:38.000Z</time>
      </trkpt>
      <trkpt lat="57.62785680592060089111328125" lon="-4.30750555358827114105224609375">
        <ele>100</ele>
        <time>2026-08-09T10:50:40.000Z</time>
      </trkpt>
      <trkpt lat="57.627914808690547943115234375" lon="-4.3073958344757556915283203125">
        <ele>100.40000152587890625</ele>
        <time>2026-08-09T10:50:42.000Z</time>
      </trkpt>
      <trkpt lat="57.6280868053436279296875" lon="-4.30706298910081386566162109375">
        <ele>101.1999969482421875</ele>
        <time>2026-08-09T10:50:48.000Z</time>
      </trkpt>
      <trkpt lat="57.6281748153269290924072265625" lon="-4.30690172128379344940185546875">
        <ele>101.8000030517578125</ele>
        <time>2026-08-09T10:50:51.000Z</time>
      </trkpt>
      <trkpt lat="57.6283458061516284942626953125" lon="-4.30659175850450992584228515625">
        <ele>102.40000152587890625</ele>
        <time>2026-08-09T10:50:57.000Z</time>
      </trkpt>
      <trkpt lat="57.62840791605412960052490234375" lon="-4.30648212321102619171142578125">
        <ele>102.8000030517578125</ele>
        <time>2026-08-09T10:50:59.000Z</time>
      </trkpt>
      <trkpt lat="57.62853330932557582855224609375" lon="-4.3062651157379150390625">
        <ele>103.40000152587890625</ele>
        <time>2026-08-09T10:51:03.000Z</time>
      </trkpt>
      <trkpt lat="57.62865476310253143310546875" lon="-4.30604475550353527069091796875">
        <ele>104.1999969482421875</ele>
        <time>2026-08-09T10:51:07.000Z</time>
      </trkpt>
      <trkpt lat="57.62871067039668560028076171875" lon="-4.30594517849385738372802734375">
        <ele>104.59999847412109375</ele>
        <time>2026-08-09T10:51:09.000Z</time>
      </trkpt>
      <trkpt lat="57.6287910528481006622314453125" lon="-4.30579145438969135284423828125">
        <ele>105.1999969482421875</ele>
        <time>2026-08-09T10:51:12.000Z</time>
      </trkpt>
      <trkpt lat="57.62887470424175262451171875" lon="-4.3056373111903667449951171875">
        <ele>105.59999847412109375</ele>
        <time>2026-08-09T10:51:15.000Z</time>
      </trkpt>
      <trkpt lat="57.62893212027847766876220703125" lon="-4.30552809499204158782958984375">
        <ele>106</ele>
        <time>2026-08-09T10:51:17.000Z</time>
      </trkpt>
      <trkpt lat="57.629080228507518768310546875" lon="-4.30525300092995166778564453125">
        <ele>106.8000030517578125</ele>
        <time>2026-08-09T10:51:22.000Z</time>
      </trkpt>
      <trkpt lat="57.62915306724607944488525390625" lon="-4.30512157268822193145751953125">
        <ele>107.8000030517578125</ele>
        <time>2026-08-09T10:51:25.000Z</time>
      </trkpt>
      <trkpt lat="57.62918642722070217132568359375" lon="-4.30507329292595386505126953125">
        <ele>108</ele>
        <time>2026-08-09T10:51:26.000Z</time>
      </trkpt>
      <trkpt lat="57.62923956848680973052978515625" lon="-4.30498369038105010986328125">
        <ele>108.1999969482421875</ele>
        <time>2026-08-09T10:51:28.000Z</time>
      </trkpt>
      <trkpt lat="57.629482559859752655029296875" lon="-4.30455990135669708251953125">
        <ele>109</ele>
        <time>2026-08-09T10:51:36.000Z</time>
      </trkpt>
      <trkpt lat="57.629571743309497833251953125" lon="-4.30439402349293231964111328125">
        <ele>109.59999847412109375</ele>
        <time>2026-08-09T10:51:39.000Z</time>
      </trkpt>
      <trkpt lat="57.62963368557393550872802734375" lon="-4.304280616343021392822265625">
        <ele>110.1999969482421875</ele>
        <time>2026-08-09T10:51:41.000Z</time>
      </trkpt>
      <trkpt lat="57.6297291554510593414306640625" lon="-4.30410870350897312164306640625">
        <ele>110.40000152587890625</ele>
        <time>2026-08-09T10:51:44.000Z</time>
      </trkpt>
      <trkpt lat="57.62990341521799564361572265625" lon="-4.3037822283804416656494140625">
        <ele>110.59999847412109375</ele>
        <time>2026-08-09T10:51:50.000Z</time>
      </trkpt>
      <trkpt lat="57.6299625076353549957275390625" lon="-4.3036749400198459625244140625">
        <ele>110.40000152587890625</ele>
        <time>2026-08-09T10:51:52.000Z</time>
      </trkpt>
      <trkpt lat="57.6299906708300113677978515625" lon="-4.3036223016679286956787109375">
        <ele>110.40000152587890625</ele>
        <time>2026-08-09T10:51:53.000Z</time>
      </trkpt>
      <trkpt lat="57.63024657033383846282958984375" lon="-4.30319130420684814453125">
        <ele>110.59999847412109375</ele>
        <time>2026-08-09T10:52:02.000Z</time>
      </trkpt>
      <trkpt lat="57.630519568920135498046875" lon="-4.30271060205996036529541015625">
        <ele>110.40000152587890625</ele>
        <time>2026-08-09T10:52:11.000Z</time>
      </trkpt>
      <trkpt lat="57.63067170046269893646240234375" lon="-4.30243483744561672210693359375">
        <ele>110.1999969482421875</ele>
        <time>2026-08-09T10:52:16.000Z</time>
      </trkpt>
      <trkpt lat="57.63077110983431339263916015625" lon="-4.3022583983838558197021484375">
        <ele>110.40000152587890625</ele>
        <time>2026-08-09T10:52:19.000Z</time>
      </trkpt>
      <trkpt lat="57.6310628838837146759033203125" lon="-4.30173612199723720550537109375">
        <ele>110.40000152587890625</ele>
        <time>2026-08-09T10:52:28.000Z</time>
      </trkpt>
      <trkpt lat="57.63137091882526874542236328125" lon="-4.30115005932748317718505859375">
        <ele>110.59999847412109375</ele>
        <time>2026-08-09T10:52:37.000Z</time>
      </trkpt>
      <trkpt lat="57.63144434429705142974853515625" lon="-4.301022402942180633544921875">
        <ele>110.59999847412109375</ele>
        <time>2026-08-09T10:52:39.000Z</time>
      </trkpt>
      <trkpt lat="57.63170451857149600982666015625" lon="-4.30055846460163593292236328125">
        <ele>111.40000152587890625</ele>
        <time>2026-08-09T10:52:46.000Z</time>
      </trkpt>
      <trkpt lat="57.63177777640521526336669921875" lon="-4.3004192411899566650390625">
        <ele>112</ele>
        <time>2026-08-09T10:52:48.000Z</time>
      </trkpt>
      <trkpt lat="57.631816752254962921142578125" lon="-4.30035193450748920440673828125">
        <ele>112.59999847412109375</ele>
        <time>2026-08-09T10:52:49.000Z</time>
      </trkpt>
      <trkpt lat="57.63193233869969844818115234375" lon="-4.3001491762697696685791015625">
        <ele>113.8000030517578125</ele>
        <time>2026-08-09T10:52:52.000Z</time>
      </trkpt>
      <trkpt lat="57.632117159664630889892578125" lon="-4.29980032145977020263671875">
        <ele>114.8000030517578125</ele>
        <time>2026-08-09T10:52:57.000Z</time>
      </trkpt>
      <trkpt lat="57.63215295039117336273193359375" lon="-4.2997287400066852569580078125">
        <ele>115</ele>
        <time>2026-08-09T10:52:58.000Z</time>
      </trkpt>
      <trkpt lat="57.63239334337413311004638671875" lon="-4.29927787743508815765380859375">
        <ele>116.40000152587890625</ele>
        <time>2026-08-09T10:53:04.000Z</time>
      </trkpt>
      <trkpt lat="57.63259484432637691497802734375" lon="-4.2988928966224193572998046875">
        <ele>117.1999969482421875</ele>
        <time>2026-08-09T10:53:09.000Z</time>
      </trkpt>
      <trkpt lat="57.6326356641948223114013671875" lon="-4.29882139898836612701416015625">
        <ele>117.40000152587890625</ele>
        <time>2026-08-09T10:53:10.000Z</time>
      </trkpt>
      <trkpt lat="57.63271722011268138885498046875" lon="-4.298672787845134735107421875">
        <ele>118</ele>
        <time>2026-08-09T10:53:12.000Z</time>
      </trkpt>
      <trkpt lat="57.63284143991768360137939453125" lon="-4.29844312369823455810546875">
        <ele>118.1999969482421875</ele>
        <time>2026-08-09T10:53:15.000Z</time>
      </trkpt>
      <trkpt lat="57.6329642347991466522216796875" lon="-4.29820415563881397247314453125">
        <ele>118.40000152587890625</ele>
        <time>2026-08-09T10:53:18.000Z</time>
      </trkpt>
      <trkpt lat="57.633127011358737945556640625" lon="-4.29789268411695957183837890625">
        <ele>119</ele>
        <time>2026-08-09T10:53:22.000Z</time>
      </trkpt>
      <trkpt lat="57.63324544765055179595947265625" lon="-4.29766151122748851776123046875">
        <ele>119.59999847412109375</ele>
        <time>2026-08-09T10:53:25.000Z</time>
      </trkpt>
      <trkpt lat="57.63341777957975864410400390625" lon="-4.29734618403017520904541015625">
        <ele>119.8000030517578125</ele>
        <time>2026-08-09T10:53:29.000Z</time>
      </trkpt>
      <trkpt lat="57.633549459278583526611328125" lon="-4.2970938049256801605224609375">
        <ele>120.1999969482421875</ele>
        <time>2026-08-09T10:53:32.000Z</time>
      </trkpt>
      <trkpt lat="57.63364098966121673583984375" lon="-4.2969197966158390045166015625">
        <ele>120.40000152587890625</ele>
        <time>2026-08-09T10:53:34.000Z</time>
      </trkpt>
      <trkpt lat="57.63368700630962848663330078125" lon="-4.296830780804157257080078125">
        <ele>120.59999847412109375</ele>
        <time>2026-08-09T10:53:35.000Z</time>
      </trkpt>
      <trkpt lat="57.633872665464878082275390625" lon="-4.29645988158881664276123046875">
        <ele>121</ele>
        <time>2026-08-09T10:53:39.000Z</time>
      </trkpt>
      <trkpt lat="57.63401356525719165802001953125" lon="-4.29618931375443935394287109375">
        <ele>120.8000030517578125</ele>
        <time>2026-08-09T10:53:42.000Z</time>
      </trkpt>
      <trkpt lat="57.63434817083179950714111328125" lon="-4.295556060969829559326171875">
        <ele>121.40000152587890625</ele>
        <time>2026-08-09T10:53:49.000Z</time>
      </trkpt>
      <trkpt lat="57.6344005577266216278076171875" lon="-4.2954643629491329193115234375">
        <ele>121.8000030517578125</ele>
        <time>2026-08-09T10:53:50.000Z</time>
      </trkpt>
      <trkpt lat="57.63465226627886295318603515625" lon="-4.29500109516084194183349609375">
        <ele>122.1999969482421875</ele>
        <time>2026-08-09T10:53:55.000Z</time>
      </trkpt>
      <trkpt lat="57.6347499154508113861083984375" lon="-4.294820465147495269775390625">
        <ele>122.1999969482421875</ele>
        <time>2026-08-09T10:53:57.000Z</time>
      </trkpt>
      <trkpt lat="57.63506214134395122528076171875" lon="-4.2942349053919315338134765625">
        <ele>121.59999847412109375</ele>
        <time>2026-08-09T10:54:03.000Z</time>
      </trkpt>
      <trkpt lat="57.63511729426681995391845703125" lon="-4.29413356818258762359619140625">
        <ele>121.59999847412109375</ele>
        <time>2026-08-09T10:54:04.000Z</time>
      </trkpt>
      <trkpt lat="57.63551359064877033233642578125" lon="-4.2934030853211879730224609375">
        <ele>120.8000030517578125</ele>
        <time>2026-08-09T10:54:11.000Z</time>
      </trkpt>
      <trkpt lat="57.6356243155896663665771484375" lon="-4.29319202899932861328125">
        <ele>121.8000030517578125</ele>
        <time>2026-08-09T10:54:13.000Z</time>
      </trkpt>
      <trkpt lat="57.63580259867012500762939453125" lon="-4.29286471568048000335693359375">
        <ele>122.8000030517578125</ele>
        <time>2026-08-09T10:54:16.000Z</time>
      </trkpt>
      <trkpt lat="57.635866217315196990966796875" lon="-4.2927617020905017852783203125">
        <ele>122.59999847412109375</ele>
        <time>2026-08-09T10:54:17.000Z</time>
      </trkpt>
      <trkpt lat="57.63598012737929821014404296875" lon="-4.29253631271421909332275390625">
        <ele>122.40000152587890625</ele>
        <time>2026-08-09T10:54:19.000Z</time>
      </trkpt>
      <trkpt lat="57.63628992252051830291748046875" lon="-4.2917645908892154693603515625">
        <ele>122.1999969482421875</ele>
        <time>2026-08-09T10:54:25.000Z</time>
      </trkpt>
      <trkpt lat="57.63643073849380016326904296875" lon="-4.2913652770221233367919921875">
        <ele>121.8000030517578125</ele>
        <time>2026-08-09T10:54:28.000Z</time>
      </trkpt>
      <trkpt lat="57.6364749111235141754150390625" lon="-4.29123200476169586181640625">
        <ele>121.59999847412109375</ele>
        <time>2026-08-09T10:54:29.000Z</time>
      </trkpt>
      <trkpt lat="57.63652034103870391845703125" lon="-4.29109881632030010223388671875">
        <ele>121.59999847412109375</ele>
        <time>2026-08-09T10:54:30.000Z</time>
      </trkpt>
      <trkpt lat="57.636813037097454071044921875" lon="-4.290262050926685333251953125">
        <ele>121.59999847412109375</ele>
        <time>2026-08-09T10:54:36.000Z</time>
      </trkpt>
      <trkpt lat="57.63696734793484210968017578125" lon="-4.28983733989298343658447265625">
        <ele>121.40000152587890625</ele>
        <time>2026-08-09T10:54:39.000Z</time>
      </trkpt>
      <trkpt lat="57.637173794209957122802734375" lon="-4.289252199232578277587890625">
        <ele>120.59999847412109375</ele>
        <time>2026-08-09T10:54:43.000Z</time>
      </trkpt>
      <trkpt lat="57.6372229121625423431396484375" lon="-4.28910308517515659332275390625">
        <ele>120.40000152587890625</ele>
        <time>2026-08-09T10:54:44.000Z</time>
      </trkpt>
      <trkpt lat="57.63753429986536502838134765625" lon="-4.28823463618755340576171875">
        <ele>119.59999847412109375</ele>
        <time>2026-08-09T10:54:50.000Z</time>
      </trkpt>
      <trkpt lat="57.6376862637698650360107421875" lon="-4.2877965979278087615966796875">
        <ele>118.1999969482421875</ele>
        <time>2026-08-09T10:54:53.000Z</time>
      </trkpt>
      <trkpt lat="57.63778190128505229949951171875" lon="-4.2875062488019466400146484375">
        <ele>116.40000152587890625</ele>
        <time>2026-08-09T10:54:55.000Z</time>
      </trkpt>
      <trkpt lat="57.63793780468404293060302734375" lon="-4.2870707251131534576416015625">
        <ele>117.40000152587890625</ele>
        <time>2026-08-09T10:54:58.000Z</time>
      </trkpt>
      <trkpt lat="57.6379906944930553436279296875" lon="-4.28692127577960491180419921875">
        <ele>117.59999847412109375</ele>
        <time>2026-08-09T10:54:59.000Z</time>
      </trkpt>
      <trkpt lat="57.6381818018853664398193359375" lon="-4.2863465286791324615478515625">
        <ele>115.59999847412109375</ele>
        <time>2026-08-09T10:55:03.000Z</time>
      </trkpt>
      <trkpt lat="57.63823066838085651397705078125" lon="-4.28620361723005771636962890625">
        <ele>115.8000030517578125</ele>
        <time>2026-08-09T10:55:04.000Z</time>
      </trkpt>
      <trkpt lat="57.6384775154292583465576171875" lon="-4.28551982156932353973388671875">
        <ele>114.40000152587890625</ele>
        <time>2026-08-09T10:55:09.000Z</time>
      </trkpt>
      <trkpt lat="57.6385720632970333099365234375" lon="-4.2852498404681682586669921875">
        <ele>114.40000152587890625</ele>
        <time>2026-08-09T10:55:11.000Z</time>
      </trkpt>
      <trkpt lat="57.63866233639419078826904296875" lon="-4.28497415967285633087158203125">
        <ele>114.1999969482421875</ele>
        <time>2026-08-09T10:55:13.000Z</time>
      </trkpt>
      <trkpt lat="57.63875906355679035186767578125" lon="-4.28470560349524021148681640625">
        <ele>113.8000030517578125</ele>
        <time>2026-08-09T10:55:15.000Z</time>
      </trkpt>
      <trkpt lat="57.6388714648783206939697265625" lon="-4.28442648611962795257568359375">
        <ele>114.8000030517578125</ele>
        <time>2026-08-09T10:55:17.000Z</time>
      </trkpt>
      <trkpt lat="57.6389241032302379608154296875" lon="-4.2842879332602024078369140625">
        <ele>115.59999847412109375</ele>
        <time>2026-08-09T10:55:18.000Z</time>
      </trkpt>
      <trkpt lat="57.63903885148465633392333984375" lon="-4.28399615921080112457275390625">
        <ele>116.8000030517578125</ele>
        <time>2026-08-09T10:55:20.000Z</time>
      </trkpt>
      <trkpt lat="57.6392050646245479583740234375" lon="-4.28353364579379558563232421875">
        <ele>116.1999969482421875</ele>
        <time>2026-08-09T10:55:23.000Z</time>
      </trkpt>
      <trkpt lat="57.639321573078632354736328125" lon="-4.2832204140722751617431640625">
        <ele>115.59999847412109375</ele>
        <time>2026-08-09T10:55:25.000Z</time>
      </trkpt>
      <trkpt lat="57.6394927315413951873779296875" lon="-4.28273602388799190521240234375">
        <ele>114.40000152587890625</ele>
        <time>2026-08-09T10:55:28.000Z</time>
      </trkpt>
      <trkpt lat="57.63966950587928295135498046875" lon="-4.28225599229335784912109375">
        <ele>114</ele>
        <time>2026-08-09T10:55:31.000Z</time>
      </trkpt>
      <trkpt lat="57.63984225690364837646484375" lon="-4.28175517357885837554931640625">
        <ele>113.1999969482421875</ele>
        <time>2026-08-09T10:55:34.000Z</time>
      </trkpt>
      <trkpt lat="57.63996002264320850372314453125" lon="-4.28141537122428417205810546875">
        <ele>112.40000152587890625</ele>
        <time>2026-08-09T10:55:36.000Z</time>
      </trkpt>
      <trkpt lat="57.6400204561650753021240234375" lon="-4.2812453024089336395263671875">
        <ele>112</ele>
        <time>2026-08-09T10:55:37.000Z</time>
      </trkpt>
      <trkpt lat="57.6400774531066417694091796875" lon="-4.28107313811779022216796875">
        <ele>111.8000030517578125</ele>
        <time>2026-08-09T10:55:38.000Z</time>
      </trkpt>
      <trkpt lat="57.64019706286489963531494140625" lon="-4.28073492832481861114501953125">
        <ele>111.40000152587890625</ele>
        <time>2026-08-09T10:55:40.000Z</time>
      </trkpt>
      <trkpt lat="57.64031809754669666290283203125" lon="-4.28038992919027805328369140625">
        <ele>110.8000030517578125</ele>
        <time>2026-08-09T10:55:42.000Z</time>
      </trkpt>
      <trkpt lat="57.64056251384317874908447265625" lon="-4.2797097377479076385498046875">
        <ele>109.40000152587890625</ele>
        <time>2026-08-09T10:55:46.000Z</time>
      </trkpt>
      <trkpt lat="57.6407433114945888519287109375" lon="-4.2791863717138767242431640625">
        <ele>108.1999969482421875</ele>
        <time>2026-08-09T10:55:49.000Z</time>
      </trkpt>
      <trkpt lat="57.64091891236603260040283203125" lon="-4.27862034179270267486572265625">
        <ele>107</ele>
        <time>2026-08-09T10:55:52.000Z</time>
      </trkpt>
      <trkpt lat="57.6409863866865634918212890625" lon="-4.27842755801975727081298828125">
        <ele>107.1999969482421875</ele>
        <time>2026-08-09T10:55:53.000Z</time>
      </trkpt>
      <trkpt lat="57.641339935362339019775390625" lon="-4.2774898745119571685791015625">
        <ele>106</ele>
        <time>2026-08-09T10:55:58.000Z</time>
      </trkpt>
      <trkpt lat="57.6414081640541553497314453125" lon="-4.27730337716639041900634765625">
        <ele>105.8000030517578125</ele>
        <time>2026-08-09T10:55:59.000Z</time>
      </trkpt>
      <trkpt lat="57.64147630892693996429443359375" lon="-4.27711897529661655426025390625">
        <ele>105.59999847412109375</ele>
        <time>2026-08-09T10:56:00.000Z</time>
      </trkpt>
      <trkpt lat="57.64160907827317714691162109375" lon="-4.2767412029206752777099609375">
        <ele>104.40000152587890625</ele>
        <time>2026-08-09T10:56:02.000Z</time>
      </trkpt>
      <trkpt lat="57.64174486510455608367919921875" lon="-4.27636192180216312408447265625">
        <ele>103.59999847412109375</ele>
        <time>2026-08-09T10:56:04.000Z</time>
      </trkpt>
      <trkpt lat="57.64181435108184814453125" lon="-4.276176430284976959228515625">
        <ele>103</ele>
        <time>2026-08-09T10:56:05.000Z</time>
      </trkpt>
      <trkpt lat="57.64188232831656932830810546875" lon="-4.2759905196726322174072265625">
        <ele>102.59999847412109375</ele>
        <time>2026-08-09T10:56:06.000Z</time>
      </trkpt>
      <trkpt lat="57.64201543293893337249755859375" lon="-4.27561425603926181793212890625">
        <ele>101.8000030517578125</ele>
        <time>2026-08-09T10:56:08.000Z</time>
      </trkpt>
      <trkpt lat="57.64228843152523040771484375" lon="-4.27484446205198764801025390625">
        <ele>100.59999847412109375</ele>
        <time>2026-08-09T10:56:12.000Z</time>
      </trkpt>
      <trkpt lat="57.642491944134235382080078125" lon="-4.274270050227642059326171875">
        <ele>99.40000152587890625</ele>
        <time>2026-08-09T10:56:15.000Z</time>
      </trkpt>
      <trkpt lat="57.642621695995330810546875" lon="-4.27388875745236873626708984375">
        <ele>98.40000152587890625</ele>
        <time>2026-08-09T10:56:17.000Z</time>
      </trkpt>
      <trkpt lat="57.64268665574491024017333984375" lon="-4.273697398602962493896484375">
        <ele>98</ele>
        <time>2026-08-09T10:56:18.000Z</time>
      </trkpt>
      <trkpt lat="57.6428786851465702056884765625" lon="-4.2731289379298686981201171875">
        <ele>96.8000030517578125</ele>
        <time>2026-08-09T10:56:21.000Z</time>
      </trkpt>
      <trkpt lat="57.64306434430181980133056640625" lon="-4.2725700326263904571533203125">
        <ele>95.59999847412109375</ele>
        <time>2026-08-09T10:56:24.000Z</time>
      </trkpt>
      <trkpt lat="57.64318831264972686767578125" lon="-4.27220734767615795135498046875">
        <ele>94.8000030517578125</ele>
        <time>2026-08-09T10:56:26.000Z</time>
      </trkpt>
      <trkpt lat="57.64325025491416454315185546875" lon="-4.2720285616815090179443359375">
        <ele>94.40000152587890625</ele>
        <time>2026-08-09T10:56:27.000Z</time>
      </trkpt>
      <trkpt lat="57.643437087535858154296875" lon="-4.2715085484087467193603515625">
        <ele>93.59999847412109375</ele>
        <time>2026-08-09T10:56:30.000Z</time>
      </trkpt>
      <trkpt lat="57.6434976048767566680908203125" lon="-4.27133780904114246368408203125">
        <ele>93.40000152587890625</ele>
        <time>2026-08-09T10:56:31.000Z</time>
      </trkpt>
      <trkpt lat="57.64356189407408237457275390625" lon="-4.271169416606426239013671875">
        <ele>93</ele>
        <time>2026-08-09T10:56:32.000Z</time>
      </trkpt>
      <trkpt lat="57.64387822709977626800537109375" lon="-4.27032091654837131500244140625">
        <ele>92.40000152587890625</ele>
        <time>2026-08-09T10:56:37.000Z</time>
      </trkpt>
      <trkpt lat="57.64400278218090534210205078125" lon="-4.26998781971633434295654296875">
        <ele>92</ele>
        <time>2026-08-09T10:56:39.000Z</time>
      </trkpt>
      <trkpt lat="57.64412113465368747711181640625" lon="-4.2696511186659336090087890625">
        <ele>91.40000152587890625</ele>
        <time>2026-08-09T10:56:41.000Z</time>
      </trkpt>
      <trkpt lat="57.64443285763263702392578125" lon="-4.26879800856113433837890625">
        <ele>91.1999969482421875</ele>
        <time>2026-08-09T10:56:46.000Z</time>
      </trkpt>
      <trkpt lat="57.6444920338690280914306640625" lon="-4.2686283588409423828125">
        <ele>91.1999969482421875</ele>
        <time>2026-08-09T10:56:47.000Z</time>
      </trkpt>
      <trkpt lat="57.64472597278654575347900390625" lon="-4.2679764144122600555419921875">
        <ele>91.1999969482421875</ele>
        <time>2026-08-09T10:56:51.000Z</time>
      </trkpt>
      <trkpt lat="57.64489478431642055511474609375" lon="-4.267492108047008514404296875">
        <ele>91.40000152587890625</ele>
        <time>2026-08-09T10:56:54.000Z</time>
      </trkpt>
      <trkpt lat="57.64495261944830417633056640625" lon="-4.26732807420194149017333984375">
        <ele>91.40000152587890625</ele>
        <time>2026-08-09T10:56:55.000Z</time>
      </trkpt>
      <trkpt lat="57.64524632133543491363525390625" lon="-4.266506731510162353515625">
        <ele>92</ele>
        <time>2026-08-09T10:57:00.000Z</time>
      </trkpt>
      <trkpt lat="57.6453587226569652557373046875" lon="-4.26618528552353382110595703125">
        <ele>91.8000030517578125</ele>
        <time>2026-08-09T10:57:02.000Z</time>
      </trkpt>
      <trkpt lat="57.64558511786162853240966796875" lon="-4.26555429585278034210205078125">
        <ele>91</ele>
        <time>2026-08-09T10:57:06.000Z</time>
      </trkpt>
      <trkpt lat="57.64587764628231525421142578125" lon="-4.26475617103278636932373046875">
        <ele>91.1999969482421875</ele>
        <time>2026-08-09T10:57:11.000Z</time>
      </trkpt>
      <trkpt lat="57.64599901624023914337158203125" lon="-4.264410249888896942138671875">
        <ele>91.40000152587890625</ele>
        <time>2026-08-09T10:57:13.000Z</time>
      </trkpt>
      <trkpt lat="57.6463110744953155517578125" lon="-4.26354624330997467041015625">
        <ele>90</ele>
        <time>2026-08-09T10:57:18.000Z</time>
      </trkpt>
      <trkpt lat="57.6464423350989818572998046875" lon="-4.26320082508027553558349609375">
        <ele>89.59999847412109375</ele>
        <time>2026-08-09T10:57:20.000Z</time>
      </trkpt>
      <trkpt lat="57.64663469977676868438720703125" lon="-4.26266320981085300445556640625">
        <ele>89.59999847412109375</ele>
        <time>2026-08-09T10:57:23.000Z</time>
      </trkpt>
      <trkpt lat="57.6468322612345218658447265625" lon="-4.26210950128734111785888671875">
        <ele>88.8000030517578125</ele>
        <time>2026-08-09T10:57:26.000Z</time>
      </trkpt>
      <trkpt lat="57.64708883129060268402099609375" lon="-4.26138161681592464447021484375">
        <ele>87.59999847412109375</ele>
        <time>2026-08-09T10:57:30.000Z</time>
      </trkpt>
      <trkpt lat="57.647411115467548370361328125" lon="-4.2604662291705608367919921875">
        <ele>86.59999847412109375</ele>
        <time>2026-08-09T10:57:35.000Z</time>
      </trkpt>
      <trkpt lat="57.6474778354167938232421875" lon="-4.2602804861962795257568359375">
        <ele>86.40000152587890625</ele>
        <time>2026-08-09T10:57:36.000Z</time>
      </trkpt>
      <trkpt lat="57.647808752954006195068359375" lon="-4.25935453735291957855224609375">
        <ele>85.1999969482421875</ele>
        <time>2026-08-09T10:57:41.000Z</time>
      </trkpt>
      <trkpt lat="57.648009918630123138427734375" lon="-4.258781969547271728515625">
        <ele>84</ele>
        <time>2026-08-09T10:57:44.000Z</time>
      </trkpt>
      <trkpt lat="57.64834175817668437957763671875" lon="-4.25784596242010593414306640625">
        <ele>83.1999969482421875</ele>
        <time>2026-08-09T10:57:49.000Z</time>
      </trkpt>
      <trkpt lat="57.64847402460873126983642578125" lon="-4.25747397355735301971435546875">
        <ele>82.8000030517578125</ele>
        <time>2026-08-09T10:57:51.000Z</time>
      </trkpt>
      <trkpt lat="57.64867485500872135162353515625" lon="-4.2569126375019550323486328125">
        <ele>82</ele>
        <time>2026-08-09T10:57:54.000Z</time>
      </trkpt>
      <trkpt lat="57.648738808929920196533203125" lon="-4.25671289674937725067138671875">
        <ele>81.59999847412109375</ele>
        <time>2026-08-09T10:57:55.000Z</time>
      </trkpt>
      <trkpt lat="57.6490115560591220855712890625" lon="-4.25591804087162017822265625">
        <ele>80.8000030517578125</ele>
        <time>2026-08-09T10:57:59.000Z</time>
      </trkpt>
      <trkpt lat="57.64914943836629390716552734375" lon="-4.2555369995534420013427734375">
        <ele>80.59999847412109375</ele>
        <time>2026-08-09T10:58:01.000Z</time>
      </trkpt>
      <trkpt lat="57.649347670376300811767578125" lon="-4.254985637962818145751953125">
        <ele>79.40000152587890625</ele>
        <time>2026-08-09T10:58:04.000Z</time>
      </trkpt>
      <trkpt lat="57.649546153843402862548828125" lon="-4.25444324500858783721923828125">
        <ele>78.8000030517578125</ele>
        <time>2026-08-09T10:58:07.000Z</time>
      </trkpt>
      <trkpt lat="57.6496117003262042999267578125" lon="-4.254256077110767364501953125">
        <ele>78.59999847412109375</ele>
        <time>2026-08-09T10:58:08.000Z</time>
      </trkpt>
      <trkpt lat="57.64973885379731655120849609375" lon="-4.25389121286571025848388671875">
        <ele>78.8000030517578125</ele>
        <time>2026-08-09T10:58:10.000Z</time>
      </trkpt>
      <trkpt lat="57.64986743219196796417236328125" lon="-4.25353179685771465301513671875">
        <ele>78</ele>
        <time>2026-08-09T10:58:12.000Z</time>
      </trkpt>
      <trkpt lat="57.65013146214187145233154296875" lon="-4.2528215982019901275634765625">
        <ele>77.59999847412109375</ele>
        <time>2026-08-09T10:58:16.000Z</time>
      </trkpt>
      <trkpt lat="57.65044511295855045318603515625" lon="-4.25192431546747684478759765625">
        <ele>77.40000152587890625</ele>
        <time>2026-08-09T10:58:21.000Z</time>
      </trkpt>
      <trkpt lat="57.6505712606012821197509765625" lon="-4.25156188197433948516845703125">
        <ele>77.40000152587890625</ele>
        <time>2026-08-09T10:58:23.000Z</time>
      </trkpt>
      <trkpt lat="57.65063186176121234893798828125" lon="-4.25138267688453197479248046875">
        <ele>77.40000152587890625</ele>
        <time>2026-08-09T10:58:24.000Z</time>
      </trkpt>
      <trkpt lat="57.6509405672550201416015625" lon="-4.2505088634788990020751953125">
        <ele>77.1999969482421875</ele>
        <time>2026-08-09T10:58:29.000Z</time>
      </trkpt>
      <trkpt lat="57.65100234188139438629150390625" lon="-4.2503325082361698150634765625">
        <ele>77</ele>
        <time>2026-08-09T10:58:30.000Z</time>
      </trkpt>
      <trkpt lat="57.6513038389384746551513671875" lon="-4.2494859360158443450927734375">
        <ele>76.1999969482421875</ele>
        <time>2026-08-09T10:58:35.000Z</time>
      </trkpt>
      <trkpt lat="57.65148044563829898834228515625" lon="-4.24899115227162837982177734375">
        <ele>76.59999847412109375</ele>
        <time>2026-08-09T10:58:38.000Z</time>
      </trkpt>
      <trkpt lat="57.65178085304796695709228515625" lon="-4.248125888407230377197265625">
        <ele>76.59999847412109375</ele>
        <time>2026-08-09T10:58:43.000Z</time>
      </trkpt>
      <trkpt lat="57.65191898681223392486572265625" lon="-4.24774560146033763885498046875">
        <ele>76.40000152587890625</ele>
        <time>2026-08-09T10:58:45.000Z</time>
      </trkpt>
      <trkpt lat="57.65206265263259410858154296875" lon="-4.2473785579204559326171875">
        <ele>76</ele>
        <time>2026-08-09T10:58:47.000Z</time>
      </trkpt>
      <trkpt lat="57.65231628902256488800048828125" lon="-4.24665964208543300628662109375">
        <ele>74.40000152587890625</ele>
        <time>2026-08-09T10:58:51.000Z</time>
      </trkpt>
      <trkpt lat="57.6524367369711399078369140625" lon="-4.24632034264504909515380859375">
        <ele>73.8000030517578125</ele>
        <time>2026-08-09T10:58:53.000Z</time>
      </trkpt>
      <trkpt lat="57.6525587774813175201416015625" lon="-4.2459749244153499603271484375">
        <ele>73.8000030517578125</ele>
        <time>2026-08-09T10:58:55.000Z</time>
      </trkpt>
      <trkpt lat="57.65261895954608917236328125" lon="-4.245803095400333404541015625">
        <ele>74.40000152587890625</ele>
        <time>2026-08-09T10:58:56.000Z</time>
      </trkpt>
      <trkpt lat="57.65284619294106960296630859375" lon="-4.24513899721205234527587890625">
        <ele>74.40000152587890625</ele>
        <time>2026-08-09T10:59:00.000Z</time>
      </trkpt>
      <trkpt lat="57.65318046323955059051513671875" lon="-4.24416485242545604705810546875">
        <ele>75.59999847412109375</ele>
        <time>2026-08-09T10:59:06.000Z</time>
      </trkpt>
      <trkpt lat="57.65339923091232776641845703125" lon="-4.24355196766555309295654296875">
        <ele>75.59999847412109375</ele>
        <time>2026-08-09T10:59:10.000Z</time>
      </trkpt>
      <trkpt lat="57.65345337800681591033935546875" lon="-4.24340126104652881622314453125">
        <ele>75.1999969482421875</ele>
        <time>2026-08-09T10:59:11.000Z</time>
      </trkpt>
      <trkpt lat="57.6535089500248432159423828125" lon="-4.24325038678944110870361328125">
        <ele>74.59999847412109375</ele>
        <time>2026-08-09T10:59:12.000Z</time>
      </trkpt>
      <trkpt lat="57.6535656116902828216552734375" lon="-4.2430912144482135772705078125">
        <ele>74.40000152587890625</ele>
        <time>2026-08-09T10:59:13.000Z</time>
      </trkpt>
      <trkpt lat="57.6536256261169910430908203125" lon="-4.2429235763847827911376953125">
        <ele>74.1999969482421875</ele>
        <time>2026-08-09T10:59:14.000Z</time>
      </trkpt>
      <trkpt lat="57.65375621616840362548828125" lon="-4.24257011152803897857666015625">
        <ele>74</ele>
        <time>2026-08-09T10:59:16.000Z</time>
      </trkpt>
      <trkpt lat="57.65408604405820369720458984375" lon="-4.24163988791406154632568359375">
        <ele>74.40000152587890625</ele>
        <time>2026-08-09T10:59:21.000Z</time>
      </trkpt>
      <trkpt lat="57.6542096771299839019775390625" lon="-4.24127812497317790985107421875">
        <ele>74</ele>
        <time>2026-08-09T10:59:23.000Z</time>
      </trkpt>
      <trkpt lat="57.65433146618306636810302734375" lon="-4.24092927016317844390869140625">
        <ele>73.8000030517578125</ele>
        <time>2026-08-09T10:59:25.000Z</time>
      </trkpt>
      <trkpt lat="57.6543917320668697357177734375" lon="-4.2407610453665256500244140625">
        <ele>73.59999847412109375</ele>
        <time>2026-08-09T10:59:26.000Z</time>
      </trkpt>
      <trkpt lat="57.6544514112174510955810546875" lon="-4.240593574941158294677734375">
        <ele>73.59999847412109375</ele>
        <time>2026-08-09T10:59:27.000Z</time>
      </trkpt>
      <trkpt lat="57.65456766821444034576416015625" lon="-4.2402658425271511077880859375">
        <ele>73.59999847412109375</ele>
        <time>2026-08-09T10:59:29.000Z</time>
      </trkpt>
      <trkpt lat="57.654683589935302734375" lon="-4.23994992859661579132080078125">
        <ele>73.59999847412109375</ele>
        <time>2026-08-09T10:59:31.000Z</time>
      </trkpt>
      <trkpt lat="57.65502649359405040740966796875" lon="-4.2389671504497528076171875">
        <ele>73.59999847412109375</ele>
        <time>2026-08-09T10:59:37.000Z</time>
      </trkpt>
      <trkpt lat="57.65514291822910308837890625" lon="-4.23866263590753078460693359375">
        <ele>73.40000152587890625</ele>
        <time>2026-08-09T10:59:39.000Z</time>
      </trkpt>
      <trkpt lat="57.65535623766481876373291015625" lon="-4.2382588796317577362060546875">
        <ele>73.1999969482421875</ele>
        <time>2026-08-09T10:59:42.000Z</time>
      </trkpt>
      <trkpt lat="57.65543435700237751007080078125" lon="-4.23814564011991024017333984375">
        <ele>73</ele>
        <time>2026-08-09T10:59:43.000Z</time>
      </trkpt>
      <trkpt lat="57.65577265061438083648681640625" lon="-4.23778002150356769561767578125">
        <ele>72.40000152587890625</ele>
        <time>2026-08-09T10:59:47.000Z</time>
      </trkpt>
      <trkpt lat="57.65586451627314090728759765625" lon="-4.23768899403512477874755859375">
        <ele>72.40000152587890625</ele>
        <time>2026-08-09T10:59:48.000Z</time>
      </trkpt>
      <trkpt lat="57.6561881415545940399169921875" lon="-4.2372171767055988311767578125">
        <ele>73.59999847412109375</ele>
        <time>2026-08-09T10:59:52.000Z</time>
      </trkpt>
      <trkpt lat="57.65624932944774627685546875" lon="-4.23707627691328525543212890625">
        <ele>73.8000030517578125</ele>
        <time>2026-08-09T10:59:53.000Z</time>
      </trkpt>
      <trkpt lat="57.65639475546777248382568359375" lon="-4.23663019202649593353271484375">
        <ele>73.8000030517578125</ele>
        <time>2026-08-09T10:59:56.000Z</time>
      </trkpt>
      <trkpt lat="57.65659441240131855010986328125" lon="-4.23593533225357532501220703125">
        <ele>73.1999969482421875</ele>
        <time>2026-08-09T11:00:01.000Z</time>
      </trkpt>
      <trkpt lat="57.65663213096559047698974609375" lon="-4.23580055125057697296142578125">
        <ele>73.1999969482421875</ele>
        <time>2026-08-09T11:00:02.000Z</time>
      </trkpt>
      <trkpt lat="57.656705640256404876708984375" lon="-4.23553057014942169189453125">
        <ele>73.1999969482421875</ele>
        <time>2026-08-09T11:00:04.000Z</time>
      </trkpt>
      <trkpt lat="57.65673908405005931854248046875" lon="-4.2354053445160388946533203125">
        <ele>73</ele>
        <time>2026-08-09T11:00:05.000Z</time>
      </trkpt>
      <trkpt lat="57.6568804867565631866455078125" lon="-4.23490318469703197479248046875">
        <ele>73.59999847412109375</ele>
        <time>2026-08-09T11:00:09.000Z</time>
      </trkpt>
      <trkpt lat="57.65702457167208194732666015625" lon="-4.2344095744192600250244140625">
        <ele>74.59999847412109375</ele>
        <time>2026-08-09T11:00:13.000Z</time>
      </trkpt>
      <trkpt lat="57.65705977566540241241455078125" lon="-4.23428074456751346588134765625">
        <ele>74.59999847412109375</ele>
        <time>2026-08-09T11:00:14.000Z</time>
      </trkpt>
      <trkpt lat="57.6571718417108058929443359375" lon="-4.23390112817287445068359375">
        <ele>74.59999847412109375</ele>
        <time>2026-08-09T11:00:17.000Z</time>
      </trkpt>
      <trkpt lat="57.65743847005069255828857421875" lon="-4.23299462534487247467041015625">
        <ele>74.1999969482421875</ele>
        <time>2026-08-09T11:00:24.000Z</time>
      </trkpt>
      <trkpt lat="57.657477445900440216064453125" lon="-4.23286504112184047698974609375">
        <ele>74.40000152587890625</ele>
        <time>2026-08-09T11:00:25.000Z</time>
      </trkpt>
      <trkpt lat="57.65777324326336383819580078125" lon="-4.23196700401604175567626953125">
        <ele>74.1999969482421875</ele>
        <time>2026-08-09T11:00:32.000Z</time>
      </trkpt>
      <trkpt lat="57.6578591577708721160888671875" lon="-4.23171236179769039154052734375">
        <ele>74.1999969482421875</ele>
        <time>2026-08-09T11:00:34.000Z</time>
      </trkpt>
      <trkpt lat="57.65816668979823589324951171875" lon="-4.23083268105983734130859375">
        <ele>73.8000030517578125</ele>
        <time>2026-08-09T11:00:41.000Z</time>
      </trkpt>
      <trkpt lat="57.6582541130483150482177734375" lon="-4.23057326115667819976806640625">
        <ele>73.8000030517578125</ele>
        <time>2026-08-09T11:00:43.000Z</time>
      </trkpt>
      <trkpt lat="57.6585246808826923370361328125" lon="-4.22980028204619884490966796875">
        <ele>74.1999969482421875</ele>
        <time>2026-08-09T11:00:49.000Z</time>
      </trkpt>
      <trkpt lat="57.658799104392528533935546875" lon="-4.22901523299515247344970703125">
        <ele>73.8000030517578125</ele>
        <time>2026-08-09T11:00:55.000Z</time>
      </trkpt>
      <trkpt lat="57.658887617290019989013671875" lon="-4.22874717973172664642333984375">
        <ele>73.40000152587890625</ele>
        <time>2026-08-09T11:00:57.000Z</time>
      </trkpt>
      <trkpt lat="57.6590745337307453155517578125" lon="-4.22823001630604267120361328125">
        <ele>73</ele>
        <time>2026-08-09T11:01:01.000Z</time>
      </trkpt>
      <trkpt lat="57.6594114862382411956787109375" lon="-4.2272883094847202301025390625">
        <ele>73.40000152587890625</ele>
        <time>2026-08-09T11:01:08.000Z</time>
      </trkpt>
      <trkpt lat="57.65946303494274616241455078125" lon="-4.22714875079691410064697265625">
        <ele>73.40000152587890625</ele>
        <time>2026-08-09T11:01:09.000Z</time>
      </trkpt>
      <trkpt lat="57.65979998745024204254150390625" lon="-4.2261842451989650726318359375">
        <ele>73.1999969482421875</ele>
        <time>2026-08-09T11:01:16.000Z</time>
      </trkpt>
      <trkpt lat="57.6598481833934783935546875" lon="-4.22605390660464763641357421875">
        <ele>73.1999969482421875</ele>
        <time>2026-08-09T11:01:17.000Z</time>
      </trkpt>
      <trkpt lat="57.6601752452552318572998046875" lon="-4.2251348309218883514404296875">
        <ele>73.59999847412109375</ele>
        <time>2026-08-09T11:01:24.000Z</time>
      </trkpt>
      <trkpt lat="57.66026903875172138214111328125" lon="-4.22487423755228519439697265625">
        <ele>73.8000030517578125</ele>
        <time>2026-08-09T11:01:26.000Z</time>
      </trkpt>
      <trkpt lat="57.66049887053668498992919921875" lon="-4.223986007273197174072265625">
        <ele>74.1999969482421875</ele>
        <time>2026-08-09T11:01:32.000Z</time>
      </trkpt>
      <trkpt lat="57.66061571426689624786376953125" lon="-4.22320447862148284912109375">
        <ele>74.40000152587890625</ele>
        <time>2026-08-09T11:01:37.000Z</time>
      </trkpt>
      <trkpt lat="57.66066064126789569854736328125" lon="-4.22290096990764141082763671875">
        <ele>74.40000152587890625</ele>
        <time>2026-08-09T11:01:39.000Z</time>
      </trkpt>
      <trkpt lat="57.66070489771664142608642578125" lon="-4.22260391525924205780029296875">
        <ele>74.59999847412109375</ele>
        <time>2026-08-09T11:01:41.000Z</time>
      </trkpt>
      <trkpt lat="57.6608216576278209686279296875" lon="-4.22182791866362094879150390625">
        <ele>75</ele>
        <time>2026-08-09T11:01:46.000Z</time>
      </trkpt>
      <trkpt lat="57.66099507920444011688232421875" lon="-4.22074313275516033172607421875">
        <ele>75.40000152587890625</ele>
        <time>2026-08-09T11:01:53.000Z</time>
      </trkpt>
      <trkpt lat="57.66102290712296962738037109375" lon="-4.22058530151844024658203125">
        <ele>75.40000152587890625</ele>
        <time>2026-08-09T11:01:54.000Z</time>
      </trkpt>
      <trkpt lat="57.66104754991829395294189453125" lon="-4.22042076475918292999267578125">
        <ele>75.59999847412109375</ele>
        <time>2026-08-09T11:01:55.000Z</time>
      </trkpt>
      <trkpt lat="57.66120739281177520751953125" lon="-4.2194031178951263427734375">
        <ele>76.1999969482421875</ele>
        <time>2026-08-09T11:02:01.000Z</time>
      </trkpt>
      <trkpt lat="57.6612357236444950103759765625" lon="-4.2192346416413784027099609375">
        <ele>76.1999969482421875</ele>
        <time>2026-08-09T11:02:02.000Z</time>
      </trkpt>
      <trkpt lat="57.66129313968122005462646484375" lon="-4.21889710240066051483154296875">
        <ele>75.8000030517578125</ele>
        <time>2026-08-09T11:02:04.000Z</time>
      </trkpt>
      <trkpt lat="57.6614301837980747222900390625" lon="-4.2182444036006927490234375">
        <ele>75.59999847412109375</ele>
        <time>2026-08-09T11:02:08.000Z</time>
      </trkpt>
      <trkpt lat="57.66151911579072475433349609375" lon="-4.2179267294704914093017578125">
        <ele>75.8000030517578125</ele>
        <time>2026-08-09T11:02:10.000Z</time>
      </trkpt>
      <trkpt lat="57.66174391843378543853759765625" lon="-4.217115528881549835205078125">
        <ele>76.59999847412109375</ele>
        <time>2026-08-09T11:02:15.000Z</time>
      </trkpt>
      <trkpt lat="57.66196654178202152252197265625" lon="-4.216306172311305999755859375">
        <ele>76.40000152587890625</ele>
        <time>2026-08-09T11:02:20.000Z</time>
      </trkpt>
      <trkpt lat="57.662234008312225341796875" lon="-4.2153162695467472076416015625">
        <ele>77</ele>
        <time>2026-08-09T11:02:26.000Z</time>
      </trkpt>
      <trkpt lat="57.662368454039096832275390625" lon="-4.2148219048976898193359375">
        <ele>76.59999847412109375</ele>
        <time>2026-08-09T11:02:29.000Z</time>
      </trkpt>
      <trkpt lat="57.66263726167380809783935546875" lon="-4.21382554806768894195556640625">
        <ele>76.8000030517578125</ele>
        <time>2026-08-09T11:02:35.000Z</time>
      </trkpt>
      <trkpt lat="57.66273281536996364593505859375" lon="-4.21349664218723773956298828125">
        <ele>76.8000030517578125</ele>
        <time>2026-08-09T11:02:37.000Z</time>
      </trkpt>
      <trkpt lat="57.66300715506076812744140625" lon="-4.2125002853572368621826171875">
        <ele>76.59999847412109375</ele>
        <time>2026-08-09T11:02:43.000Z</time>
      </trkpt>
      <trkpt lat="57.6631075702607631683349609375" lon="-4.2121589742600917816162109375">
        <ele>76.40000152587890625</ele>
        <time>2026-08-09T11:02:45.000Z</time>
      </trkpt>
      <trkpt lat="57.66329825855791568756103515625" lon="-4.211473502218723297119140625">
        <ele>75.59999847412109375</ele>
        <time>2026-08-09T11:02:49.000Z</time>
      </trkpt>
      <trkpt lat="57.66348634846508502960205078125" lon="-4.21078677289187908172607421875">
        <ele>75.1999969482421875</ele>
        <time>2026-08-09T11:02:53.000Z</time>
      </trkpt>
      <trkpt lat="57.663721628487110137939453125" lon="-4.20993424952030181884765625">
        <ele>74.8000030517578125</ele>
        <time>2026-08-09T11:02:58.000Z</time>
      </trkpt>
      <trkpt lat="57.663859091699123382568359375" lon="-4.209441058337688446044921875">
        <ele>74.8000030517578125</ele>
        <time>2026-08-09T11:03:01.000Z</time>
      </trkpt>
      <trkpt lat="57.66390326432883739471435546875" lon="-4.20927551575005054473876953125">
        <ele>74.40000152587890625</ele>
        <time>2026-08-09T11:03:02.000Z</time>
      </trkpt>
      <trkpt lat="57.66409420408308506011962890625" lon="-4.20859943144023418426513671875">
        <ele>73.40000152587890625</ele>
        <time>2026-08-09T11:03:06.000Z</time>
      </trkpt>
      <trkpt lat="57.66424457542598247528076171875" lon="-4.2080843634903430938720703125">
        <ele>73</ele>
        <time>2026-08-09T11:03:09.000Z</time>
      </trkpt>
      <trkpt lat="57.66439829953014850616455078125" lon="-4.20754373073577880859375">
        <ele>72.40000152587890625</ele>
        <time>2026-08-09T11:03:12.000Z</time>
      </trkpt>
      <trkpt lat="57.6646010577678680419921875" lon="-4.2068342864513397216796875">
        <ele>71.59999847412109375</ele>
        <time>2026-08-09T11:03:16.000Z</time>
      </trkpt>
      <trkpt lat="57.6647484116256237030029296875" lon="-4.20629574917256832122802734375">
        <ele>71.40000152587890625</ele>
        <time>2026-08-09T11:03:19.000Z</time>
      </trkpt>
      <trkpt lat="57.66500632278621196746826171875" lon="-4.20537994243204593658447265625">
        <ele>71.8000030517578125</ele>
        <time>2026-08-09T11:03:24.000Z</time>
      </trkpt>
      <trkpt lat="57.6651091687381267547607421875" lon="-4.20501239597797393798828125">
        <ele>70</ele>
        <time>2026-08-09T11:03:26.000Z</time>
      </trkpt>
      <trkpt lat="57.665354423224925994873046875" lon="-4.20405610464513301849365234375">
        <ele>70</ele>
        <time>2026-08-09T11:03:31.000Z</time>
      </trkpt>
      <trkpt lat="57.6655845902860164642333984375" lon="-4.20304457657039165496826171875">
        <ele>68.40000152587890625</ele>
        <time>2026-08-09T11:03:36.000Z</time>
      </trkpt>
      <trkpt lat="57.665673606097698211669921875" lon="-4.20265138149261474609375">
        <ele>68</ele>
        <time>2026-08-09T11:03:38.000Z</time>
      </trkpt>
      <trkpt lat="57.66571392305195331573486328125" lon="-4.2024624533951282501220703125">
        <ele>67.59999847412109375</ele>
        <time>2026-08-09T11:03:39.000Z</time>
      </trkpt>
      <trkpt lat="57.6657535694539546966552734375" lon="-4.202277548611164093017578125">
        <ele>67</ele>
        <time>2026-08-09T11:03:40.000Z</time>
      </trkpt>
      <trkpt lat="57.665876783430576324462890625" lon="-4.20166273601353168487548828125">
        <ele>66.8000030517578125</ele>
        <time>2026-08-09T11:03:44.000Z</time>
      </trkpt>
      <trkpt lat="57.66598147340118885040283203125" lon="-4.20112981460988521575927734375">
        <ele>66.40000152587890625</ele>
        <time>2026-08-09T11:03:49.000Z</time>
      </trkpt>
      <trkpt lat="57.6660157553851604461669921875" lon="-4.20088523067533969879150390625">
        <ele>65.8000030517578125</ele>
        <time>2026-08-09T11:03:52.000Z</time>
      </trkpt>
      <trkpt lat="57.66603696160018444061279296875" lon="-4.20068557374179363250732421875">
        <ele>65.1999969482421875</ele>
        <time>2026-08-09T11:03:55.000Z</time>
      </trkpt>
      <trkpt lat="57.66605372540652751922607421875" lon="-4.20055565424263477325439453125">
        <ele>65.1999969482421875</ele>
        <time>2026-08-09T11:03:58.000Z</time>
      </trkpt>
      <trkpt lat="57.6660549826920032501220703125" lon="-4.2004900239408016204833984375">
        <ele>65</ele>
        <time>2026-08-09T11:04:00.000Z</time>
      </trkpt>
      <trkpt lat="57.66605682671070098876953125" lon="-4.20045356266200542449951171875">
        <ele>64.8000030517578125</ele>
        <time>2026-08-09T11:04:01.000Z</time>
      </trkpt>
      <trkpt lat="57.6660601794719696044921875" lon="-4.2004162631928920745849609375">
        <ele>64.59999847412109375</ele>
        <time>2026-08-09T11:04:02.000Z</time>
      </trkpt>
      <trkpt lat="57.666065208613872528076171875" lon="-4.20037963427603244781494140625">
        <ele>64.1999969482421875</ele>
        <time>2026-08-09T11:04:03.000Z</time>
      </trkpt>
      <trkpt lat="57.66607333905994892120361328125" lon="-4.2003552429378032684326171875">
        <ele>64</ele>
        <time>2026-08-09T11:04:04.000Z</time>
      </trkpt>
      <trkpt lat="57.66609043814241886138916015625" lon="-4.200310818850994110107421875">
        <ele>63.59999847412109375</ele>
        <time>2026-08-09T11:04:06.000Z</time>
      </trkpt>
      <trkpt lat="57.66612279228866100311279296875" lon="-4.20021920464932918548583984375">
        <ele>62.40000152587890625</ele>
        <time>2026-08-09T11:04:11.000Z</time>
      </trkpt>
      <trkpt lat="57.66612413339316844940185546875" lon="-4.200186096131801605224609375">
        <ele>62.200000762939453125</ele>
        <time>2026-08-09T11:04:12.000Z</time>
      </trkpt>
      <trkpt lat="57.666152380406856536865234375" lon="-4.20002348721027374267578125">
        <ele>61.200000762939453125</ele>
        <time>2026-08-09T11:04:18.000Z</time>
      </trkpt>
      <trkpt lat="57.66617953777313232421875" lon="-4.19985693879425525665283203125">
        <ele>60.40000152587890625</ele>
        <time>2026-08-09T11:04:24.000Z</time>
      </trkpt>
      <trkpt lat="57.6661864109337329864501953125" lon="-4.1998332180082798004150390625">
        <ele>60.40000152587890625</ele>
        <time>2026-08-09T11:04:25.000Z</time>
      </trkpt>
      <trkpt lat="57.66619135625660419464111328125" lon="-4.19980488717555999755859375">
        <ele>60.200000762939453125</ele>
        <time>2026-08-09T11:04:26.000Z</time>
      </trkpt>
      <trkpt lat="57.66620661132037639617919921875" lon="-4.19971478171646595001220703125">
        <ele>60</ele>
        <time>2026-08-09T11:04:30.000Z</time>
      </trkpt>
      <trkpt lat="57.6662075333297252655029296875" lon="-4.19972232542932033538818359375">
        <ele>59.59999847412109375</ele>
        <time>2026-08-09T11:04:35.000Z</time>
      </trkpt>
      <trkpt lat="57.66621105372905731201171875" lon="-4.1997356526553630828857421875">
        <ele>59</ele>
        <time>2026-08-09T11:04:39.000Z</time>
      </trkpt>
      <trkpt lat="57.6662075333297252655029296875" lon="-4.19972240924835205078125">
        <ele>59</ele>
        <time>2026-08-09T11:04:43.000Z</time>
      </trkpt>
      <trkpt lat="57.66620594076812267303466796875" lon="-4.19971662573516368865966796875">
        <ele>58.40000152587890625</ele>
        <time>2026-08-09T11:04:51.000Z</time>
      </trkpt>
      <trkpt lat="57.6662004925310611724853515625" lon="-4.1997115127742290496826171875">
        <ele>58</ele>
        <time>2026-08-09T11:04:54.000Z</time>
      </trkpt>
      <trkpt lat="57.666210718452930450439453125" lon="-4.19971930794417858123779296875">
        <ele>58</ele>
        <time>2026-08-09T11:04:56.000Z</time>
      </trkpt>
      <trkpt lat="57.66621398739516735076904296875" lon="-4.19972768984735012054443359375">
        <ele>58</ele>
        <time>2026-08-09T11:04:58.000Z</time>
      </trkpt>
      <trkpt lat="57.66621013171970844268798828125" lon="-4.19972869567573070526123046875">
        <ele>58</ele>
        <time>2026-08-09T11:05:00.000Z</time>
      </trkpt>
      <trkpt lat="57.66621130518615245819091796875" lon="-4.19972534291446208953857421875">
        <ele>57.59999847412109375</ele>
        <time>2026-08-09T11:05:04.000Z</time>
      </trkpt>
      <trkpt lat="57.66621566377580165863037109375" lon="-4.1997041366994380950927734375">
        <ele>57.59999847412109375</ele>
        <time>2026-08-09T11:05:05.000Z</time>
      </trkpt>
      <trkpt lat="57.66622924245893955230712890625" lon="-4.19964730739593505859375">
        <ele>57.40000152587890625</ele>
        <time>2026-08-09T11:05:08.000Z</time>
      </trkpt>
      <trkpt lat="57.6662497781217098236083984375" lon="-4.199528284370899200439453125">
        <ele>57</ele>
        <time>2026-08-09T11:05:13.000Z</time>
      </trkpt>
      <trkpt lat="57.6662531308829784393310546875" lon="-4.19948176480829715728759765625">
        <ele>57</ele>
        <time>2026-08-09T11:05:14.000Z</time>
      </trkpt>
      <trkpt lat="57.66626444645226001739501953125" lon="-4.19928898103535175323486328125">
        <ele>57</ele>
        <time>2026-08-09T11:05:18.000Z</time>
      </trkpt>
      <trkpt lat="57.66631205566227436065673828125" lon="-4.198972396552562713623046875">
        <ele>56.200000762939453125</ele>
        <time>2026-08-09T11:05:24.000Z</time>
      </trkpt>
      <trkpt lat="57.666330747306346893310546875" lon="-4.198857732117176055908203125">
        <ele>56</ele>
        <time>2026-08-09T11:05:26.000Z</time>
      </trkpt>
      <trkpt lat="57.6663580723106861114501953125" lon="-4.19868665747344493865966796875">
        <ele>55.40000152587890625</ele>
        <time>2026-08-09T11:05:29.000Z</time>
      </trkpt>
      <trkpt lat="57.66637709923088550567626953125" lon="-4.19858037494122982025146484375">
        <ele>55.200000762939453125</ele>
        <time>2026-08-09T11:05:31.000Z</time>
      </trkpt>
      <trkpt lat="57.66640056855976581573486328125" lon="-4.1984116472303867340087890625">
        <ele>54.799999237060546875</ele>
        <time>2026-08-09T11:05:34.000Z</time>
      </trkpt>
      <trkpt lat="57.666470892727375030517578125" lon="-4.19799280352890491485595703125">
        <ele>54</ele>
        <time>2026-08-09T11:05:41.000Z</time>
      </trkpt>
      <trkpt lat="57.666484974324703216552734375" lon="-4.1978728584945201873779296875">
        <ele>54</ele>
        <time>2026-08-09T11:05:43.000Z</time>
      </trkpt>
      <trkpt lat="57.666498385369777679443359375" lon="-4.19767244718968868255615234375">
        <ele>54.200000762939453125</ele>
        <time>2026-08-09T11:05:47.000Z</time>
      </trkpt>
      <trkpt lat="57.66657851636409759521484375" lon="-4.197346307337284088134765625">
        <ele>54.200000762939453125</ele>
        <time>2026-08-09T11:05:53.000Z</time>
      </trkpt>
      <trkpt lat="57.66664029099047183990478515625" lon="-4.19700575061142444610595703125">
        <ele>55</ele>
        <time>2026-08-09T11:05:58.000Z</time>
      </trkpt>
      <trkpt lat="57.66666862182319164276123046875" lon="-4.1968643479049205780029296875">
        <ele>55.40000152587890625</ele>
        <time>2026-08-09T11:06:00.000Z</time>
      </trkpt>
      <trkpt lat="57.66673333011567592620849609375" lon="-4.19640677981078624725341796875">
        <ele>55.40000152587890625</ele>
        <time>2026-08-09T11:06:07.000Z</time>
      </trkpt>
      <trkpt lat="57.66677121631801128387451171875" lon="-4.19620963744819164276123046875">
        <ele>55.799999237060546875</ele>
        <time>2026-08-09T11:06:10.000Z</time>
      </trkpt>
      <trkpt lat="57.66681379638612270355224609375" lon="-4.1960053704679012298583984375">
        <ele>56.200000762939453125</ele>
        <time>2026-08-09T11:06:13.000Z</time>
      </trkpt>
      <trkpt lat="57.6669129543006420135498046875" lon="-4.19547504745423793792724609375">
        <ele>55.799999237060546875</ele>
        <time>2026-08-09T11:06:21.000Z</time>
      </trkpt>
      <trkpt lat="57.66702468506991863250732421875" lon="-4.1948536969721317291259765625">
        <ele>55.40000152587890625</ele>
        <time>2026-08-09T11:06:30.000Z</time>
      </trkpt>
      <trkpt lat="57.6671080850064754486083984375" lon="-4.194286577403545379638671875">
        <ele>55</ele>
        <time>2026-08-09T11:06:37.000Z</time>
      </trkpt>
      <trkpt lat="57.66712644137442111968994140625" lon="-4.1941184364259243011474609375">
        <ele>54.799999237060546875</ele>
        <time>2026-08-09T11:06:39.000Z</time>
      </trkpt>
      <trkpt lat="57.6671459712088108062744140625" lon="-4.1939564980566501617431640625">
        <ele>54.799999237060546875</ele>
        <time>2026-08-09T11:06:41.000Z</time>
      </trkpt>
      <trkpt lat="57.6671737991273403167724609375" lon="-4.19370747171342372894287109375">
        <ele>54.40000152587890625</ele>
        <time>2026-08-09T11:06:44.000Z</time>
      </trkpt>
      <trkpt lat="57.66719718463718891143798828125" lon="-4.19344394467771053314208984375">
        <ele>54</ele>
        <time>2026-08-09T11:06:47.000Z</time>
      </trkpt>
      <trkpt lat="57.667229287326335906982421875" lon="-4.19318662025034427642822265625">
        <ele>53.799999237060546875</ele>
        <time>2026-08-09T11:06:50.000Z</time>
      </trkpt>
      <trkpt lat="57.6672361604869365692138671875" lon="-4.193109087646007537841796875">
        <ele>53.59999847412109375</ele>
        <time>2026-08-09T11:06:51.000Z</time>
      </trkpt>
      <trkpt lat="57.66724445857107639312744140625" lon="-4.1930331476032733917236328125">
        <ele>53.59999847412109375</ele>
        <time>2026-08-09T11:06:52.000Z</time>
      </trkpt>
      <trkpt lat="57.6672727055847644805908203125" lon="-4.1926717199385166168212890625">
        <ele>53.200000762939453125</ele>
        <time>2026-08-09T11:06:57.000Z</time>
      </trkpt>
      <trkpt lat="57.66729374416172504425048828125" lon="-4.1925040818750858306884765625">
        <ele>53.40000152587890625</ele>
        <time>2026-08-09T11:06:59.000Z</time>
      </trkpt>
      <trkpt lat="57.66730405390262603759765625" lon="-4.19245823286473751068115234375">
        <ele>53.40000152587890625</ele>
        <time>2026-08-09T11:07:00.000Z</time>
      </trkpt>
      <trkpt lat="57.66732375137507915496826171875" lon="-4.19227215461432933807373046875">
        <ele>53.200000762939453125</ele>
        <time>2026-08-09T11:07:02.000Z</time>
      </trkpt>
      <trkpt lat="57.66733431257307529449462890625" lon="-4.19218095950782299041748046875">
        <ele>52.799999237060546875</ele>
        <time>2026-08-09T11:07:03.000Z</time>
      </trkpt>
      <trkpt lat="57.6673434488475322723388671875" lon="-4.1920960508286952972412109375">
        <ele>52.59999847412109375</ele>
        <time>2026-08-09T11:07:04.000Z</time>
      </trkpt>
      <trkpt lat="57.6673541776835918426513671875" lon="-4.1919327713549137115478515625">
        <ele>52</ele>
        <time>2026-08-09T11:07:07.000Z</time>
      </trkpt>
      <trkpt lat="57.66735811717808246612548828125" lon="-4.19192095287144184112548828125">
        <ele>51.59999847412109375</ele>
        <time>2026-08-09T11:07:11.000Z</time>
      </trkpt>
      <trkpt lat="57.66735811717808246612548828125" lon="-4.19192095287144184112548828125">
        <ele>50.799999237060546875</ele>
        <time>2026-08-09T11:07:18.000Z</time>
      </trkpt>
      <trkpt lat="57.66735811717808246612548828125" lon="-4.19192095287144184112548828125">
        <ele>50.59999847412109375</ele>
        <time>2026-08-09T11:07:25.000Z</time>
      </trkpt>
      <trkpt lat="57.6673575304448604583740234375" lon="-4.1919240541756153106689453125">
        <ele>50.59999847412109375</ele>
        <time>2026-08-09T11:07:26.000Z</time>
      </trkpt>
      <trkpt lat="57.66736096702516078948974609375" lon="-4.1918945498764514923095703125">
        <ele>50.59999847412109375</ele>
        <time>2026-08-09T11:07:27.000Z</time>
      </trkpt>
      <trkpt lat="57.667370103299617767333984375" lon="-4.19181399978697299957275390625">
        <ele>50.59999847412109375</ele>
        <time>2026-08-09T11:07:29.000Z</time>
      </trkpt>
      <trkpt lat="57.66737923957407474517822265625" lon="-4.19176320545375347137451171875">
        <ele>50.59999847412109375</ele>
        <time>2026-08-09T11:07:30.000Z</time>
      </trkpt>
      <trkpt lat="57.6673960871994495391845703125" lon="-4.19167536310851573944091796875">
        <ele>50</ele>
        <time>2026-08-09T11:07:33.000Z</time>
      </trkpt>
      <trkpt lat="57.66740421764552593231201171875" lon="-4.19168441556394100189208984375">
        <ele>49.799999237060546875</ele>
        <time>2026-08-09T11:07:36.000Z</time>
      </trkpt>
      <trkpt lat="57.66740455292165279388427734375" lon="-4.1916930489242076873779296875">
        <ele>49.59999847412109375</ele>
        <time>2026-08-09T11:07:43.000Z</time>
      </trkpt>
      <trkpt lat="57.66740455292165279388427734375" lon="-4.1916930489242076873779296875">
        <ele>49.799999237060546875</ele>
        <time>2026-08-09T11:07:45.000Z</time>
      </trkpt>
      <trkpt lat="57.66740455292165279388427734375" lon="-4.1916930489242076873779296875">
        <ele>49.799999237060546875</ele>
        <time>2026-08-09T11:07:50.000Z</time>
      </trkpt>
      <trkpt lat="57.66740455292165279388427734375" lon="-4.1916930489242076873779296875">
        <ele>49.799999237060546875</ele>
        <time>2026-08-09T11:07:51.000Z</time>
      </trkpt>
      <trkpt lat="57.66740455292165279388427734375" lon="-4.1916930489242076873779296875">
        <ele>49.799999237060546875</ele>
        <time>2026-08-09T11:07:55.000Z</time>
      </trkpt>
      <trkpt lat="57.66740455292165279388427734375" lon="-4.1916930489242076873779296875">
        <ele>49.799999237060546875</ele>
        <time>2026-08-09T11:07:58.000Z</time>
      </trkpt>
      <trkpt lat="57.66740455292165279388427734375" lon="-4.1916930489242076873779296875">
        <ele>49.799999237060546875</ele>
        <time>2026-08-09T11:07:59.000Z</time>
      </trkpt>
      <trkpt lat="57.66740455292165279388427734375" lon="-4.1916930489242076873779296875">
        <ele>49.799999237060546875</ele>
        <time>2026-08-09T11:08:00.000Z</time>
      </trkpt>
      <trkpt lat="57.66740455292165279388427734375" lon="-4.1916930489242076873779296875">
        <ele>49.59999847412109375</ele>
        <time>2026-08-09T11:08:02.000Z</time>
      </trkpt>
      <trkpt lat="57.66740455292165279388427734375" lon="-4.1916930489242076873779296875">
        <ele>49.59999847412109375</ele>
        <time>2026-08-09T11:08:06.000Z</time>
      </trkpt>
      <trkpt lat="57.66740455292165279388427734375" lon="-4.1916930489242076873779296875">
        <ele>50</ele>
        <time>2026-08-09T11:08:11.000Z</time>
      </trkpt>
      <trkpt lat="57.66740354709327220916748046875" lon="-4.191698916256427764892578125">
        <ele>50.59999847412109375</ele>
        <time>2026-08-09T11:08:16.000Z</time>
      </trkpt>
      <trkpt lat="57.667392231523990631103515625" lon="-4.1916927136480808258056640625">
        <ele>50.59999847412109375</ele>
        <time>2026-08-09T11:08:21.000Z</time>
      </trkpt>
      <trkpt lat="57.66739030368626117706298828125" lon="-4.19170319102704524993896484375">
        <ele>50.40000152587890625</ele>
        <time>2026-08-09T11:08:28.000Z</time>
      </trkpt>
      <trkpt lat="57.66739030368626117706298828125" lon="-4.19170319102704524993896484375">
        <ele>50.40000152587890625</ele>
        <time>2026-08-09T11:08:29.000Z</time>
      </trkpt>
      <trkpt lat="57.66739030368626117706298828125" lon="-4.19170319102704524993896484375">
        <ele>50.40000152587890625</ele>
        <time>2026-08-09T11:08:30.000Z</time>
      </trkpt>
      <trkpt lat="57.66739030368626117706298828125" lon="-4.19170319102704524993896484375">
        <ele>50.40000152587890625</ele>
        <time>2026-08-09T11:08:32.000Z</time>
      </trkpt>
      <trkpt lat="57.66739030368626117706298828125" lon="-4.19170319102704524993896484375">
        <ele>50.40000152587890625</ele>
        <time>2026-08-09T11:08:36.000Z</time>
      </trkpt>
      <trkpt lat="57.66739030368626117706298828125" lon="-4.19170319102704524993896484375">
        <ele>50.40000152587890625</ele>
        <time>2026-08-09T11:08:43.000Z</time>
      </trkpt>
      <trkpt lat="57.667395584285259246826171875" lon="-4.19170889072120189666748046875">
        <ele>50.59999847412109375</ele>
        <time>2026-08-09T11:08:47.000Z</time>
      </trkpt>
      <trkpt lat="57.6674158684909343719482421875" lon="-4.19170335866510868072509765625">
        <ele>51.200000762939453125</ele>
        <time>2026-08-09T11:08:54.000Z</time>
      </trkpt>
      <trkpt lat="57.667423076927661895751953125" lon="-4.191719703376293182373046875">
        <ele>51</ele>
        <time>2026-08-09T11:09:00.000Z</time>
      </trkpt>
      <trkpt lat="57.667421735823154449462890625" lon="-4.19172205030918121337890625">
        <ele>51</ele>
        <time>2026-08-09T11:09:02.000Z</time>
      </trkpt>
      <trkpt lat="57.66741092316806316375732421875" lon="-4.19170796871185302734375">
        <ele>51.40000152587890625</ele>
        <time>2026-08-09T11:09:08.000Z</time>
      </trkpt>
      <trkpt lat="57.66740036197006702423095703125" lon="-4.19169900007545948028564453125">
        <ele>51</ele>
        <time>2026-08-09T11:09:14.000Z</time>
      </trkpt>
      <trkpt lat="57.66739231534302234649658203125" lon="-4.191686846315860748291015625">
        <ele>50.59999847412109375</ele>
        <time>2026-08-09T11:09:19.000Z</time>
      </trkpt>
      <trkpt lat="57.667386196553707122802734375" lon="-4.19169547967612743377685546875">
        <ele>50.40000152587890625</ele>
        <time>2026-08-09T11:09:22.000Z</time>
      </trkpt>
      <trkpt lat="57.66738611273467540740966796875" lon="-4.19169547967612743377685546875">
        <ele>50.40000152587890625</ele>
        <time>2026-08-09T11:09:26.000Z</time>
      </trkpt>
      <trkpt lat="57.66738611273467540740966796875" lon="-4.19169547967612743377685546875">
        <ele>50.59999847412109375</ele>
        <time>2026-08-09T11:09:33.000Z</time>
      </trkpt>
      <trkpt lat="57.66738611273467540740966796875" lon="-4.19169547967612743377685546875">
        <ele>50.40000152587890625</ele>
        <time>2026-08-09T11:09:41.000Z</time>
      </trkpt>
      <trkpt lat="57.66738611273467540740966796875" lon="-4.19169547967612743377685546875">
        <ele>51.59999847412109375</ele>
        <time>2026-08-09T11:09:49.000Z</time>
      </trkpt>
      <trkpt lat="57.66738611273467540740966796875" lon="-4.19169547967612743377685546875">
        <ele>52.59999847412109375</ele>
        <time>2026-08-09T11:09:57.000Z</time>
      </trkpt>
      <trkpt lat="57.66738611273467540740966796875" lon="-4.19169547967612743377685546875">
        <ele>52.799999237060546875</ele>
        <time>2026-08-09T11:10:08.000Z</time>
      </trkpt>
      <trkpt lat="57.66738611273467540740966796875" lon="-4.19169547967612743377685546875">
        <ele>52.200000762939453125</ele>
        <time>2026-08-09T11:10:15.000Z</time>
      </trkpt>
      <trkpt lat="57.66738611273467540740966796875" lon="-4.19169547967612743377685546875">
        <ele>52</ele>
        <time>2026-08-09T11:10:23.000Z</time>
      </trkpt>
      <trkpt lat="57.66738611273467540740966796875" lon="-4.19169547967612743377685546875">
        <ele>51.59999847412109375</ele>
        <time>2026-08-09T11:10:29.000Z</time>
      </trkpt>
      <trkpt lat="57.6674011163413524627685546875" lon="-4.191700927913188934326171875">
        <ele>51.59999847412109375</ele>
        <time>2026-08-09T11:10:36.000Z</time>
      </trkpt>
      <trkpt lat="57.66740270890295505523681640625" lon="-4.19170537032186985015869140625">
        <ele>51.40000152587890625</ele>
        <time>2026-08-09T11:10:38.000Z</time>
      </trkpt>
      <trkpt lat="57.6674027927219867706298828125" lon="-4.19170537032186985015869140625">
        <ele>51.59999847412109375</ele>
        <time>2026-08-09T11:10:42.000Z</time>
      </trkpt>
      <trkpt lat="57.6674044691026210784912109375" lon="-4.1917088069021701812744140625">
        <ele>52.40000152587890625</ele>
        <time>2026-08-09T11:10:47.000Z</time>
      </trkpt>
      <trkpt lat="57.6674027927219867706298828125" lon="-4.19170537032186985015869140625">
        <ele>52.59999847412109375</ele>
        <time>2026-08-09T11:10:52.000Z</time>
      </trkpt>
      <trkpt lat="57.66740262508392333984375" lon="-4.191708974540233612060546875">
        <ele>52.59999847412109375</ele>
        <time>2026-08-09T11:10:54.000Z</time>
      </trkpt>
      <trkpt lat="57.6674004457890987396240234375" lon="-4.191666729748249053955078125">
        <ele>52.200000762939453125</ele>
        <time>2026-08-09T11:10:57.000Z</time>
      </trkpt>
      <trkpt lat="57.66740639694035053253173828125" lon="-4.19164049439132213592529296875">
        <ele>52.200000762939453125</ele>
        <time>2026-08-09T11:10:58.000Z</time>
      </trkpt>
      <trkpt lat="57.66742500476539134979248046875" lon="-4.19160679914057254791259765625">
        <ele>51.59999847412109375</ele>
        <time>2026-08-09T11:11:03.000Z</time>
      </trkpt>
      <trkpt lat="57.667421065270900726318359375" lon="-4.191614426672458648681640625">
        <ele>51.59999847412109375</ele>
        <time>2026-08-09T11:11:04.000Z</time>
      </trkpt>
      <trkpt lat="57.6674282737076282501220703125" lon="-4.19160428456962108612060546875">
        <ele>51.200000762939453125</ele>
        <time>2026-08-09T11:11:07.000Z</time>
      </trkpt>
      <trkpt lat="57.66742399893701076507568359375" lon="-4.19160294346511363983154296875">
        <ele>51</ele>
        <time>2026-08-09T11:11:16.000Z</time>
      </trkpt>
      <trkpt lat="57.6674175448715686798095703125" lon="-4.1916031949222087860107421875">
        <ele>50.59999847412109375</ele>
        <time>2026-08-09T11:11:22.000Z</time>
      </trkpt>
      <trkpt lat="57.6674044691026210784912109375" lon="-4.1916100680828094482421875">
        <ele>51</ele>
        <time>2026-08-09T11:11:26.000Z</time>
      </trkpt>
      <trkpt lat="57.66738963313400745391845703125" lon="-4.1916288435459136962890625">
        <ele>51</ele>
        <time>2026-08-09T11:11:30.000Z</time>
      </trkpt>
      <trkpt lat="57.66738594509661197662353515625" lon="-4.191603362560272216796875">
        <ele>51.200000762939453125</ele>
        <time>2026-08-09T11:11:37.000Z</time>
      </trkpt>
      <trkpt lat="57.66739499755203723907470703125" lon="-4.19158659875392913818359375">
        <ele>51</ele>
        <time>2026-08-09T11:11:46.000Z</time>
      </trkpt>
      <trkpt lat="57.66740891151130199432373046875" lon="-4.19157947413623332977294921875">
        <ele>51.59999847412109375</ele>
        <time>2026-08-09T11:11:53.000Z</time>
      </trkpt>
      <trkpt lat="57.6674175448715686798095703125" lon="-4.19161132536828517913818359375">
        <ele>51.40000152587890625</ele>
        <time>2026-08-09T11:11:58.000Z</time>
      </trkpt>
      <trkpt lat="57.66741595230996608734130859375" lon="-4.1916360519826412200927734375">
        <ele>51.799999237060546875</ele>
        <time>2026-08-09T11:12:04.000Z</time>
      </trkpt>
      <trkpt lat="57.6674252562224864959716796875" lon="-4.19162289239466190338134765625">
        <ele>51.59999847412109375</ele>
        <time>2026-08-09T11:12:08.000Z</time>
      </trkpt>
      <trkpt lat="57.66741670668125152587890625" lon="-4.19163177721202373504638671875">
        <ele>51.59999847412109375</ele>
        <time>2026-08-09T11:12:09.000Z</time>
      </trkpt>
      <trkpt lat="57.66742181964218616485595703125" lon="-4.19162205420434474945068359375">
        <ele>51.40000152587890625</ele>
        <time>2026-08-09T11:12:11.000Z</time>
      </trkpt>
      <trkpt lat="57.66742114908993244171142578125" lon="-4.1916092298924922943115234375">
        <ele>50.799999237060546875</ele>
        <time>2026-08-09T11:12:14.000Z</time>
      </trkpt>
      <trkpt lat="57.66742114908993244171142578125" lon="-4.1916092298924922943115234375">
        <ele>50.799999237060546875</ele>
        <time>2026-08-09T11:12:22.000Z</time>
      </trkpt>
      <trkpt lat="57.66742114908993244171142578125" lon="-4.1916092298924922943115234375">
        <ele>50.799999237060546875</ele>
        <time>2026-08-09T11:12:29.000Z</time>
      </trkpt>
      <trkpt lat="57.66742114908993244171142578125" lon="-4.1916092298924922943115234375">
        <ele>50.799999237060546875</ele>
        <time>2026-08-09T11:12:36.000Z</time>
      </trkpt>
      <trkpt lat="57.66742114908993244171142578125" lon="-4.1916092298924922943115234375">
        <ele>50.799999237060546875</ele>
        <time>2026-08-09T11:12:44.000Z</time>
      </trkpt>
      <trkpt lat="57.66742114908993244171142578125" lon="-4.1916092298924922943115234375">
        <ele>50.799999237060546875</ele>
        <time>2026-08-09T11:12:45.000Z</time>
      </trkpt>
      <trkpt lat="57.66742114908993244171142578125" lon="-4.1916092298924922943115234375">
        <ele>50.799999237060546875</ele>
        <time>2026-08-09T11:12:46.000Z</time>
      </trkpt>
      <trkpt lat="57.66742114908993244171142578125" lon="-4.1916092298924922943115234375">
        <ele>50.799999237060546875</ele>
        <time>2026-08-09T11:12:53.000Z</time>
      </trkpt>
      <trkpt lat="57.66742114908993244171142578125" lon="-4.1916092298924922943115234375">
        <ele>50.799999237060546875</ele>
        <time>2026-08-09T11:13:02.000Z</time>
      </trkpt>
      <trkpt lat="57.6674168743193149566650390625" lon="-4.1916266642510890960693359375">
        <ele>50.799999237060546875</ele>
        <time>2026-08-09T11:13:09.000Z</time>
      </trkpt>
      <trkpt lat="57.6674202270805835723876953125" lon="-4.19163814745843410491943359375">
        <ele>50.799999237060546875</ele>
        <time>2026-08-09T11:13:14.000Z</time>
      </trkpt>
      <trkpt lat="57.66742198728024959564208984375" lon="-4.1916342079639434814453125">
        <ele>50.799999237060546875</ele>
        <time>2026-08-09T11:13:17.000Z</time>
      </trkpt>
      <trkpt lat="57.66741804778575897216796875" lon="-4.19165323488414287567138671875">
        <ele>53</ele>
        <time>2026-08-09T11:13:22.000Z</time>
      </trkpt>
      <trkpt lat="57.66741662286221981048583984375" lon="-4.1916538216173648834228515625">
        <ele>53.200000762939453125</ele>
        <time>2026-08-09T11:13:24.000Z</time>
      </trkpt>
      <trkpt lat="57.66741427592933177947998046875" lon="-4.19166614301502704620361328125">
        <ele>53</ele>
        <time>2026-08-09T11:13:26.000Z</time>
      </trkpt>
      <trkpt lat="57.66741595230996608734130859375" lon="-4.19166966341435909271240234375">
        <ele>53</ele>
        <time>2026-08-09T11:13:27.000Z</time>
      </trkpt>
      <trkpt lat="57.667411677539348602294921875" lon="-4.1916702501475811004638671875">
        <ele>53</ele>
        <time>2026-08-09T11:13:28.000Z</time>
      </trkpt>
      <trkpt lat="57.66741109080612659454345703125" lon="-4.19166580773890018463134765625">
        <ele>52.799999237060546875</ele>
        <time>2026-08-09T11:13:30.000Z</time>
      </trkpt>
      <trkpt lat="57.66742114908993244171142578125" lon="-4.1916092298924922943115234375">
        <ele>53.59999847412109375</ele>
        <time>2026-08-09T11:13:37.000Z</time>
      </trkpt>
      <trkpt lat="57.66742114908993244171142578125" lon="-4.1916092298924922943115234375">
        <ele>53.59999847412109375</ele>
        <time>2026-08-09T11:13:44.000Z</time>
      </trkpt>
      <trkpt lat="57.66742114908993244171142578125" lon="-4.1916092298924922943115234375">
        <ele>54</ele>
        <time>2026-08-09T11:13:46.000Z</time>
      </trkpt>
      <trkpt lat="57.66742114908993244171142578125" lon="-4.1916092298924922943115234375">
        <ele>54</ele>
        <time>2026-08-09T11:13:53.000Z</time>
      </trkpt>
      <trkpt lat="57.66742114908993244171142578125" lon="-4.1916092298924922943115234375">
        <ele>54</ele>
        <time>2026-08-09T11:13:58.000Z</time>
      </trkpt>
      <trkpt lat="57.6674158684909343719482421875" lon="-4.191620461642742156982421875">
        <ele>54.200000762939453125</ele>
        <time>2026-08-09T11:14:02.000Z</time>
      </trkpt>
      <trkpt lat="57.66741938889026641845703125" lon="-4.1916102357208728790283203125">
        <ele>54</ele>
        <time>2026-08-09T11:14:03.000Z</time>
      </trkpt>
      <trkpt lat="57.66742114908993244171142578125" lon="-4.1916092298924922943115234375">
        <ele>53.40000152587890625</ele>
        <time>2026-08-09T11:14:10.000Z</time>
      </trkpt>
      <trkpt lat="57.6674175448715686798095703125" lon="-4.1916135884821414947509765625">
        <ele>53</ele>
        <time>2026-08-09T11:14:15.000Z</time>
      </trkpt>
      <trkpt lat="57.66742114908993244171142578125" lon="-4.1916092298924922943115234375">
        <ele>53</ele>
        <time>2026-08-09T11:14:16.000Z</time>
      </trkpt>
      <trkpt lat="57.66742114908993244171142578125" lon="-4.1916092298924922943115234375">
        <ele>53.200000762939453125</ele>
        <time>2026-08-09T11:14:27.000Z</time>
      </trkpt>
      <trkpt lat="57.66742114908993244171142578125" lon="-4.1916092298924922943115234375">
        <ele>53.200000762939453125</ele>
        <time>2026-08-09T11:14:29.000Z</time>
      </trkpt>
      <trkpt lat="57.66742114908993244171142578125" lon="-4.1916092298924922943115234375">
        <ele>53.200000762939453125</ele>
        <time>2026-08-09T11:14:33.000Z</time>
      </trkpt>
      <trkpt lat="57.66742114908993244171142578125" lon="-4.1916092298924922943115234375">
        <ele>53.200000762939453125</ele>
        <time>2026-08-09T11:14:35.000Z</time>
      </trkpt>
      <trkpt lat="57.66742114908993244171142578125" lon="-4.1916092298924922943115234375">
        <ele>53.200000762939453125</ele>
        <time>2026-08-09T11:14:43.000Z</time>
      </trkpt>
      <trkpt lat="57.66742114908993244171142578125" lon="-4.1916092298924922943115234375">
        <ele>53.200000762939453125</ele>
        <time>2026-08-09T11:14:51.000Z</time>
      </trkpt>
      <trkpt lat="57.66742114908993244171142578125" lon="-4.1916092298924922943115234375">
        <ele>53.200000762939453125</ele>
        <time>2026-08-09T11:14:59.000Z</time>
      </trkpt>
      <trkpt lat="57.6674192212522029876708984375" lon="-4.19161635451018810272216796875">
        <ele>53.200000762939453125</ele>
        <time>2026-08-09T11:15:01.000Z</time>
      </trkpt>
      <trkpt lat="57.6674254238605499267578125" lon="-4.1916353814303874969482421875">
        <ele>53.200000762939453125</ele>
        <time>2026-08-09T11:15:07.000Z</time>
      </trkpt>
      <trkpt lat="57.66741846688091754913330078125" lon="-4.19161668978631496429443359375">
        <ele>53.200000762939453125</ele>
        <time>2026-08-09T11:15:09.000Z</time>
      </trkpt>
      <trkpt lat="57.6674148626625537872314453125" lon="-4.19161819852888584136962890625">
        <ele>53.200000762939453125</ele>
        <time>2026-08-09T11:15:11.000Z</time>
      </trkpt>
      <trkpt lat="57.6674039661884307861328125" lon="-4.19160403311252593994140625">
        <ele>53.200000762939453125</ele>
        <time>2026-08-09T11:15:18.000Z</time>
      </trkpt>
      <trkpt lat="57.66740572638809680938720703125" lon="-4.19159908778965473175048828125">
        <ele>53.200000762939453125</ele>
        <time>2026-08-09T11:15:23.000Z</time>
      </trkpt>
      <trkpt lat="57.6673974283039569854736328125" lon="-4.19161987490952014923095703125">
        <ele>53.200000762939453125</ele>
        <time>2026-08-09T11:15:28.000Z</time>
      </trkpt>
      <trkpt lat="57.6674011163413524627685546875" lon="-4.1916303522884845733642578125">
        <ele>53.200000762939453125</ele>
        <time>2026-08-09T11:15:34.000Z</time>
      </trkpt>
      <trkpt lat="57.66740706749260425567626953125" lon="-4.19164384715259075164794921875">
        <ele>53.200000762939453125</ele>
        <time>2026-08-09T11:15:42.000Z</time>
      </trkpt>
      <trkpt lat="57.66740706749260425567626953125" lon="-4.19164384715259075164794921875">
        <ele>53.200000762939453125</ele>
        <time>2026-08-09T11:15:50.000Z</time>
      </trkpt>
      <trkpt lat="57.66740773804485797882080078125" lon="-4.1916451044380664825439453125">
        <ele>53.200000762939453125</ele>
        <time>2026-08-09T11:15:52.000Z</time>
      </trkpt>
      <trkpt lat="57.6674081571400165557861328125" lon="-4.19162993319332599639892578125">
        <ele>52.59999847412109375</ele>
        <time>2026-08-09T11:15:54.000Z</time>
      </trkpt>
      <trkpt lat="57.6673890464007854461669921875" lon="-4.191619791090488433837890625">
        <ele>53</ele>
        <time>2026-08-09T11:15:57.000Z</time>
      </trkpt>
      <trkpt lat="57.66738996841013431549072265625" lon="-4.191627167165279388427734375">
        <ele>53</ele>
        <time>2026-08-09T11:16:00.000Z</time>
      </trkpt>
      <trkpt lat="57.66738778911530971527099609375" lon="-4.19162750244140625">
        <ele>53.200000762939453125</ele>
        <time>2026-08-09T11:16:01.000Z</time>
      </trkpt>
      <trkpt lat="57.6673877052962779998779296875" lon="-4.19162750244140625">
        <ele>53.59999847412109375</ele>
        <time>2026-08-09T11:16:10.000Z</time>
      </trkpt>
      <trkpt lat="57.6673877052962779998779296875" lon="-4.19162750244140625">
        <ele>53.40000152587890625</ele>
        <time>2026-08-09T11:16:18.000Z</time>
      </trkpt>
      <trkpt lat="57.6673877052962779998779296875" lon="-4.19162750244140625">
        <ele>53.40000152587890625</ele>
        <time>2026-08-09T11:16:30.000Z</time>
      </trkpt>
      <trkpt lat="57.6673877052962779998779296875" lon="-4.19162750244140625">
        <ele>53.40000152587890625</ele>
        <time>2026-08-09T11:16:33.000Z</time>
      </trkpt>
      <trkpt lat="57.6673877052962779998779296875" lon="-4.19162750244140625">
        <ele>53.200000762939453125</ele>
        <time>2026-08-09T11:16:38.000Z</time>
      </trkpt>
      <trkpt lat="57.6673877052962779998779296875" lon="-4.19162750244140625">
        <ele>53</ele>
        <time>2026-08-09T11:16:39.000Z</time>
      </trkpt>
      <trkpt lat="57.6673877052962779998779296875" lon="-4.19162750244140625">
        <ele>53.200000762939453125</ele>
        <time>2026-08-09T11:16:46.000Z</time>
      </trkpt>
      <trkpt lat="57.6673877052962779998779296875" lon="-4.19162750244140625">
        <ele>53.40000152587890625</ele>
        <time>2026-08-09T11:16:54.000Z</time>
      </trkpt>
      <trkpt lat="57.6673877052962779998779296875" lon="-4.19162750244140625">
        <ele>53.40000152587890625</ele>
        <time>2026-08-09T11:17:01.000Z</time>
      </trkpt>
      <trkpt lat="57.6673877052962779998779296875" lon="-4.19162750244140625">
        <ele>53.40000152587890625</ele>
        <time>2026-08-09T11:17:08.000Z</time>
      </trkpt>
      <trkpt lat="57.6673877052962779998779296875" lon="-4.19162750244140625">
        <ele>53.40000152587890625</ele>
        <time>2026-08-09T11:17:16.000Z</time>
      </trkpt>
      <trkpt lat="57.66739659011363983154296875" lon="-4.19163580052554607391357421875">
        <ele>53.40000152587890625</ele>
        <time>2026-08-09T11:17:20.000Z</time>
      </trkpt>
      <trkpt lat="57.66739835031330585479736328125" lon="-4.19162725098431110382080078125">
        <ele>53.40000152587890625</ele>
        <time>2026-08-09T11:17:22.000Z</time>
      </trkpt>
      <trkpt lat="57.6674208976328372955322265625" lon="-4.19152482412755489349365234375">
        <ele>53.40000152587890625</ele>
        <time>2026-08-09T11:17:27.000Z</time>
      </trkpt>
      <trkpt lat="57.66744310967624187469482421875" lon="-4.19121377170085906982421875">
        <ele>52.200000762939453125</ele>
        <time>2026-08-09T11:17:32.000Z</time>
      </trkpt>
      <trkpt lat="57.66746842302381992340087890625" lon="-4.1909393481910228729248046875">
        <ele>52</ele>
        <time>2026-08-09T11:17:35.000Z</time>
      </trkpt>
      <trkpt lat="57.667494155466556549072265625" lon="-4.1907321475446224212646484375">
        <ele>51.799999237060546875</ele>
        <time>2026-08-09T11:17:37.000Z</time>
      </trkpt>
      <trkpt lat="57.6675446145236492156982421875" lon="-4.19024373404681682586669921875">
        <ele>50.799999237060546875</ele>
        <time>2026-08-09T11:17:41.000Z</time>
      </trkpt>
      <trkpt lat="57.66756967641413211822509765625" lon="-4.18997953645884990692138671875">
        <ele>50.40000152587890625</ele>
        <time>2026-08-09T11:17:43.000Z</time>
      </trkpt>
      <trkpt lat="57.6676331274211406707763671875" lon="-4.18941124342381954193115234375">
        <ele>50.200000762939453125</ele>
        <time>2026-08-09T11:17:47.000Z</time>
      </trkpt>
      <trkpt lat="57.6677132584154605865478515625" lon="-4.18864781968295574188232421875">
        <ele>50.200000762939453125</ele>
        <time>2026-08-09T11:17:52.000Z</time>
      </trkpt>
      <trkpt lat="57.66774921678006649017333984375" lon="-4.18831162154674530029296875">
        <ele>49.59999847412109375</ele>
        <time>2026-08-09T11:17:54.000Z</time>
      </trkpt>
      <trkpt lat="57.6678309403359889984130859375" lon="-4.187598489224910736083984375">
        <ele>49</ele>
        <time>2026-08-09T11:17:58.000Z</time>
      </trkpt>
      <trkpt lat="57.66787134110927581787109375" lon="-4.1872315295040607452392578125">
        <ele>48.59999847412109375</ele>
        <time>2026-08-09T11:18:00.000Z</time>
      </trkpt>
      <trkpt lat="57.66792959533631801605224609375" lon="-4.18665929697453975677490234375">
        <ele>48</ele>
        <time>2026-08-09T11:18:03.000Z</time>
      </trkpt>
      <trkpt lat="57.6679506339132785797119140625" lon="-4.18646357953548431396484375">
        <ele>47.799999237060546875</ele>
        <time>2026-08-09T11:18:04.000Z</time>
      </trkpt>
      <trkpt lat="57.66796798445284366607666015625" lon="-4.186269454658031463623046875">
        <ele>47.40000152587890625</ele>
        <time>2026-08-09T11:18:05.000Z</time>
      </trkpt>
      <trkpt lat="57.6679881848394870758056640625" lon="-4.18607306666672229766845703125">
        <ele>47</ele>
        <time>2026-08-09T11:18:06.000Z</time>
      </trkpt>
      <trkpt lat="57.6680133305490016937255859375" lon="-4.18587977997958660125732421875">
        <ele>47</ele>
        <time>2026-08-09T11:18:07.000Z</time>
      </trkpt>
      <trkpt lat="57.6681678928434848785400390625" lon="-4.18513764627277851104736328125">
        <ele>46.40000152587890625</ele>
        <time>2026-08-09T11:18:11.000Z</time>
      </trkpt>
      <trkpt lat="57.66837115399539470672607421875" lon="-4.184418730437755584716796875">
        <ele>46.40000152587890625</ele>
        <time>2026-08-09T11:18:15.000Z</time>
      </trkpt>
      <trkpt lat="57.66847106628119945526123046875" lon="-4.18406761251389980316162109375">
        <ele>46</ele>
        <time>2026-08-09T11:18:17.000Z</time>
      </trkpt>
      <trkpt lat="57.6685729064047336578369140625" lon="-4.1837131418287754058837890625">
        <ele>45.40000152587890625</ele>
        <time>2026-08-09T11:18:19.000Z</time>
      </trkpt>
      <trkpt lat="57.66862730495631694793701171875" lon="-4.1835401393473148345947265625">
        <ele>45.40000152587890625</ele>
        <time>2026-08-09T11:18:20.000Z</time>
      </trkpt>
      <trkpt lat="57.6688349246978759765625" lon="-4.18281585909426212310791015625">
        <ele>45.200000762939453125</ele>
        <time>2026-08-09T11:18:24.000Z</time>
      </trkpt>
      <trkpt lat="57.66888630576431751251220703125" lon="-4.18262827210128307342529296875">
        <ele>45.200000762939453125</ele>
        <time>2026-08-09T11:18:25.000Z</time>
      </trkpt>
      <trkpt lat="57.66898906789720058441162109375" lon="-4.18225921690464019775390625">
        <ele>45</ele>
        <time>2026-08-09T11:18:27.000Z</time>
      </trkpt>
      <trkpt lat="57.66904103569686412811279296875" lon="-4.1820801794528961181640625">
        <ele>45</ele>
        <time>2026-08-09T11:18:28.000Z</time>
      </trkpt>
      <trkpt lat="57.66914212144911289215087890625" lon="-4.18171531520783901214599609375">
        <ele>44.59999847412109375</ele>
        <time>2026-08-09T11:18:30.000Z</time>
      </trkpt>
      <trkpt lat="57.6691918261349201202392578125" lon="-4.1815345175564289093017578125">
        <ele>44.200000762939453125</ele>
        <time>2026-08-09T11:18:31.000Z</time>
      </trkpt>
      <trkpt lat="57.6693443767726421356201171875" lon="-4.18097888119518756866455078125">
        <ele>44</ele>
        <time>2026-08-09T11:18:34.000Z</time>
      </trkpt>
      <trkpt lat="57.66950346529483795166015625" lon="-4.18042651377618312835693359375">
        <ele>43.59999847412109375</ele>
        <time>2026-08-09T11:18:37.000Z</time>
      </trkpt>
      <trkpt lat="57.66961435787379741668701171875" lon="-4.1800653375685214996337890625">
        <ele>43.200000762939453125</ele>
        <time>2026-08-09T11:18:39.000Z</time>
      </trkpt>
      <trkpt lat="57.66974511556327342987060546875" lon="-4.17972377501428127288818359375">
        <ele>43.200000762939453125</ele>
        <time>2026-08-09T11:18:41.000Z</time>
      </trkpt>
      <trkpt lat="57.66998919658362865447998046875" lon="-4.17929311282932758331298828125">
        <ele>43</ele>
        <time>2026-08-09T11:18:44.000Z</time>
      </trkpt>
      <trkpt lat="57.67007410526275634765625" lon="-4.17916503734886646270751953125">
        <ele>43</ele>
        <time>2026-08-09T11:18:45.000Z</time>
      </trkpt>
      <trkpt lat="57.6702345348894596099853515625" lon="-4.17889161966741085052490234375">
        <ele>43</ele>
        <time>2026-08-09T11:18:47.000Z</time>
      </trkpt>
      <trkpt lat="57.670304775238037109375" lon="-4.1787369735538959503173828125">
        <ele>43.200000762939453125</ele>
        <time>2026-08-09T11:18:48.000Z</time>
      </trkpt>
      <trkpt lat="57.6703652925789356231689453125" lon="-4.178569503128528594970703125">
        <ele>43</ele>
        <time>2026-08-09T11:18:49.000Z</time>
      </trkpt>
      <trkpt lat="57.67041583545506000518798828125" lon="-4.17839054949581623077392578125">
        <ele>42.799999237060546875</ele>
        <time>2026-08-09T11:18:50.000Z</time>
      </trkpt>
      <trkpt lat="57.67047132365405559539794921875" lon="-4.17799475602805614471435546875">
        <ele>42.799999237060546875</ele>
        <time>2026-08-09T11:18:52.000Z</time>
      </trkpt>
      <trkpt lat="57.6704732514917850494384765625" lon="-4.17758706025779247283935546875">
        <ele>42.59999847412109375</ele>
        <time>2026-08-09T11:18:54.000Z</time>
      </trkpt>
      <trkpt lat="57.6704675517976284027099609375" lon="-4.1773871518671512603759765625">
        <ele>42.40000152587890625</ele>
        <time>2026-08-09T11:18:55.000Z</time>
      </trkpt>
      <trkpt lat="57.67045422457158565521240234375" lon="-4.177186153829097747802734375">
        <ele>42.200000762939453125</ele>
        <time>2026-08-09T11:18:56.000Z</time>
      </trkpt>
      <trkpt lat="57.6703740097582340240478515625" lon="-4.176582656800746917724609375">
        <ele>41.200000762939453125</ele>
        <time>2026-08-09T11:18:59.000Z</time>
      </trkpt>
      <trkpt lat="57.67027233727276325225830078125" lon="-4.1761979274451732635498046875">
        <ele>41</ele>
        <time>2026-08-09T11:19:01.000Z</time>
      </trkpt>
      <trkpt lat="57.67020980827510356903076171875" lon="-4.17602366767823696136474609375">
        <ele>41</ele>
        <time>2026-08-09T11:19:02.000Z</time>
      </trkpt>
      <trkpt lat="57.67013722099363803863525390625" lon="-4.1758668422698974609375">
        <ele>40.799999237060546875</ele>
        <time>2026-08-09T11:19:03.000Z</time>
      </trkpt>
      <trkpt lat="57.66997511498630046844482421875" lon="-4.17559568770229816436767578125">
        <ele>40</ele>
        <time>2026-08-09T11:19:05.000Z</time>
      </trkpt>
      <trkpt lat="57.669731117784976959228515625" lon="-4.17517952620983123779296875">
        <ele>38.799999237060546875</ele>
        <time>2026-08-09T11:19:08.000Z</time>
      </trkpt>
      <trkpt lat="57.66950706951320171356201171875" lon="-4.17478733696043491363525390625">
        <ele>38.59999847412109375</ele>
        <time>2026-08-09T11:19:11.000Z</time>
      </trkpt>
      <trkpt lat="57.669354267418384552001953125" lon="-4.1745163500308990478515625">
        <ele>38.200000762939453125</ele>
        <time>2026-08-09T11:19:13.000Z</time>
      </trkpt>
      <trkpt lat="57.66927807591855525970458984375" lon="-4.17437343858182430267333984375">
        <ele>37.59999847412109375</ele>
        <time>2026-08-09T11:19:14.000Z</time>
      </trkpt>
      <trkpt lat="57.6691281236708164215087890625" lon="-4.17407973669469356536865234375">
        <ele>36.59999847412109375</ele>
        <time>2026-08-09T11:19:16.000Z</time>
      </trkpt>
      <trkpt lat="57.6690563745796680450439453125" lon="-4.17392852716147899627685546875">
        <ele>36.200000762939453125</ele>
        <time>2026-08-09T11:19:17.000Z</time>
      </trkpt>
      <trkpt lat="57.6689864695072174072265625" lon="-4.1737698577344417572021484375">
        <ele>36</ele>
        <time>2026-08-09T11:19:18.000Z</time>
      </trkpt>
      <trkpt lat="57.6686996407806873321533203125" lon="-4.17316761799156665802001953125">
        <ele>35.200000762939453125</ele>
        <time>2026-08-09T11:19:22.000Z</time>
      </trkpt>
      <trkpt lat="57.668631412088871002197265625" lon="-4.1730231977999210357666015625">
        <ele>34.799999237060546875</ele>
        <time>2026-08-09T11:19:23.000Z</time>
      </trkpt>
      <trkpt lat="57.668556980788707733154296875" lon="-4.17289034463465213775634765625">
        <ele>34</ele>
        <time>2026-08-09T11:19:24.000Z</time>
      </trkpt>
      <trkpt lat="57.66847215592861175537109375" lon="-4.172787331044673919677734375">
        <ele>33.799999237060546875</ele>
        <time>2026-08-09T11:19:25.000Z</time>
      </trkpt>
      <trkpt lat="57.6683791168034076690673828125" lon="-4.172725975513458251953125">
        <ele>33.799999237060546875</ele>
        <time>2026-08-09T11:19:26.000Z</time>
      </trkpt>
      <trkpt lat="57.66828532330691814422607421875" lon="-4.172690771520137786865234375">
        <ele>34</ele>
        <time>2026-08-09T11:19:27.000Z</time>
      </trkpt>
      <trkpt lat="57.66809605993330478668212890625" lon="-4.172597564756870269775390625">
        <ele>34.59999847412109375</ele>
        <time>2026-08-09T11:19:29.000Z</time>
      </trkpt>
      <trkpt lat="57.668002434074878692626953125" lon="-4.17253579013049602508544921875">
        <ele>34.200000762939453125</ele>
        <time>2026-08-09T11:19:30.000Z</time>
      </trkpt>
      <trkpt lat="57.6678161881864070892333984375" lon="-4.1723895259201526641845703125">
        <ele>33</ele>
        <time>2026-08-09T11:19:32.000Z</time>
      </trkpt>
      <trkpt lat="57.66772692091763019561767578125" lon="-4.1722919605672359466552734375">
        <ele>31.799999237060546875</ele>
        <time>2026-08-09T11:19:33.000Z</time>
      </trkpt>
      <trkpt lat="57.66763396561145782470703125" lon="-4.17219498194754123687744140625">
        <ele>31</ele>
        <time>2026-08-09T11:19:34.000Z</time>
      </trkpt>
      <trkpt lat="57.6675369031727313995361328125" lon="-4.17211099527776241302490234375">
        <ele>30.200000762939453125</ele>
        <time>2026-08-09T11:19:35.000Z</time>
      </trkpt>
      <trkpt lat="57.6674333028495311737060546875" lon="-4.172047711908817291259765625">
        <ele>29.3999996185302734375</ele>
        <time>2026-08-09T11:19:36.000Z</time>
      </trkpt>
      <trkpt lat="57.6673266850411891937255859375" lon="-4.17199951596558094024658203125">
        <ele>28.799999237060546875</ele>
        <time>2026-08-09T11:19:37.000Z</time>
      </trkpt>
      <trkpt lat="57.66722098924219608306884765625" lon="-4.1719556786119937896728515625">
        <ele>28</ele>
        <time>2026-08-09T11:19:38.000Z</time>
      </trkpt>
      <trkpt lat="57.66711101867258548736572265625" lon="-4.1719050519168376922607421875">
        <ele>27.200000762939453125</ele>
        <time>2026-08-09T11:19:39.000Z</time>
      </trkpt>
      <trkpt lat="57.667008340358734130859375" lon="-4.17183556593954563140869140625">
        <ele>26</ele>
        <time>2026-08-09T11:19:40.000Z</time>
      </trkpt>
      <trkpt lat="57.66679971478879451751708984375" lon="-4.171681590378284454345703125">
        <ele>25.3999996185302734375</ele>
        <time>2026-08-09T11:19:42.000Z</time>
      </trkpt>
      <trkpt lat="57.66668940894305706024169921875" lon="-4.1716401837766170501708984375">
        <ele>25.3999996185302734375</ele>
        <time>2026-08-09T11:19:43.000Z</time>
      </trkpt>
      <trkpt lat="57.666460834443569183349609375" lon="-4.17163473553955554962158203125">
        <ele>24.6000003814697265625</ele>
        <time>2026-08-09T11:19:45.000Z</time>
      </trkpt>
      <trkpt lat="57.66622086055576801300048828125" lon="-4.17169961147010326385498046875">
        <ele>23.6000003814697265625</ele>
        <time>2026-08-09T11:19:47.000Z</time>
      </trkpt>
      <trkpt lat="57.66610049642622470855712890625" lon="-4.171734564006328582763671875">
        <ele>22.200000762939453125</ele>
        <time>2026-08-09T11:19:48.000Z</time>
      </trkpt>
      <trkpt lat="57.665978707373142242431640625" lon="-4.1717504896223545074462890625">
        <ele>21</ele>
        <time>2026-08-09T11:19:49.000Z</time>
      </trkpt>
      <trkpt lat="57.665856666862964630126953125" lon="-4.17174470610916614532470703125">
        <ele>20.200000762939453125</ele>
        <time>2026-08-09T11:19:50.000Z</time>
      </trkpt>
      <trkpt lat="57.66573638655245304107666015625" lon="-4.1717333905398845672607421875">
        <ele>19.200000762939453125</ele>
        <time>2026-08-09T11:19:51.000Z</time>
      </trkpt>
      <trkpt lat="57.66550571657717227935791015625" lon="-4.1716767288744449615478515625">
        <ele>19</ele>
        <time>2026-08-09T11:19:53.000Z</time>
      </trkpt>
      <trkpt lat="57.66528896056115627288818359375" lon="-4.17167932726442813873291015625">
        <ele>19</ele>
        <time>2026-08-09T11:19:55.000Z</time>
      </trkpt>
      <trkpt lat="57.6651903055608272552490234375" lon="-4.171720482409000396728515625">
        <ele>19.6000003814697265625</ele>
        <time>2026-08-09T11:19:56.000Z</time>
      </trkpt>
      <trkpt lat="57.6649014651775360107421875" lon="-4.171902872622013092041015625">
        <ele>17.799999237060546875</ele>
        <time>2026-08-09T11:19:59.000Z</time>
      </trkpt>
      <trkpt lat="57.6647135429084300994873046875" lon="-4.17201477102935314178466796875">
        <ele>16.200000762939453125</ele>
        <time>2026-08-09T11:20:01.000Z</time>
      </trkpt>
      <trkpt lat="57.6646183244884014129638671875" lon="-4.1720488853752613067626953125">
        <ele>15.6000003814697265625</ele>
        <time>2026-08-09T11:20:02.000Z</time>
      </trkpt>
      <trkpt lat="57.6644268818199634552001953125" lon="-4.17206154204905033111572265625">
        <ele>15.6000003814697265625</ele>
        <time>2026-08-09T11:20:04.000Z</time>
      </trkpt>
      <trkpt lat="57.664333842694759368896484375" lon="-4.17202658951282501220703125">
        <ele>15.3999996185302734375</ele>
        <time>2026-08-09T11:20:05.000Z</time>
      </trkpt>
      <trkpt lat="57.664242647588253021240234375" lon="-4.17196934111416339874267578125">
        <ele>15</ele>
        <time>2026-08-09T11:20:06.000Z</time>
      </trkpt>
      <trkpt lat="57.66405145637691020965576171875" lon="-4.1719038784503936767578125">
        <ele>14.3999996185302734375</ele>
        <time>2026-08-09T11:20:08.000Z</time>
      </trkpt>
      <trkpt lat="57.66395338810980319976806640625" lon="-4.1718949936330318450927734375">
        <ele>14</ele>
        <time>2026-08-09T11:20:09.000Z</time>
      </trkpt>
      <trkpt lat="57.66385716386139392852783203125" lon="-4.1719211451709270477294921875">
        <ele>13.6000003814697265625</ele>
        <time>2026-08-09T11:20:10.000Z</time>
      </trkpt>
      <trkpt lat="57.66366739757359027862548828125" lon="-4.17200286872684955596923828125">
        <ele>13</ele>
        <time>2026-08-09T11:20:12.000Z</time>
      </trkpt>
      <trkpt lat="57.663508392870426177978515625" lon="-4.1721816547214984893798828125">
        <ele>13</ele>
        <time>2026-08-09T11:20:14.000Z</time>
      </trkpt>
      <trkpt lat="57.663442678749561309814453125" lon="-4.17229590006172657012939453125">
        <ele>13.19999980926513671875</ele>
        <time>2026-08-09T11:20:15.000Z</time>
      </trkpt>
      <trkpt lat="57.66331837512552738189697265625" lon="-4.1725447587668895721435546875">
        <ele>12</ele>
        <time>2026-08-09T11:20:17.000Z</time>
      </trkpt>
      <trkpt lat="57.6632611267268657684326171875" lon="-4.1726718284189701080322265625">
        <ele>11</ele>
        <time>2026-08-09T11:20:18.000Z</time>
      </trkpt>
      <trkpt lat="57.66314654611051082611083984375" lon="-4.1729206033051013946533203125">
        <ele>11</ele>
        <time>2026-08-09T11:20:20.000Z</time>
      </trkpt>
      <trkpt lat="57.66296667046844959259033203125" lon="-4.17330424301326274871826171875">
        <ele>12.19999980926513671875</ele>
        <time>2026-08-09T11:20:23.000Z</time>
      </trkpt>
      <trkpt lat="57.66271881759166717529296875" lon="-4.17380816303193569183349609375">
        <ele>11.3999996185302734375</ele>
        <time>2026-08-09T11:20:27.000Z</time>
      </trkpt>
      <trkpt lat="57.662648074328899383544921875" lon="-4.17391897179186344146728515625">
        <ele>11</ele>
        <time>2026-08-09T11:20:28.000Z</time>
      </trkpt>
      <trkpt lat="57.662341296672821044921875" lon="-4.1742727719247341156005859375">
        <ele>10.80000019073486328125</ele>
        <time>2026-08-09T11:20:32.000Z</time>
      </trkpt>
      <trkpt lat="57.6619280688464641571044921875" lon="-4.17454459704458713531494140625">
        <ele>10.6000003814697265625</ele>
        <time>2026-08-09T11:20:37.000Z</time>
      </trkpt>
      <trkpt lat="57.66160477884113788604736328125" lon="-4.17472086846828460693359375">
        <ele>10</ele>
        <time>2026-08-09T11:20:41.000Z</time>
      </trkpt>
      <trkpt lat="57.66135449521243572235107421875" lon="-4.17484517209231853485107421875">
        <ele>10</ele>
        <time>2026-08-09T11:20:44.000Z</time>
      </trkpt>
      <trkpt lat="57.6612712629139423370361328125" lon="-4.17488716542720794677734375">
        <ele>10.19999980926513671875</ele>
        <time>2026-08-09T11:20:45.000Z</time>
      </trkpt>
      <trkpt lat="57.66069081611931324005126953125" lon="-4.17517072521150112152099609375">
        <ele>9.80000019073486328125</ele>
        <time>2026-08-09T11:20:52.000Z</time>
      </trkpt>
      <trkpt lat="57.66060766763985157012939453125" lon="-4.17521171271800994873046875">
        <ele>9.80000019073486328125</ele>
        <time>2026-08-09T11:20:53.000Z</time>
      </trkpt>
      <trkpt lat="57.6602788455784320831298828125" lon="-4.1753775067627429962158203125">
        <ele>10.3999996185302734375</ele>
        <time>2026-08-09T11:20:57.000Z</time>
      </trkpt>
      <trkpt lat="57.6601182483136653900146484375" lon="-4.17546744458377361297607421875">
        <ele>10.6000003814697265625</ele>
        <time>2026-08-09T11:20:59.000Z</time>
      </trkpt>
      <trkpt lat="57.660040967166423797607421875" lon="-4.175522513687610626220703125">
        <ele>10.80000019073486328125</ele>
        <time>2026-08-09T11:21:00.000Z</time>
      </trkpt>
      <trkpt lat="57.65996326692402362823486328125" lon="-4.17555226944386959075927734375">
        <ele>10.80000019073486328125</ele>
        <time>2026-08-09T11:21:01.000Z</time>
      </trkpt>
      <trkpt lat="57.6595727540552616119384765625" lon="-4.175797440111637115478515625">
        <ele>9.19999980926513671875</ele>
        <time>2026-08-09T11:21:06.000Z</time>
      </trkpt>
      <trkpt lat="57.659489102661609649658203125" lon="-4.1758452169597148895263671875">
        <ele>8.80000019073486328125</ele>
        <time>2026-08-09T11:21:07.000Z</time>
      </trkpt>
      <trkpt lat="57.6591829955577850341796875" lon="-4.176067672669887542724609375">
        <ele>9</ele>
        <time>2026-08-09T11:21:11.000Z</time>
      </trkpt>
      <trkpt lat="57.659020386636257171630859375" lon="-4.17620454914867877960205078125">
        <ele>9.19999980926513671875</ele>
        <time>2026-08-09T11:21:13.000Z</time>
      </trkpt>
      <trkpt lat="57.6587194763123989105224609375" lon="-4.17647729627788066864013671875">
        <ele>9.19999980926513671875</ele>
        <time>2026-08-09T11:21:17.000Z</time>
      </trkpt>
      <trkpt lat="57.65834723599255084991455078125" lon="-4.17679212056100368499755859375">
        <ele>9.6000003814697265625</ele>
        <time>2026-08-09T11:21:22.000Z</time>
      </trkpt>
      <trkpt lat="57.65826844610273838043212890625" lon="-4.17680519632995128631591796875">
        <ele>9.80000019073486328125</ele>
        <time>2026-08-09T11:21:23.000Z</time>
      </trkpt>
      <trkpt lat="57.65813819132745265960693359375" lon="-4.17671768926084041595458984375">
        <ele>10</ele>
        <time>2026-08-09T11:21:25.000Z</time>
      </trkpt>
      <trkpt lat="57.6580479182302951812744140625" lon="-4.17655927129089832305908203125">
        <ele>10.6000003814697265625</ele>
        <time>2026-08-09T11:21:27.000Z</time>
      </trkpt>
      <trkpt lat="57.6579765044152736663818359375" lon="-4.17636464349925518035888671875">
        <ele>11</ele>
        <time>2026-08-09T11:21:29.000Z</time>
      </trkpt>
      <trkpt lat="57.65793903730809688568115234375" lon="-4.1762743704020977020263671875">
        <ele>11.19999980926513671875</ele>
        <time>2026-08-09T11:21:30.000Z</time>
      </trkpt>
      <trkpt lat="57.65785421244800090789794921875" lon="-4.1760913096368312835693359375">
        <ele>12.6000003814697265625</ele>
        <time>2026-08-09T11:21:32.000Z</time>
      </trkpt>
      <trkpt lat="57.6577750034630298614501953125" lon="-4.17589525692164897918701171875">
        <ele>12.6000003814697265625</ele>
        <time>2026-08-09T11:21:34.000Z</time>
      </trkpt>
      <trkpt lat="57.657688669860363006591796875" lon="-4.1756752319633960723876953125">
        <ele>12</ele>
        <time>2026-08-09T11:21:36.000Z</time>
      </trkpt>
      <trkpt lat="57.6576465927064418792724609375" lon="-4.17555897496640682220458984375">
        <ele>11.6000003814697265625</ele>
        <time>2026-08-09T11:21:37.000Z</time>
      </trkpt>
      <trkpt lat="57.65754961408674716949462890625" lon="-4.17531992308795452117919921875">
        <ele>11.6000003814697265625</ele>
        <time>2026-08-09T11:21:39.000Z</time>
      </trkpt>
      <trkpt lat="57.65742656774818897247314453125" lon="-4.17509771883487701416015625">
        <ele>11.6000003814697265625</ele>
        <time>2026-08-09T11:21:41.000Z</time>
      </trkpt>
      <trkpt lat="57.6572727598249912261962890625" lon="-4.17492630891501903533935546875">
        <ele>11.19999980926513671875</ele>
        <time>2026-08-09T11:21:43.000Z</time>
      </trkpt>
      <trkpt lat="57.65694846399128437042236328125" lon="-4.1747002489864826202392578125">
        <ele>11</ele>
        <time>2026-08-09T11:21:47.000Z</time>
      </trkpt>
      <trkpt lat="57.65660396777093410491943359375" lon="-4.17453370057046413421630859375">
        <ele>10.3999996185302734375</ele>
        <time>2026-08-09T11:21:51.000Z</time>
      </trkpt>
      <trkpt lat="57.65628143213689327239990234375" lon="-4.174399673938751220703125">
        <ele>11</ele>
        <time>2026-08-09T11:21:55.000Z</time>
      </trkpt>
      <trkpt lat="57.6561448909342288970947265625" lon="-4.17434628121554851531982421875">
        <ele>11</ele>
        <time>2026-08-09T11:21:57.000Z</time>
      </trkpt>
      <trkpt lat="57.6560788415372371673583984375" lon="-4.17433521710336208343505859375">
        <ele>11.3999996185302734375</ele>
        <time>2026-08-09T11:21:58.000Z</time>
      </trkpt>
      <trkpt lat="57.65603047795593738555908203125" lon="-4.17431585490703582763671875">
        <ele>11.3999996185302734375</ele>
        <time>2026-08-09T11:21:59.000Z</time>
      </trkpt>
      <trkpt lat="57.65600080601871013641357421875" lon="-4.174280650913715362548828125">
        <ele>11.3999996185302734375</ele>
        <time>2026-08-09T11:22:00.000Z</time>
      </trkpt>
      <trkpt lat="57.65600080601871013641357421875" lon="-4.1742375679314136505126953125">
        <ele>11.3999996185302734375</ele>
        <time>2026-08-09T11:22:01.000Z</time>
      </trkpt>
      <trkpt lat="57.6560399495065212249755859375" lon="-4.17414830066263675689697265625">
        <ele>11</ele>
        <time>2026-08-09T11:22:03.000Z</time>
      </trkpt>
      <trkpt lat="57.656055875122547149658203125" lon="-4.1740791499614715576171875">
        <ele>10.80000019073486328125</ele>
        <time>2026-08-09T11:22:04.000Z</time>
      </trkpt>
      <trkpt lat="57.65605344437062740325927734375" lon="-4.1739143617451190948486328125">
        <ele>10.6000003814697265625</ele>
        <time>2026-08-09T11:22:06.000Z</time>
      </trkpt>
      <trkpt lat="57.65603768639266490936279296875" lon="-4.17362459935247898101806640625">
        <ele>11</ele>
        <time>2026-08-09T11:22:09.000Z</time>
      </trkpt>
      <trkpt lat="57.6560238562524318695068359375" lon="-4.1734251938760280609130859375">
        <ele>11.19999980926513671875</ele>
        <time>2026-08-09T11:22:11.000Z</time>
      </trkpt>
      <trkpt lat="57.6559765823185443878173828125" lon="-4.17281457222998142242431640625">
        <ele>10.80000019073486328125</ele>
        <time>2026-08-09T11:22:16.000Z</time>
      </trkpt>
      <trkpt lat="57.65594515018165111541748046875" lon="-4.17239899747073650360107421875">
        <ele>10.19999980926513671875</ele>
        <time>2026-08-09T11:22:19.000Z</time>
      </trkpt>
      <trkpt lat="57.6559071801602840423583984375" lon="-4.1718448698520660400390625">
        <ele>10.3999996185302734375</ele>
        <time>2026-08-09T11:22:23.000Z</time>
      </trkpt>
      <trkpt lat="57.6558179967105388641357421875" lon="-4.17071088217198848724365234375">
        <ele>10.19999980926513671875</ele>
        <time>2026-08-09T11:22:31.000Z</time>
      </trkpt>
      <trkpt lat="57.6558086089789867401123046875" lon="-4.17055682279169559478759765625">
        <ele>10.3999996185302734375</ele>
        <time>2026-08-09T11:22:32.000Z</time>
      </trkpt>
      <trkpt lat="57.65573996119201183319091796875" lon="-4.16944387368857860565185546875">
        <ele>10.3999996185302734375</ele>
        <time>2026-08-09T11:22:39.000Z</time>
      </trkpt>
      <trkpt lat="57.65571950934827327728271484375" lon="-4.16912443935871124267578125">
        <ele>10.6000003814697265625</ele>
        <time>2026-08-09T11:22:41.000Z</time>
      </trkpt>
      <trkpt lat="57.65564541332423686981201171875" lon="-4.16802900843322277069091796875">
        <ele>10</ele>
        <time>2026-08-09T11:22:48.000Z</time>
      </trkpt>
      <trkpt lat="57.65563032589852809906005859375" lon="-4.1678632982075214385986328125">
        <ele>9.6000003814697265625</ele>
        <time>2026-08-09T11:22:49.000Z</time>
      </trkpt>
      <trkpt lat="57.65559528954327106475830078125" lon="-4.167349822819232940673828125">
        <ele>8.80000019073486328125</ele>
        <time>2026-08-09T11:22:52.000Z</time>
      </trkpt>
      <trkpt lat="57.6556030847132205963134765625" lon="-4.16682888753712177276611328125">
        <ele>8.3999996185302734375</ele>
        <time>2026-08-09T11:22:55.000Z</time>
      </trkpt>
      <trkpt lat="57.65569008886814117431640625" lon="-4.16617426089942455291748046875">
        <ele>9</ele>
        <time>2026-08-09T11:22:59.000Z</time>
      </trkpt>
      <trkpt lat="57.6557921804487705230712890625" lon="-4.16557042859494686126708984375">
        <ele>9.3999996185302734375</ele>
        <time>2026-08-09T11:23:03.000Z</time>
      </trkpt>
      <trkpt lat="57.6558208465576171875" lon="-4.16542273946106433868408203125">
        <ele>9.6000003814697265625</ele>
        <time>2026-08-09T11:23:04.000Z</time>
      </trkpt>
      <trkpt lat="57.6558542065322399139404296875" lon="-4.16527672670781612396240234375">
        <ele>9.80000019073486328125</ele>
        <time>2026-08-09T11:23:05.000Z</time>
      </trkpt>
      <trkpt lat="57.6560741476714611053466796875" lon="-4.16441640816628932952880859375">
        <ele>9.19999980926513671875</ele>
        <time>2026-08-09T11:23:11.000Z</time>
      </trkpt>
      <trkpt lat="57.656358964741230010986328125" lon="-4.16337939910590648651123046875">
        <ele>8.6000003814697265625</ele>
        <time>2026-08-09T11:23:18.000Z</time>
      </trkpt>
      <trkpt lat="57.656401209533214569091796875" lon="-4.16322450153529644012451171875">
        <ele>8.3999996185302734375</ele>
        <time>2026-08-09T11:23:19.000Z</time>
      </trkpt>
      <trkpt lat="57.6564444601535797119140625" lon="-4.1630665026605129241943359375">
        <ele>8.19999980926513671875</ele>
        <time>2026-08-09T11:23:20.000Z</time>
      </trkpt>
      <trkpt lat="57.656652666628360748291015625" lon="-4.16219235397875308990478515625">
        <ele>7.19999980926513671875</ele>
        <time>2026-08-09T11:23:25.000Z</time>
      </trkpt>
      <trkpt lat="57.6566893793642520904541015625" lon="-4.16200526989996433258056640625">
        <ele>6.80000019073486328125</ele>
        <time>2026-08-09T11:23:26.000Z</time>
      </trkpt>
      <trkpt lat="57.65672382898628711700439453125" lon="-4.16181818582117557525634765625">
        <ele>6.19999980926513671875</ele>
        <time>2026-08-09T11:23:27.000Z</time>
      </trkpt>
      <trkpt lat="57.65675668604671955108642578125" lon="-4.1616310179233551025390625">
        <ele>6</ele>
        <time>2026-08-09T11:23:28.000Z</time>
      </trkpt>
      <trkpt lat="57.656861208379268646240234375" lon="-4.16084052063524723052978515625">
        <ele>5.599999904632568359375</ele>
        <time>2026-08-09T11:23:32.000Z</time>
      </trkpt>
      <trkpt lat="57.6569348014891147613525390625" lon="-4.160247333347797393798828125">
        <ele>4.400000095367431640625</ele>
        <time>2026-08-09T11:23:35.000Z</time>
      </trkpt>
      <trkpt lat="57.657062374055385589599609375" lon="-4.15926371701061725616455078125">
        <ele>4.80000019073486328125</ele>
        <time>2026-08-09T11:23:40.000Z</time>
      </trkpt>
      <trkpt lat="57.65720847062766551971435546875" lon="-4.15809678845107555389404296875">
        <ele>4.80000019073486328125</ele>
        <time>2026-08-09T11:23:46.000Z</time>
      </trkpt>
      <trkpt lat="57.65728005208075046539306640625" lon="-4.15751256980001926422119140625">
        <ele>5.19999980926513671875</ele>
        <time>2026-08-09T11:23:49.000Z</time>
      </trkpt>
      <trkpt lat="57.65733134932816028594970703125" lon="-4.15652551688253879547119140625">
        <ele>4.80000019073486328125</ele>
        <time>2026-08-09T11:23:54.000Z</time>
      </trkpt>
      <trkpt lat="57.657339982688426971435546875" lon="-4.15534601546823978424072265625">
        <ele>4.80000019073486328125</ele>
        <time>2026-08-09T11:24:00.000Z</time>
      </trkpt>
      <trkpt lat="57.6573532260954380035400390625" lon="-4.1549555025994777679443359375">
        <ele>4.599999904632568359375</ele>
        <time>2026-08-09T11:24:02.000Z</time>
      </trkpt>
      <trkpt lat="57.65739806927740573883056640625" lon="-4.15416467003524303436279296875">
        <ele>4.19999980926513671875</ele>
        <time>2026-08-09T11:24:06.000Z</time>
      </trkpt>
      <trkpt lat="57.65745942480862140655517578125" lon="-4.153785891830921173095703125">
        <ele>4.400000095367431640625</ele>
        <time>2026-08-09T11:24:08.000Z</time>
      </trkpt>
      <trkpt lat="57.65767534263432025909423828125" lon="-4.15268911980092525482177734375">
        <ele>4.19999980926513671875</ele>
        <time>2026-08-09T11:24:14.000Z</time>
      </trkpt>
      <trkpt lat="57.6577092893421649932861328125" lon="-4.1525083221495151519775390625">
        <ele>4.19999980926513671875</ele>
        <time>2026-08-09T11:24:15.000Z</time>
      </trkpt>
      <trkpt lat="57.65789461322128772735595703125" lon="-4.15146988816559314727783203125">
        <ele>5.19999980926513671875</ele>
        <time>2026-08-09T11:24:21.000Z</time>
      </trkpt>
      <trkpt lat="57.65793233178555965423583984375" lon="-4.15113109163939952850341796875">
        <ele>5.400000095367431640625</ele>
        <time>2026-08-09T11:24:23.000Z</time>
      </trkpt>
      <trkpt lat="57.6579840481281280517578125" lon="-4.15047596208751201629638671875">
        <ele>6.599999904632568359375</ele>
        <time>2026-08-09T11:24:27.000Z</time>
      </trkpt>
      <trkpt lat="57.65801824629306793212890625" lon="-4.15019516833126544952392578125">
        <ele>7.80000019073486328125</ele>
        <time>2026-08-09T11:24:29.000Z</time>
      </trkpt>
      <trkpt lat="57.65802470035851001739501953125" lon="-4.15004379115998744964599609375">
        <ele>8.19999980926513671875</ele>
        <time>2026-08-09T11:24:30.000Z</time>
      </trkpt>
      <trkpt lat="57.65806325711309909820556640625" lon="-4.14941716007888317108154296875">
        <ele>8.6000003814697265625</ele>
        <time>2026-08-09T11:24:34.000Z</time>
      </trkpt>
      <trkpt lat="57.65810466371476650238037109375" lon="-4.14893168024718761444091796875">
        <ele>8</ele>
        <time>2026-08-09T11:24:37.000Z</time>
      </trkpt>
      <trkpt lat="57.65813265927135944366455078125" lon="-4.148460365831851959228515625">
        <ele>8</ele>
        <time>2026-08-09T11:24:40.000Z</time>
      </trkpt>
      <trkpt lat="57.65815076418220996856689453125" lon="-4.1483042947947978973388671875">
        <ele>8.19999980926513671875</ele>
        <time>2026-08-09T11:24:41.000Z</time>
      </trkpt>
      <trkpt lat="57.6581852138042449951171875" lon="-4.14782895706593990325927734375">
        <ele>8.80000019073486328125</ele>
        <time>2026-08-09T11:24:44.000Z</time>
      </trkpt>
      <trkpt lat="57.65819518826901912689208984375" lon="-4.147667773067951202392578125">
        <ele>8.80000019073486328125</ele>
        <time>2026-08-09T11:24:45.000Z</time>
      </trkpt>
      <trkpt lat="57.65824933536350727081298828125" lon="-4.14686235599219799041748046875">
        <ele>9</ele>
        <time>2026-08-09T11:24:50.000Z</time>
      </trkpt>
      <trkpt lat="57.6583090983331203460693359375" lon="-4.14605165831744670867919921875">
        <ele>7.80000019073486328125</ele>
        <time>2026-08-09T11:24:55.000Z</time>
      </trkpt>
      <trkpt lat="57.658404149115085601806640625" lon="-4.14499570615589618682861328125">
        <ele>7</ele>
        <time>2026-08-09T11:25:01.000Z</time>
      </trkpt>
      <trkpt lat="57.658492662012577056884765625" lon="-4.1439472138881683349609375">
        <ele>7.400000095367431640625</ele>
        <time>2026-08-09T11:25:07.000Z</time>
      </trkpt>
      <trkpt lat="57.65850163064897060394287109375" lon="-4.143767841160297393798828125">
        <ele>6.80000019073486328125</ele>
        <time>2026-08-09T11:25:08.000Z</time>
      </trkpt>
      <trkpt lat="57.6585499942302703857421875" lon="-4.1428339295089244842529296875">
        <ele>5.599999904632568359375</ele>
        <time>2026-08-09T11:25:13.000Z</time>
      </trkpt>
      <trkpt lat="57.658567763864994049072265625" lon="-4.1424661315977573394775390625">
        <ele>5.80000019073486328125</ele>
        <time>2026-08-09T11:25:15.000Z</time>
      </trkpt>
      <trkpt lat="57.6585920713841915130615234375" lon="-4.14174134843051433563232421875">
        <ele>6.599999904632568359375</ele>
        <time>2026-08-09T11:25:19.000Z</time>
      </trkpt>
      <trkpt lat="57.65858285129070281982421875" lon="-4.14155594073235988616943359375">
        <ele>6.400000095367431640625</ele>
        <time>2026-08-09T11:25:20.000Z</time>
      </trkpt>
      <trkpt lat="57.65857388265430927276611328125" lon="-4.14137564599514007568359375">
        <ele>6</ele>
        <time>2026-08-09T11:25:21.000Z</time>
      </trkpt>
      <trkpt lat="57.658565081655979156494140625" lon="-4.14099485613405704498291015625">
        <ele>5.599999904632568359375</ele>
        <time>2026-08-09T11:25:23.000Z</time>
      </trkpt>
      <trkpt lat="57.65860992483794689178466796875" lon="-4.1402452625334262847900390625">
        <ele>5</ele>
        <time>2026-08-09T11:25:27.000Z</time>
      </trkpt>
      <trkpt lat="57.65868075191974639892578125" lon="-4.13990311324596405029296875">
        <ele>4.80000019073486328125</ele>
        <time>2026-08-09T11:25:29.000Z</time>
      </trkpt>
      <trkpt lat="57.65872743912041187286376953125" lon="-4.1397389955818653106689453125">
        <ele>4.599999904632568359375</ele>
        <time>2026-08-09T11:25:30.000Z</time>
      </trkpt>
      <trkpt lat="57.6587724499404430389404296875" lon="-4.139573536813259124755859375">
        <ele>4.400000095367431640625</ele>
        <time>2026-08-09T11:25:31.000Z</time>
      </trkpt>
      <trkpt lat="57.658909074962139129638671875" lon="-4.13889862596988677978515625">
        <ele>4.400000095367431640625</ele>
        <time>2026-08-09T11:25:35.000Z</time>
      </trkpt>
      <trkpt lat="57.65895609743893146514892578125" lon="-4.13833938539028167724609375">
        <ele>4.599999904632568359375</ele>
        <time>2026-08-09T11:25:38.000Z</time>
      </trkpt>
      <trkpt lat="57.658962719142436981201171875" lon="-4.13743522949516773223876953125">
        <ele>5.599999904632568359375</ele>
        <time>2026-08-09T11:25:43.000Z</time>
      </trkpt>
      <trkpt lat="57.65895299613475799560546875" lon="-4.13725979626178741455078125">
        <ele>5.599999904632568359375</ele>
        <time>2026-08-09T11:25:44.000Z</time>
      </trkpt>
      <trkpt lat="57.65887345187366008758544921875" lon="-4.1362144052982330322265625">
        <ele>5.19999980926513671875</ele>
        <time>2026-08-09T11:25:50.000Z</time>
      </trkpt>
      <trkpt lat="57.658860124647617340087890625" lon="-4.13517513312399387359619140625">
        <ele>5.400000095367431640625</ele>
        <time>2026-08-09T11:25:56.000Z</time>
      </trkpt>
      <trkpt lat="57.6589679159224033355712890625" lon="-4.13467548787593841552734375">
        <ele>5</ele>
        <time>2026-08-09T11:25:59.000Z</time>
      </trkpt>
      <trkpt lat="57.65902281738817691802978515625" lon="-4.134515225887298583984375">
        <ele>5.19999980926513671875</ele>
        <time>2026-08-09T11:26:00.000Z</time>
      </trkpt>
      <trkpt lat="57.65925080515444278717041015625" lon="-4.133683405816555023193359375">
        <ele>4.80000019073486328125</ele>
        <time>2026-08-09T11:26:05.000Z</time>
      </trkpt>
      <trkpt lat="57.65927745960652828216552734375" lon="-4.13350679911673069000244140625">
        <ele>4.80000019073486328125</ele>
        <time>2026-08-09T11:26:06.000Z</time>
      </trkpt>
      <trkpt lat="57.65929539687931537628173828125" lon="-4.1331571899354457855224609375">
        <ele>5.19999980926513671875</ele>
        <time>2026-08-09T11:26:08.000Z</time>
      </trkpt>
      <trkpt lat="57.65927829779684543609619140625" lon="-4.1322519443929195404052734375">
        <ele>5.599999904632568359375</ele>
        <time>2026-08-09T11:26:13.000Z</time>
      </trkpt>
      <trkpt lat="57.659231610596179962158203125" lon="-4.13117864169180393218994140625">
        <ele>5.400000095367431640625</ele>
        <time>2026-08-09T11:26:19.000Z</time>
      </trkpt>
      <trkpt lat="57.6591724343597888946533203125" lon="-4.13011413998901844024658203125">
        <ele>5.400000095367431640625</ele>
        <time>2026-08-09T11:26:25.000Z</time>
      </trkpt>
      <trkpt lat="57.65915374271571636199951171875" lon="-4.1297541372478008270263671875">
        <ele>5.19999980926513671875</ele>
        <time>2026-08-09T11:26:27.000Z</time>
      </trkpt>
      <trkpt lat="57.6590845920145511627197265625" lon="-4.1286755539476871490478515625">
        <ele>5</ele>
        <time>2026-08-09T11:26:33.000Z</time>
      </trkpt>
      <trkpt lat="57.659069336950778961181640625" lon="-4.1283171437680721282958984375">
        <ele>5.400000095367431640625</ele>
        <time>2026-08-09T11:26:35.000Z</time>
      </trkpt>
      <trkpt lat="57.65908350236713886260986328125" lon="-4.1275892592966556549072265625">
        <ele>4.400000095367431640625</ele>
        <time>2026-08-09T11:26:39.000Z</time>
      </trkpt>
      <trkpt lat="57.6590959914028644561767578125" lon="-4.12741181440651416778564453125">
        <ele>4</ele>
        <time>2026-08-09T11:26:40.000Z</time>
      </trkpt>
      <trkpt lat="57.6592307724058628082275390625" lon="-4.12634999491274356842041015625">
        <ele>4</ele>
        <time>2026-08-09T11:26:46.000Z</time>
      </trkpt>
      <trkpt lat="57.65941257588565349578857421875" lon="-4.1255284845829010009765625">
        <ele>4.19999980926513671875</ele>
        <time>2026-08-09T11:26:51.000Z</time>
      </trkpt>
      <trkpt lat="57.659478373825550079345703125" lon="-4.124830104410648345947265625">
        <ele>4.599999904632568359375</ele>
        <time>2026-08-09T11:26:55.000Z</time>
      </trkpt>
      <trkpt lat="57.659485749900341033935546875" lon="-4.12464444525539875030517578125">
        <ele>4.400000095367431640625</ele>
        <time>2026-08-09T11:26:56.000Z</time>
      </trkpt>
      <trkpt lat="57.6595261506736278533935546875" lon="-4.1235022433102130889892578125">
        <ele>4.599999904632568359375</ele>
        <time>2026-08-09T11:27:02.000Z</time>
      </trkpt>
      <trkpt lat="57.6595637015998363494873046875" lon="-4.1227497160434722900390625">
        <ele>4.19999980926513671875</ele>
        <time>2026-08-09T11:27:06.000Z</time>
      </trkpt>
      <trkpt lat="57.65961860306560993194580078125" lon="-4.122004397213459014892578125">
        <ele>4.80000019073486328125</ele>
        <time>2026-08-09T11:27:10.000Z</time>
      </trkpt>
      <trkpt lat="57.65968616120517253875732421875" lon="-4.1212659515440464019775390625">
        <ele>4.80000019073486328125</ele>
        <time>2026-08-09T11:27:14.000Z</time>
      </trkpt>
      <trkpt lat="57.6598455011844635009765625" lon="-4.120370931923389434814453125">
        <ele>5</ele>
        <time>2026-08-09T11:27:19.000Z</time>
      </trkpt>
      <trkpt lat="57.66004867851734161376953125" lon="-4.11933819763362407684326171875">
        <ele>5.400000095367431640625</ele>
        <time>2026-08-09T11:27:25.000Z</time>
      </trkpt>
      <trkpt lat="57.660103328526020050048828125" lon="-4.1189907677471637725830078125">
        <ele>5.400000095367431640625</ele>
        <time>2026-08-09T11:27:27.000Z</time>
      </trkpt>
      <trkpt lat="57.6602775044739246368408203125" lon="-4.11797010339796543121337890625">
        <ele>4.80000019073486328125</ele>
        <time>2026-08-09T11:27:33.000Z</time>
      </trkpt>
      <trkpt lat="57.66032150946557521820068359375" lon="-4.11781436763703823089599609375">
        <ele>4.599999904632568359375</ele>
        <time>2026-08-09T11:27:34.000Z</time>
      </trkpt>
      <trkpt lat="57.66037448309361934661865234375" lon="-4.1176647506654262542724609375">
        <ele>4.400000095367431640625</ele>
        <time>2026-08-09T11:27:35.000Z</time>
      </trkpt>
      <trkpt lat="57.66043198294937610626220703125" lon="-4.11752016283571720123291015625">
        <ele>4.19999980926513671875</ele>
        <time>2026-08-09T11:27:36.000Z</time>
      </trkpt>
      <trkpt lat="57.66070104204118251800537109375" lon="-4.11699763499200344085693359375">
        <ele>3.599999904632568359375</ele>
        <time>2026-08-09T11:27:40.000Z</time>
      </trkpt>
      <trkpt lat="57.66102223657071590423583984375" lon="-4.11636044271290302276611328125">
        <ele>5.19999980926513671875</ele>
        <time>2026-08-09T11:27:45.000Z</time>
      </trkpt>
      <trkpt lat="57.66107252798974514007568359375" lon="-4.1162116639316082000732421875">
        <ele>5.19999980926513671875</ele>
        <time>2026-08-09T11:27:46.000Z</time>
      </trkpt>
      <trkpt lat="57.66120605170726776123046875" lon="-4.1155843622982501983642578125">
        <ele>6.19999980926513671875</ele>
        <time>2026-08-09T11:27:50.000Z</time>
      </trkpt>
      <trkpt lat="57.6612226478755474090576171875" lon="-4.11542535759508609771728515625">
        <ele>6.400000095367431640625</ele>
        <time>2026-08-09T11:27:51.000Z</time>
      </trkpt>
      <trkpt lat="57.6613416709005832672119140625" lon="-4.1144504584372043609619140625">
        <ele>6.80000019073486328125</ele>
        <time>2026-08-09T11:27:57.000Z</time>
      </trkpt>
      <trkpt lat="57.6614291779696941375732421875" lon="-4.113945700228214263916015625">
        <ele>6.400000095367431640625</ele>
        <time>2026-08-09T11:28:00.000Z</time>
      </trkpt>
      <trkpt lat="57.66155448742210865020751953125" lon="-4.11324790678918361663818359375">
        <ele>6.400000095367431640625</ele>
        <time>2026-08-09T11:28:04.000Z</time>
      </trkpt>
      <trkpt lat="57.6617242209613323211669921875" lon="-4.1121776215732097625732421875">
        <ele>6</ele>
        <time>2026-08-09T11:28:10.000Z</time>
      </trkpt>
      <trkpt lat="57.6618261449038982391357421875" lon="-4.1116441972553730010986328125">
        <ele>5.80000019073486328125</ele>
        <time>2026-08-09T11:28:13.000Z</time>
      </trkpt>
      <trkpt lat="57.66195983625948429107666015625" lon="-4.1111496649682521820068359375">
        <ele>5.400000095367431640625</ele>
        <time>2026-08-09T11:28:16.000Z</time>
      </trkpt>
      <trkpt lat="57.6620985567569732666015625" lon="-4.1106665320694446563720703125">
        <ele>5</ele>
        <time>2026-08-09T11:28:19.000Z</time>
      </trkpt>
      <trkpt lat="57.66236501745879650115966796875" lon="-4.109680317342281341552734375">
        <ele>6.19999980926513671875</ele>
        <time>2026-08-09T11:28:25.000Z</time>
      </trkpt>
      <trkpt lat="57.6624081842601299285888671875" lon="-4.10951770842075347900390625">
        <ele>6.19999980926513671875</ele>
        <time>2026-08-09T11:28:26.000Z</time>
      </trkpt>
      <trkpt lat="57.6625319011509418487548828125" lon="-4.10903331823647022247314453125">
        <ele>6.400000095367431640625</ele>
        <time>2026-08-09T11:28:29.000Z</time>
      </trkpt>
      <trkpt lat="57.6627194881439208984375" lon="-4.1082740016281604766845703125">
        <ele>7.19999980926513671875</ele>
        <time>2026-08-09T11:28:34.000Z</time>
      </trkpt>
      <trkpt lat="57.662754356861114501953125" lon="-4.10812270827591419219970703125">
        <ele>7.599999904632568359375</ele>
        <time>2026-08-09T11:28:35.000Z</time>
      </trkpt>
      <trkpt lat="57.662920989096164703369140625" lon="-4.10715610720217227935791015625">
        <ele>7.599999904632568359375</ele>
        <time>2026-08-09T11:28:41.000Z</time>
      </trkpt>
      <trkpt lat="57.66301117837429046630859375" lon="-4.10642118193209171295166015625">
        <ele>6.400000095367431640625</ele>
        <time>2026-08-09T11:28:45.000Z</time>
      </trkpt>
      <trkpt lat="57.663064487278461456298828125" lon="-4.106043912470340728759765625">
        <ele>6.19999980926513671875</ele>
        <time>2026-08-09T11:28:47.000Z</time>
      </trkpt>
      <trkpt lat="57.663174457848072052001953125" lon="-4.10529666580259799957275390625">
        <ele>6.19999980926513671875</ele>
        <time>2026-08-09T11:28:51.000Z</time>
      </trkpt>
      <trkpt lat="57.66328669153153896331787109375" lon="-4.104362837970256805419921875">
        <ele>5.80000019073486328125</ele>
        <time>2026-08-09T11:28:56.000Z</time>
      </trkpt>
      <trkpt lat="57.6634076423943042755126953125" lon="-4.1032398305833339691162109375">
        <ele>5.599999904632568359375</ele>
        <time>2026-08-09T11:29:02.000Z</time>
      </trkpt>
      <trkpt lat="57.6635011844336986541748046875" lon="-4.102285802364349365234375">
        <ele>5.400000095367431640625</ele>
        <time>2026-08-09T11:29:07.000Z</time>
      </trkpt>
      <trkpt lat="57.66361190937459468841552734375" lon="-4.10109288990497589111328125">
        <ele>4.599999904632568359375</ele>
        <time>2026-08-09T11:29:13.000Z</time>
      </trkpt>
      <trkpt lat="57.66365633346140384674072265625" lon="-4.10048159770667552947998046875">
        <ele>4.599999904632568359375</ele>
        <time>2026-08-09T11:29:16.000Z</time>
      </trkpt>
      <trkpt lat="57.6636944711208343505859375" lon="-4.0994880907237529754638671875">
        <ele>5</ele>
        <time>2026-08-09T11:29:21.000Z</time>
      </trkpt>
      <trkpt lat="57.6637110672891139984130859375" lon="-4.0986835956573486328125">
        <ele>5</ele>
        <time>2026-08-09T11:29:25.000Z</time>
      </trkpt>
      <trkpt lat="57.66372598707675933837890625" lon="-4.0975337661802768707275390625">
        <ele>5.19999980926513671875</ele>
        <time>2026-08-09T11:29:31.000Z</time>
      </trkpt>
      <trkpt lat="57.6637315191328525543212890625" lon="-4.0973491966724395751953125">
        <ele>5</ele>
        <time>2026-08-09T11:29:32.000Z</time>
      </trkpt>
      <trkpt lat="57.66378122381865978240966796875" lon="-4.09626717679202556610107421875">
        <ele>5.80000019073486328125</ele>
        <time>2026-08-09T11:29:38.000Z</time>
      </trkpt>
      <trkpt lat="57.66380419023334980010986328125" lon="-4.09536905586719512939453125">
        <ele>5.599999904632568359375</ele>
        <time>2026-08-09T11:29:43.000Z</time>
      </trkpt>
      <trkpt lat="57.6638227142393589019775390625" lon="-4.094328694045543670654296875">
        <ele>6.400000095367431640625</ele>
        <time>2026-08-09T11:29:49.000Z</time>
      </trkpt>
      <trkpt lat="57.66383386217057704925537109375" lon="-4.09327584318816661834716796875">
        <ele>5.19999980926513671875</ele>
        <time>2026-08-09T11:29:55.000Z</time>
      </trkpt>
      <trkpt lat="57.66384090296924114227294921875" lon="-4.09293671138584613800048828125">
        <ele>5</ele>
        <time>2026-08-09T11:29:57.000Z</time>
      </trkpt>
      <trkpt lat="57.66387577168643474578857421875" lon="-4.091908000409603118896484375">
        <ele>4.599999904632568359375</ele>
        <time>2026-08-09T11:30:03.000Z</time>
      </trkpt>
      <trkpt lat="57.66390929929912090301513671875" lon="-4.09121607430279254913330078125">
        <ele>4.400000095367431640625</ele>
        <time>2026-08-09T11:30:07.000Z</time>
      </trkpt>
      <trkpt lat="57.66393385827541351318359375" lon="-4.09069874323904514312744140625">
        <ele>4.400000095367431640625</ele>
        <time>2026-08-09T11:30:10.000Z</time>
      </trkpt>
      <trkpt lat="57.6640061102807521820068359375" lon="-4.08967179246246814727783203125">
        <ele>4</ele>
        <time>2026-08-09T11:30:16.000Z</time>
      </trkpt>
      <trkpt lat="57.66411046497523784637451171875" lon="-4.088639728724956512451171875">
        <ele>3.400000095367431640625</ele>
        <time>2026-08-09T11:30:22.000Z</time>
      </trkpt>
      <trkpt lat="57.66415522433817386627197265625" lon="-4.08828944899141788482666015625">
        <ele>3.599999904632568359375</ele>
        <time>2026-08-09T11:30:24.000Z</time>
      </trkpt>
      <trkpt lat="57.66433484852313995361328125" lon="-4.08725596033036708831787109375">
        <ele>4.400000095367431640625</ele>
        <time>2026-08-09T11:30:30.000Z</time>
      </trkpt>
      <trkpt lat="57.66458094120025634765625" lon="-4.08631148748099803924560546875">
        <ele>4.19999980926513671875</ele>
        <time>2026-08-09T11:30:36.000Z</time>
      </trkpt>
      <trkpt lat="57.66483734361827373504638671875" lon="-4.085393585264682769775390625">
        <ele>3.599999904632568359375</ele>
        <time>2026-08-09T11:30:42.000Z</time>
      </trkpt>
      <trkpt lat="57.66497581265866756439208984375" lon="-4.08494154922664165496826171875">
        <ele>3</ele>
        <time>2026-08-09T11:30:45.000Z</time>
      </trkpt>
      <trkpt lat="57.6652332209050655364990234375" lon="-4.08420662395656108856201171875">
        <ele>3.7999999523162841796875</ele>
        <time>2026-08-09T11:30:50.000Z</time>
      </trkpt>
      <trkpt lat="57.66529373824596405029296875" lon="-4.0840734355151653289794921875">
        <ele>4.19999980926513671875</ele>
        <time>2026-08-09T11:30:51.000Z</time>
      </trkpt>
      <trkpt lat="57.665623314678668975830078125" lon="-4.08343766815960407257080078125">
        <ele>4</ele>
        <time>2026-08-09T11:30:56.000Z</time>
      </trkpt>
      <trkpt lat="57.66594107262790203094482421875" lon="-4.0828384459018707275390625">
        <ele>5</ele>
        <time>2026-08-09T11:31:01.000Z</time>
      </trkpt>
      <trkpt lat="57.6660023443400859832763671875" lon="-4.0827155672013759613037109375">
        <ele>5.19999980926513671875</ele>
        <time>2026-08-09T11:31:02.000Z</time>
      </trkpt>
      <trkpt lat="57.66606478951871395111083984375" lon="-4.0825903415679931640625">
        <ele>5.400000095367431640625</ele>
        <time>2026-08-09T11:31:03.000Z</time>
      </trkpt>
      <trkpt lat="57.66646192409098148345947265625" lon="-4.08171300776302814483642578125">
        <ele>5.599999904632568359375</ele>
        <time>2026-08-09T11:31:10.000Z</time>
      </trkpt>
      <trkpt lat="57.66671103425323963165283203125" lon="-4.08107715658843517303466796875">
        <ele>6</ele>
        <time>2026-08-09T11:31:15.000Z</time>
      </trkpt>
      <trkpt lat="57.6670644991099834442138671875" lon="-4.080242402851581573486328125">
        <ele>5.599999904632568359375</ele>
        <time>2026-08-09T11:31:22.000Z</time>
      </trkpt>
      <trkpt lat="57.66733883880078792572021484375" lon="-4.07959640957415103912353515625">
        <ele>5.80000019073486328125</ele>
        <time>2026-08-09T11:31:27.000Z</time>
      </trkpt>
      <trkpt lat="57.6675000227987766265869140625" lon="-4.0791948325932025909423828125">
        <ele>6.19999980926513671875</ele>
        <time>2026-08-09T11:31:30.000Z</time>
      </trkpt>
      <trkpt lat="57.66755190677940845489501953125" lon="-4.0790600515902042388916015625">
        <ele>6.400000095367431640625</ele>
        <time>2026-08-09T11:31:31.000Z</time>
      </trkpt>
      <trkpt lat="57.66770294867455959320068359375" lon="-4.0786429680883884429931640625">
        <ele>6.19999980926513671875</ele>
        <time>2026-08-09T11:31:34.000Z</time>
      </trkpt>
      <trkpt lat="57.667746283113956451416015625" lon="-4.07849930226802825927734375">
        <ele>6.19999980926513671875</ele>
        <time>2026-08-09T11:31:35.000Z</time>
      </trkpt>
      <trkpt lat="57.6677883602678775787353515625" lon="-4.078352451324462890625">
        <ele>6.19999980926513671875</ele>
        <time>2026-08-09T11:31:36.000Z</time>
      </trkpt>
      <trkpt lat="57.6678865961730480194091796875" lon="-4.0778911113739013671875">
        <ele>6.19999980926513671875</ele>
        <time>2026-08-09T11:31:39.000Z</time>
      </trkpt>
      <trkpt lat="57.66801006160676479339599609375" lon="-4.077225588262081146240234375">
        <ele>6.80000019073486328125</ele>
        <time>2026-08-09T11:31:43.000Z</time>
      </trkpt>
      <trkpt lat="57.6681115664541721343994140625" lon="-4.07669157721102237701416015625">
        <ele>5.19999980926513671875</ele>
        <time>2026-08-09T11:31:46.000Z</time>
      </trkpt>
      <trkpt lat="57.66823184676468372344970703125" lon="-4.0761558897793292999267578125">
        <ele>4.400000095367431640625</ele>
        <time>2026-08-09T11:31:49.000Z</time>
      </trkpt>
      <trkpt lat="57.6683311723172664642333984375" lon="-4.07582371495664119720458984375">
        <ele>4.80000019073486328125</ele>
        <time>2026-08-09T11:31:51.000Z</time>
      </trkpt>
      <trkpt lat="57.6684374548494815826416015625" lon="-4.07550654374063014984130859375">
        <ele>5.400000095367431640625</ele>
        <time>2026-08-09T11:31:53.000Z</time>
      </trkpt>
      <trkpt lat="57.6687385328114032745361328125" lon="-4.074757955968379974365234375">
        <ele>5.599999904632568359375</ele>
        <time>2026-08-09T11:31:58.000Z</time>
      </trkpt>
      <trkpt lat="57.6688578911125659942626953125" lon="-4.0744583867490291595458984375">
        <ele>6.19999980926513671875</ele>
        <time>2026-08-09T11:32:00.000Z</time>
      </trkpt>
      <trkpt lat="57.66912653110921382904052734375" lon="-4.07370912842452526092529296875">
        <ele>5.400000095367431640625</ele>
        <time>2026-08-09T11:32:05.000Z</time>
      </trkpt>
      <trkpt lat="57.66948259435594081878662109375" lon="-4.07272207550704479217529296875">
        <ele>6</ele>
        <time>2026-08-09T11:32:11.000Z</time>
      </trkpt>
      <trkpt lat="57.6697678305208683013916015625" lon="-4.07167282886803150177001953125">
        <ele>6</ele>
        <time>2026-08-09T11:32:17.000Z</time>
      </trkpt>
      <trkpt lat="57.670057676732540130615234375" lon="-4.07064269296824932098388671875">
        <ele>5.80000019073486328125</ele>
        <time>2026-08-09T11:32:23.000Z</time>
      </trkpt>
      <trkpt lat="57.67023612745106220245361328125" lon="-4.07022200524806976318359375">
        <ele>6.19999980926513671875</ele>
        <time>2026-08-09T11:32:26.000Z</time>
      </trkpt>
      <trkpt lat="57.67037292011082172393798828125" lon="-4.06997582875192165374755859375">
        <ele>6.599999904632568359375</ele>
        <time>2026-08-09T11:32:28.000Z</time>
      </trkpt>
      <trkpt lat="57.67077005468308925628662109375" lon="-4.0693876706063747406005859375">
        <ele>6.400000095367431640625</ele>
        <time>2026-08-09T11:32:33.000Z</time>
      </trkpt>
      <trkpt lat="57.6711283810436725616455078125" lon="-4.068683087825775146484375">
        <ele>6.400000095367431640625</ele>
        <time>2026-08-09T11:32:38.000Z</time>
      </trkpt>
      <trkpt lat="57.6715337298810482025146484375" lon="-4.0677813626825809478759765625">
        <ele>6.80000019073486328125</ele>
        <time>2026-08-09T11:32:44.000Z</time>
      </trkpt>
      <trkpt lat="57.671659290790557861328125" lon="-4.06748204492032527923583984375">
        <ele>7.19999980926513671875</ele>
        <time>2026-08-09T11:32:46.000Z</time>
      </trkpt>
      <trkpt lat="57.67198509536683559417724609375" lon="-4.06663781963288784027099609375">
        <ele>7.80000019073486328125</ele>
        <time>2026-08-09T11:32:52.000Z</time>
      </trkpt>
      <trkpt lat="57.672138400375843048095703125" lon="-4.0662602148950099945068359375">
        <ele>8.19999980926513671875</ele>
        <time>2026-08-09T11:32:55.000Z</time>
      </trkpt>
      <trkpt lat="57.6724111475050449371337890625" lon="-4.0656074322760105133056640625">
        <ele>8.80000019073486328125</ele>
        <time>2026-08-09T11:33:00.000Z</time>
      </trkpt>
      <trkpt lat="57.67279176972806453704833984375" lon="-4.06478290446102619171142578125">
        <ele>8.80000019073486328125</ele>
        <time>2026-08-09T11:33:06.000Z</time>
      </trkpt>
      <trkpt lat="57.67286201007664203643798828125" lon="-4.06463085673749446868896484375">
        <ele>8.3999996185302734375</ele>
        <time>2026-08-09T11:33:07.000Z</time>
      </trkpt>
      <trkpt lat="57.6730049215257167816162109375" lon="-4.06431703828275203704833984375">
        <ele>7.19999980926513671875</ele>
        <time>2026-08-09T11:33:09.000Z</time>
      </trkpt>
      <trkpt lat="57.67314733006060123443603515625" lon="-4.06398561783134937286376953125">
        <ele>6.19999980926513671875</ele>
        <time>2026-08-09T11:33:11.000Z</time>
      </trkpt>
      <trkpt lat="57.67336492426693439483642578125" lon="-4.06349502503871917724609375">
        <ele>5.19999980926513671875</ele>
        <time>2026-08-09T11:33:14.000Z</time>
      </trkpt>
      <trkpt lat="57.67343617044389247894287109375" lon="-4.06333048827946186065673828125">
        <ele>4.80000019073486328125</ele>
        <time>2026-08-09T11:33:15.000Z</time>
      </trkpt>
      <trkpt lat="57.67371243797242641448974609375" lon="-4.06268323771655559539794921875">
        <ele>3.400000095367431640625</ele>
        <time>2026-08-09T11:33:19.000Z</time>
      </trkpt>
      <trkpt lat="57.67390639521181583404541015625" lon="-4.06221435405313968658447265625">
        <ele>3.2000000476837158203125</ele>
        <time>2026-08-09T11:33:22.000Z</time>
      </trkpt>
      <trkpt lat="57.67403296194970607757568359375" lon="-4.06190581619739532470703125">
        <ele>4</ele>
        <time>2026-08-09T11:33:24.000Z</time>
      </trkpt>
      <trkpt lat="57.67422457225620746612548828125" lon="-4.0614371001720428466796875">
        <ele>4</ele>
        <time>2026-08-09T11:33:27.000Z</time>
      </trkpt>
      <trkpt lat="57.674404196441173553466796875" lon="-4.0609447471797466278076171875">
        <ele>4.19999980926513671875</ele>
        <time>2026-08-09T11:33:30.000Z</time>
      </trkpt>
      <trkpt lat="57.67445825971662998199462890625" lon="-4.060771577060222625732421875">
        <ele>4.400000095367431640625</ele>
        <time>2026-08-09T11:33:31.000Z</time>
      </trkpt>
      <trkpt lat="57.67470535822212696075439453125" lon="-4.05988686718046665191650390625">
        <ele>5.19999980926513671875</ele>
        <time>2026-08-09T11:33:36.000Z</time>
      </trkpt>
      <trkpt lat="57.67485857941210269927978515625" lon="-4.05933651141822338104248046875">
        <ele>5.599999904632568359375</ele>
        <time>2026-08-09T11:33:39.000Z</time>
      </trkpt>
      <trkpt lat="57.6751060970127582550048828125" lon="-4.05840377323329448699951171875">
        <ele>6</ele>
        <time>2026-08-09T11:33:44.000Z</time>
      </trkpt>
      <trkpt lat="57.67520659603178501129150390625" lon="-4.05801787041127681732177734375">
        <ele>6</ele>
        <time>2026-08-09T11:33:46.000Z</time>
      </trkpt>
      <trkpt lat="57.6753776706755161285400390625" lon="-4.057015813887119293212890625">
        <ele>5.599999904632568359375</ele>
        <time>2026-08-09T11:33:51.000Z</time>
      </trkpt>
      <trkpt lat="57.67546459101140499114990234375" lon="-4.055964387953281402587890625">
        <ele>5.19999980926513671875</ele>
        <time>2026-08-09T11:33:56.000Z</time>
      </trkpt>
      <trkpt lat="57.67553734593093395233154296875" lon="-4.05489728786051273345947265625">
        <ele>6.19999980926513671875</ele>
        <time>2026-08-09T11:34:01.000Z</time>
      </trkpt>
      <trkpt lat="57.6756043173372745513916015625" lon="-4.053829349577426910400390625">
        <ele>6.19999980926513671875</ele>
        <time>2026-08-09T11:34:06.000Z</time>
      </trkpt>
      <trkpt lat="57.67567732371389865875244140625" lon="-4.05278840102255344390869140625">
        <ele>5.400000095367431640625</ele>
        <time>2026-08-09T11:34:11.000Z</time>
      </trkpt>
      <trkpt lat="57.6757442951202392578125" lon="-4.05218574218451976776123046875">
        <ele>5.400000095367431640625</ele>
        <time>2026-08-09T11:34:14.000Z</time>
      </trkpt>
      <trkpt lat="57.675895504653453826904296875" lon="-4.05119818635284900665283203125">
        <ele>4.80000019073486328125</ele>
        <time>2026-08-09T11:34:19.000Z</time>
      </trkpt>
      <trkpt lat="57.675946466624736785888671875" lon="-4.050797112286090850830078125">
        <ele>4.80000019073486328125</ele>
        <time>2026-08-09T11:34:21.000Z</time>
      </trkpt>
      <trkpt lat="57.67606020905077457427978515625" lon="-4.0497773699462413787841796875">
        <ele>4.80000019073486328125</ele>
        <time>2026-08-09T11:34:26.000Z</time>
      </trkpt>
      <trkpt lat="57.67613598145544528961181640625" lon="-4.0489836037158966064453125">
        <ele>4.599999904632568359375</ele>
        <time>2026-08-09T11:34:30.000Z</time>
      </trkpt>
      <trkpt lat="57.67622918821871280670166015625" lon="-4.0479641966521739959716796875">
        <ele>4</ele>
        <time>2026-08-09T11:34:35.000Z</time>
      </trkpt>
      <trkpt lat="57.6762785576283931732177734375" lon="-4.0475652180612087249755859375">
        <ele>4.19999980926513671875</ele>
        <time>2026-08-09T11:34:37.000Z</time>
      </trkpt>
      <trkpt lat="57.67642180435359477996826171875" lon="-4.04658428393304347991943359375">
        <ele>4.80000019073486328125</ele>
        <time>2026-08-09T11:34:42.000Z</time>
      </trkpt>
      <trkpt lat="57.6765212975442409515380859375" lon="-4.0460092015564441680908203125">
        <ele>4.599999904632568359375</ele>
        <time>2026-08-09T11:34:45.000Z</time>
      </trkpt>
      <trkpt lat="57.6767117343842983245849609375" lon="-4.04506196267902851104736328125">
        <ele>4.599999904632568359375</ele>
        <time>2026-08-09T11:34:50.000Z</time>
      </trkpt>
      <trkpt lat="57.67675791867077350616455078125" lon="-4.04488024301826953887939453125">
        <ele>4.80000019073486328125</ele>
        <time>2026-08-09T11:34:51.000Z</time>
      </trkpt>
      <trkpt lat="57.67704742960631847381591796875" lon="-4.04385857284069061279296875">
        <ele>5</ele>
        <time>2026-08-09T11:34:57.000Z</time>
      </trkpt>
      <trkpt lat="57.67709738574922084808349609375" lon="-4.0436862409114837646484375">
        <ele>4.80000019073486328125</ele>
        <time>2026-08-09T11:34:58.000Z</time>
      </trkpt>
      <trkpt lat="57.6773001439869403839111328125" lon="-4.04299649409949779510498046875">
        <ele>3.400000095367431640625</ele>
        <time>2026-08-09T11:35:02.000Z</time>
      </trkpt>
      <trkpt lat="57.6774946041405200958251953125" lon="-4.0425203181803226470947265625">
        <ele>3.2000000476837158203125</ele>
        <time>2026-08-09T11:35:05.000Z</time>
      </trkpt>
      <trkpt lat="57.67778973095118999481201171875" lon="-4.04193500988185405731201171875">
        <ele>1.7999999523162841796875</ele>
        <time>2026-08-09T11:35:09.000Z</time>
      </trkpt>
      <trkpt lat="57.6780219934880733489990234375" lon="-4.041523039340972900390625">
        <ele>1.60000002384185791015625</ele>
        <time>2026-08-09T11:35:12.000Z</time>
      </trkpt>
      <trkpt lat="57.6781031303107738494873046875" lon="-4.04139697551727294921875">
        <ele>1.39999997615814208984375</ele>
        <time>2026-08-09T11:35:13.000Z</time>
      </trkpt>
      <trkpt lat="57.67844335176050662994384765625" lon="-4.04092549346387386322021484375">
        <ele>1.7999999523162841796875</ele>
        <time>2026-08-09T11:35:17.000Z</time>
      </trkpt>
      <trkpt lat="57.67861501313745975494384765625" lon="-4.0406977571547031402587890625">
        <ele>2</ele>
        <time>2026-08-09T11:35:19.000Z</time>
      </trkpt>
      <trkpt lat="57.679145671427249908447265625" lon="-4.040105827152729034423828125">
        <ele>0.800000011920928955078125</ele>
        <time>2026-08-09T11:35:25.000Z</time>
      </trkpt>
      <trkpt lat="57.6792325079441070556640625" lon="-4.040013961493968963623046875">
        <ele>1</ele>
        <time>2026-08-09T11:35:26.000Z</time>
      </trkpt>
      <trkpt lat="57.67940341494977474212646484375" lon="-4.0398428030312061309814453125">
        <ele>0.800000011920928955078125</ele>
        <time>2026-08-09T11:35:28.000Z</time>
      </trkpt>
      <trkpt lat="57.6797325722873210906982421875" lon="-4.03953912667930126190185546875">
        <ele>0.60000002384185791015625</ele>
        <time>2026-08-09T11:35:32.000Z</time>
      </trkpt>
      <trkpt lat="57.679815553128719329833984375" lon="-4.0394669584929943084716796875">
        <ele>0.800000011920928955078125</ele>
        <time>2026-08-09T11:35:33.000Z</time>
      </trkpt>
      <trkpt lat="57.6798951812088489532470703125" lon="-4.03939512558281421661376953125">
        <ele>1</ele>
        <time>2026-08-09T11:35:34.000Z</time>
      </trkpt>
      <trkpt lat="57.6800504140555858612060546875" lon="-4.03925984166562557220458984375">
        <ele>1.2000000476837158203125</ele>
        <time>2026-08-09T11:35:36.000Z</time>
      </trkpt>
      <trkpt lat="57.68027043901383876800537109375" lon="-4.039082229137420654296875">
        <ele>1.2000000476837158203125</ele>
        <time>2026-08-09T11:35:39.000Z</time>
      </trkpt>
      <trkpt lat="57.6803360693156719207763671875" lon="-4.03902866877615451812744140625">
        <ele>1.60000002384185791015625</ele>
        <time>2026-08-09T11:35:40.000Z</time>
      </trkpt>
      <trkpt lat="57.6803944073617458343505859375" lon="-4.03897452168166637420654296875">
        <ele>1.7999999523162841796875</ele>
        <time>2026-08-09T11:35:41.000Z</time>
      </trkpt>
      <trkpt lat="57.68060646951198577880859375" lon="-4.0388104878365993499755859375">
        <ele>2.599999904632568359375</ele>
        <time>2026-08-09T11:35:45.000Z</time>
      </trkpt>
      <trkpt lat="57.68095272593200206756591796875" lon="-4.03854352422058582305908203125">
        <ele>2.599999904632568359375</ele>
        <time>2026-08-09T11:35:51.000Z</time>
      </trkpt>
      <trkpt lat="57.68106034956872463226318359375" lon="-4.03844629414379596710205078125">
        <ele>2.599999904632568359375</ele>
        <time>2026-08-09T11:35:53.000Z</time>
      </trkpt>
      <trkpt lat="57.68108256161212921142578125" lon="-4.0383612178266048431396484375">
        <ele>2.599999904632568359375</ele>
        <time>2026-08-09T11:35:54.000Z</time>
      </trkpt>
      <trkpt lat="57.68107577227056026458740234375" lon="-4.03828586451709270477294921875">
        <ele>2.599999904632568359375</ele>
        <time>2026-08-09T11:35:55.000Z</time>
      </trkpt>
      <trkpt lat="57.68105900846421718597412109375" lon="-4.03816013596951961517333984375">
        <ele>2.7999999523162841796875</ele>
        <time>2026-08-09T11:35:57.000Z</time>
      </trkpt>
      <trkpt lat="57.68104492686688899993896484375" lon="-4.0380980260670185089111328125">
        <ele>3</ele>
        <time>2026-08-09T11:35:58.000Z</time>
      </trkpt>
      <trkpt lat="57.680993713438510894775390625" lon="-4.0377992950379848480224609375">
        <ele>3.2000000476837158203125</ele>
        <time>2026-08-09T11:36:03.000Z</time>
      </trkpt>
      <trkpt lat="57.6809786260128021240234375" lon="-4.03746544383466243743896484375">
        <ele>3.599999904632568359375</ele>
        <time>2026-08-09T11:36:09.000Z</time>
      </trkpt>
      <trkpt lat="57.6809784583747386932373046875" lon="-4.03741079382598400115966796875">
        <ele>4</ele>
        <time>2026-08-09T11:36:10.000Z</time>
      </trkpt>
      <trkpt lat="57.6810025982558727264404296875" lon="-4.0371320955455303192138671875">
        <ele>4.599999904632568359375</ele>
        <time>2026-08-09T11:36:15.000Z</time>
      </trkpt>
      <trkpt lat="57.6810096390545368194580078125" lon="-4.03707970865070819854736328125">
        <ele>4.599999904632568359375</ele>
        <time>2026-08-09T11:36:16.000Z</time>
      </trkpt>
      <trkpt lat="57.68105548806488513946533203125" lon="-4.03682942502200603485107421875">
        <ele>4.80000019073486328125</ele>
        <time>2026-08-09T11:36:21.000Z</time>
      </trkpt>
      <trkpt lat="57.681070156395435333251953125" lon="-4.03679019771516323089599609375">
        <ele>5</ele>
        <time>2026-08-09T11:36:22.000Z</time>
      </trkpt>
      <trkpt lat="57.681064121425151824951171875" lon="-4.03674242086708545684814453125">
        <ele>5</ele>
        <time>2026-08-09T11:36:23.000Z</time>
      </trkpt>
      <trkpt lat="57.6810394786298274993896484375" lon="-4.03669774532318115234375">
        <ele>5.400000095367431640625</ele>
        <time>2026-08-09T11:36:25.000Z</time>
      </trkpt>
      <trkpt lat="57.68093428574502468109130859375" lon="-4.03655701316893100738525390625">
        <ele>5.400000095367431640625</ele>
        <time>2026-08-09T11:36:30.000Z</time>
      </trkpt>
      <trkpt lat="57.6807283423840999603271484375" lon="-4.0363891236484050750732421875">
        <ele>5.19999980926513671875</ele>
        <time>2026-08-09T11:36:37.000Z</time>
      </trkpt>
      <trkpt lat="57.680568583309650421142578125" lon="-4.03630086220800876617431640625">
        <ele>5.80000019073486328125</ele>
        <time>2026-08-09T11:36:42.000Z</time>
      </trkpt>
      <trkpt lat="57.6805422641336917877197265625" lon="-4.0363160334527492523193359375">
        <ele>6.400000095367431640625</ele>
        <time>2026-08-09T11:36:43.000Z</time>
      </trkpt>
      <trkpt lat="57.68052323721349239349365234375" lon="-4.03636422939598560333251953125">
        <ele>6.599999904632568359375</ele>
        <time>2026-08-09T11:36:44.000Z</time>
      </trkpt>
      <trkpt lat="57.680510580539703369140625" lon="-4.0364156104624271392822265625">
        <ele>6.599999904632568359375</ele>
        <time>2026-08-09T11:36:45.000Z</time>
      </trkpt>
      <trkpt lat="57.6804931461811065673828125" lon="-4.03647989965975284576416015625">
        <ele>6.599999904632568359375</ele>
        <time>2026-08-09T11:36:46.000Z</time>
      </trkpt>
      <trkpt lat="57.68036833964288234710693359375" lon="-4.0367160178720951080322265625">
        <ele>6</ele>
        <time>2026-08-09T11:36:51.000Z</time>
      </trkpt>
      <trkpt lat="57.6803241670131683349609375" lon="-4.03675138950347900390625">
        <ele>6</ele>
        <time>2026-08-09T11:36:52.000Z</time>
      </trkpt>
      <trkpt lat="57.68023498356342315673828125" lon="-4.03676806949079036712646484375">
        <ele>5.80000019073486328125</ele>
        <time>2026-08-09T11:36:54.000Z</time>
      </trkpt>
      <trkpt lat="57.680193074047565460205078125" lon="-4.03675876557826995849609375">
        <ele>6</ele>
        <time>2026-08-09T11:36:55.000Z</time>
      </trkpt>
      <trkpt lat="57.68015979789197444915771484375" lon="-4.0367339551448822021484375">
        <ele>6.19999980926513671875</ele>
        <time>2026-08-09T11:36:56.000Z</time>
      </trkpt>
      <trkpt lat="57.6800805889070034027099609375" lon="-4.0366479568183422088623046875">
        <ele>6.80000019073486328125</ele>
        <time>2026-08-09T11:36:58.000Z</time>
      </trkpt>
      <trkpt lat="57.6800406910479068756103515625" lon="-4.03660898096859455108642578125">
        <ele>7</ele>
        <time>2026-08-09T11:36:59.000Z</time>
      </trkpt>
      <trkpt lat="57.67995930276811122894287109375" lon="-4.03652113862335681915283203125">
        <ele>7.599999904632568359375</ele>
        <time>2026-08-09T11:37:01.000Z</time>
      </trkpt>
      <trkpt lat="57.67981915734708309173583984375" lon="-4.0363633073866367340087890625">
        <ele>8</ele>
        <time>2026-08-09T11:37:05.000Z</time>
      </trkpt>
      <trkpt lat="57.67969611100852489471435546875" lon="-4.0362322144210338592529296875">
        <ele>7.599999904632568359375</ele>
        <time>2026-08-09T11:37:10.000Z</time>
      </trkpt>
      <trkpt lat="57.67961313016712665557861328125" lon="-4.03616189025342464447021484375">
        <ele>8</ele>
        <time>2026-08-09T11:37:15.000Z</time>
      </trkpt>
      <trkpt lat="57.67960960976779460906982421875" lon="-4.036143533885478973388671875">
        <ele>8.19999980926513671875</ele>
        <time>2026-08-09T11:37:18.000Z</time>
      </trkpt>
      <trkpt lat="57.67960256896913051605224609375" lon="-4.036134146153926849365234375">
        <ele>8.19999980926513671875</ele>
        <time>2026-08-09T11:37:19.000Z</time>
      </trkpt>
      <trkpt lat="57.679598294198513031005859375" lon="-4.0361262671649456024169921875">
        <ele>7.80000019073486328125</ele>
        <time>2026-08-09T11:37:24.000Z</time>
      </trkpt>
      <trkpt lat="57.679602988064289093017578125" lon="-4.036131463944911956787109375">
        <ele>7.599999904632568359375</ele>
        <time>2026-08-09T11:37:26.000Z</time>
      </trkpt>
      <trkpt lat="57.67960659228265285491943359375" lon="-4.03615124523639678955078125">
        <ele>7.19999980926513671875</ele>
        <time>2026-08-09T11:37:33.000Z</time>
      </trkpt>
      <trkpt lat="57.6796008087694644927978515625" lon="-4.036124087870121002197265625">
        <ele>6.80000019073486328125</ele>
        <time>2026-08-09T11:37:38.000Z</time>
      </trkpt>
      <trkpt lat="57.67959603108465671539306640625" lon="-4.03610162436962127685546875">
        <ele>6.400000095367431640625</ele>
        <time>2026-08-09T11:37:41.000Z</time>
      </trkpt>
      <trkpt lat="57.6795972883701324462890625" lon="-4.03608997352421283721923828125">
        <ele>6.400000095367431640625</ele>
        <time>2026-08-09T11:37:43.000Z</time>
      </trkpt>
      <trkpt lat="57.67959619872272014617919921875" lon="-4.03608846478164196014404296875">
        <ele>6.400000095367431640625</ele>
        <time>2026-08-09T11:37:44.000Z</time>
      </trkpt>
      <trkpt lat="57.679595947265625" lon="-4.03607052750885486602783203125">
        <ele>6.19999980926513671875</ele>
        <time>2026-08-09T11:37:50.000Z</time>
      </trkpt>
      <trkpt lat="57.67958429642021656036376953125" lon="-4.03611310757696628570556640625">
        <ele>5.80000019073486328125</ele>
        <time>2026-08-09T11:37:57.000Z</time>
      </trkpt>
      <trkpt lat="57.67956434749066829681396484375" lon="-4.03611411340534687042236328125">
        <ele>5.80000019073486328125</ele>
        <time>2026-08-09T11:38:02.000Z</time>
      </trkpt>
      <trkpt lat="57.67956133000552654266357421875" lon="-4.03612199239432811737060546875">
        <ele>5.599999904632568359375</ele>
        <time>2026-08-09T11:38:03.000Z</time>
      </trkpt>
      <trkpt lat="57.6795863918960094451904296875" lon="-4.03616088442504405975341796875">
        <ele>5.400000095367431640625</ele>
        <time>2026-08-09T11:38:06.000Z</time>
      </trkpt>
      <trkpt lat="57.67961598001420497894287109375" lon="-4.03621067292988300323486328125">
        <ele>5.400000095367431640625</ele>
        <time>2026-08-09T11:38:08.000Z</time>
      </trkpt>
      <trkpt lat="57.67967440187931060791015625" lon="-4.03627839870750904083251953125">
        <ele>5.400000095367431640625</ele>
        <time>2026-08-09T11:38:11.000Z</time>
      </trkpt>
      <trkpt lat="57.67972058616578578948974609375" lon="-4.03633153997361660003662109375">
        <ele>5.400000095367431640625</ele>
        <time>2026-08-09T11:38:13.000Z</time>
      </trkpt>
      <trkpt lat="57.6798234321177005767822265625" lon="-4.036476798355579376220703125">
        <ele>4.19999980926513671875</ele>
        <time>2026-08-09T11:38:17.000Z</time>
      </trkpt>
      <trkpt lat="57.6798519305884838104248046875" lon="-4.036515690386295318603515625">
        <ele>3.7999999523162841796875</ele>
        <time>2026-08-09T11:38:18.000Z</time>
      </trkpt>
      <trkpt lat="57.68002040684223175048828125" lon="-4.03673336841166019439697265625">
        <ele>5.19999980926513671875</ele>
        <time>2026-08-09T11:38:24.000Z</time>
      </trkpt>
      <trkpt lat="57.680174969136714935302734375" lon="-4.03696261346340179443359375">
        <ele>5.19999980926513671875</ele>
        <time>2026-08-09T11:38:29.000Z</time>
      </trkpt>
      <trkpt lat="57.6801684312522411346435546875" lon="-4.03709898702800273895263671875">
        <ele>4.80000019073486328125</ele>
        <time>2026-08-09T11:38:31.000Z</time>
      </trkpt>
      <trkpt lat="57.680140770971775054931640625" lon="-4.0371525473892688751220703125">
        <ele>5.19999980926513671875</ele>
        <time>2026-08-09T11:38:32.000Z</time>
      </trkpt>
      <trkpt lat="57.68000825308263301849365234375" lon="-4.03737827204167842864990234375">
        <ele>6</ele>
        <time>2026-08-09T11:38:37.000Z</time>
      </trkpt>
      <trkpt lat="57.67997355200350284576416015625" lon="-4.03745253570377826690673828125">
        <ele>6.19999980926513671875</ele>
        <time>2026-08-09T11:38:38.000Z</time>
      </trkpt>
      <trkpt lat="57.67995561473071575164794921875" lon="-4.0375116281211376190185546875">
        <ele>6.19999980926513671875</ele>
        <time>2026-08-09T11:38:39.000Z</time>
      </trkpt>
      <trkpt lat="57.67993465997278690338134765625" lon="-4.03758161701261997222900390625">
        <ele>6</ele>
        <time>2026-08-09T11:38:40.000Z</time>
      </trkpt>
      <trkpt lat="57.67982594668865203857421875" lon="-4.0378764085471630096435546875">
        <ele>4.19999980926513671875</ele>
        <time>2026-08-09T11:38:45.000Z</time>
      </trkpt>
      <trkpt lat="57.67978596501052379608154296875" lon="-4.0380323119461536407470703125">
        <ele>4</ele>
        <time>2026-08-09T11:38:49.000Z</time>
      </trkpt>
      <trkpt lat="57.67968722619116306304931640625" lon="-4.03831503354012966156005859375">
        <ele>3.599999904632568359375</ele>
        <time>2026-08-09T11:38:55.000Z</time>
      </trkpt>
      <trkpt lat="57.67960927449166774749755859375" lon="-4.0385241620242595672607421875">
        <ele>3.599999904632568359375</ele>
        <time>2026-08-09T11:38:59.000Z</time>
      </trkpt>
      <trkpt lat="57.67944348044693470001220703125" lon="-4.0389761142432689666748046875">
        <ele>3.599999904632568359375</ele>
        <time>2026-08-09T11:39:06.000Z</time>
      </trkpt>
      <trkpt lat="57.67923611216247081756591796875" lon="-4.039509035646915435791015625">
        <ele>4</ele>
        <time>2026-08-09T11:39:13.000Z</time>
      </trkpt>
      <trkpt lat="57.679125554859638214111328125" lon="-4.0397646836936473846435546875">
        <ele>3</ele>
        <time>2026-08-09T11:39:17.000Z</time>
      </trkpt>
      <trkpt lat="57.6790831424295902252197265625" lon="-4.03990021906793117523193359375">
        <ele>2.599999904632568359375</ele>
        <time>2026-08-09T11:39:19.000Z</time>
      </trkpt>
      <trkpt lat="57.67907199449837207794189453125" lon="-4.03997213579714298248291015625">
        <ele>2.400000095367431640625</ele>
        <time>2026-08-09T11:39:20.000Z</time>
      </trkpt>
      <trkpt lat="57.6791113056242465972900390625" lon="-4.04005796648561954498291015625">
        <ele>2</ele>
        <time>2026-08-09T11:39:22.000Z</time>
      </trkpt>
      <trkpt lat="57.679204680025577545166015625" lon="-4.0400044061243534088134765625">
        <ele>2</ele>
        <time>2026-08-09T11:39:25.000Z</time>
      </trkpt>
      <trkpt lat="57.6794123835861682891845703125" lon="-4.0398126281797885894775390625">
        <ele>1.60000002384185791015625</ele>
        <time>2026-08-09T11:39:31.000Z</time>
      </trkpt>
      <trkpt lat="57.67966643907129764556884765625" lon="-4.03955371119081974029541015625">
        <ele>1.60000002384185791015625</ele>
        <time>2026-08-09T11:39:37.000Z</time>
      </trkpt>
      <trkpt lat="57.67982334829866886138916015625" lon="-4.03942613862454891204833984375">
        <ele>1.60000002384185791015625</ele>
        <time>2026-08-09T11:39:40.000Z</time>
      </trkpt>
      <trkpt lat="57.679992578923702239990234375" lon="-4.03928272426128387451171875">
        <ele>1.60000002384185791015625</ele>
        <time>2026-08-09T11:39:43.000Z</time>
      </trkpt>
      <trkpt lat="57.680106572806835174560546875" lon="-4.03918256051838397979736328125">
        <ele>1.60000002384185791015625</ele>
        <time>2026-08-09T11:39:45.000Z</time>
      </trkpt>
      <trkpt lat="57.680389545857906341552734375" lon="-4.03896211646497249603271484375">
        <ele>3</ele>
        <time>2026-08-09T11:39:50.000Z</time>
      </trkpt>
      <trkpt lat="57.68044578842818737030029296875" lon="-4.03892339207231998443603515625">
        <ele>3.2000000476837158203125</ele>
        <time>2026-08-09T11:39:51.000Z</time>
      </trkpt>
      <trkpt lat="57.680850885808467864990234375" lon="-4.038615524768829345703125">
        <ele>3</ele>
        <time>2026-08-09T11:39:58.000Z</time>
      </trkpt>
      <trkpt lat="57.680908553302288055419921875" lon="-4.03857973404228687286376953125">
        <ele>2.7999999523162841796875</ele>
        <time>2026-08-09T11:39:59.000Z</time>
      </trkpt>
      <trkpt lat="57.68132706172764301300048828125" lon="-4.03832442127168178558349609375">
        <ele>3.400000095367431640625</ele>
        <time>2026-08-09T11:40:06.000Z</time>
      </trkpt>
      <trkpt lat="57.681699134409427642822265625" lon="-4.03810850344598293304443359375">
        <ele>3</ele>
        <time>2026-08-09T11:40:12.000Z</time>
      </trkpt>
      <trkpt lat="57.6817646808922290802001953125" lon="-4.03808486647903919219970703125">
        <ele>3</ele>
        <time>2026-08-09T11:40:13.000Z</time>
      </trkpt>
      <trkpt lat="57.6819601468741893768310546875" lon="-4.03798679821193218231201171875">
        <ele>2.599999904632568359375</ele>
        <time>2026-08-09T11:40:16.000Z</time>
      </trkpt>
      <trkpt lat="57.682087719440460205078125" lon="-4.0379355847835540771484375">
        <ele>2.599999904632568359375</ele>
        <time>2026-08-09T11:40:18.000Z</time>
      </trkpt>
      <trkpt lat="57.6821482367813587188720703125" lon="-4.03790934942662715911865234375">
        <ele>2.7999999523162841796875</ele>
        <time>2026-08-09T11:40:19.000Z</time>
      </trkpt>
      <trkpt lat="57.68231461755931377410888671875" lon="-4.0378412045538425445556640625">
        <ele>3.2000000476837158203125</ele>
        <time>2026-08-09T11:40:22.000Z</time>
      </trkpt>
      <trkpt lat="57.68236557953059673309326171875" lon="-4.0378251112997531890869140625">
        <ele>3.2000000476837158203125</ele>
        <time>2026-08-09T11:40:23.000Z</time>
      </trkpt>
      <trkpt lat="57.68246415071189403533935546875" lon="-4.03780038468539714813232421875">
        <ele>3.400000095367431640625</ele>
        <time>2026-08-09T11:40:25.000Z</time>
      </trkpt>
      <trkpt lat="57.68272650428116321563720703125" lon="-4.0377278812229633331298828125">
        <ele>3.2000000476837158203125</ele>
        <time>2026-08-09T11:40:30.000Z</time>
      </trkpt>
      <trkpt lat="57.68284938298165798187255859375" lon="-4.037695191800594329833984375">
        <ele>2.2000000476837158203125</ele>
        <time>2026-08-09T11:40:32.000Z</time>
      </trkpt>
      <trkpt lat="57.68291241489350795745849609375" lon="-4.0376799367368221282958984375">
        <ele>1.39999997615814208984375</ele>
        <time>2026-08-09T11:40:33.000Z</time>
      </trkpt>
      <trkpt lat="57.6831510476768016815185546875" lon="-4.03757859952747821807861328125">
        <ele>2</ele>
        <time>2026-08-09T11:40:37.000Z</time>
      </trkpt>
      <trkpt lat="57.6832080446183681488037109375" lon="-4.03754289261996746063232421875">
        <ele>2.400000095367431640625</ele>
        <time>2026-08-09T11:40:38.000Z</time>
      </trkpt>
      <trkpt lat="57.6833196915686130523681640625" lon="-4.0374667011201381683349609375">
        <ele>2.599999904632568359375</ele>
        <time>2026-08-09T11:40:40.000Z</time>
      </trkpt>
      <trkpt lat="57.68337040208280086517333984375" lon="-4.03741649352014064788818359375">
        <ele>2.599999904632568359375</ele>
        <time>2026-08-09T11:40:41.000Z</time>
      </trkpt>
      <trkpt lat="57.683456651866436004638671875" lon="-4.0373091213405132293701171875">
        <ele>3.2000000476837158203125</ele>
        <time>2026-08-09T11:40:43.000Z</time>
      </trkpt>
      <trkpt lat="57.6834883354604244232177734375" lon="-4.03724365867674350738525390625">
        <ele>3.400000095367431640625</ele>
        <time>2026-08-09T11:40:44.000Z</time>
      </trkpt>
      <trkpt lat="57.6835094578564167022705078125" lon="-4.03716620989143848419189453125">
        <ele>3.7999999523162841796875</ele>
        <time>2026-08-09T11:40:45.000Z</time>
      </trkpt>
      <trkpt lat="57.68355019390583038330078125" lon="-4.03700812719762325286865234375">
        <ele>4.400000095367431640625</ele>
        <time>2026-08-09T11:40:47.000Z</time>
      </trkpt>
      <trkpt lat="57.6835835538804531097412109375" lon="-4.0369560755789279937744140625">
        <ele>4.19999980926513671875</ele>
        <time>2026-08-09T11:40:48.000Z</time>
      </trkpt>
      <trkpt lat="57.6836241222918033599853515625" lon="-4.03692229650914669036865234375">
        <ele>4</ele>
        <time>2026-08-09T11:40:49.000Z</time>
      </trkpt>
      <trkpt lat="57.683705426752567291259765625" lon="-4.03684434480965137481689453125">
        <ele>3.599999904632568359375</ele>
        <time>2026-08-09T11:40:52.000Z</time>
      </trkpt>
      <trkpt lat="57.68377105705440044403076171875" lon="-4.03677594847977161407470703125">
        <ele>3</ele>
        <time>2026-08-09T11:40:57.000Z</time>
      </trkpt>
      <trkpt lat="57.68378488719463348388671875" lon="-4.0367887727916240692138671875">
        <ele>2.400000095367431640625</ele>
        <time>2026-08-09T11:41:00.000Z</time>
      </trkpt>
      <trkpt lat="57.68378497101366519927978515625" lon="-4.03678885661065578460693359375">
        <ele>2.400000095367431640625</ele>
        <time>2026-08-09T11:41:01.000Z</time>
      </trkpt>
      <trkpt lat="57.68378497101366519927978515625" lon="-4.03678885661065578460693359375">
        <ele>2.400000095367431640625</ele>
        <time>2026-08-09T11:41:04.000Z</time>
      </trkpt>
      <trkpt lat="57.68378932960331439971923828125" lon="-4.03678567148745059967041015625">
        <ele>2.599999904632568359375</ele>
        <time>2026-08-09T11:41:08.000Z</time>
      </trkpt>
      <trkpt lat="57.6837931014597415924072265625" lon="-4.0367565862834453582763671875">
        <ele>2.400000095367431640625</ele>
        <time>2026-08-09T11:41:13.000Z</time>
      </trkpt>
      <trkpt lat="57.68378798849880695343017578125" lon="-4.03668073005974292755126953125">
        <ele>2.2000000476837158203125</ele>
        <time>2026-08-09T11:41:16.000Z</time>
      </trkpt>
      <trkpt lat="57.68376233987510204315185546875" lon="-4.03665659017860889434814453125">
        <ele>2</ele>
        <time>2026-08-09T11:41:18.000Z</time>
      </trkpt>
      <trkpt lat="57.6837387867271900177001953125" lon="-4.0366355516016483306884765625">
        <ele>2.2000000476837158203125</ele>
        <time>2026-08-09T11:41:21.000Z</time>
      </trkpt>
      <trkpt lat="57.6837414689362049102783203125" lon="-4.036641754209995269775390625">
        <ele>2.599999904632568359375</ele>
        <time>2026-08-09T11:41:24.000Z</time>
      </trkpt>
      <trkpt lat="57.68374138511717319488525390625" lon="-4.0366422571241855621337890625">
        <ele>2.7999999523162841796875</ele>
        <time>2026-08-09T11:41:27.000Z</time>
      </trkpt>
      <trkpt lat="57.68372277729213237762451171875" lon="-4.03662205673754215240478515625">
        <ele>2.2000000476837158203125</ele>
        <time>2026-08-09T11:41:30.000Z</time>
      </trkpt>
      <trkpt lat="57.68371540121734142303466796875" lon="-4.036595821380615234375">
        <ele>2</ele>
        <time>2026-08-09T11:41:31.000Z</time>
      </trkpt>
      <trkpt lat="57.68371439538896083831787109375" lon="-4.0366050414741039276123046875">
        <ele>1.60000002384185791015625</ele>
        <time>2026-08-09T11:41:34.000Z</time>
      </trkpt>
      <trkpt lat="57.68371741287410259246826171875" lon="-4.0366003476083278656005859375">
        <ele>1.2000000476837158203125</ele>
        <time>2026-08-09T11:41:39.000Z</time>
      </trkpt>
      <trkpt lat="57.6836962066590785980224609375" lon="-4.036590792238712310791015625">
        <ele>0.60000002384185791015625</ele>
        <time>2026-08-09T11:41:46.000Z</time>
      </trkpt>
      <trkpt lat="57.683691680431365966796875" lon="-4.03658785857260227203369140625">
        <ele>0.20000000298023223876953125</ele>
        <time>2026-08-09T11:41:49.000Z</time>
      </trkpt>
      <trkpt lat="57.68367935903370380401611328125" lon="-4.03659322299063205718994140625">
        <ele>-0.20000000298023223876953125</ele>
        <time>2026-08-09T11:41:51.000Z</time>
      </trkpt>
      <trkpt lat="57.68368153832852840423583984375" lon="-4.036582075059413909912109375">
        <ele>-0.60000002384185791015625</ele>
        <time>2026-08-09T11:41:55.000Z</time>
      </trkpt>
      <trkpt lat="57.68368120305240154266357421875" lon="-4.03657637536525726318359375">
        <ele>-0.800000011920928955078125</ele>
        <time>2026-08-09T11:41:57.000Z</time>
      </trkpt>
      <trkpt lat="57.6836878247559070587158203125" lon="-4.036587439477443695068359375">
        <ele>-1.2000000476837158203125</ele>
        <time>2026-08-09T11:42:01.000Z</time>
      </trkpt>
      <trkpt lat="57.6837002299726009368896484375" lon="-4.03659657575190067291259765625">
        <ele>-1</ele>
        <time>2026-08-09T11:42:06.000Z</time>
      </trkpt>
      <trkpt lat="57.68370852805674076080322265625" lon="-4.0366164408624172210693359375">
        <ele>-0.800000011920928955078125</ele>
        <time>2026-08-09T11:42:12.000Z</time>
      </trkpt>
      <trkpt lat="57.68371741287410259246826171875" lon="-4.0366003476083278656005859375">
        <ele>-0.800000011920928955078125</ele>
        <time>2026-08-09T11:42:19.000Z</time>
      </trkpt>
      <trkpt lat="57.68371741287410259246826171875" lon="-4.0366003476083278656005859375">
        <ele>-0.800000011920928955078125</ele>
        <time>2026-08-09T11:42:20.000Z</time>
      </trkpt>
      <trkpt lat="57.68371741287410259246826171875" lon="-4.0366003476083278656005859375">
        <ele>-0.60000002384185791015625</ele>
        <time>2026-08-09T11:42:25.000Z</time>
      </trkpt>
      <trkpt lat="57.68371741287410259246826171875" lon="-4.0366003476083278656005859375">
        <ele>-0.20000000298023223876953125</ele>
        <time>2026-08-09T11:42:27.000Z</time>
      </trkpt>
      <trkpt lat="57.68371741287410259246826171875" lon="-4.0366003476083278656005859375">
        <ele>-0.20000000298023223876953125</ele>
        <time>2026-08-09T11:42:30.000Z</time>
      </trkpt>
      <trkpt lat="57.68373065628111362457275390625" lon="-4.0366047061979770660400390625">
        <ele>-0.20000000298023223876953125</ele>
        <time>2026-08-09T11:42:34.000Z</time>
      </trkpt>
      <trkpt lat="57.68373266793787479400634765625" lon="-4.0365926362574100494384765625">
        <ele>-0.4000000059604644775390625</ele>
        <time>2026-08-09T11:42:36.000Z</time>
      </trkpt>
      <trkpt lat="57.68373065628111362457275390625" lon="-4.03658031485974788665771484375">
        <ele>-0.4000000059604644775390625</ele>
        <time>2026-08-09T11:42:39.000Z</time>
      </trkpt>
      <trkpt lat="57.68373191356658935546875" lon="-4.0365701727569103240966796875">
        <ele>-0.20000000298023223876953125</ele>
        <time>2026-08-09T11:42:46.000Z</time>
      </trkpt>
      <trkpt lat="57.6837357692420482635498046875" lon="-4.03655449859797954559326171875">
        <ele>-0.20000000298023223876953125</ele>
        <time>2026-08-09T11:42:51.000Z</time>
      </trkpt>
      <trkpt lat="57.6837171614170074462890625" lon="-4.0365886129438877105712890625">
        <ele>-0.20000000298023223876953125</ele>
        <time>2026-08-09T11:42:55.000Z</time>
      </trkpt>
      <trkpt lat="57.68371707759797573089599609375" lon="-4.03662725351750850677490234375">
        <ele>0.20000000298023223876953125</ele>
        <time>2026-08-09T11:42:57.000Z</time>
      </trkpt>
      <trkpt lat="57.68371422775089740753173828125" lon="-4.036651141941547393798828125">
        <ele>0.20000000298023223876953125</ele>
        <time>2026-08-09T11:42:58.000Z</time>
      </trkpt>
      <trkpt lat="57.68371221609413623809814453125" lon="-4.03666220605373382568359375">
        <ele>0.20000000298023223876953125</ele>
        <time>2026-08-09T11:42:59.000Z</time>
      </trkpt>
      <trkpt lat="57.68370484001934528350830078125" lon="-4.036681316792964935302734375">
        <ele>0.4000000059604644775390625</ele>
        <time>2026-08-09T11:43:00.000Z</time>
      </trkpt>
      <trkpt lat="57.683670558035373687744140625" lon="-4.03674309141933917999267578125">
        <ele>0.20000000298023223876953125</ele>
        <time>2026-08-09T11:43:03.000Z</time>
      </trkpt>
      <trkpt lat="57.68363979645073413848876953125" lon="-4.0367824025452136993408203125">
        <ele>0.4000000059604644775390625</ele>
        <time>2026-08-09T11:43:06.000Z</time>
      </trkpt>
      <trkpt lat="57.683632671833038330078125" lon="-4.036791957914829254150390625">
        <ele>0.20000000298023223876953125</ele>
        <time>2026-08-09T11:43:08.000Z</time>
      </trkpt>
      <trkpt lat="57.68361230380833148956298828125" lon="-4.036784581840038299560546875">
        <ele>0.4000000059604644775390625</ele>
        <time>2026-08-09T11:43:14.000Z</time>
      </trkpt>
      <trkpt lat="57.6836428977549076080322265625" lon="-4.03689815662801265716552734375">
        <ele>0.4000000059604644775390625</ele>
        <time>2026-08-09T11:43:22.000Z</time>
      </trkpt>
      <trkpt lat="57.683598138391971588134765625" lon="-4.03686203062534332275390625">
        <ele>0.20000000298023223876953125</ele>
        <time>2026-08-09T11:43:27.000Z</time>
      </trkpt>
      <trkpt lat="57.68358481116592884063720703125" lon="-4.0368534810841083526611328125">
        <ele>-0.20000000298023223876953125</ele>
        <time>2026-08-09T11:43:33.000Z</time>
      </trkpt>
      <trkpt lat="57.68357391469180583953857421875" lon="-4.0368385612964630126953125">
        <ele>-0.4000000059604644775390625</ele>
        <time>2026-08-09T11:43:39.000Z</time>
      </trkpt>
      <trkpt lat="57.68359453417360782623291015625" lon="-4.0368373878300189971923828125">
        <ele>-0.800000011920928955078125</ele>
        <time>2026-08-09T11:43:42.000Z</time>
      </trkpt>
      <trkpt lat="57.68363870680332183837890625" lon="-4.0368115715682506561279296875">
        <ele>-1.2000000476837158203125</ele>
        <time>2026-08-09T11:43:45.000Z</time>
      </trkpt>
      <trkpt lat="57.683639712631702423095703125" lon="-4.03680914081633090972900390625">
        <ele>-0.60000002384185791015625</ele>
        <time>2026-08-09T11:43:51.000Z</time>
      </trkpt>
      <trkpt lat="57.683316506445407867431640625" lon="-4.03682054020464420318603515625">
        <ele>-1.60000002384185791015625</ele>
        <time>2026-08-09T11:44:13.000Z</time>
      </trkpt>
      <trkpt lat="57.68355513922870159149169921875" lon="-4.03678114525973796844482421875">
        <ele>-1.39999997615814208984375</ele>
        <time>2026-08-09T11:44:15.000Z</time>
      </trkpt>
      <trkpt lat="57.68366259522736072540283203125" lon="-4.036781899631023406982421875">
        <ele>-1.2000000476837158203125</ele>
        <time>2026-08-09T11:44:19.000Z</time>
      </trkpt>
      <trkpt lat="57.683673240244388580322265625" lon="-4.03676278889179229736328125">
        <ele>-1</ele>
        <time>2026-08-09T11:44:22.000Z</time>
      </trkpt>
      <trkpt lat="57.68367432989180088043212890625" lon="-4.03676387853920459747314453125">
        <ele>-1.2000000476837158203125</ele>
        <time>2026-08-09T11:44:26.000Z</time>
      </trkpt>
      <trkpt lat="57.6836777664721012115478515625" lon="-4.03676756657660007476806640625">
        <ele>-1.60000002384185791015625</ele>
        <time>2026-08-09T11:44:34.000Z</time>
      </trkpt>
      <trkpt lat="57.683676593005657196044921875" lon="-4.03677376918494701385498046875">
        <ele>-1.7999999523162841796875</ele>
        <time>2026-08-09T11:44:36.000Z</time>
      </trkpt>
      <trkpt lat="57.68367852084338665008544921875" lon="-4.03680008836090564727783203125">
        <ele>-1.7999999523162841796875</ele>
        <time>2026-08-09T11:44:42.000Z</time>
      </trkpt>
      <trkpt lat="57.683683969080448150634765625" lon="-4.0368212945759296417236328125">
        <ele>-1.7999999523162841796875</ele>
        <time>2026-08-09T11:44:46.000Z</time>
      </trkpt>
      <trkpt lat="57.68366477452218532562255859375" lon="-4.03682724572718143463134765625">
        <ele>-1.60000002384185791015625</ele>
        <time>2026-08-09T11:44:48.000Z</time>
      </trkpt>
      <trkpt lat="57.68363376148045063018798828125" lon="-4.03682707808911800384521484375">
        <ele>-2</ele>
        <time>2026-08-09T11:44:54.000Z</time>
      </trkpt>
      <trkpt lat="57.68365186639130115509033203125" lon="-4.0368397347629070281982421875">
        <ele>-1.60000002384185791015625</ele>
        <time>2026-08-09T11:45:01.000Z</time>
      </trkpt>
      <trkpt lat="57.68364767543971538543701171875" lon="-4.03684015385806560516357421875">
        <ele>-1.60000002384185791015625</ele>
        <time>2026-08-09T11:45:03.000Z</time>
      </trkpt>
      <trkpt lat="57.68364767543971538543701171875" lon="-4.03684015385806560516357421875">
        <ele>-1.39999997615814208984375</ele>
        <time>2026-08-09T11:45:06.000Z</time>
      </trkpt>
      <trkpt lat="57.68364767543971538543701171875" lon="-4.03684015385806560516357421875">
        <ele>-1</ele>
        <time>2026-08-09T11:45:08.000Z</time>
      </trkpt>
      <trkpt lat="57.68364767543971538543701171875" lon="-4.03684015385806560516357421875">
        <ele>-0.800000011920928955078125</ele>
        <time>2026-08-09T11:45:11.000Z</time>
      </trkpt>
      <trkpt lat="57.68364499323070049285888671875" lon="-4.0368373878300189971923828125">
        <ele>-0.60000002384185791015625</ele>
        <time>2026-08-09T11:45:15.000Z</time>
      </trkpt>
      <trkpt lat="57.68364138901233673095703125" lon="-4.036833532154560089111328125">
        <ele>-0.60000002384185791015625</ele>
        <time>2026-08-09T11:45:22.000Z</time>
      </trkpt>
      <trkpt lat="57.6836388744413852691650390625" lon="-4.03683713637292385101318359375">
        <ele>-0.4000000059604644775390625</ele>
        <time>2026-08-09T11:45:29.000Z</time>
      </trkpt>
      <trkpt lat="57.6836358569562435150146484375" lon="-4.03683177195489406585693359375">
        <ele>0</ele>
        <time>2026-08-09T11:45:35.000Z</time>
      </trkpt>
      <trkpt lat="57.68363560549914836883544921875" lon="-4.03682774864137172698974609375">
        <ele>0</ele>
        <time>2026-08-09T11:45:41.000Z</time>
      </trkpt>
      <trkpt lat="57.68363610841333866119384765625" lon="-4.036827497184276580810546875">
        <ele>0</ele>
        <time>2026-08-09T11:45:46.000Z</time>
      </trkpt>
      <trkpt lat="57.6836385391652584075927734375" lon="-4.0367934666574001312255859375">
        <ele>0.20000000298023223876953125</ele>
        <time>2026-08-09T11:45:49.000Z</time>
      </trkpt>
      <trkpt lat="57.6836407184600830078125" lon="-4.03677041642367839813232421875">
        <ele>0.20000000298023223876953125</ele>
        <time>2026-08-09T11:45:51.000Z</time>
      </trkpt>
      <trkpt lat="57.68364214338362216949462890625" lon="-4.0367401577532291412353515625">
        <ele>0.20000000298023223876953125</ele>
        <time>2026-08-09T11:45:54.000Z</time>
      </trkpt>
      <trkpt lat="57.6836489327251911163330078125" lon="-4.03671693988144397735595703125">
        <ele>-0.4000000059604644775390625</ele>
        <time>2026-08-09T11:45:59.000Z</time>
      </trkpt>
      <trkpt lat="57.683659158647060394287109375" lon="-4.03670738451182842254638671875">
        <ele>-0.20000000298023223876953125</ele>
        <time>2026-08-09T11:46:05.000Z</time>
      </trkpt>
      <trkpt lat="57.68366293050348758697509765625" lon="-4.0367036126554012298583984375">
        <ele>-0.4000000059604644775390625</ele>
        <time>2026-08-09T11:46:08.000Z</time>
      </trkpt>
      <trkpt lat="57.68367583863437175750732421875" lon="-4.03669439256191253662109375">
        <ele>0</ele>
        <time>2026-08-09T11:46:13.000Z</time>
      </trkpt>
      <trkpt lat="57.68368388526141643524169921875" lon="-4.0366633795201778411865234375">
        <ele>0.20000000298023223876953125</ele>
        <time>2026-08-09T11:46:20.000Z</time>
      </trkpt>
      <trkpt lat="57.68368958495557308197021484375" lon="-4.03665776364505290985107421875">
        <ele>0.4000000059604644775390625</ele>
        <time>2026-08-09T11:46:27.000Z</time>
      </trkpt>
      <trkpt lat="57.68369025550782680511474609375" lon="-4.03665726073086261749267578125">
        <ele>0.60000002384185791015625</ele>
        <time>2026-08-09T11:46:29.000Z</time>
      </trkpt>
      <trkpt lat="57.68368220888078212738037109375" lon="-4.03667251579463481903076171875">
        <ele>1</ele>
        <time>2026-08-09T11:46:36.000Z</time>
      </trkpt>
      <trkpt lat="57.683680951595306396484375" lon="-4.0366791374981403350830078125">
        <ele>1</ele>
        <time>2026-08-09T11:46:37.000Z</time>
      </trkpt>
      <trkpt lat="57.68366955220699310302734375" lon="-4.036700092256069183349609375">
        <ele>1.2000000476837158203125</ele>
        <time>2026-08-09T11:46:42.000Z</time>
      </trkpt>
      <trkpt lat="57.68367483280599117279052734375" lon="-4.03672247193753719329833984375">
        <ele>1.2000000476837158203125</ele>
        <time>2026-08-09T11:46:47.000Z</time>
      </trkpt>
      <trkpt lat="57.68368019722402095794677734375" lon="-4.0367357991635799407958984375">
        <ele>1</ele>
        <time>2026-08-09T11:46:53.000Z</time>
      </trkpt>
      <trkpt lat="57.6836767606437206268310546875" lon="-4.03672565706074237823486328125">
        <ele>1</ele>
        <time>2026-08-09T11:46:57.000Z</time>
      </trkpt>
      <trkpt lat="57.6836757548153400421142578125" lon="-4.03671107254922389984130859375">
        <ele>0.4000000059604644775390625</ele>
        <time>2026-08-09T11:47:03.000Z</time>
      </trkpt>
      <trkpt lat="57.68367223441600799560546875" lon="-4.0367036126554012298583984375">
        <ele>0.4000000059604644775390625</ele>
        <time>2026-08-09T11:47:10.000Z</time>
      </trkpt>
      <trkpt lat="57.68366016447544097900390625" lon="-4.03669171035289764404296875">
        <ele>0.4000000059604644775390625</ele>
        <time>2026-08-09T11:47:15.000Z</time>
      </trkpt>
      <trkpt lat="57.68348590470850467681884765625" lon="-4.036282338201999664306640625">
        <ele>0</ele>
        <time>2026-08-09T12:28:07.000Z</time>
      </trkpt>
      <trkpt lat="57.6835030876100063323974609375" lon="-4.03633891604840755462646484375">
        <ele>-0.4000000059604644775390625</ele>
        <time>2026-08-09T12:28:08.000Z</time>
      </trkpt>
      <trkpt lat="57.68353401683270931243896484375" lon="-4.0365912951529026031494140625">
        <ele>1.2000000476837158203125</ele>
        <time>2026-08-09T12:28:12.000Z</time>
      </trkpt>
      <trkpt lat="57.68353736959397792816162109375" lon="-4.0366642177104949951171875">
        <ele>2</ele>
        <time>2026-08-09T12:28:13.000Z</time>
      </trkpt>
      <trkpt lat="57.6835460029542446136474609375" lon="-4.0370328538119792938232421875">
        <ele>2.400000095367431640625</ele>
        <time>2026-08-09T12:28:18.000Z</time>
      </trkpt>
      <trkpt lat="57.6834943704307079315185546875" lon="-4.03718817047774791717529296875">
        <ele>3.2000000476837158203125</ele>
        <time>2026-08-09T12:28:21.000Z</time>
      </trkpt>
      <trkpt lat="57.683471404016017913818359375" lon="-4.0372424013912677764892578125">
        <ele>3.400000095367431640625</ele>
        <time>2026-08-09T12:28:22.000Z</time>
      </trkpt>
      <trkpt lat="57.68344198353588581085205078125" lon="-4.03728908859193325042724609375">
        <ele>3.599999904632568359375</ele>
        <time>2026-08-09T12:28:23.000Z</time>
      </trkpt>
      <trkpt lat="57.683334611356258392333984375" lon="-4.037415571510791778564453125">
        <ele>3.7999999523162841796875</ele>
        <time>2026-08-09T12:28:26.000Z</time>
      </trkpt>
      <trkpt lat="57.68329278565943241119384765625" lon="-4.03744197450578212738037109375">
        <ele>3.599999904632568359375</ele>
        <time>2026-08-09T12:28:27.000Z</time>
      </trkpt>
      <trkpt lat="57.68316035158932209014892578125" lon="-4.03751808218657970428466796875">
        <ele>3</ele>
        <time>2026-08-09T12:28:30.000Z</time>
      </trkpt>
      <trkpt lat="57.68311592750251293182373046875" lon="-4.03754808939993381500244140625">
        <ele>2.7999999523162841796875</ele>
        <time>2026-08-09T12:28:31.000Z</time>
      </trkpt>
      <trkpt lat="57.68302557058632373809814453125" lon="-4.03759318403899669647216796875">
        <ele>2.599999904632568359375</ele>
        <time>2026-08-09T12:28:33.000Z</time>
      </trkpt>
      <trkpt lat="57.6829810626804828643798828125" lon="-4.037608690559864044189453125">
        <ele>2.400000095367431640625</ele>
        <time>2026-08-09T12:28:34.000Z</time>
      </trkpt>
      <trkpt lat="57.68280177377164363861083984375" lon="-4.03766937553882598876953125">
        <ele>2.599999904632568359375</ele>
        <time>2026-08-09T12:28:38.000Z</time>
      </trkpt>
      <trkpt lat="57.6827121712267398834228515625" lon="-4.03767901472747325897216796875">
        <ele>2.400000095367431640625</ele>
        <time>2026-08-09T12:28:40.000Z</time>
      </trkpt>
      <trkpt lat="57.68263396807014942169189453125" lon="-4.03765001334249973297119140625">
        <ele>2.599999904632568359375</ele>
        <time>2026-08-09T12:28:42.000Z</time>
      </trkpt>
      <trkpt lat="57.68252098001539707183837890625" lon="-4.037483632564544677734375">
        <ele>4.400000095367431640625</ele>
        <time>2026-08-09T12:28:46.000Z</time>
      </trkpt>
      <trkpt lat="57.682406567037105560302734375" lon="-4.03725002892315387725830078125">
        <ele>5.400000095367431640625</ele>
        <time>2026-08-09T12:28:51.000Z</time>
      </trkpt>
      <trkpt lat="57.682339511811733245849609375" lon="-4.03711072169244289398193359375">
        <ele>6</ele>
        <time>2026-08-09T12:28:54.000Z</time>
      </trkpt>
      <trkpt lat="57.68232048489153385162353515625" lon="-4.03706445358693599700927734375">
        <ele>6.400000095367431640625</ele>
        <time>2026-08-09T12:28:55.000Z</time>
      </trkpt>
      <trkpt lat="57.6822092570364475250244140625" lon="-4.03694442473351955413818359375">
        <ele>6.400000095367431640625</ele>
        <time>2026-08-09T12:29:00.000Z</time>
      </trkpt>
      <trkpt lat="57.68200666643679141998291015625" lon="-4.03693579137325286865234375">
        <ele>7.400000095367431640625</ele>
        <time>2026-08-09T12:29:06.000Z</time>
      </trkpt>
      <trkpt lat="57.68182612024247646331787109375" lon="-4.036861024796962738037109375">
        <ele>8</ele>
        <time>2026-08-09T12:29:11.000Z</time>
      </trkpt>
      <trkpt lat="57.68161296844482421875" lon="-4.0366305224597454071044921875">
        <ele>8.6000003814697265625</ele>
        <time>2026-08-09T12:29:17.000Z</time>
      </trkpt>
      <trkpt lat="57.68154264427721500396728515625" lon="-4.036567322909832000732421875">
        <ele>9</ele>
        <time>2026-08-09T12:29:19.000Z</time>
      </trkpt>
      <trkpt lat="57.68143652938306331634521484375" lon="-4.0365520678460597991943359375">
        <ele>9.19999980926513671875</ele>
        <time>2026-08-09T12:29:22.000Z</time>
      </trkpt>
      <trkpt lat="57.6813227869570255279541015625" lon="-4.0365819074213504791259765625">
        <ele>9</ele>
        <time>2026-08-09T12:29:25.000Z</time>
      </trkpt>
      <trkpt lat="57.68124726600944995880126953125" lon="-4.0366171114146709442138671875">
        <ele>9.3999996185302734375</ele>
        <time>2026-08-09T12:29:27.000Z</time>
      </trkpt>
      <trkpt lat="57.68116034567356109619140625" lon="-4.0366486273705959320068359375">
        <ele>9.3999996185302734375</ele>
        <time>2026-08-09T12:29:29.000Z</time>
      </trkpt>
      <trkpt lat="57.68108063377439975738525390625" lon="-4.0365944802761077880859375">
        <ele>9</ele>
        <time>2026-08-09T12:29:31.000Z</time>
      </trkpt>
      <trkpt lat="57.6808708347380161285400390625" lon="-4.03642726130783557891845703125">
        <ele>9.6000003814697265625</ele>
        <time>2026-08-09T12:29:36.000Z</time>
      </trkpt>
      <trkpt lat="57.68078927882015705108642578125" lon="-4.0363612957298755645751953125">
        <ele>9.80000019073486328125</ele>
        <time>2026-08-09T12:29:38.000Z</time>
      </trkpt>
      <trkpt lat="57.68071451224386692047119140625" lon="-4.036327935755252838134765625">
        <ele>10.19999980926513671875</ele>
        <time>2026-08-09T12:29:40.000Z</time>
      </trkpt>
      <trkpt lat="57.68065609037876129150390625" lon="-4.03630823828279972076416015625">
        <ele>10.6000003814697265625</ele>
        <time>2026-08-09T12:29:42.000Z</time>
      </trkpt>
      <trkpt lat="57.680620886385440826416015625" lon="-4.03631058521568775177001953125">
        <ele>10.80000019073486328125</ele>
        <time>2026-08-09T12:29:43.000Z</time>
      </trkpt>
      <trkpt lat="57.68059079535305500030517578125" lon="-4.036342687904834747314453125">
        <ele>10.80000019073486328125</ele>
        <time>2026-08-09T12:29:44.000Z</time>
      </trkpt>
      <trkpt lat="57.68045651726424694061279296875" lon="-4.0366184525191783905029296875">
        <ele>11.3999996185302734375</ele>
        <time>2026-08-09T12:29:49.000Z</time>
      </trkpt>
      <trkpt lat="57.680342607200145721435546875" lon="-4.036747701466083526611328125">
        <ele>11</ele>
        <time>2026-08-09T12:29:52.000Z</time>
      </trkpt>
      <trkpt lat="57.68025149591267108917236328125" lon="-4.0367733500897884368896484375">
        <ele>10.80000019073486328125</ele>
        <time>2026-08-09T12:29:54.000Z</time>
      </trkpt>
      <trkpt lat="57.68015426583588123321533203125" lon="-4.0367446839809417724609375">
        <ele>10.80000019073486328125</ele>
        <time>2026-08-09T12:29:56.000Z</time>
      </trkpt>
      <trkpt lat="57.68006600439548492431640625" lon="-4.0366563387215137481689453125">
        <ele>11</ele>
        <time>2026-08-09T12:29:58.000Z</time>
      </trkpt>
      <trkpt lat="57.67998662777245044708251953125" lon="-4.03657193295657634735107421875">
        <ele>11.19999980926513671875</ele>
        <time>2026-08-09T12:30:00.000Z</time>
      </trkpt>
      <trkpt lat="57.67990180291235446929931640625" lon="-4.0364871919155120849609375">
        <ele>11.19999980926513671875</ele>
        <time>2026-08-09T12:30:02.000Z</time>
      </trkpt>
      <trkpt lat="57.67982100136578083038330078125" lon="-4.03638727962970733642578125">
        <ele>11.6000003814697265625</ele>
        <time>2026-08-09T12:30:04.000Z</time>
      </trkpt>
      <trkpt lat="57.6797805167734622955322265625" lon="-4.0363488905131816864013671875">
        <ele>12</ele>
        <time>2026-08-09T12:30:05.000Z</time>
      </trkpt>
      <trkpt lat="57.67961497418582439422607421875" lon="-4.036153592169284820556640625">
        <ele>12.6000003814697265625</ele>
        <time>2026-08-09T12:30:10.000Z</time>
      </trkpt>
      <trkpt lat="57.6795220188796520233154296875" lon="-4.03604722581803798675537109375">
        <ele>13.19999980926513671875</ele>
        <time>2026-08-09T12:30:13.000Z</time>
      </trkpt>
      <trkpt lat="57.67944197170436382293701171875" lon="-4.035963155329227447509765625">
        <ele>13.6000003814697265625</ele>
        <time>2026-08-09T12:30:16.000Z</time>
      </trkpt>
      <trkpt lat="57.6793077774345874786376953125" lon="-4.03580767102539539337158203125">
        <ele>14.3999996185302734375</ele>
        <time>2026-08-09T12:30:21.000Z</time>
      </trkpt>
      <trkpt lat="57.67925941385328769683837890625" lon="-4.03574614785611629486083984375">
        <ele>15</ele>
        <time>2026-08-09T12:30:23.000Z</time>
      </trkpt>
      <trkpt lat="57.67919068224728107452392578125" lon="-4.035672806203365325927734375">
        <ele>15.3999996185302734375</ele>
        <time>2026-08-09T12:30:26.000Z</time>
      </trkpt>
      <trkpt lat="57.6791334338486194610595703125" lon="-4.03558689169585704803466796875">
        <ele>15.6000003814697265625</ele>
        <time>2026-08-09T12:30:29.000Z</time>
      </trkpt>
      <trkpt lat="57.6790506206452846527099609375" lon="-4.03547356836497783660888671875">
        <ele>16.6000003814697265625</ele>
        <time>2026-08-09T12:30:33.000Z</time>
      </trkpt>
      <trkpt lat="57.6789902709424495697021484375" lon="-4.03540265746414661407470703125">
        <ele>17.3999996185302734375</ele>
        <time>2026-08-09T12:30:36.000Z</time>
      </trkpt>
      <trkpt lat="57.67897032201290130615234375" lon="-4.03537952341139316558837890625">
        <ele>17.6000003814697265625</ele>
        <time>2026-08-09T12:30:37.000Z</time>
      </trkpt>
      <trkpt lat="57.67889144830405712127685546875" lon="-4.0352699719369411468505859375">
        <ele>18.799999237060546875</ele>
        <time>2026-08-09T12:30:42.000Z</time>
      </trkpt>
      <trkpt lat="57.678846605122089385986328125" lon="-4.03520174324512481689453125">
        <ele>19.6000003814697265625</ele>
        <time>2026-08-09T12:30:45.000Z</time>
      </trkpt>
      <trkpt lat="57.67882942222058773040771484375" lon="-4.0351774357259273529052734375">
        <ele>19.799999237060546875</ele>
        <time>2026-08-09T12:30:46.000Z</time>
      </trkpt>
      <trkpt lat="57.67879438586533069610595703125" lon="-4.03512923978269100189208984375">
        <ele>20.3999996185302734375</ele>
        <time>2026-08-09T12:30:48.000Z</time>
      </trkpt>
      <trkpt lat="57.6787483692169189453125" lon="-4.03505933471024036407470703125">
        <ele>21</ele>
        <time>2026-08-09T12:30:51.000Z</time>
      </trkpt>
      <trkpt lat="57.67871291376650333404541015625" lon="-4.03502295725047588348388671875">
        <ele>21.6000003814697265625</ele>
        <time>2026-08-09T12:30:53.000Z</time>
      </trkpt>
      <trkpt lat="57.67866513691842555999755859375" lon="-4.03496570885181427001953125">
        <ele>22.200000762939453125</ele>
        <time>2026-08-09T12:30:56.000Z</time>
      </trkpt>
      <trkpt lat="57.67863915301859378814697265625" lon="-4.034930504858493804931640625">
        <ele>22.6000003814697265625</ele>
        <time>2026-08-09T12:30:58.000Z</time>
      </trkpt>
      <trkpt lat="57.678579054772853851318359375" lon="-4.0348686464130878448486328125">
        <ele>23.3999996185302734375</ele>
        <time>2026-08-09T12:31:01.000Z</time>
      </trkpt>
      <trkpt lat="57.678534127771854400634765625" lon="-4.034817181527614593505859375">
        <ele>24.200000762939453125</ele>
        <time>2026-08-09T12:31:04.000Z</time>
      </trkpt>
      <trkpt lat="57.67851644195616245269775390625" lon="-4.034801423549652099609375">
        <ele>24.6000003814697265625</ele>
        <time>2026-08-09T12:31:05.000Z</time>
      </trkpt>
      <trkpt lat="57.67845575697720050811767578125" lon="-4.034742414951324462890625">
        <ele>25.799999237060546875</ele>
        <time>2026-08-09T12:31:09.000Z</time>
      </trkpt>
      <trkpt lat="57.6784337125718593597412109375" lon="-4.0347167663276195526123046875">
        <ele>26.3999996185302734375</ele>
        <time>2026-08-09T12:31:11.000Z</time>
      </trkpt>
      <trkpt lat="57.67840211279690265655517578125" lon="-4.034688770771026611328125">
        <ele>27</ele>
        <time>2026-08-09T12:31:13.000Z</time>
      </trkpt>
      <trkpt lat="57.6783539168536663055419921875" lon="-4.0346326120197772979736328125">
        <ele>27.799999237060546875</ele>
        <time>2026-08-09T12:31:17.000Z</time>
      </trkpt>
      <trkpt lat="57.67831443808972835540771484375" lon="-4.03457536362111568450927734375">
        <ele>28</ele>
        <time>2026-08-09T12:31:20.000Z</time>
      </trkpt>
      <trkpt lat="57.6782613806426525115966796875" lon="-4.0345184504985809326171875">
        <ele>28.6000003814697265625</ele>
        <time>2026-08-09T12:31:23.000Z</time>
      </trkpt>
      <trkpt lat="57.678197510540485382080078125" lon="-4.03447511605918407440185546875">
        <ele>29.3999996185302734375</ele>
        <time>2026-08-09T12:31:26.000Z</time>
      </trkpt>
      <trkpt lat="57.6781604625284671783447265625" lon="-4.03445214964449405670166015625">
        <ele>29.799999237060546875</ele>
        <time>2026-08-09T12:31:28.000Z</time>
      </trkpt>
      <trkpt lat="57.67808519303798675537109375" lon="-4.03438358567655086517333984375">
        <ele>30.200000762939453125</ele>
        <time>2026-08-09T12:31:31.000Z</time>
      </trkpt>
      <trkpt lat="57.67806247808039188385009765625" lon="-4.0343650616705417633056640625">
        <ele>30.200000762939453125</ele>
        <time>2026-08-09T12:31:32.000Z</time>
      </trkpt>
      <trkpt lat="57.67798184417188167572021484375" lon="-4.03432826511561870574951171875">
        <ele>30.3999996185302734375</ele>
        <time>2026-08-09T12:31:35.000Z</time>
      </trkpt>
      <trkpt lat="57.677959464490413665771484375" lon="-4.03432868421077728271484375">
        <ele>30.799999237060546875</ele>
        <time>2026-08-09T12:31:36.000Z</time>
      </trkpt>
      <trkpt lat="57.67789115197956562042236328125" lon="-4.03430856764316558837890625">
        <ele>31.6000003814697265625</ele>
        <time>2026-08-09T12:31:39.000Z</time>
      </trkpt>
      <trkpt lat="57.6778409443795680999755859375" lon="-4.034296832978725433349609375">
        <ele>31.799999237060546875</ele>
        <time>2026-08-09T12:31:41.000Z</time>
      </trkpt>
      <trkpt lat="57.677731812000274658203125" lon="-4.034282751381397247314453125">
        <ele>32.59999847412109375</ele>
        <time>2026-08-09T12:31:46.000Z</time>
      </trkpt>
      <trkpt lat="57.67771236598491668701171875" lon="-4.03427981771528720855712890625">
        <ele>32.59999847412109375</ele>
        <time>2026-08-09T12:31:47.000Z</time>
      </trkpt>
      <trkpt lat="57.677565515041351318359375" lon="-4.03429155237972736358642578125">
        <ele>33.799999237060546875</ele>
        <time>2026-08-09T12:31:53.000Z</time>
      </trkpt>
      <trkpt lat="57.6774168200790882110595703125" lon="-4.03432642109692096710205078125">
        <ele>34.40000152587890625</ele>
        <time>2026-08-09T12:31:58.000Z</time>
      </trkpt>
      <trkpt lat="57.67733794637024402618408203125" lon="-4.0343489684164524078369140625">
        <ele>34.799999237060546875</ele>
        <time>2026-08-09T12:32:01.000Z</time>
      </trkpt>
      <trkpt lat="57.67723283730447292327880859375" lon="-4.03443085961043834686279296875">
        <ele>35.40000152587890625</ele>
        <time>2026-08-09T12:32:05.000Z</time>
      </trkpt>
      <trkpt lat="57.67714465968310832977294921875" lon="-4.03448265977203845977783203125">
        <ele>35.799999237060546875</ele>
        <time>2026-08-09T12:32:08.000Z</time>
      </trkpt>
      <trkpt lat="57.6770869083702564239501953125" lon="-4.0345139242708683013916015625">
        <ele>36.200000762939453125</ele>
        <time>2026-08-09T12:32:10.000Z</time>
      </trkpt>
      <trkpt lat="57.67694382928311824798583984375" lon="-4.0346393175423145294189453125">
        <ele>36.799999237060546875</ele>
        <time>2026-08-09T12:32:15.000Z</time>
      </trkpt>
      <trkpt lat="57.6769139058887958526611328125" lon="-4.03466203249990940093994140625">
        <ele>37</ele>
        <time>2026-08-09T12:32:16.000Z</time>
      </trkpt>
      <trkpt lat="57.67677719704806804656982421875" lon="-4.0348012559115886688232421875">
        <ele>37.799999237060546875</ele>
        <time>2026-08-09T12:32:21.000Z</time>
      </trkpt>
      <trkpt lat="57.676749788224697113037109375" lon="-4.03483587317168712615966796875">
        <ele>38</ele>
        <time>2026-08-09T12:32:22.000Z</time>
      </trkpt>
      <trkpt lat="57.6766051165759563446044921875" lon="-4.0349883399903774261474609375">
        <ele>38.59999847412109375</ele>
        <time>2026-08-09T12:32:27.000Z</time>
      </trkpt>
      <trkpt lat="57.67654619179666042327880859375" lon="-4.0350575745105743408203125">
        <ele>39</ele>
        <time>2026-08-09T12:32:29.000Z</time>
      </trkpt>
      <trkpt lat="57.67646488733589649200439453125" lon="-4.03521247208118438720703125">
        <ele>39.799999237060546875</ele>
        <time>2026-08-09T12:32:33.000Z</time>
      </trkpt>
      <trkpt lat="57.676391042768955230712890625" lon="-4.035274498164653778076171875">
        <ele>40</ele>
        <time>2026-08-09T12:32:37.000Z</time>
      </trkpt>
      <trkpt lat="57.676374278962612152099609375" lon="-4.03528430499136447906494140625">
        <ele>40.200000762939453125</ele>
        <time>2026-08-09T12:32:38.000Z</time>
      </trkpt>
      <trkpt lat="57.676358520984649658203125" lon="-4.03530098497867584228515625">
        <ele>40.40000152587890625</ele>
        <time>2026-08-09T12:32:40.000Z</time>
      </trkpt>
      <trkpt lat="57.67634921707212924957275390625" lon="-4.03531950898468494415283203125">
        <ele>40.40000152587890625</ele>
        <time>2026-08-09T12:32:41.000Z</time>
      </trkpt>
      <trkpt lat="57.67632541246712207794189453125" lon="-4.03537281788885593414306640625">
        <ele>40.59999847412109375</ele>
        <time>2026-08-09T12:32:44.000Z</time>
      </trkpt>
      <trkpt lat="57.67629557289183139801025390625" lon="-4.0354091115295886993408203125">
        <ele>40.799999237060546875</ele>
        <time>2026-08-09T12:32:47.000Z</time>
      </trkpt>
      <trkpt lat="57.67629054374992847442626953125" lon="-4.0354248695075511932373046875">
        <ele>39.799999237060546875</ele>
        <time>2026-08-09T12:32:52.000Z</time>
      </trkpt>
      <trkpt lat="57.67629054374992847442626953125" lon="-4.0354248695075511932373046875">
        <ele>39.59999847412109375</ele>
        <time>2026-08-09T12:32:56.000Z</time>
      </trkpt>
      <trkpt lat="57.67629054374992847442626953125" lon="-4.0354248695075511932373046875">
        <ele>40.200000762939453125</ele>
        <time>2026-08-09T12:32:59.000Z</time>
      </trkpt>
      <trkpt lat="57.67629054374992847442626953125" lon="-4.0354248695075511932373046875">
        <ele>40.200000762939453125</ele>
        <time>2026-08-09T12:33:00.000Z</time>
      </trkpt>
      <trkpt lat="57.67629054374992847442626953125" lon="-4.0354248695075511932373046875">
        <ele>40.40000152587890625</ele>
        <time>2026-08-09T12:33:01.000Z</time>
      </trkpt>
      <trkpt lat="57.67629054374992847442626953125" lon="-4.0354248695075511932373046875">
        <ele>40.40000152587890625</ele>
        <time>2026-08-09T12:33:02.000Z</time>
      </trkpt>
      <trkpt lat="57.6762902922928333282470703125" lon="-4.03543132357299327850341796875">
        <ele>40.40000152587890625</ele>
        <time>2026-08-09T12:33:03.000Z</time>
      </trkpt>
      <trkpt lat="57.67629775218665599822998046875" lon="-4.03545848093926906585693359375">
        <ele>40.40000152587890625</ele>
        <time>2026-08-09T12:33:04.000Z</time>
      </trkpt>
      <trkpt lat="57.67631091177463531494140625" lon="-4.035483710467815399169921875">
        <ele>40.40000152587890625</ele>
        <time>2026-08-09T12:33:05.000Z</time>
      </trkpt>
      <trkpt lat="57.67633697949349880218505859375" lon="-4.03548739850521087646484375">
        <ele>40.200000762939453125</ele>
        <time>2026-08-09T12:33:06.000Z</time>
      </trkpt>
      <trkpt lat="57.67635977827012538909912109375" lon="-4.03545789420604705810546875">
        <ele>40</ele>
        <time>2026-08-09T12:33:08.000Z</time>
      </trkpt>
      <trkpt lat="57.67636782489717006683349609375" lon="-4.03544305823743343353271484375">
        <ele>40.200000762939453125</ele>
        <time>2026-08-09T12:33:11.000Z</time>
      </trkpt>
      <trkpt lat="57.67636849544942378997802734375" lon="-4.03544222004711627960205078125">
        <ele>40</ele>
        <time>2026-08-09T12:33:14.000Z</time>
      </trkpt>
      <trkpt lat="57.6763700880110263824462890625" lon="-4.0354262106120586395263671875">
        <ele>40</ele>
        <time>2026-08-09T12:33:20.000Z</time>
      </trkpt>
      <trkpt lat="57.6763751171529293060302734375" lon="-4.0354892425239086151123046875">
        <ele>40.200000762939453125</ele>
        <time>2026-08-09T12:33:26.000Z</time>
      </trkpt>
      <trkpt lat="57.67638173885643482208251953125" lon="-4.03546049259603023529052734375">
        <ele>40.40000152587890625</ele>
        <time>2026-08-09T12:33:33.000Z</time>
      </trkpt>
      <trkpt lat="57.67637260258197784423828125" lon="-4.0354439802467823028564453125">
        <ele>39.799999237060546875</ele>
        <time>2026-08-09T12:33:41.000Z</time>
      </trkpt>
      <trkpt lat="57.67637260258197784423828125" lon="-4.0354439802467823028564453125">
        <ele>39.799999237060546875</ele>
        <time>2026-08-09T12:33:50.000Z</time>
      </trkpt>
      <trkpt lat="57.67637260258197784423828125" lon="-4.0354439802467823028564453125">
        <ele>40</ele>
        <time>2026-08-09T12:33:56.000Z</time>
      </trkpt>
      <trkpt lat="57.67637260258197784423828125" lon="-4.0354439802467823028564453125">
        <ele>40</ele>
        <time>2026-08-09T12:34:04.000Z</time>
      </trkpt>
      <trkpt lat="57.67637260258197784423828125" lon="-4.0354439802467823028564453125">
        <ele>40</ele>
        <time>2026-08-09T12:34:11.000Z</time>
      </trkpt>
      <trkpt lat="57.67635785043239593505859375" lon="-4.03544758446514606475830078125">
        <ele>40</ele>
        <time>2026-08-09T12:34:19.000Z</time>
      </trkpt>
      <trkpt lat="57.67634737305343151092529296875" lon="-4.0354734845459461212158203125">
        <ele>40</ele>
        <time>2026-08-09T12:34:26.000Z</time>
      </trkpt>
      <trkpt lat="57.6763472892343997955322265625" lon="-4.03548178263008594512939453125">
        <ele>40</ele>
        <time>2026-08-09T12:34:29.000Z</time>
      </trkpt>
      <trkpt lat="57.6763482950627803802490234375" lon="-4.03545060195028781890869140625">
        <ele>40</ele>
        <time>2026-08-09T12:34:33.000Z</time>
      </trkpt>
      <trkpt lat="57.67634351737797260284423828125" lon="-4.0354134701192378997802734375">
        <ele>40</ele>
        <time>2026-08-09T12:34:41.000Z</time>
      </trkpt>
      <trkpt lat="57.676345445215702056884765625" lon="-4.03542310930788516998291015625">
        <ele>40</ele>
        <time>2026-08-09T12:34:44.000Z</time>
      </trkpt>
      <trkpt lat="57.67634821124374866485595703125" lon="-4.0354196727275848388671875">
        <ele>40</ele>
        <time>2026-08-09T12:34:45.000Z</time>
      </trkpt>
      <trkpt lat="57.67635785043239593505859375" lon="-4.03541539795696735382080078125">
        <ele>40</ele>
        <time>2026-08-09T12:34:52.000Z</time>
      </trkpt>
      <trkpt lat="57.67636547796428203582763671875" lon="-4.0354208461940288543701171875">
        <ele>40</ele>
        <time>2026-08-09T12:34:57.000Z</time>
      </trkpt>
      <trkpt lat="57.67636413685977458953857421875" lon="-4.03543241322040557861328125">
        <ele>40</ele>
        <time>2026-08-09T12:35:03.000Z</time>
      </trkpt>
      <trkpt lat="57.67635223455727100372314453125" lon="-4.0353936888277530670166015625">
        <ele>40</ele>
        <time>2026-08-09T12:35:10.000Z</time>
      </trkpt>
      <trkpt lat="57.676334381103515625" lon="-4.03536577709019184112548828125">
        <ele>40</ele>
        <time>2026-08-09T12:35:18.000Z</time>
      </trkpt>
      <trkpt lat="57.6763358898460865020751953125" lon="-4.03538606129586696624755859375">
        <ele>40</ele>
        <time>2026-08-09T12:35:24.000Z</time>
      </trkpt>
      <trkpt lat="57.6763412542641162872314453125" lon="-4.03541824780404567718505859375">
        <ele>40</ele>
        <time>2026-08-09T12:35:27.000Z</time>
      </trkpt>
      <trkpt lat="57.67634653486311435699462890625" lon="-4.03543216176331043243408203125">
        <ele>40</ele>
        <time>2026-08-09T12:35:31.000Z</time>
      </trkpt>
      <trkpt lat="57.67635508440434932708740234375" lon="-4.03544741682708263397216796875">
        <ele>40</ele>
        <time>2026-08-09T12:35:33.000Z</time>
      </trkpt>
      <trkpt lat="57.67635810188949108123779296875" lon="-4.03541858308017253875732421875">
        <ele>40</ele>
        <time>2026-08-09T12:35:36.000Z</time>
      </trkpt>
      <trkpt lat="57.67634904943406581878662109375" lon="-4.0354067645967006683349609375">
        <ele>40</ele>
        <time>2026-08-09T12:35:37.000Z</time>
      </trkpt>
      <trkpt lat="57.67632055096328258514404296875" lon="-4.03540114872157573699951171875">
        <ele>40</ele>
        <time>2026-08-09T12:35:39.000Z</time>
      </trkpt>
      <trkpt lat="57.67630630172789096832275390625" lon="-4.03542411513626575469970703125">
        <ele>40.200000762939453125</ele>
        <time>2026-08-09T12:35:41.000Z</time>
      </trkpt>
      <trkpt lat="57.67621393315494060516357421875" lon="-4.035536684095859527587890625">
        <ele>40.40000152587890625</ele>
        <time>2026-08-09T12:35:47.000Z</time>
      </trkpt>
      <trkpt lat="57.67614997923374176025390625" lon="-4.03566232882440090179443359375">
        <ele>40.200000762939453125</ele>
        <time>2026-08-09T12:35:51.000Z</time>
      </trkpt>
      <trkpt lat="57.67613179050385951995849609375" lon="-4.0356927551329135894775390625">
        <ele>40.200000762939453125</ele>
        <time>2026-08-09T12:35:52.000Z</time>
      </trkpt>
      <trkpt lat="57.6760522462427616119384765625" lon="-4.03582242317497730255126953125">
        <ele>40.40000152587890625</ele>
        <time>2026-08-09T12:35:56.000Z</time>
      </trkpt>
      <trkpt lat="57.67603355459868907928466796875" lon="-4.0358550287783145904541015625">
        <ele>40.59999847412109375</ele>
        <time>2026-08-09T12:35:57.000Z</time>
      </trkpt>
      <trkpt lat="57.6760138571262359619140625" lon="-4.035890735685825347900390625">
        <ele>40.799999237060546875</ele>
        <time>2026-08-09T12:35:58.000Z</time>
      </trkpt>
      <trkpt lat="57.67599432729184627532958984375" lon="-4.03592200018465518951416015625">
        <ele>41</ele>
        <time>2026-08-09T12:35:59.000Z</time>
      </trkpt>
      <trkpt lat="57.67593783326447010040283203125" lon="-4.03602995909750461578369140625">
        <ele>41.200000762939453125</ele>
        <time>2026-08-09T12:36:02.000Z</time>
      </trkpt>
      <trkpt lat="57.67590723931789398193359375" lon="-4.03611092828214168548583984375">
        <ele>41.200000762939453125</ele>
        <time>2026-08-09T12:36:04.000Z</time>
      </trkpt>
      <trkpt lat="57.67581193707883358001708984375" lon="-4.03633103705942630767822265625">
        <ele>41.799999237060546875</ele>
        <time>2026-08-09T12:36:09.000Z</time>
      </trkpt>
      <trkpt lat="57.67572258599102497100830078125" lon="-4.03650420717895030975341796875">
        <ele>42.200000762939453125</ele>
        <time>2026-08-09T12:36:13.000Z</time>
      </trkpt>
      <trkpt lat="57.67567447386682033538818359375" lon="-4.0366033650934696197509765625">
        <ele>42.59999847412109375</ele>
        <time>2026-08-09T12:36:15.000Z</time>
      </trkpt>
      <trkpt lat="57.6755577139556407928466796875" lon="-4.036836214363574981689453125">
        <ele>43</ele>
        <time>2026-08-09T12:36:20.000Z</time>
      </trkpt>
      <trkpt lat="57.6754863001406192779541015625" lon="-4.03699387796223163604736328125">
        <ele>43.200000762939453125</ele>
        <time>2026-08-09T12:36:23.000Z</time>
      </trkpt>
      <trkpt lat="57.67544363625347614288330078125" lon="-4.03710619546473026275634765625">
        <ele>43.59999847412109375</ele>
        <time>2026-08-09T12:36:25.000Z</time>
      </trkpt>
      <trkpt lat="57.67536886967718601226806640625" lon="-4.0372457541525363922119140625">
        <ele>44.40000152587890625</ele>
        <time>2026-08-09T12:36:28.000Z</time>
      </trkpt>
      <trkpt lat="57.6753417961299419403076171875" lon="-4.03729445300996303558349609375">
        <ele>44.59999847412109375</ele>
        <time>2026-08-09T12:36:29.000Z</time>
      </trkpt>
      <trkpt lat="57.675223611295223236083984375" lon="-4.03747893869876861572265625">
        <ele>45.40000152587890625</ele>
        <time>2026-08-09T12:36:33.000Z</time>
      </trkpt>
      <trkpt lat="57.6751314103603363037109375" lon="-4.03760508634150028228759765625">
        <ele>46.200000762939453125</ele>
        <time>2026-08-09T12:36:36.000Z</time>
      </trkpt>
      <trkpt lat="57.67510115168988704681396484375" lon="-4.03764833696186542510986328125">
        <ele>46.200000762939453125</ele>
        <time>2026-08-09T12:36:37.000Z</time>
      </trkpt>
      <trkpt lat="57.67504130490124225616455078125" lon="-4.03774020262062549591064453125">
        <ele>46.799999237060546875</ele>
        <time>2026-08-09T12:36:39.000Z</time>
      </trkpt>
      <trkpt lat="57.67492379061877727508544921875" lon="-4.03789694420993328094482421875">
        <ele>47.59999847412109375</ele>
        <time>2026-08-09T12:36:43.000Z</time>
      </trkpt>
      <trkpt lat="57.6748918555676937103271484375" lon="-4.037928543984889984130859375">
        <ele>47.799999237060546875</ele>
        <time>2026-08-09T12:36:44.000Z</time>
      </trkpt>
      <trkpt lat="57.674707956612110137939453125" lon="-4.0381674282252788543701171875">
        <ele>49</ele>
        <time>2026-08-09T12:36:50.000Z</time>
      </trkpt>
      <trkpt lat="57.67461366020143032073974609375" lon="-4.03827966190874576568603515625">
        <ele>49.59999847412109375</ele>
        <time>2026-08-09T12:36:53.000Z</time>
      </trkpt>
      <trkpt lat="57.6745233871042728424072265625" lon="-4.03839617036283016204833984375">
        <ele>49.799999237060546875</ele>
        <time>2026-08-09T12:36:56.000Z</time>
      </trkpt>
      <trkpt lat="57.67449815757572650909423828125" lon="-4.038440845906734466552734375">
        <ele>50</ele>
        <time>2026-08-09T12:36:57.000Z</time>
      </trkpt>
      <trkpt lat="57.67446898855268955230712890625" lon="-4.03847864829003810882568359375">
        <ele>50</ele>
        <time>2026-08-09T12:36:58.000Z</time>
      </trkpt>
      <trkpt lat="57.67438701353967189788818359375" lon="-4.0386156924068927764892578125">
        <ele>50.799999237060546875</ele>
        <time>2026-08-09T12:37:01.000Z</time>
      </trkpt>
      <trkpt lat="57.67436069436371326446533203125" lon="-4.0386626310646533966064453125">
        <ele>50.799999237060546875</ele>
        <time>2026-08-09T12:37:02.000Z</time>
      </trkpt>
      <trkpt lat="57.67433521337807178497314453125" lon="-4.0387102402746677398681640625">
        <ele>51</ele>
        <time>2026-08-09T12:37:03.000Z</time>
      </trkpt>
      <trkpt lat="57.67426304519176483154296875" lon="-4.03886589221656322479248046875">
        <ele>51.200000762939453125</ele>
        <time>2026-08-09T12:37:06.000Z</time>
      </trkpt>
      <trkpt lat="57.6742420904338359832763671875" lon="-4.03891802765429019927978515625">
        <ele>51.40000152587890625</ele>
        <time>2026-08-09T12:37:07.000Z</time>
      </trkpt>
      <trkpt lat="57.67421334050595760345458984375" lon="-4.03896949253976345062255859375">
        <ele>51.59999847412109375</ele>
        <time>2026-08-09T12:37:08.000Z</time>
      </trkpt>
      <trkpt lat="57.67418618313968181610107421875" lon="-4.03901726938784122467041015625">
        <ele>51.59999847412109375</ele>
        <time>2026-08-09T12:37:09.000Z</time>
      </trkpt>
      <trkpt lat="57.6741609536111354827880859375" lon="-4.039069823920726776123046875">
        <ele>51.59999847412109375</ele>
        <time>2026-08-09T12:37:10.000Z</time>
      </trkpt>
      <trkpt lat="57.67402164638042449951171875" lon="-4.0393767692148685455322265625">
        <ele>52.40000152587890625</ele>
        <time>2026-08-09T12:37:16.000Z</time>
      </trkpt>
      <trkpt lat="57.67399893142282962799072265625" lon="-4.039425887167453765869140625">
        <ele>53</ele>
        <time>2026-08-09T12:37:17.000Z</time>
      </trkpt>
      <trkpt lat="57.6738198101520538330078125" lon="-4.0398387797176837921142578125">
        <ele>53.59999847412109375</ele>
        <time>2026-08-09T12:37:25.000Z</time>
      </trkpt>
      <trkpt lat="57.67377748154103755950927734375" lon="-4.03994514606893062591552734375">
        <ele>53.799999237060546875</ele>
        <time>2026-08-09T12:37:27.000Z</time>
      </trkpt>
      <trkpt lat="57.67362736165523529052734375" lon="-4.04043012298643589019775390625">
        <ele>54</ele>
        <time>2026-08-09T12:37:35.000Z</time>
      </trkpt>
      <trkpt lat="57.67361017875373363494873046875" lon="-4.04049466364085674285888671875">
        <ele>54.200000762939453125</ele>
        <time>2026-08-09T12:37:36.000Z</time>
      </trkpt>
      <trkpt lat="57.67359307967126369476318359375" lon="-4.04055652208626270294189453125">
        <ele>54.40000152587890625</ele>
        <time>2026-08-09T12:37:37.000Z</time>
      </trkpt>
      <trkpt lat="57.6734726317226886749267578125" lon="-4.04097612015902996063232421875">
        <ele>54.59999847412109375</ele>
        <time>2026-08-09T12:37:44.000Z</time>
      </trkpt>
      <trkpt lat="57.67345444299280643463134765625" lon="-4.0410383976995944976806640625">
        <ele>54.799999237060546875</ele>
        <time>2026-08-09T12:37:45.000Z</time>
      </trkpt>
      <trkpt lat="57.6733311451971530914306640625" lon="-4.04142622835934162139892578125">
        <ele>55.40000152587890625</ele>
        <time>2026-08-09T12:37:52.000Z</time>
      </trkpt>
      <trkpt lat="57.67330926842987537384033203125" lon="-4.04149848036468029022216796875">
        <ele>56</ele>
        <time>2026-08-09T12:37:53.000Z</time>
      </trkpt>
      <trkpt lat="57.6732677780091762542724609375" lon="-4.04161364771425724029541015625">
        <ele>56.200000762939453125</ele>
        <time>2026-08-09T12:37:55.000Z</time>
      </trkpt>
      <trkpt lat="57.67312042415142059326171875" lon="-4.04198831878602504730224609375">
        <ele>56.799999237060546875</ele>
        <time>2026-08-09T12:38:02.000Z</time>
      </trkpt>
      <trkpt lat="57.67307574860751628875732421875" lon="-4.04210030101239681243896484375">
        <ele>57</ele>
        <time>2026-08-09T12:38:04.000Z</time>
      </trkpt>
      <trkpt lat="57.6729697175323963165283203125" lon="-4.0423831902444362640380859375">
        <ele>57.59999847412109375</ele>
        <time>2026-08-09T12:38:09.000Z</time>
      </trkpt>
      <trkpt lat="57.672949098050594329833984375" lon="-4.04243909753859043121337890625">
        <ele>57.799999237060546875</ele>
        <time>2026-08-09T12:38:10.000Z</time>
      </trkpt>
      <trkpt lat="57.67286670394241809844970703125" lon="-4.04265685938298702239990234375">
        <ele>58.200000762939453125</ele>
        <time>2026-08-09T12:38:14.000Z</time>
      </trkpt>
      <trkpt lat="57.67279311083257198333740234375" lon="-4.04287830926477909088134765625">
        <ele>58.200000762939453125</ele>
        <time>2026-08-09T12:38:18.000Z</time>
      </trkpt>
      <trkpt lat="57.67265732400119304656982421875" lon="-4.0432743541896343231201171875">
        <ele>58.200000762939453125</ele>
        <time>2026-08-09T12:38:25.000Z</time>
      </trkpt>
      <trkpt lat="57.67250963486731052398681640625" lon="-4.043740220367908477783203125">
        <ele>58.40000152587890625</ele>
        <time>2026-08-09T12:38:33.000Z</time>
      </trkpt>
      <trkpt lat="57.6723487861454486846923828125" lon="-4.0441960282623767852783203125">
        <ele>58.59999847412109375</ele>
        <time>2026-08-09T12:38:41.000Z</time>
      </trkpt>
      <trkpt lat="57.67222750000655651092529296875" lon="-4.0445309691131114959716796875">
        <ele>58.799999237060546875</ele>
        <time>2026-08-09T12:38:47.000Z</time>
      </trkpt>
      <trkpt lat="57.672205455601215362548828125" lon="-4.04458318836987018585205078125">
        <ele>59.200000762939453125</ele>
        <time>2026-08-09T12:38:48.000Z</time>
      </trkpt>
      <trkpt lat="57.67205215059220790863037109375" lon="-4.04493975453078746795654296875">
        <ele>60.200000762939453125</ele>
        <time>2026-08-09T12:38:55.000Z</time>
      </trkpt>
      <trkpt lat="57.6718904636800289154052734375" lon="-4.0452625416219234466552734375">
        <ele>61</ele>
        <time>2026-08-09T12:39:02.000Z</time>
      </trkpt>
      <trkpt lat="57.67179734073579311370849609375" lon="-4.04545507393777370452880859375">
        <ele>61.40000152587890625</ele>
        <time>2026-08-09T12:39:06.000Z</time>
      </trkpt>
      <trkpt lat="57.67171771265566349029541015625" lon="-4.0455860830843448638916015625">
        <ele>61.799999237060546875</ele>
        <time>2026-08-09T12:39:09.000Z</time>
      </trkpt>
      <trkpt lat="57.6715407706797122955322265625" lon="-4.0459126420319080352783203125">
        <ele>62.40000152587890625</ele>
        <time>2026-08-09T12:39:16.000Z</time>
      </trkpt>
      <trkpt lat="57.67151537351310253143310546875" lon="-4.04596410691738128662109375">
        <ele>62.59999847412109375</ele>
        <time>2026-08-09T12:39:17.000Z</time>
      </trkpt>
      <trkpt lat="57.671391405165195465087890625" lon="-4.04621212743222713470458984375">
        <ele>63.200000762939453125</ele>
        <time>2026-08-09T12:39:22.000Z</time>
      </trkpt>
      <trkpt lat="57.671369276940822601318359375" lon="-4.04626308940351009368896484375">
        <ele>63.40000152587890625</ele>
        <time>2026-08-09T12:39:23.000Z</time>
      </trkpt>
      <trkpt lat="57.67129660584032535552978515625" lon="-4.04641346074640750885009765625">
        <ele>63.59999847412109375</ele>
        <time>2026-08-09T12:39:26.000Z</time>
      </trkpt>
      <trkpt lat="57.6711528562009334564208984375" lon="-4.04674521647393703460693359375">
        <ele>64.59999847412109375</ele>
        <time>2026-08-09T12:39:32.000Z</time>
      </trkpt>
      <trkpt lat="57.670979686081409454345703125" lon="-4.04710714705288410186767578125">
        <ele>64.8000030517578125</ele>
        <time>2026-08-09T12:39:39.000Z</time>
      </trkpt>
      <trkpt lat="57.67078061588108539581298828125" lon="-4.047460444271564483642578125">
        <ele>65.40000152587890625</ele>
        <time>2026-08-09T12:39:46.000Z</time>
      </trkpt>
      <trkpt lat="57.67061582766473293304443359375" lon="-4.04767728410661220550537109375">
        <ele>65.59999847412109375</ele>
        <time>2026-08-09T12:39:51.000Z</time>
      </trkpt>
      <trkpt lat="57.670505605638027191162109375" lon="-4.04779010452330112457275390625">
        <ele>66</ele>
        <time>2026-08-09T12:39:54.000Z</time>
      </trkpt>
      <trkpt lat="57.6703582517802715301513671875" lon="-4.04793377034366130828857421875">
        <ele>66.8000030517578125</ele>
        <time>2026-08-09T12:39:58.000Z</time>
      </trkpt>
      <trkpt lat="57.6702511310577392578125" lon="-4.048008620738983154296875">
        <ele>67.40000152587890625</ele>
        <time>2026-08-09T12:40:01.000Z</time>
      </trkpt>
      <trkpt lat="57.67014317214488983154296875" lon="-4.0480931103229522705078125">
        <ele>67.8000030517578125</ele>
        <time>2026-08-09T12:40:04.000Z</time>
      </trkpt>
      <trkpt lat="57.67010369338095188140869140625" lon="-4.048112891614437103271484375">
        <ele>68.1999969482421875</ele>
        <time>2026-08-09T12:40:05.000Z</time>
      </trkpt>
      <trkpt lat="57.67006362788379192352294921875" lon="-4.048134349286556243896484375">
        <ele>68.40000152587890625</ele>
        <time>2026-08-09T12:40:06.000Z</time>
      </trkpt>
      <trkpt lat="57.66994963400065898895263671875" lon="-4.0482072718441486358642578125">
        <ele>69</ele>
        <time>2026-08-09T12:40:09.000Z</time>
      </trkpt>
      <trkpt lat="57.669871263206005096435546875" lon="-4.04825328849256038665771484375">
        <ele>69.1999969482421875</ele>
        <time>2026-08-09T12:40:11.000Z</time>
      </trkpt>
      <trkpt lat="57.6697902940213680267333984375" lon="-4.048297293484210968017578125">
        <ele>69.40000152587890625</ele>
        <time>2026-08-09T12:40:13.000Z</time>
      </trkpt>
      <trkpt lat="57.66955048777163028717041015625" lon="-4.04845722019672393798828125">
        <ele>70.1999969482421875</ele>
        <time>2026-08-09T12:40:19.000Z</time>
      </trkpt>
      <trkpt lat="57.66951159574091434478759765625" lon="-4.04848228208720684051513671875">
        <ele>70.40000152587890625</ele>
        <time>2026-08-09T12:40:20.000Z</time>
      </trkpt>
      <trkpt lat="57.66939994879066944122314453125" lon="-4.048586972057819366455078125">
        <ele>70.8000030517578125</ele>
        <time>2026-08-09T12:40:23.000Z</time>
      </trkpt>
      <trkpt lat="57.66925192438066005706787109375" lon="-4.048738516867160797119140625">
        <ele>71</ele>
        <time>2026-08-09T12:40:27.000Z</time>
      </trkpt>
      <trkpt lat="57.669215463101863861083984375" lon="-4.04878051020205020904541015625">
        <ele>71.1999969482421875</ele>
        <time>2026-08-09T12:40:28.000Z</time>
      </trkpt>
      <trkpt lat="57.66898051835596561431884765625" lon="-4.0490984357893466949462890625">
        <ele>72.1999969482421875</ele>
        <time>2026-08-09T12:40:35.000Z</time>
      </trkpt>
      <trkpt lat="57.66894950531423091888427734375" lon="-4.049144871532917022705078125">
        <ele>72</ele>
        <time>2026-08-09T12:40:36.000Z</time>
      </trkpt>
      <trkpt lat="57.66888982616364955902099609375" lon="-4.04923933558166027069091796875">
        <ele>72.1999969482421875</ele>
        <time>2026-08-09T12:40:38.000Z</time>
      </trkpt>
      <trkpt lat="57.6687757484614849090576171875" lon="-4.04943178407847881317138671875">
        <ele>72.1999969482421875</ele>
        <time>2026-08-09T12:40:42.000Z</time>
      </trkpt>
      <trkpt lat="57.668744735419750213623046875" lon="-4.0494798123836517333984375">
        <ele>72</ele>
        <time>2026-08-09T12:40:43.000Z</time>
      </trkpt>
      <trkpt lat="57.668622694909572601318359375" lon="-4.04966890811920166015625">
        <ele>73.8000030517578125</ele>
        <time>2026-08-09T12:40:47.000Z</time>
      </trkpt>
      <trkpt lat="57.6685444079339504241943359375" lon="-4.0498461015522480010986328125">
        <ele>74</ele>
        <time>2026-08-09T12:40:50.000Z</time>
      </trkpt>
      <trkpt lat="57.66833209432661533355712890625" lon="-4.05039033852517604827880859375">
        <ele>74.1999969482421875</ele>
        <time>2026-08-09T12:40:59.000Z</time>
      </trkpt>
      <trkpt lat="57.66821625642478466033935546875" lon="-4.05069225467741489410400390625">
        <ele>75</ele>
        <time>2026-08-09T12:41:04.000Z</time>
      </trkpt>
      <trkpt lat="57.6681943796575069427490234375" lon="-4.050754867494106292724609375">
        <ele>75.1999969482421875</ele>
        <time>2026-08-09T12:41:05.000Z</time>
      </trkpt>
      <trkpt lat="57.66814936883747577667236328125" lon="-4.0508737228810787200927734375">
        <ele>75.1999969482421875</ele>
        <time>2026-08-09T12:41:07.000Z</time>
      </trkpt>
      <trkpt lat="57.6679905317723751068115234375" lon="-4.0513001941144466400146484375">
        <ele>76.40000152587890625</ele>
        <time>2026-08-09T12:41:14.000Z</time>
      </trkpt>
      <trkpt lat="57.6678151823580265045166015625" lon="-4.05177251435816287994384765625">
        <ele>77.40000152587890625</ele>
        <time>2026-08-09T12:41:22.000Z</time>
      </trkpt>
      <trkpt lat="57.6677933894097805023193359375" lon="-4.0518346242606639862060546875">
        <ele>77.8000030517578125</ele>
        <time>2026-08-09T12:41:23.000Z</time>
      </trkpt>
      <trkpt lat="57.66770839691162109375" lon="-4.0520629473030567169189453125">
        <ele>78.59999847412109375</ele>
        <time>2026-08-09T12:41:27.000Z</time>
      </trkpt>
      <trkpt lat="57.66765098087489604949951171875" lon="-4.052246846258640289306640625">
        <ele>78.40000152587890625</ele>
        <time>2026-08-09T12:41:30.000Z</time>
      </trkpt>
      <trkpt lat="57.66755978576838970184326171875" lon="-4.05248966999351978302001953125">
        <ele>79</ele>
        <time>2026-08-09T12:41:34.000Z</time>
      </trkpt>
      <trkpt lat="57.6674929820001125335693359375" lon="-4.0526765026152133941650390625">
        <ele>79.1999969482421875</ele>
        <time>2026-08-09T12:41:37.000Z</time>
      </trkpt>
      <trkpt lat="57.66731637530028820037841796875" lon="-4.05317522585391998291015625">
        <ele>79</ele>
        <time>2026-08-09T12:41:45.000Z</time>
      </trkpt>
      <trkpt lat="57.66713130287826061248779296875" lon="-4.05366330407559871673583984375">
        <ele>78.8000030517578125</ele>
        <time>2026-08-09T12:41:53.000Z</time>
      </trkpt>
      <trkpt lat="57.66696886159479618072509765625" lon="-4.0540719218552112579345703125">
        <ele>78.40000152587890625</ele>
        <time>2026-08-09T12:42:00.000Z</time>
      </trkpt>
      <trkpt lat="57.6668995432555675506591796875" lon="-4.05425087548792362213134765625">
        <ele>78.40000152587890625</ele>
        <time>2026-08-09T12:42:03.000Z</time>
      </trkpt>
      <trkpt lat="57.6667811907827854156494140625" lon="-4.0545493550598621368408203125">
        <ele>79</ele>
        <time>2026-08-09T12:42:08.000Z</time>
      </trkpt>
      <trkpt lat="57.666668705642223358154296875" lon="-4.0548495948314666748046875">
        <ele>79</ele>
        <time>2026-08-09T12:42:13.000Z</time>
      </trkpt>
      <trkpt lat="57.6666494272649288177490234375" lon="-4.05491304583847522735595703125">
        <ele>79.1999969482421875</ele>
        <time>2026-08-09T12:42:14.000Z</time>
      </trkpt>
      <trkpt lat="57.66656066291034221649169921875" lon="-4.05515880323946475982666015625">
        <ele>80</ele>
        <time>2026-08-09T12:42:18.000Z</time>
      </trkpt>
      <trkpt lat="57.66649796627461910247802734375" lon="-4.05533172190189361572265625">
        <ele>80.40000152587890625</ele>
        <time>2026-08-09T12:42:21.000Z</time>
      </trkpt>
      <trkpt lat="57.6664274744689464569091796875" lon="-4.05550799332559108734130859375">
        <ele>81.1999969482421875</ele>
        <time>2026-08-09T12:42:24.000Z</time>
      </trkpt>
      <trkpt lat="57.66633250750601291656494140625" lon="-4.0557610429823398590087890625">
        <ele>81.59999847412109375</ele>
        <time>2026-08-09T12:42:28.000Z</time>
      </trkpt>
      <trkpt lat="57.6662437431514263153076171875" lon="-4.0559984184801578521728515625">
        <ele>81.59999847412109375</ele>
        <time>2026-08-09T12:42:32.000Z</time>
      </trkpt>
      <trkpt lat="57.66618263907730579376220703125" lon="-4.05616899020969867706298828125">
        <ele>82.1999969482421875</ele>
        <time>2026-08-09T12:42:35.000Z</time>
      </trkpt>
      <trkpt lat="57.666163109242916107177734375" lon="-4.0562274120748043060302734375">
        <ele>82.59999847412109375</ele>
        <time>2026-08-09T12:42:36.000Z</time>
      </trkpt>
      <trkpt lat="57.66604048199951648712158203125" lon="-4.056585989892482757568359375">
        <ele>83.40000152587890625</ele>
        <time>2026-08-09T12:42:42.000Z</time>
      </trkpt>
      <trkpt lat="57.6659936271607875823974609375" lon="-4.05670375563204288482666015625">
        <ele>83.8000030517578125</ele>
        <time>2026-08-09T12:42:44.000Z</time>
      </trkpt>
      <trkpt lat="57.665927410125732421875" lon="-4.05687826685607433319091796875">
        <ele>84.8000030517578125</ele>
        <time>2026-08-09T12:42:47.000Z</time>
      </trkpt>
      <trkpt lat="57.6658350415527820587158203125" lon="-4.057123772799968719482421875">
        <ele>85.40000152587890625</ele>
        <time>2026-08-09T12:42:51.000Z</time>
      </trkpt>
      <trkpt lat="57.665652818977832794189453125" lon="-4.05762425623834133148193359375">
        <ele>85.59999847412109375</ele>
        <time>2026-08-09T12:42:59.000Z</time>
      </trkpt>
      <trkpt lat="57.665586769580841064453125" lon="-4.057815782725811004638671875">
        <ele>86</ele>
        <time>2026-08-09T12:43:02.000Z</time>
      </trkpt>
      <trkpt lat="57.66551275737583637237548828125" lon="-4.058020301163196563720703125">
        <ele>86.40000152587890625</ele>
        <time>2026-08-09T12:43:05.000Z</time>
      </trkpt>
      <trkpt lat="57.66546271741390228271484375" lon="-4.05814879573881626129150390625">
        <ele>86</ele>
        <time>2026-08-09T12:43:07.000Z</time>
      </trkpt>
      <trkpt lat="57.6653277687728404998779296875" lon="-4.0585331059992313385009765625">
        <ele>86.1999969482421875</ele>
        <time>2026-08-09T12:43:13.000Z</time>
      </trkpt>
      <trkpt lat="57.665121071040630340576171875" lon="-4.0591114573180675506591796875">
        <ele>86.59999847412109375</ele>
        <time>2026-08-09T12:43:22.000Z</time>
      </trkpt>
      <trkpt lat="57.6649539358913898468017578125" lon="-4.05959350056946277618408203125">
        <ele>85.40000152587890625</ele>
        <time>2026-08-09T12:43:29.000Z</time>
      </trkpt>
      <trkpt lat="57.664860226213932037353515625" lon="-4.0598438680171966552734375">
        <ele>86.8000030517578125</ele>
        <time>2026-08-09T12:43:33.000Z</time>
      </trkpt>
      <trkpt lat="57.664813958108425140380859375" lon="-4.0599752962589263916015625">
        <ele>87</ele>
        <time>2026-08-09T12:43:35.000Z</time>
      </trkpt>
      <trkpt lat="57.664765678346157073974609375" lon="-4.0601028688251972198486328125">
        <ele>87</ele>
        <time>2026-08-09T12:43:37.000Z</time>
      </trkpt>
      <trkpt lat="57.66464942134916782379150390625" lon="-4.0604116581380367279052734375">
        <ele>87</ele>
        <time>2026-08-09T12:43:42.000Z</time>
      </trkpt>
      <trkpt lat="57.66441799700260162353515625" lon="-4.06107969582080841064453125">
        <ele>87.59999847412109375</ele>
        <time>2026-08-09T12:43:52.000Z</time>
      </trkpt>
      <trkpt lat="57.66432973556220531463623046875" lon="-4.06133894808590412139892578125">
        <ele>87.59999847412109375</ele>
        <time>2026-08-09T12:43:56.000Z</time>
      </trkpt>
      <trkpt lat="57.66423569060862064361572265625" lon="-4.06159828417003154754638671875">
        <ele>88</ele>
        <time>2026-08-09T12:44:00.000Z</time>
      </trkpt>
      <trkpt lat="57.66418942250311374664306640625" lon="-4.061730802059173583984375">
        <ele>88</ele>
        <time>2026-08-09T12:44:02.000Z</time>
      </trkpt>
      <trkpt lat="57.66404843889176845550537109375" lon="-4.06211142428219318389892578125">
        <ele>88.1999969482421875</ele>
        <time>2026-08-09T12:44:08.000Z</time>
      </trkpt>
      <trkpt lat="57.6638455130159854888916015625" lon="-4.0626682341098785400390625">
        <ele>88.8000030517578125</ele>
        <time>2026-08-09T12:44:17.000Z</time>
      </trkpt>
      <trkpt lat="57.66369338147342205047607421875" lon="-4.0630962140858173370361328125">
        <ele>89.1999969482421875</ele>
        <time>2026-08-09T12:44:24.000Z</time>
      </trkpt>
      <trkpt lat="57.66367175616323947906494140625" lon="-4.0631542168557643890380859375">
        <ele>89.40000152587890625</ele>
        <time>2026-08-09T12:44:25.000Z</time>
      </trkpt>
      <trkpt lat="57.66354887746274471282958984375" lon="-4.0635153092443943023681640625">
        <ele>90.1999969482421875</ele>
        <time>2026-08-09T12:44:31.000Z</time>
      </trkpt>
      <trkpt lat="57.66348601318895816802978515625" lon="-4.0637010522186756134033203125">
        <ele>90.8000030517578125</ele>
        <time>2026-08-09T12:44:34.000Z</time>
      </trkpt>
      <trkpt lat="57.6633697561919689178466796875" lon="-4.064003638923168182373046875">
        <ele>91.1999969482421875</ele>
        <time>2026-08-09T12:44:39.000Z</time>
      </trkpt>
      <trkpt lat="57.6633489690721035003662109375" lon="-4.06405937857925891876220703125">
        <ele>91.40000152587890625</ele>
        <time>2026-08-09T12:44:40.000Z</time>
      </trkpt>
      <trkpt lat="57.6633110828697681427001953125" lon="-4.06416825950145721435546875">
        <ele>91.59999847412109375</ele>
        <time>2026-08-09T12:44:42.000Z</time>
      </trkpt>
      <trkpt lat="57.6632664911448955535888671875" lon="-4.06427848152816295623779296875">
        <ele>92.59999847412109375</ele>
        <time>2026-08-09T12:44:44.000Z</time>
      </trkpt>
      <trkpt lat="57.663182504475116729736328125" lon="-4.0645201317965984344482421875">
        <ele>92.59999847412109375</ele>
        <time>2026-08-09T12:44:48.000Z</time>
      </trkpt>
      <trkpt lat="57.66316247172653675079345703125" lon="-4.064578972756862640380859375">
        <ele>92.59999847412109375</ele>
        <time>2026-08-09T12:44:49.000Z</time>
      </trkpt>
      <trkpt lat="57.66305484808981418609619140625" lon="-4.064877368509769439697265625">
        <ele>93.59999847412109375</ele>
        <time>2026-08-09T12:44:54.000Z</time>
      </trkpt>
      <trkpt lat="57.6630113460123538970947265625" lon="-4.06499949283897876739501953125">
        <ele>93.8000030517578125</ele>
        <time>2026-08-09T12:44:56.000Z</time>
      </trkpt>
      <trkpt lat="57.66294546425342559814453125" lon="-4.06518456526100635528564453125">
        <ele>94.59999847412109375</ele>
        <time>2026-08-09T12:44:59.000Z</time>
      </trkpt>
      <trkpt lat="57.662834823131561279296875" lon="-4.0655058436095714569091796875">
        <ele>95.40000152587890625</ele>
        <time>2026-08-09T12:45:04.000Z</time>
      </trkpt>
      <trkpt lat="57.66276433132588863372802734375" lon="-4.06568882055580615997314453125">
        <ele>95.59999847412109375</ele>
        <time>2026-08-09T12:45:07.000Z</time>
      </trkpt>
      <trkpt lat="57.6626153849065303802490234375" lon="-4.06611244194209575653076171875">
        <ele>96.59999847412109375</ele>
        <time>2026-08-09T12:45:14.000Z</time>
      </trkpt>
      <trkpt lat="57.66257070936262607574462890625" lon="-4.0662407688796520233154296875">
        <ele>96.8000030517578125</ele>
        <time>2026-08-09T12:45:16.000Z</time>
      </trkpt>
      <trkpt lat="57.6624179072678089141845703125" lon="-4.0666432678699493408203125">
        <ele>97.8000030517578125</ele>
        <time>2026-08-09T12:45:23.000Z</time>
      </trkpt>
      <trkpt lat="57.6622308231890201568603515625" lon="-4.067147187888622283935546875">
        <ele>98.1999969482421875</ele>
        <time>2026-08-09T12:45:32.000Z</time>
      </trkpt>
      <trkpt lat="57.66218774020671844482421875" lon="-4.0672680549323558807373046875">
        <ele>98.8000030517578125</ele>
        <time>2026-08-09T12:45:34.000Z</time>
      </trkpt>
      <trkpt lat="57.66204013489186763763427734375" lon="-4.0676495991647243499755859375">
        <ele>99.59999847412109375</ele>
        <time>2026-08-09T12:45:40.000Z</time>
      </trkpt>
      <trkpt lat="57.661962099373340606689453125" lon="-4.0678484179079532623291015625">
        <ele>99.8000030517578125</ele>
        <time>2026-08-09T12:45:43.000Z</time>
      </trkpt>
      <trkpt lat="57.66187132336199283599853515625" lon="-4.0680931694805622100830078125">
        <ele>100.40000152587890625</ele>
        <time>2026-08-09T12:45:47.000Z</time>
      </trkpt>
      <trkpt lat="57.661800496280193328857421875" lon="-4.068287126719951629638671875">
        <ele>100.8000030517578125</ele>
        <time>2026-08-09T12:45:50.000Z</time>
      </trkpt>
      <trkpt lat="57.66168273054063320159912109375" lon="-4.068605639040470123291015625">
        <ele>101.59999847412109375</ele>
        <time>2026-08-09T12:45:55.000Z</time>
      </trkpt>
      <trkpt lat="57.6616323553025722503662109375" lon="-4.0687308646738529205322265625">
        <ele>101.8000030517578125</ele>
        <time>2026-08-09T12:45:57.000Z</time>
      </trkpt>
      <trkpt lat="57.66151257790625095367431640625" lon="-4.0690411627292633056640625">
        <ele>101.8000030517578125</ele>
        <time>2026-08-09T12:46:02.000Z</time>
      </trkpt>
      <trkpt lat="57.66148944385349750518798828125" lon="-4.06910545192658901214599609375">
        <ele>102</ele>
        <time>2026-08-09T12:46:03.000Z</time>
      </trkpt>
      <trkpt lat="57.66135818324983119964599609375" lon="-4.06948347575962543487548828125">
        <ele>103.1999969482421875</ele>
        <time>2026-08-09T12:46:09.000Z</time>
      </trkpt>
      <trkpt lat="57.66131007112562656402587890625" lon="-4.06961188651621341705322265625">
        <ele>103.40000152587890625</ele>
        <time>2026-08-09T12:46:11.000Z</time>
      </trkpt>
      <trkpt lat="57.661142013967037200927734375" lon="-4.07006199471652507781982421875">
        <ele>103.59999847412109375</ele>
        <time>2026-08-09T12:46:18.000Z</time>
      </trkpt>
      <trkpt lat="57.66106314025819301605224609375" lon="-4.07026466913521289825439453125">
        <ele>104.40000152587890625</ele>
        <time>2026-08-09T12:46:21.000Z</time>
      </trkpt>
      <trkpt lat="57.6609346456825733184814453125" lon="-4.07059055753052234649658203125">
        <ele>105</ele>
        <time>2026-08-09T12:46:26.000Z</time>
      </trkpt>
      <trkpt lat="57.66086004674434661865234375" lon="-4.070792309939861297607421875">
        <ele>105.40000152587890625</ele>
        <time>2026-08-09T12:46:29.000Z</time>
      </trkpt>
      <trkpt lat="57.66078494489192962646484375" lon="-4.07099448144435882568359375">
        <ele>105.8000030517578125</ele>
        <time>2026-08-09T12:46:32.000Z</time>
      </trkpt>
      <trkpt lat="57.66073758713901042938232421875" lon="-4.0711331181228160858154296875">
        <ele>105.8000030517578125</ele>
        <time>2026-08-09T12:46:34.000Z</time>
      </trkpt>
      <trkpt lat="57.66054622828960418701171875" lon="-4.0716333501040935516357421875">
        <ele>106.1999969482421875</ele>
        <time>2026-08-09T12:46:42.000Z</time>
      </trkpt>
      <trkpt lat="57.66047070734202861785888671875" lon="-4.0718234516680240631103515625">
        <ele>106.59999847412109375</ele>
        <time>2026-08-09T12:46:45.000Z</time>
      </trkpt>
      <trkpt lat="57.66037146560847759246826171875" lon="-4.07207851298153400421142578125">
        <ele>107</ele>
        <time>2026-08-09T12:46:49.000Z</time>
      </trkpt>
      <trkpt lat="57.66017767600715160369873046875" lon="-4.072585366666316986083984375">
        <ele>107.1999969482421875</ele>
        <time>2026-08-09T12:46:57.000Z</time>
      </trkpt>
      <trkpt lat="57.660130150616168975830078125" lon="-4.0727045573294162750244140625">
        <ele>107.8000030517578125</ele>
        <time>2026-08-09T12:46:59.000Z</time>
      </trkpt>
      <trkpt lat="57.6599854789674282073974609375" lon="-4.073072187602519989013671875">
        <ele>108.1999969482421875</ele>
        <time>2026-08-09T12:47:05.000Z</time>
      </trkpt>
      <trkpt lat="57.65980250202119350433349609375" lon="-4.0735745988786220550537109375">
        <ele>108.8000030517578125</ele>
        <time>2026-08-09T12:47:13.000Z</time>
      </trkpt>
      <trkpt lat="57.65975355170667171478271484375" lon="-4.07370150089263916015625">
        <ele>109.40000152587890625</ele>
        <time>2026-08-09T12:47:15.000Z</time>
      </trkpt>
      <trkpt lat="57.65958943404257297515869140625" lon="-4.07416024245321750640869140625">
        <ele>110</ele>
        <time>2026-08-09T12:47:22.000Z</time>
      </trkpt>
      <trkpt lat="57.659566216170787811279296875" lon="-4.07422226853668689727783203125">
        <ele>110.1999969482421875</ele>
        <time>2026-08-09T12:47:23.000Z</time>
      </trkpt>
      <trkpt lat="57.65932607464492321014404296875" lon="-4.07485577277839183807373046875">
        <ele>110.8000030517578125</ele>
        <time>2026-08-09T12:47:33.000Z</time>
      </trkpt>
      <trkpt lat="57.65916614793241024017333984375" lon="-4.07529766671359539031982421875">
        <ele>111.1999969482421875</ele>
        <time>2026-08-09T12:47:40.000Z</time>
      </trkpt>
      <trkpt lat="57.65914150513708591461181640625" lon="-4.07535751350224018096923828125">
        <ele>111.1999969482421875</ele>
        <time>2026-08-09T12:47:41.000Z</time>
      </trkpt>
      <trkpt lat="57.6591145992279052734375" lon="-4.07541878521442413330078125">
        <ele>111.1999969482421875</ele>
        <time>2026-08-09T12:47:42.000Z</time>
      </trkpt>
      <trkpt lat="57.65898828394711017608642578125" lon="-4.0757495351135730743408203125">
        <ele>111.59999847412109375</ele>
        <time>2026-08-09T12:47:47.000Z</time>
      </trkpt>
      <trkpt lat="57.6589387468993663787841796875" lon="-4.0758819691836833953857421875">
        <ele>111.59999847412109375</ele>
        <time>2026-08-09T12:47:49.000Z</time>
      </trkpt>
      <trkpt lat="57.6587915606796741485595703125" lon="-4.07625974155962467193603515625">
        <ele>112.1999969482421875</ele>
        <time>2026-08-09T12:47:55.000Z</time>
      </trkpt>
      <trkpt lat="57.65869424678385257720947265625" lon="-4.07652729190886020660400390625">
        <ele>112.8000030517578125</ele>
        <time>2026-08-09T12:47:59.000Z</time>
      </trkpt>
      <trkpt lat="57.658534236252307891845703125" lon="-4.0769350714981555938720703125">
        <ele>113.1999969482421875</ele>
        <time>2026-08-09T12:48:05.000Z</time>
      </trkpt>
      <trkpt lat="57.65838160179555416107177734375" lon="-4.07735056243836879730224609375">
        <ele>113.40000152587890625</ele>
        <time>2026-08-09T12:48:11.000Z</time>
      </trkpt>
      <trkpt lat="57.6583339087665081024169921875" lon="-4.07748282887041568756103515625">
        <ele>113.40000152587890625</ele>
        <time>2026-08-09T12:48:13.000Z</time>
      </trkpt>
      <trkpt lat="57.6582105271518230438232421875" lon="-4.07781223766505718231201171875">
        <ele>113.59999847412109375</ele>
        <time>2026-08-09T12:48:18.000Z</time>
      </trkpt>
      <trkpt lat="57.658109106123447418212890625" lon="-4.0780736692249774932861328125">
        <ele>114.40000152587890625</ele>
        <time>2026-08-09T12:48:22.000Z</time>
      </trkpt>
      <trkpt lat="57.65798765234649181365966796875" lon="-4.078409112989902496337890625">
        <ele>114.59999847412109375</ele>
        <time>2026-08-09T12:48:27.000Z</time>
      </trkpt>
      <trkpt lat="57.657914645969867706298828125" lon="-4.078600890934467315673828125">
        <ele>115.1999969482421875</ele>
        <time>2026-08-09T12:48:30.000Z</time>
      </trkpt>
      <trkpt lat="57.6578397117555141448974609375" lon="-4.07879878766834735870361328125">
        <ele>114.8000030517578125</ele>
        <time>2026-08-09T12:48:33.000Z</time>
      </trkpt>
      <trkpt lat="57.65771624632179737091064453125" lon="-4.07912936992943286895751953125">
        <ele>115.59999847412109375</ele>
        <time>2026-08-09T12:48:38.000Z</time>
      </trkpt>
      <trkpt lat="57.657690346240997314453125" lon="-4.07918921671807765960693359375">
        <ele>115.59999847412109375</ele>
        <time>2026-08-09T12:48:39.000Z</time>
      </trkpt>
      <trkpt lat="57.657561935484409332275390625" lon="-4.07951879315078258514404296875">
        <ele>115.1999969482421875</ele>
        <time>2026-08-09T12:48:44.000Z</time>
      </trkpt>
      <trkpt lat="57.6573374681174755096435546875" lon="-4.08011843450367450714111328125">
        <ele>115.40000152587890625</ele>
        <time>2026-08-09T12:48:53.000Z</time>
      </trkpt>
      <trkpt lat="57.65716052614152431488037109375" lon="-4.08060483634471893310546875">
        <ele>116.59999847412109375</ele>
        <time>2026-08-09T12:49:00.000Z</time>
      </trkpt>
      <trkpt lat="57.657059691846370697021484375" lon="-4.0808678604662418365478515625">
        <ele>117.1999969482421875</ele>
        <time>2026-08-09T12:49:04.000Z</time>
      </trkpt>
      <trkpt lat="57.65700898133218288421630859375" lon="-4.08100850880146026611328125">
        <ele>117</ele>
        <time>2026-08-09T12:49:06.000Z</time>
      </trkpt>
      <trkpt lat="57.65685207210481166839599609375" lon="-4.0814187191426753997802734375">
        <ele>117.59999847412109375</ele>
        <time>2026-08-09T12:49:12.000Z</time>
      </trkpt>
      <trkpt lat="57.65657345764338970184326171875" lon="-4.08217568881809711456298828125">
        <ele>118.59999847412109375</ele>
        <time>2026-08-09T12:49:23.000Z</time>
      </trkpt>
      <trkpt lat="57.65636307187378406524658203125" lon="-4.0827185846865177154541015625">
        <ele>118.8000030517578125</ele>
        <time>2026-08-09T12:49:31.000Z</time>
      </trkpt>
      <trkpt lat="57.656182609498500823974609375" lon="-4.08320314250886440277099609375">
        <ele>119.8000030517578125</ele>
        <time>2026-08-09T12:49:38.000Z</time>
      </trkpt>
      <trkpt lat="57.65615536831319332122802734375" lon="-4.08327095210552215576171875">
        <ele>120</ele>
        <time>2026-08-09T12:49:39.000Z</time>
      </trkpt>
      <trkpt lat="57.6559668593108654022216796875" lon="-4.08377864398062229156494140625">
        <ele>120.59999847412109375</ele>
        <time>2026-08-09T12:49:47.000Z</time>
      </trkpt>
      <trkpt lat="57.65581891871988773345947265625" lon="-4.08415532670915126800537109375">
        <ele>120.59999847412109375</ele>
        <time>2026-08-09T12:49:53.000Z</time>
      </trkpt>
      <trkpt lat="57.65579469501972198486328125" lon="-4.0842119045555591583251953125">
        <ele>120.8000030517578125</ele>
        <time>2026-08-09T12:49:54.000Z</time>
      </trkpt>
      <trkpt lat="57.65576963312923908233642578125" lon="-4.0842699073255062103271484375">
        <ele>120.59999847412109375</ele>
        <time>2026-08-09T12:49:55.000Z</time>
      </trkpt>
      <trkpt lat="57.65552379190921783447265625" lon="-4.084765948355197906494140625">
        <ele>121.1999969482421875</ele>
        <time>2026-08-09T12:50:04.000Z</time>
      </trkpt>
      <trkpt lat="57.65531483106315135955810546875" lon="-4.08511186949908733367919921875">
        <ele>121.59999847412109375</ele>
        <time>2026-08-09T12:50:11.000Z</time>
      </trkpt>
      <trkpt lat="57.65522162429988384246826171875" lon="-4.08525084145367145538330078125">
        <ele>121.8000030517578125</ele>
        <time>2026-08-09T12:50:14.000Z</time>
      </trkpt>
      <trkpt lat="57.6549992524087429046630859375" lon="-4.0855530090630054473876953125">
        <ele>122.1999969482421875</ele>
        <time>2026-08-09T12:50:21.000Z</time>
      </trkpt>
      <trkpt lat="57.65476430766284465789794921875" lon="-4.08584008924663066864013671875">
        <ele>122.8000030517578125</ele>
        <time>2026-08-09T12:50:28.000Z</time>
      </trkpt>
      <trkpt lat="57.6547317020595073699951171875" lon="-4.08588166348636150360107421875">
        <ele>122.8000030517578125</ele>
        <time>2026-08-09T12:50:29.000Z</time>
      </trkpt>
      <trkpt lat="57.65449491329491138458251953125" lon="-4.086164049804210662841796875">
        <ele>123.59999847412109375</ele>
        <time>2026-08-09T12:50:36.000Z</time>
      </trkpt>
      <trkpt lat="57.65446163713932037353515625" lon="-4.0862017683684825897216796875">
        <ele>123.8000030517578125</ele>
        <time>2026-08-09T12:50:37.000Z</time>
      </trkpt>
      <trkpt lat="57.65419316478073596954345703125" lon="-4.08650745637714862823486328125">
        <ele>124.40000152587890625</ele>
        <time>2026-08-09T12:50:45.000Z</time>
      </trkpt>
      <trkpt lat="57.653946988284587860107421875" lon="-4.08677517436444759368896484375">
        <ele>124.40000152587890625</ele>
        <time>2026-08-09T12:50:52.000Z</time>
      </trkpt>
      <trkpt lat="57.65384045429527759552001953125" lon="-4.08688791096210479736328125">
        <ele>124.8000030517578125</ele>
        <time>2026-08-09T12:50:55.000Z</time>
      </trkpt>
      <trkpt lat="57.6538070105016231536865234375" lon="-4.0869239531457424163818359375">
        <ele>124.8000030517578125</ele>
        <time>2026-08-09T12:50:56.000Z</time>
      </trkpt>
      <trkpt lat="57.65353786759078502655029296875" lon="-4.08720717765390872955322265625">
        <ele>125.1999969482421875</ele>
        <time>2026-08-09T12:51:04.000Z</time>
      </trkpt>
      <trkpt lat="57.65324466861784458160400390625" lon="-4.08750641159713268280029296875">
        <ele>125.40000152587890625</ele>
        <time>2026-08-09T12:51:13.000Z</time>
      </trkpt>
      <trkpt lat="57.653174512088298797607421875" lon="-4.08757866360247135162353515625">
        <ele>125.8000030517578125</ele>
        <time>2026-08-09T12:51:15.000Z</time>
      </trkpt>
      <trkpt lat="57.6529577560722827911376953125" lon="-4.08779223449528217315673828125">
        <ele>126.8000030517578125</ele>
        <time>2026-08-09T12:51:21.000Z</time>
      </trkpt>
      <trkpt lat="57.652923054993152618408203125" lon="-4.0878265164792537689208984375">
        <ele>127</ele>
        <time>2026-08-09T12:51:22.000Z</time>
      </trkpt>
      <trkpt lat="57.652679644525051116943359375" lon="-4.08807344734668731689453125">
        <ele>127.59999847412109375</ele>
        <time>2026-08-09T12:51:29.000Z</time>
      </trkpt>
      <trkpt lat="57.65253723599016666412353515625" lon="-4.08818936906754970550537109375">
        <ele>128</ele>
        <time>2026-08-09T12:51:33.000Z</time>
      </trkpt>
      <trkpt lat="57.652428857982158660888671875" lon="-4.0882573463022708892822265625">
        <ele>128.1999969482421875</ele>
        <time>2026-08-09T12:51:36.000Z</time>
      </trkpt>
      <trkpt lat="57.6521282829344272613525390625" lon="-4.08838768489658832550048828125">
        <ele>129</ele>
        <time>2026-08-09T12:51:44.000Z</time>
      </trkpt>
      <trkpt lat="57.6520897261798381805419921875" lon="-4.08839288167655467987060546875">
        <ele>129</ele>
        <time>2026-08-09T12:51:45.000Z</time>
      </trkpt>
      <trkpt lat="57.65184857882559299468994140625" lon="-4.0883740223944187164306640625">
        <ele>129.1999969482421875</ele>
        <time>2026-08-09T12:51:51.000Z</time>
      </trkpt>
      <trkpt lat="57.6515992172062397003173828125" lon="-4.08824871294200420379638671875">
        <ele>130</ele>
        <time>2026-08-09T12:51:58.000Z</time>
      </trkpt>
      <trkpt lat="57.651528306305408477783203125" lon="-4.08819238655269145965576171875">
        <ele>130</ele>
        <time>2026-08-09T12:52:00.000Z</time>
      </trkpt>
      <trkpt lat="57.65135605819523334503173828125" lon="-4.0880176238715648651123046875">
        <ele>130.399993896484375</ele>
        <time>2026-08-09T12:52:05.000Z</time>
      </trkpt>
      <trkpt lat="57.65129503794014453887939453125" lon="-4.08795534633100032806396484375">
        <ele>130.8000030517578125</ele>
        <time>2026-08-09T12:52:07.000Z</time>
      </trkpt>
      <trkpt lat="57.6512183435261249542236328125" lon="-4.0878818370401859283447265625">
        <ele>131</ele>
        <time>2026-08-09T12:52:09.000Z</time>
      </trkpt>
      <trkpt lat="57.6510651223361492156982421875" lon="-4.08773791976273059844970703125">
        <ele>131.399993896484375</ele>
        <time>2026-08-09T12:52:13.000Z</time>
      </trkpt>
      <trkpt lat="57.65091978013515472412109375" lon="-4.08761219121515750885009765625">
        <ele>132.1999969482421875</ele>
        <time>2026-08-09T12:52:17.000Z</time>
      </trkpt>
      <trkpt lat="57.65077628195285797119140625" lon="-4.0874872170388698577880859375">
        <ele>132.8000030517578125</ele>
        <time>2026-08-09T12:52:21.000Z</time>
      </trkpt>
      <trkpt lat="57.650637812912464141845703125" lon="-4.0873552858829498291015625">
        <ele>133.1999969482421875</ele>
        <time>2026-08-09T12:52:25.000Z</time>
      </trkpt>
      <trkpt lat="57.6505731046199798583984375" lon="-4.08729250542819499969482421875">
        <ele>133.600006103515625</ele>
        <time>2026-08-09T12:52:27.000Z</time>
      </trkpt>
      <trkpt lat="57.65042449347674846649169921875" lon="-4.0871542878448963165283203125">
        <ele>134.600006103515625</ele>
        <time>2026-08-09T12:52:31.000Z</time>
      </trkpt>
      <trkpt lat="57.650389373302459716796875" lon="-4.087107516825199127197265625">
        <ele>134.8000030517578125</ele>
        <time>2026-08-09T12:52:32.000Z</time>
      </trkpt>
      <trkpt lat="57.65035383403301239013671875" lon="-4.08707357011735439300537109375">
        <ele>135.1999969482421875</ele>
        <time>2026-08-09T12:52:33.000Z</time>
      </trkpt>
      <trkpt lat="57.6502834260463714599609375" lon="-4.08700685016810894012451171875">
        <ele>135.8000030517578125</ele>
        <time>2026-08-09T12:52:35.000Z</time>
      </trkpt>
      <trkpt lat="57.6501387543976306915283203125" lon="-4.0868766792118549346923828125">
        <ele>136.600006103515625</ele>
        <time>2026-08-09T12:52:39.000Z</time>
      </trkpt>
      <trkpt lat="57.65010313130915164947509765625" lon="-4.08684373833239078521728515625">
        <ele>136.8000030517578125</ele>
        <time>2026-08-09T12:52:40.000Z</time>
      </trkpt>
      <trkpt lat="57.6499546878039836883544921875" lon="-4.0867080353200435638427734375">
        <ele>138</ele>
        <time>2026-08-09T12:52:44.000Z</time>
      </trkpt>
      <trkpt lat="57.64984865672886371612548828125" lon="-4.0866037644445896148681640625">
        <ele>138.8000030517578125</ele>
        <time>2026-08-09T12:52:47.000Z</time>
      </trkpt>
      <trkpt lat="57.6497763209044933319091796875" lon="-4.08654048107564449310302734375">
        <ele>139.600006103515625</ele>
        <time>2026-08-09T12:52:49.000Z</time>
      </trkpt>
      <trkpt lat="57.64966509304940700531005859375" lon="-4.08643461763858795166015625">
        <ele>140.8000030517578125</ele>
        <time>2026-08-09T12:52:52.000Z</time>
      </trkpt>
      <trkpt lat="57.64955545775592327117919921875" lon="-4.086326658725738525390625">
        <ele>141.399993896484375</ele>
        <time>2026-08-09T12:52:55.000Z</time>
      </trkpt>
      <trkpt lat="57.649441547691822052001953125" lon="-4.08622951246798038482666015625">
        <ele>142</ele>
        <time>2026-08-09T12:52:58.000Z</time>
      </trkpt>
      <trkpt lat="57.6494041644036769866943359375" lon="-4.08619632013142108917236328125">
        <ele>142.399993896484375</ele>
        <time>2026-08-09T12:52:59.000Z</time>
      </trkpt>
      <trkpt lat="57.649253122508525848388671875" lon="-4.0860656462609767913818359375">
        <ele>143</ele>
        <time>2026-08-09T12:53:03.000Z</time>
      </trkpt>
      <trkpt lat="57.64910819940268993377685546875" lon="-4.08593178726732730865478515625">
        <ele>144.1999969482421875</ele>
        <time>2026-08-09T12:53:07.000Z</time>
      </trkpt>
      <trkpt lat="57.64900677837431430816650390625" lon="-4.08583237789571285247802734375">
        <ele>144.8000030517578125</ele>
        <time>2026-08-09T12:53:10.000Z</time>
      </trkpt>
      <trkpt lat="57.64894307591021060943603515625" lon="-4.0857660770416259765625">
        <ele>145.1999969482421875</ele>
        <time>2026-08-09T12:53:12.000Z</time>
      </trkpt>
      <trkpt lat="57.6489092968404293060302734375" lon="-4.0857327170670032501220703125">
        <ele>145.8000030517578125</ele>
        <time>2026-08-09T12:53:13.000Z</time>
      </trkpt>
      <trkpt lat="57.64880259521305561065673828125" lon="-4.08565811812877655029296875">
        <ele>146.8000030517578125</ele>
        <time>2026-08-09T12:53:16.000Z</time>
      </trkpt>
      <trkpt lat="57.64869329519569873809814453125" lon="-4.0855670906603336334228515625">
        <ele>146.600006103515625</ele>
        <time>2026-08-09T12:53:19.000Z</time>
      </trkpt>
      <trkpt lat="57.64849782921373844146728515625" lon="-4.08542434684932231903076171875">
        <ele>147.1999969482421875</ele>
        <time>2026-08-09T12:53:24.000Z</time>
      </trkpt>
      <trkpt lat="57.64841702766716480255126953125" lon="-4.085370115935802459716796875">
        <ele>147.399993896484375</ele>
        <time>2026-08-09T12:53:26.000Z</time>
      </trkpt>
      <trkpt lat="57.64821770600974559783935546875" lon="-4.08524237573146820068359375">
        <ele>148</ele>
        <time>2026-08-09T12:53:31.000Z</time>
      </trkpt>
      <trkpt lat="57.648130953311920166015625" lon="-4.08519208431243896484375">
        <ele>148.1999969482421875</ele>
        <time>2026-08-09T12:53:33.000Z</time>
      </trkpt>
      <trkpt lat="57.647991478443145751953125" lon="-4.0851255320012569427490234375">
        <ele>148</ele>
        <time>2026-08-09T12:53:36.000Z</time>
      </trkpt>
      <trkpt lat="57.64783565886318683624267578125" lon="-4.08506358973681926727294921875">
        <ele>148</ele>
        <time>2026-08-09T12:53:39.000Z</time>
      </trkpt>
      <trkpt lat="57.64772593975067138671875" lon="-4.08503123559057712554931640625">
        <ele>148</ele>
        <time>2026-08-09T12:53:41.000Z</time>
      </trkpt>
      <trkpt lat="57.64757749624550342559814453125" lon="-4.08499100245535373687744140625">
        <ele>147.600006103515625</ele>
        <time>2026-08-09T12:53:44.000Z</time>
      </trkpt>
      <trkpt lat="57.64747917652130126953125" lon="-4.084968455135822296142578125">
        <ele>147</ele>
        <time>2026-08-09T12:53:46.000Z</time>
      </trkpt>
      <trkpt lat="57.6473774202167987823486328125" lon="-4.08494791947305202484130859375">
        <ele>146.600006103515625</ele>
        <time>2026-08-09T12:53:48.000Z</time>
      </trkpt>
      <trkpt lat="57.6470538787543773651123046875" lon="-4.08492176793515682220458984375">
        <ele>146</ele>
        <time>2026-08-09T12:53:54.000Z</time>
      </trkpt>
      <trkpt lat="57.6469361968338489532470703125" lon="-4.0849297307431697845458984375">
        <ele>146</ele>
        <time>2026-08-09T12:53:56.000Z</time>
      </trkpt>
      <trkpt lat="57.64661039225757122039794921875" lon="-4.0850128792226314544677734375">
        <ele>145.600006103515625</ele>
        <time>2026-08-09T12:54:02.000Z</time>
      </trkpt>
      <trkpt lat="57.646287269890308380126953125" lon="-4.08513651229441165924072265625">
        <ele>144.8000030517578125</ele>
        <time>2026-08-09T12:54:08.000Z</time>
      </trkpt>
      <trkpt lat="57.64623370952904224395751953125" lon="-4.0851724706590175628662109375">
        <ele>144.600006103515625</ele>
        <time>2026-08-09T12:54:09.000Z</time>
      </trkpt>
      <trkpt lat="57.6461234875023365020751953125" lon="-4.085241369903087615966796875">
        <ele>144.1999969482421875</ele>
        <time>2026-08-09T12:54:11.000Z</time>
      </trkpt>
      <trkpt lat="57.64572761021554470062255859375" lon="-4.0855402685701847076416015625">
        <ele>143.8000030517578125</ele>
        <time>2026-08-09T12:54:18.000Z</time>
      </trkpt>
      <trkpt lat="57.64554890803992748260498046875" lon="-4.0856995247304439544677734375">
        <ele>143.600006103515625</ele>
        <time>2026-08-09T12:54:21.000Z</time>
      </trkpt>
      <trkpt lat="57.645263671875" lon="-4.08600387163460254669189453125">
        <ele>143.8000030517578125</ele>
        <time>2026-08-09T12:54:26.000Z</time>
      </trkpt>
      <trkpt lat="57.6452078483998775482177734375" lon="-4.08606489188969135284423828125">
        <ele>143.8000030517578125</ele>
        <time>2026-08-09T12:54:27.000Z</time>
      </trkpt>
      <trkpt lat="57.64477861113846302032470703125" lon="-4.08659161068499088287353515625">
        <ele>142.8000030517578125</ele>
        <time>2026-08-09T12:54:35.000Z</time>
      </trkpt>
      <trkpt lat="57.64472044073045253753662109375" lon="-4.086655564606189727783203125">
        <ele>142.600006103515625</ele>
        <time>2026-08-09T12:54:36.000Z</time>
      </trkpt>
      <trkpt lat="57.64466964639723300933837890625" lon="-4.08673703670501708984375">
        <ele>142.399993896484375</ele>
        <time>2026-08-09T12:54:37.000Z</time>
      </trkpt>
      <trkpt lat="57.6445051096379756927490234375" lon="-4.08695270307362079620361328125">
        <ele>142</ele>
        <time>2026-08-09T12:54:40.000Z</time>
      </trkpt>
      <trkpt lat="57.64434627257287502288818359375" lon="-4.08716996200382709503173828125">
        <ele>141.399993896484375</ele>
        <time>2026-08-09T12:54:43.000Z</time>
      </trkpt>
      <trkpt lat="57.64410219155251979827880859375" lon="-4.08753658644855022430419921875">
        <ele>140.600006103515625</ele>
        <time>2026-08-09T12:54:48.000Z</time>
      </trkpt>
      <trkpt lat="57.644008062779903411865234375" lon="-4.0876798331737518310546875">
        <ele>140.399993896484375</ele>
        <time>2026-08-09T12:54:50.000Z</time>
      </trkpt>
      <trkpt lat="57.64378200285136699676513671875" lon="-4.08805601298809051513671875">
        <ele>139.399993896484375</ele>
        <time>2026-08-09T12:54:55.000Z</time>
      </trkpt>
      <trkpt lat="57.64359734952449798583984375" lon="-4.0883468650281429290771484375">
        <ele>138</ele>
        <time>2026-08-09T12:54:59.000Z</time>
      </trkpt>
      <trkpt lat="57.64347120188176631927490234375" lon="-4.08858172595500946044921875">
        <ele>137.600006103515625</ele>
        <time>2026-08-09T12:55:02.000Z</time>
      </trkpt>
      <trkpt lat="57.64330037869513034820556640625" lon="-4.0888975560665130615234375">
        <ele>137</ele>
        <time>2026-08-09T12:55:06.000Z</time>
      </trkpt>
      <trkpt lat="57.64321354217827320098876953125" lon="-4.08904935233294963836669921875">
        <ele>136.8000030517578125</ele>
        <time>2026-08-09T12:55:08.000Z</time>
      </trkpt>
      <trkpt lat="57.64304690994322299957275390625" lon="-4.0893543697893619537353515625">
        <ele>137.1999969482421875</ele>
        <time>2026-08-09T12:55:12.000Z</time>
      </trkpt>
      <trkpt lat="57.6430034078657627105712890625" lon="-4.0894339978694915771484375">
        <ele>137.600006103515625</ele>
        <time>2026-08-09T12:55:13.000Z</time>
      </trkpt>
      <trkpt lat="57.6428344286978244781494140625" lon="-4.08973365090787410736083984375">
        <ele>138</ele>
        <time>2026-08-09T12:55:17.000Z</time>
      </trkpt>
      <trkpt lat="57.64275756664574146270751953125" lon="-4.08988737501204013824462890625">
        <ele>138.1999969482421875</ele>
        <time>2026-08-09T12:55:19.000Z</time>
      </trkpt>
      <trkpt lat="57.642716579139232635498046875" lon="-4.0899625606834888458251953125">
        <ele>138.600006103515625</ele>
        <time>2026-08-09T12:55:20.000Z</time>
      </trkpt>
      <trkpt lat="57.64264608733355998992919921875" lon="-4.0901157818734645843505859375">
        <ele>138.8000030517578125</ele>
        <time>2026-08-09T12:55:22.000Z</time>
      </trkpt>
      <trkpt lat="57.6426081173121929168701171875" lon="-4.090182669460773468017578125">
        <ele>139.1999969482421875</ele>
        <time>2026-08-09T12:55:23.000Z</time>
      </trkpt>
      <trkpt lat="57.64250376261770725250244140625" lon="-4.09038173966109752655029296875">
        <ele>139.1999969482421875</ele>
        <time>2026-08-09T12:55:26.000Z</time>
      </trkpt>
      <trkpt lat="57.64232120476663112640380859375" lon="-4.0907241404056549072265625">
        <ele>140.399993896484375</ele>
        <time>2026-08-09T12:55:31.000Z</time>
      </trkpt>
      <trkpt lat="57.64228172600269317626953125" lon="-4.090792201459407806396484375">
        <ele>140.600006103515625</ele>
        <time>2026-08-09T12:55:32.000Z</time>
      </trkpt>
      <trkpt lat="57.64216412790119647979736328125" lon="-4.0910039283335208892822265625">
        <ele>141</ele>
        <time>2026-08-09T12:55:35.000Z</time>
      </trkpt>
      <trkpt lat="57.64201224781572818756103515625" lon="-4.0912741608917713165283203125">
        <ele>141.399993896484375</ele>
        <time>2026-08-09T12:55:39.000Z</time>
      </trkpt>
      <trkpt lat="57.64196815900504589080810546875" lon="-4.0913328342139720916748046875">
        <ele>141.600006103515625</ele>
        <time>2026-08-09T12:55:40.000Z</time>
      </trkpt>
      <trkpt lat="57.64188970439136028289794921875" lon="-4.091460406780242919921875">
        <ele>141.600006103515625</ele>
        <time>2026-08-09T12:55:42.000Z</time>
      </trkpt>
      <trkpt lat="57.64177302829921245574951171875" lon="-4.09165956079959869384765625">
        <ele>141.8000030517578125</ele>
        <time>2026-08-09T12:55:45.000Z</time>
      </trkpt>
      <trkpt lat="57.64173463918268680572509765625" lon="-4.0917294658720493316650390625">
        <ele>141.8000030517578125</ele>
        <time>2026-08-09T12:55:46.000Z</time>
      </trkpt>
      <trkpt lat="57.64169658534228801727294921875" lon="-4.091798029839992523193359375">
        <ele>141.8000030517578125</ele>
        <time>2026-08-09T12:55:47.000Z</time>
      </trkpt>
      <trkpt lat="57.64165584929287433624267578125" lon="-4.091862738132476806640625">
        <ele>141.8000030517578125</ele>
        <time>2026-08-09T12:55:48.000Z</time>
      </trkpt>
      <trkpt lat="57.64161477796733379364013671875" lon="-4.09192644059658050537109375">
        <ele>141.600006103515625</ele>
        <time>2026-08-09T12:55:49.000Z</time>
      </trkpt>
      <trkpt lat="57.64147580601274967193603515625" lon="-4.09219189547002315521240234375">
        <ele>141.1999969482421875</ele>
        <time>2026-08-09T12:55:53.000Z</time>
      </trkpt>
      <trkpt lat="57.641447223722934722900390625" lon="-4.09226465038955211639404296875">
        <ele>141</ele>
        <time>2026-08-09T12:55:54.000Z</time>
      </trkpt>
      <trkpt lat="57.64140673913061618804931640625" lon="-4.09233304671943187713623046875">
        <ele>141</ele>
        <time>2026-08-09T12:55:55.000Z</time>
      </trkpt>
      <trkpt lat="57.641215212643146514892578125" lon="-4.09268525429069995880126953125">
        <ele>140.399993896484375</ele>
        <time>2026-08-09T12:56:00.000Z</time>
      </trkpt>
      <trkpt lat="57.64118009246885776519775390625" lon="-4.09276018850505352020263671875">
        <ele>140.1999969482421875</ele>
        <time>2026-08-09T12:56:01.000Z</time>
      </trkpt>
      <trkpt lat="57.64114237390458583831787109375" lon="-4.0928338654339313507080078125">
        <ele>140.399993896484375</ele>
        <time>2026-08-09T12:56:02.000Z</time>
      </trkpt>
      <trkpt lat="57.64110423624515533447265625" lon="-4.09290787763893604278564453125">
        <ele>140.399993896484375</ele>
        <time>2026-08-09T12:56:03.000Z</time>
      </trkpt>
      <trkpt lat="57.641066014766693115234375" lon="-4.0929854102432727813720703125">
        <ele>140.399993896484375</ele>
        <time>2026-08-09T12:56:04.000Z</time>
      </trkpt>
      <trkpt lat="57.64099267311394214630126953125" lon="-4.09312698058784008026123046875">
        <ele>140.600006103515625</ele>
        <time>2026-08-09T12:56:06.000Z</time>
      </trkpt>
      <trkpt lat="57.6409501768648624420166015625" lon="-4.0931917726993560791015625">
        <ele>140.600006103515625</ele>
        <time>2026-08-09T12:56:07.000Z</time>
      </trkpt>
      <trkpt lat="57.64091606251895427703857421875" lon="-4.09325656481087207794189453125">
        <ele>140.600006103515625</ele>
        <time>2026-08-09T12:56:08.000Z</time>
      </trkpt>
      <trkpt lat="57.64087432064116001129150390625" lon="-4.0933183394372463226318359375">
        <ele>140.600006103515625</ele>
        <time>2026-08-09T12:56:09.000Z</time>
      </trkpt>
      <trkpt lat="57.6408435590565204620361328125" lon="-4.09338799305260181427001953125">
        <ele>140.600006103515625</ele>
        <time>2026-08-09T12:56:10.000Z</time>
      </trkpt>
      <trkpt lat="57.6408070139586925506591796875" lon="-4.09345186315476894378662109375">
        <ele>140.600006103515625</ele>
        <time>2026-08-09T12:56:11.000Z</time>
      </trkpt>
      <trkpt lat="57.6407040841877460479736328125" lon="-4.093632996082305908203125">
        <ele>141</ele>
        <time>2026-08-09T12:56:14.000Z</time>
      </trkpt>
      <trkpt lat="57.640669047832489013671875" lon="-4.0936951898038387298583984375">
        <ele>141</ele>
        <time>2026-08-09T12:56:15.000Z</time>
      </trkpt>
      <trkpt lat="57.6405113004148006439208984375" lon="-4.09397967159748077392578125">
        <ele>141.399993896484375</ele>
        <time>2026-08-09T12:56:20.000Z</time>
      </trkpt>
      <trkpt lat="57.64041365124285221099853515625" lon="-4.09415879286825656890869140625">
        <ele>141.1999969482421875</ele>
        <time>2026-08-09T12:56:23.000Z</time>
      </trkpt>
      <trkpt lat="57.64034642837941646575927734375" lon="-4.09428720362484455108642578125">
        <ele>139.600006103515625</ele>
        <time>2026-08-09T12:56:25.000Z</time>
      </trkpt>
      <trkpt lat="57.6402048580348491668701171875" lon="-4.09454955719411373138427734375">
        <ele>141</ele>
        <time>2026-08-09T12:56:29.000Z</time>
      </trkpt>
      <trkpt lat="57.64016856439411640167236328125" lon="-4.09461535513401031494140625">
        <ele>142</ele>
        <time>2026-08-09T12:56:30.000Z</time>
      </trkpt>
      <trkpt lat="57.64013319276273250579833984375" lon="-4.09468106925487518310546875">
        <ele>142.399993896484375</ele>
        <time>2026-08-09T12:56:31.000Z</time>
      </trkpt>
      <trkpt lat="57.64006555080413818359375" lon="-4.09481509588658809661865234375">
        <ele>143.8000030517578125</ele>
        <time>2026-08-09T12:56:33.000Z</time>
      </trkpt>
      <trkpt lat="57.6399944722652435302734375" lon="-4.0949499607086181640625">
        <ele>145.399993896484375</ele>
        <time>2026-08-09T12:56:35.000Z</time>
      </trkpt>
      <trkpt lat="57.63992548920214176177978515625" lon="-4.09509505145251750946044921875">
        <ele>146.1999969482421875</ele>
        <time>2026-08-09T12:56:37.000Z</time>
      </trkpt>
      <trkpt lat="57.63985072262585163116455078125" lon="-4.095239974558353424072265625">
        <ele>146.399993896484375</ele>
        <time>2026-08-09T12:56:39.000Z</time>
      </trkpt>
      <trkpt lat="57.63958853669464588165283203125" lon="-4.0957479178905487060546875">
        <ele>147</ele>
        <time>2026-08-09T12:56:46.000Z</time>
      </trkpt>
      <trkpt lat="57.6392865367233753204345703125" lon="-4.09631679765880107879638671875">
        <ele>147.399993896484375</ele>
        <time>2026-08-09T12:56:54.000Z</time>
      </trkpt>
      <trkpt lat="57.63897053897380828857421875" lon="-4.09687167964875698089599609375">
        <ele>146.399993896484375</ele>
        <time>2026-08-09T12:57:02.000Z</time>
      </trkpt>
      <trkpt lat="57.6386418007314205169677734375" lon="-4.0974184311926364898681640625">
        <ele>146</ele>
        <time>2026-08-09T12:57:10.000Z</time>
      </trkpt>
      <trkpt lat="57.6383534632623195648193359375" lon="-4.09794204868376255035400390625">
        <ele>146.399993896484375</ele>
        <time>2026-08-09T12:57:17.000Z</time>
      </trkpt>
      <trkpt lat="57.638022713363170623779296875" lon="-4.09853280521929264068603515625">
        <ele>147</ele>
        <time>2026-08-09T12:57:25.000Z</time>
      </trkpt>
      <trkpt lat="57.63782062567770481109619140625" lon="-4.098896495997905731201171875">
        <ele>146.8000030517578125</ele>
        <time>2026-08-09T12:57:30.000Z</time>
      </trkpt>
      <trkpt lat="57.63774049468338489532470703125" lon="-4.09903940744698047637939453125">
        <ele>146.8000030517578125</ele>
        <time>2026-08-09T12:57:32.000Z</time>
      </trkpt>
      <trkpt lat="57.6374529115855693817138671875" lon="-4.09957115538418292999267578125">
        <ele>146.1999969482421875</ele>
        <time>2026-08-09T12:57:39.000Z</time>
      </trkpt>
      <trkpt lat="57.63721327297389507293701171875" lon="-4.100013636052608489990234375">
        <ele>146</ele>
        <time>2026-08-09T12:57:45.000Z</time>
      </trkpt>
      <trkpt lat="57.636896185576915740966796875" lon="-4.100596345961093902587890625">
        <ele>146.600006103515625</ele>
        <time>2026-08-09T12:57:53.000Z</time>
      </trkpt>
      <trkpt lat="57.636642046272754669189453125" lon="-4.1010565124452114105224609375">
        <ele>146.8000030517578125</ele>
        <time>2026-08-09T12:57:59.000Z</time>
      </trkpt>
      <trkpt lat="57.6363654434680938720703125" lon="-4.10157526843249797821044921875">
        <ele>146.1999969482421875</ele>
        <time>2026-08-09T12:58:06.000Z</time>
      </trkpt>
      <trkpt lat="57.63617358170449733734130859375" lon="-4.10195010714232921600341796875">
        <ele>145.8000030517578125</ele>
        <time>2026-08-09T12:58:11.000Z</time>
      </trkpt>
      <trkpt lat="57.63613552786409854888916015625" lon="-4.10202655009925365447998046875">
        <ele>145.600006103515625</ele>
        <time>2026-08-09T12:58:12.000Z</time>
      </trkpt>
      <trkpt lat="57.63584501110017299652099609375" lon="-4.102527201175689697265625">
        <ele>145.600006103515625</ele>
        <time>2026-08-09T12:58:19.000Z</time>
      </trkpt>
      <trkpt lat="57.6355710066854953765869140625" lon="-4.1030426882207393646240234375">
        <ele>145.8000030517578125</ele>
        <time>2026-08-09T12:58:26.000Z</time>
      </trkpt>
      <trkpt lat="57.63541434891521930694580078125" lon="-4.10333060659468173980712890625">
        <ele>145.399993896484375</ele>
        <time>2026-08-09T12:58:30.000Z</time>
      </trkpt>
      <trkpt lat="57.6353896223008632659912109375" lon="-4.1033841669559478759765625">
        <ele>145.600006103515625</ele>
        <time>2026-08-09T12:58:31.000Z</time>
      </trkpt>
      <trkpt lat="57.6352887041866779327392578125" lon="-4.10359832458198070526123046875">
        <ele>146.399993896484375</ele>
        <time>2026-08-09T12:58:34.000Z</time>
      </trkpt>
      <trkpt lat="57.6350127719342708587646484375" lon="-4.1041135601699352264404296875">
        <ele>147.399993896484375</ele>
        <time>2026-08-09T12:58:42.000Z</time>
      </trkpt>
      <trkpt lat="57.63497379608452320098876953125" lon="-4.10418212413787841796875">
        <ele>147.399993896484375</ele>
        <time>2026-08-09T12:58:43.000Z</time>
      </trkpt>
      <trkpt lat="57.63489768840372562408447265625" lon="-4.10431690514087677001953125">
        <ele>147.600006103515625</ele>
        <time>2026-08-09T12:58:45.000Z</time>
      </trkpt>
      <trkpt lat="57.6348263584077358245849609375" lon="-4.10445076413452625274658203125">
        <ele>147.600006103515625</ele>
        <time>2026-08-09T12:58:47.000Z</time>
      </trkpt>
      <trkpt lat="57.6347190700471401214599609375" lon="-4.10464949905872344970703125">
        <ele>147.8000030517578125</ele>
        <time>2026-08-09T12:58:50.000Z</time>
      </trkpt>
      <trkpt lat="57.63461153022944927215576171875" lon="-4.1048434562981128692626953125">
        <ele>148.1999969482421875</ele>
        <time>2026-08-09T12:58:53.000Z</time>
      </trkpt>
      <trkpt lat="57.634537182748317718505859375" lon="-4.104962646961212158203125">
        <ele>148.600006103515625</ele>
        <time>2026-08-09T12:58:55.000Z</time>
      </trkpt>
      <trkpt lat="57.6343284733593463897705078125" lon="-4.1053151898086071014404296875">
        <ele>149</ele>
        <time>2026-08-09T12:59:01.000Z</time>
      </trkpt>
      <trkpt lat="57.63407810591161251068115234375" lon="-4.10577066242694854736328125">
        <ele>148.8000030517578125</ele>
        <time>2026-08-09T12:59:08.000Z</time>
      </trkpt>
      <trkpt lat="57.63400442898273468017578125" lon="-4.1059059463441371917724609375">
        <ele>149.1999969482421875</ele>
        <time>2026-08-09T12:59:10.000Z</time>
      </trkpt>
      <trkpt lat="57.6339687220752239227294921875" lon="-4.105972163379192352294921875">
        <ele>149.600006103515625</ele>
        <time>2026-08-09T12:59:11.000Z</time>
      </trkpt>
      <trkpt lat="57.633721791207790374755859375" lon="-4.10642637871205806732177734375">
        <ele>148.600006103515625</ele>
        <time>2026-08-09T12:59:18.000Z</time>
      </trkpt>
      <trkpt lat="57.63368122279644012451171875" lon="-4.10649091936647891998291015625">
        <ele>148.600006103515625</ele>
        <time>2026-08-09T12:59:19.000Z</time>
      </trkpt>
      <trkpt lat="57.6335217989981174468994140625" lon="-4.10676710307598114013671875">
        <ele>149</ele>
        <time>2026-08-09T12:59:23.000Z</time>
      </trkpt>
      <trkpt lat="57.63344376347959041595458984375" lon="-4.10691739059984683990478515625">
        <ele>149.1999969482421875</ele>
        <time>2026-08-09T12:59:25.000Z</time>
      </trkpt>
      <trkpt lat="57.633403949439525604248046875" lon="-4.1069915704429149627685546875">
        <ele>149.1999969482421875</ele>
        <time>2026-08-09T12:59:26.000Z</time>
      </trkpt>
      <trkpt lat="57.6333243213593959808349609375" lon="-4.1071357391774654388427734375">
        <ele>149.600006103515625</ele>
        <time>2026-08-09T12:59:28.000Z</time>
      </trkpt>
      <trkpt lat="57.63314737938344478607177734375" lon="-4.107465483248233795166015625">
        <ele>150.1999969482421875</ele>
        <time>2026-08-09T12:59:33.000Z</time>
      </trkpt>
      <trkpt lat="57.63307529501616954803466796875" lon="-4.107594899833202362060546875">
        <ele>150.8000030517578125</ele>
        <time>2026-08-09T12:59:35.000Z</time>
      </trkpt>
      <trkpt lat="57.63287848792970180511474609375" lon="-4.1079598478972911834716796875">
        <ele>150</ele>
        <time>2026-08-09T12:59:41.000Z</time>
      </trkpt>
      <trkpt lat="57.63281797058880329132080078125" lon="-4.10807107575237751007080078125">
        <ele>149.1999969482421875</ele>
        <time>2026-08-09T12:59:43.000Z</time>
      </trkpt>
      <trkpt lat="57.632763572037220001220703125" lon="-4.10818104632198810577392578125">
        <ele>150.399993896484375</ele>
        <time>2026-08-09T12:59:45.000Z</time>
      </trkpt>
      <trkpt lat="57.63270414434373378753662109375" lon="-4.108297638595104217529296875">
        <ele>151.600006103515625</ele>
        <time>2026-08-09T12:59:47.000Z</time>
      </trkpt>
      <trkpt lat="57.63264396227896213531494140625" lon="-4.10840802825987339019775390625">
        <ele>151.600006103515625</ele>
        <time>2026-08-09T12:59:49.000Z</time>
      </trkpt>
      <trkpt lat="57.63235277496278285980224609375" lon="-4.108885712921619415283203125">
        <ele>151.399993896484375</ele>
        <time>2026-08-09T12:59:58.000Z</time>
      </trkpt>
      <trkpt lat="57.632149346172809600830078125" lon="-4.10919626243412494659423828125">
        <ele>150.8000030517578125</ele>
        <time>2026-08-09T13:00:04.000Z</time>
      </trkpt>
      <trkpt lat="57.632083632051944732666015625" lon="-4.10929969511926174163818359375">
        <ele>150.399993896484375</ele>
        <time>2026-08-09T13:00:06.000Z</time>
      </trkpt>
      <trkpt lat="57.631768472492694854736328125" lon="-4.10975374281406402587890625">
        <ele>150.8000030517578125</ele>
        <time>2026-08-09T13:00:15.000Z</time>
      </trkpt>
      <trkpt lat="57.63147787190973758697509765625" lon="-4.1101406514644622802734375">
        <ele>150.1999969482421875</ele>
        <time>2026-08-09T13:00:23.000Z</time>
      </trkpt>
      <trkpt lat="57.63119456358253955841064453125" lon="-4.11049126647412776947021484375">
        <ele>149.8000030517578125</ele>
        <time>2026-08-09T13:00:30.000Z</time>
      </trkpt>
      <trkpt lat="57.631117366254329681396484375" lon="-4.11058388650417327880859375">
        <ele>149.399993896484375</ele>
        <time>2026-08-09T13:00:32.000Z</time>
      </trkpt>
      <trkpt lat="57.63088309206068515777587890625" lon="-4.1108728945255279541015625">
        <ele>149.1999969482421875</ele>
        <time>2026-08-09T13:00:38.000Z</time>
      </trkpt>
      <trkpt lat="57.6306085847318172454833984375" lon="-4.1112291254103183746337890625">
        <ele>149</ele>
        <time>2026-08-09T13:00:45.000Z</time>
      </trkpt>
      <trkpt lat="57.630365677177906036376953125" lon="-4.11152358166873455047607421875">
        <ele>148.600006103515625</ele>
        <time>2026-08-09T13:00:51.000Z</time>
      </trkpt>
      <trkpt lat="57.63002160005271434783935546875" lon="-4.1119459457695484161376953125">
        <ele>149</ele>
        <time>2026-08-09T13:00:59.000Z</time>
      </trkpt>
      <trkpt lat="57.62975874356925487518310546875" lon="-4.11225750111043453216552734375">
        <ele>149</ele>
        <time>2026-08-09T13:01:05.000Z</time>
      </trkpt>
      <trkpt lat="57.62967308051884174346923828125" lon="-4.11237283609807491302490234375">
        <ele>148.8000030517578125</ele>
        <time>2026-08-09T13:01:07.000Z</time>
      </trkpt>
      <trkpt lat="57.62940469197928905487060546875" lon="-4.1126989759504795074462890625">
        <ele>148.8000030517578125</ele>
        <time>2026-08-09T13:01:13.000Z</time>
      </trkpt>
      <trkpt lat="57.629361189901828765869140625" lon="-4.11275806836783885955810546875">
        <ele>149</ele>
        <time>2026-08-09T13:01:14.000Z</time>
      </trkpt>
      <trkpt lat="57.6292222179472446441650390625" lon="-4.11294364370405673980712890625">
        <ele>149.399993896484375</ele>
        <time>2026-08-09T13:01:17.000Z</time>
      </trkpt>
      <trkpt lat="57.62909305281937122344970703125" lon="-4.11311228759586811065673828125">
        <ele>150</ele>
        <time>2026-08-09T13:01:20.000Z</time>
      </trkpt>
      <trkpt lat="57.62890278361737728118896484375" lon="-4.11334295757114887237548828125">
        <ele>148.8000030517578125</ele>
        <time>2026-08-09T13:01:24.000Z</time>
      </trkpt>
      <trkpt lat="57.62885726988315582275390625" lon="-4.11340196616947650909423828125">
        <ele>148</ele>
        <time>2026-08-09T13:01:25.000Z</time>
      </trkpt>
      <trkpt lat="57.628545127809047698974609375" lon="-4.1137996874749660491943359375">
        <ele>148.8000030517578125</ele>
        <time>2026-08-09T13:01:32.000Z</time>
      </trkpt>
      <trkpt lat="57.6284574531018733978271484375" lon="-4.1139130108058452606201171875">
        <ele>149.1999969482421875</ele>
        <time>2026-08-09T13:01:34.000Z</time>
      </trkpt>
      <trkpt lat="57.62841160409152507781982421875" lon="-4.113967828452587127685546875">
        <ele>149.399993896484375</ele>
        <time>2026-08-09T13:01:35.000Z</time>
      </trkpt>
      <trkpt lat="57.628370113670825958251953125" lon="-4.1140306927263736724853515625">
        <ele>149.600006103515625</ele>
        <time>2026-08-09T13:01:36.000Z</time>
      </trkpt>
      <trkpt lat="57.62823223136365413665771484375" lon="-4.11419271491467952728271484375">
        <ele>150.1999969482421875</ele>
        <time>2026-08-09T13:01:39.000Z</time>
      </trkpt>
      <trkpt lat="57.6278978772461414337158203125" lon="-4.11455598659813404083251953125">
        <ele>150.1999969482421875</ele>
        <time>2026-08-09T13:01:46.000Z</time>
      </trkpt>
      <trkpt lat="57.6278509385883808135986328125" lon="-4.11460896022617816925048828125">
        <ele>150.1999969482421875</ele>
        <time>2026-08-09T13:01:47.000Z</time>
      </trkpt>
      <trkpt lat="57.62766192667186260223388671875" lon="-4.1148397140204906463623046875">
        <ele>150.1999969482421875</ele>
        <time>2026-08-09T13:01:51.000Z</time>
      </trkpt>
      <trkpt lat="57.62747190892696380615234375" lon="-4.11505688913166522979736328125">
        <ele>150.8000030517578125</ele>
        <time>2026-08-09T13:01:55.000Z</time>
      </trkpt>
      <trkpt lat="57.627425976097583770751953125" lon="-4.1151143051683902740478515625">
        <ele>152</ele>
        <time>2026-08-09T13:01:56.000Z</time>
      </trkpt>
      <trkpt lat="57.62733369134366512298583984375" lon="-4.11523827351629734039306640625">
        <ele>153.8000030517578125</ele>
        <time>2026-08-09T13:01:58.000Z</time>
      </trkpt>
      <trkpt lat="57.62714803218841552734375" lon="-4.11546726711094379425048828125">
        <ele>154</ele>
        <time>2026-08-09T13:02:02.000Z</time>
      </trkpt>
      <trkpt lat="57.62710184790194034576416015625" lon="-4.11552392877638339996337890625">
        <ele>154</ele>
        <time>2026-08-09T13:02:03.000Z</time>
      </trkpt>
      <trkpt lat="57.62670873664319515228271484375" lon="-4.11601913161575794219970703125">
        <ele>154.399993896484375</ele>
        <time>2026-08-09T13:02:11.000Z</time>
      </trkpt>
      <trkpt lat="57.62636206112802028656005859375" lon="-4.11644794978201389312744140625">
        <ele>153.8000030517578125</ele>
        <time>2026-08-09T13:02:18.000Z</time>
      </trkpt>
      <trkpt lat="57.626313529908657073974609375" lon="-4.11650410853326320648193359375">
        <ele>154</ele>
        <time>2026-08-09T13:02:19.000Z</time>
      </trkpt>
      <trkpt lat="57.62602142058312892913818359375" lon="-4.1168758459389209747314453125">
        <ele>152.399993896484375</ele>
        <time>2026-08-09T13:02:25.000Z</time>
      </trkpt>
      <trkpt lat="57.625973224639892578125" lon="-4.11693393252789974212646484375">
        <ele>152</ele>
        <time>2026-08-09T13:02:26.000Z</time>
      </trkpt>
      <trkpt lat="57.6257839612662792205810546875" lon="-4.11717583425343036651611328125">
        <ele>154</ele>
        <time>2026-08-09T13:02:30.000Z</time>
      </trkpt>
      <trkpt lat="57.625693269073963165283203125" lon="-4.11728672683238983154296875">
        <ele>153.600006103515625</ele>
        <time>2026-08-09T13:02:32.000Z</time>
      </trkpt>
      <trkpt lat="57.62560240924358367919921875" lon="-4.1174029000103473663330078125">
        <ele>152.600006103515625</ele>
        <time>2026-08-09T13:02:34.000Z</time>
      </trkpt>
      <trkpt lat="57.6255083642899990081787109375" lon="-4.11752301268279552459716796875">
        <ele>151</ele>
        <time>2026-08-09T13:02:36.000Z</time>
      </trkpt>
      <trkpt lat="57.6253152452409267425537109375" lon="-4.11776818335056304931640625">
        <ele>150.8000030517578125</ele>
        <time>2026-08-09T13:02:40.000Z</time>
      </trkpt>
      <trkpt lat="57.6251710765063762664794921875" lon="-4.1179440356791019439697265625">
        <ele>151.600006103515625</ele>
        <time>2026-08-09T13:02:43.000Z</time>
      </trkpt>
      <trkpt lat="57.6251227967441082000732421875" lon="-4.11800782196223735809326171875">
        <ele>152.8000030517578125</ele>
        <time>2026-08-09T13:02:44.000Z</time>
      </trkpt>
      <trkpt lat="57.625077031552791595458984375" lon="-4.11806414835155010223388671875">
        <ele>154</ele>
        <time>2026-08-09T13:02:45.000Z</time>
      </trkpt>
      <trkpt lat="57.62498323805630207061767578125" lon="-4.118175208568572998046875">
        <ele>155.1999969482421875</ele>
        <time>2026-08-09T13:02:47.000Z</time>
      </trkpt>
      <trkpt lat="57.6247372291982173919677734375" lon="-4.1184823215007781982421875">
        <ele>154.8000030517578125</ele>
        <time>2026-08-09T13:02:53.000Z</time>
      </trkpt>
      <trkpt lat="57.62452013790607452392578125" lon="-4.1187406517565250396728515625">
        <ele>153.399993896484375</ele>
        <time>2026-08-09T13:02:58.000Z</time>
      </trkpt>
      <trkpt lat="57.62447579763829708099365234375" lon="-4.11879085935652256011962890625">
        <ele>152.399993896484375</ele>
        <time>2026-08-09T13:02:59.000Z</time>
      </trkpt>
      <trkpt lat="57.62443439103662967681884765625" lon="-4.118846096098423004150390625">
        <ele>151.8000030517578125</ele>
        <time>2026-08-09T13:03:00.000Z</time>
      </trkpt>
      <trkpt lat="57.62427446432411670684814453125" lon="-4.1190417297184467315673828125">
        <ele>153.1999969482421875</ele>
        <time>2026-08-09T13:03:04.000Z</time>
      </trkpt>
      <trkpt lat="57.62423490174114704132080078125" lon="-4.1190940327942371368408203125">
        <ele>153.600006103515625</ele>
        <time>2026-08-09T13:03:05.000Z</time>
      </trkpt>
      <trkpt lat="57.62419768609106540679931640625" lon="-4.11913812160491943359375">
        <ele>153.399993896484375</ele>
        <time>2026-08-09T13:03:06.000Z</time>
      </trkpt>
      <trkpt lat="57.62411353178322315216064453125" lon="-4.119220264256000518798828125">
        <ele>153.399993896484375</ele>
        <time>2026-08-09T13:03:08.000Z</time>
      </trkpt>
      <trkpt lat="57.6240287907421588897705078125" lon="-4.1193245351314544677734375">
        <ele>152.600006103515625</ele>
        <time>2026-08-09T13:03:10.000Z</time>
      </trkpt>
      <trkpt lat="57.6239838637411594390869140625" lon="-4.11937943659722805023193359375">
        <ele>152</ele>
        <time>2026-08-09T13:03:11.000Z</time>
      </trkpt>
      <trkpt lat="57.62389442883431911468505859375" lon="-4.119502566754817962646484375">
        <ele>150</ele>
        <time>2026-08-09T13:03:13.000Z</time>
      </trkpt>
      <trkpt lat="57.62380667030811309814453125" lon="-4.119615890085697174072265625">
        <ele>148.8000030517578125</ele>
        <time>2026-08-09T13:03:15.000Z</time>
      </trkpt>
      <trkpt lat="57.62364179827272891998291015625" lon="-4.11982350982725620269775390625">
        <ele>148.600006103515625</ele>
        <time>2026-08-09T13:03:19.000Z</time>
      </trkpt>
      <trkpt lat="57.6232896745204925537109375" lon="-4.120260290801525115966796875">
        <ele>148.8000030517578125</ele>
        <time>2026-08-09T13:03:27.000Z</time>
      </trkpt>
      <trkpt lat="57.62323879636824131011962890625" lon="-4.1203194670379161834716796875">
        <ele>148.8000030517578125</ele>
        <time>2026-08-09T13:03:28.000Z</time>
      </trkpt>
      <trkpt lat="57.6230997405946254730224609375" lon="-4.1205055452883243560791015625">
        <ele>148.399993896484375</ele>
        <time>2026-08-09T13:03:31.000Z</time>
      </trkpt>
      <trkpt lat="57.6229082979261875152587890625" lon="-4.12072305567562580108642578125">
        <ele>149.1999969482421875</ele>
        <time>2026-08-09T13:03:35.000Z</time>
      </trkpt>
      <trkpt lat="57.62277008034288883209228515625" lon="-4.120902679860591888427734375">
        <ele>148.399993896484375</ele>
        <time>2026-08-09T13:03:38.000Z</time>
      </trkpt>
      <trkpt lat="57.62272599153220653533935546875" lon="-4.12096696905791759490966796875">
        <ele>147.8000030517578125</ele>
        <time>2026-08-09T13:03:39.000Z</time>
      </trkpt>
      <trkpt lat="57.62262742035090923309326171875" lon="-4.12109018303453922271728515625">
        <ele>147.600006103515625</ele>
        <time>2026-08-09T13:03:41.000Z</time>
      </trkpt>
      <trkpt lat="57.62219105847179889678955078125" lon="-4.121640957891941070556640625">
        <ele>149.1999969482421875</ele>
        <time>2026-08-09T13:03:50.000Z</time>
      </trkpt>
      <trkpt lat="57.62195326387882232666015625" lon="-4.12192870862782001495361328125">
        <ele>147.600006103515625</ele>
        <time>2026-08-09T13:03:55.000Z</time>
      </trkpt>
      <trkpt lat="57.62181588448584079742431640625" lon="-4.122108332812786102294921875">
        <ele>147.399993896484375</ele>
        <time>2026-08-09T13:03:58.000Z</time>
      </trkpt>
      <trkpt lat="57.62172033078968524932861328125" lon="-4.12221805192530155181884765625">
        <ele>147</ele>
        <time>2026-08-09T13:04:00.000Z</time>
      </trkpt>
      <trkpt lat="57.62162243016064167022705078125" lon="-4.12231125868856906890869140625">
        <ele>146.8000030517578125</ele>
        <time>2026-08-09T13:04:02.000Z</time>
      </trkpt>
      <trkpt lat="57.62152922339737415313720703125" lon="-4.1224236600100994110107421875">
        <ele>146.8000030517578125</ele>
        <time>2026-08-09T13:04:04.000Z</time>
      </trkpt>
      <trkpt lat="57.62134130112826824188232421875" lon="-4.12265759892761707305908203125">
        <ele>147</ele>
        <time>2026-08-09T13:04:08.000Z</time>
      </trkpt>
      <trkpt lat="57.62124390341341495513916015625" lon="-4.1227857582271099090576171875">
        <ele>146.600006103515625</ele>
        <time>2026-08-09T13:04:10.000Z</time>
      </trkpt>
      <trkpt lat="57.62109084986150264739990234375" lon="-4.1229658015072345733642578125">
        <ele>146</ele>
        <time>2026-08-09T13:04:13.000Z</time>
      </trkpt>
      <trkpt lat="57.6209989003837108612060546875" lon="-4.12308432161808013916015625">
        <ele>145.600006103515625</ele>
        <time>2026-08-09T13:04:15.000Z</time>
      </trkpt>
      <trkpt lat="57.6209566555917263031005859375" lon="-4.12314492277801036834716796875">
        <ele>145.600006103515625</ele>
        <time>2026-08-09T13:04:16.000Z</time>
      </trkpt>
      <trkpt lat="57.62078784406185150146484375" lon="-4.12335162051022052764892578125">
        <ele>145.8000030517578125</ele>
        <time>2026-08-09T13:04:20.000Z</time>
      </trkpt>
      <trkpt lat="57.62065641582012176513671875" lon="-4.12350886501371860504150390625">
        <ele>146.1999969482421875</ele>
        <time>2026-08-09T13:04:23.000Z</time>
      </trkpt>
      <trkpt lat="57.620515935122966766357421875" lon="-4.123683460056781768798828125">
        <ele>145.600006103515625</ele>
        <time>2026-08-09T13:04:26.000Z</time>
      </trkpt>
      <trkpt lat="57.62032306753098964691162109375" lon="-4.123894684016704559326171875">
        <ele>144.600006103515625</ele>
        <time>2026-08-09T13:04:30.000Z</time>
      </trkpt>
      <trkpt lat="57.62027512304484844207763671875" lon="-4.1239448077976703643798828125">
        <ele>144.399993896484375</ele>
        <time>2026-08-09T13:04:31.000Z</time>
      </trkpt>
      <trkpt lat="57.62018158100545406341552734375" lon="-4.1240393556654453277587890625">
        <ele>144</ele>
        <time>2026-08-09T13:04:33.000Z</time>
      </trkpt>
      <trkpt lat="57.619882933795452117919921875" lon="-4.1243166290223598480224609375">
        <ele>144.399993896484375</ele>
        <time>2026-08-09T13:04:39.000Z</time>
      </trkpt>
      <trkpt lat="57.61983104981482028961181640625" lon="-4.12436029873788356781005859375">
        <ele>144.1999969482421875</ele>
        <time>2026-08-09T13:04:40.000Z</time>
      </trkpt>
      <trkpt lat="57.6197282038629055023193359375" lon="-4.124445877969264984130859375">
        <ele>143.1999969482421875</ele>
        <time>2026-08-09T13:04:42.000Z</time>
      </trkpt>
      <trkpt lat="57.6195236854255199432373046875" lon="-4.12457822822034358978271484375">
        <ele>143.1999969482421875</ele>
        <time>2026-08-09T13:04:46.000Z</time>
      </trkpt>
      <trkpt lat="57.6192102022469043731689453125" lon="-4.124731533229351043701171875">
        <ele>144.399993896484375</ele>
        <time>2026-08-09T13:04:52.000Z</time>
      </trkpt>
      <trkpt lat="57.6191542111337184906005859375" lon="-4.1247669048607349395751953125">
        <ele>145</ele>
        <time>2026-08-09T13:04:53.000Z</time>
      </trkpt>
      <trkpt lat="57.6187156699597835540771484375" lon="-4.12498424760997295379638671875">
        <ele>144.1999969482421875</ele>
        <time>2026-08-09T13:05:01.000Z</time>
      </trkpt>
      <trkpt lat="57.61860745958983898162841796875" lon="-4.1250451840460300445556640625">
        <ele>143.8000030517578125</ele>
        <time>2026-08-09T13:05:03.000Z</time>
      </trkpt>
      <trkpt lat="57.61849589645862579345703125" lon="-4.125086255371570587158203125">
        <ele>143.399993896484375</ele>
        <time>2026-08-09T13:05:05.000Z</time>
      </trkpt>
      <trkpt lat="57.61844468303024768829345703125" lon="-4.1251162625849246978759765625">
        <ele>143.1999969482421875</ele>
        <time>2026-08-09T13:05:06.000Z</time>
      </trkpt>
      <trkpt lat="57.6183428429067134857177734375" lon="-4.1251829825341701507568359375">
        <ele>142.8000030517578125</ele>
        <time>2026-08-09T13:05:08.000Z</time>
      </trkpt>
      <trkpt lat="57.61817512102425098419189453125" lon="-4.12526470609009265899658203125">
        <ele>142.399993896484375</ele>
        <time>2026-08-09T13:05:11.000Z</time>
      </trkpt>
      <trkpt lat="57.61812130920588970184326171875" lon="-4.1252926178276538848876953125">
        <ele>142</ele>
        <time>2026-08-09T13:05:12.000Z</time>
      </trkpt>
      <trkpt lat="57.61790958233177661895751953125" lon="-4.12539697252213954925537109375">
        <ele>141</ele>
        <time>2026-08-09T13:05:16.000Z</time>
      </trkpt>
      <trkpt lat="57.6178057305514812469482421875" lon="-4.12544692866504192352294921875">
        <ele>140.8000030517578125</ele>
        <time>2026-08-09T13:05:18.000Z</time>
      </trkpt>
      <trkpt lat="57.6174932532012462615966796875" lon="-4.1255675442516803741455078125">
        <ele>139.600006103515625</ele>
        <time>2026-08-09T13:05:24.000Z</time>
      </trkpt>
      <trkpt lat="57.61744254268705844879150390625" lon="-4.1255928575992584228515625">
        <ele>139.600006103515625</ele>
        <time>2026-08-09T13:05:25.000Z</time>
      </trkpt>
      <trkpt lat="57.6170516945421695709228515625" lon="-4.12580014206469058990478515625">
        <ele>139</ele>
        <time>2026-08-09T13:05:32.000Z</time>
      </trkpt>
      <trkpt lat="57.6169350184500217437744140625" lon="-4.12585378624498844146728515625">
        <ele>138.600006103515625</ele>
        <time>2026-08-09T13:05:34.000Z</time>
      </trkpt>
      <trkpt lat="57.61670325882732868194580078125" lon="-4.125953614711761474609375">
        <ele>138</ele>
        <time>2026-08-09T13:05:38.000Z</time>
      </trkpt>
      <trkpt lat="57.6165316812694072723388671875" lon="-4.12603014148771762847900390625">
        <ele>137.600006103515625</ele>
        <time>2026-08-09T13:05:41.000Z</time>
      </trkpt>
      <trkpt lat="57.6163561642169952392578125" lon="-4.126113541424274444580078125">
        <ele>137.399993896484375</ele>
        <time>2026-08-09T13:05:44.000Z</time>
      </trkpt>
      <trkpt lat="57.6160807348787784576416015625" lon="-4.12623851560056209564208984375">
        <ele>137</ele>
        <time>2026-08-09T13:05:49.000Z</time>
      </trkpt>
      <trkpt lat="57.6159824989736080169677734375" lon="-4.1262950934469699859619140625">
        <ele>137</ele>
        <time>2026-08-09T13:05:51.000Z</time>
      </trkpt>
      <trkpt lat="57.615880072116851806640625" lon="-4.12637011148035526275634765625">
        <ele>136.8000030517578125</ele>
        <time>2026-08-09T13:05:53.000Z</time>
      </trkpt>
      <trkpt lat="57.61583003215491771697998046875" lon="-4.1263980232179164886474609375">
        <ele>137</ele>
        <time>2026-08-09T13:05:54.000Z</time>
      </trkpt>
      <trkpt lat="57.61548637412488460540771484375" lon="-4.12656842730939388275146484375">
        <ele>137.600006103515625</ele>
        <time>2026-08-09T13:06:00.000Z</time>
      </trkpt>
      <trkpt lat="57.61528663337230682373046875" lon="-4.12666431628167629241943359375">
        <ele>136.600006103515625</ele>
        <time>2026-08-09T13:06:03.000Z</time>
      </trkpt>
      <trkpt lat="57.61514305137097835540771484375" lon="-4.126742519438266754150390625">
        <ele>136</ele>
        <time>2026-08-09T13:06:05.000Z</time>
      </trkpt>
      <trkpt lat="57.6149991340935230255126953125" lon="-4.12680697627365589141845703125">
        <ele>135.600006103515625</ele>
        <time>2026-08-09T13:06:07.000Z</time>
      </trkpt>
      <trkpt lat="57.61492411606013774871826171875" lon="-4.126844443380832672119140625">
        <ele>135.399993896484375</ele>
        <time>2026-08-09T13:06:08.000Z</time>
      </trkpt>
      <trkpt lat="57.6147039234638214111328125" lon="-4.12694712169468402862548828125">
        <ele>134</ele>
        <time>2026-08-09T13:06:11.000Z</time>
      </trkpt>
      <trkpt lat="57.614379040896892547607421875" lon="-4.12710470147430896759033203125">
        <ele>132.8000030517578125</ele>
        <time>2026-08-09T13:06:15.000Z</time>
      </trkpt>
      <trkpt lat="57.61429379694163799285888671875" lon="-4.12713521160185337066650390625">
        <ele>132.600006103515625</ele>
        <time>2026-08-09T13:06:16.000Z</time>
      </trkpt>
      <trkpt lat="57.61411853134632110595703125" lon="-4.12721316330134868621826171875">
        <ele>132</ele>
        <time>2026-08-09T13:06:18.000Z</time>
      </trkpt>
      <trkpt lat="57.614037059247493743896484375" lon="-4.12725515663623809814453125">
        <ele>131.600006103515625</ele>
        <time>2026-08-09T13:06:19.000Z</time>
      </trkpt>
      <trkpt lat="57.61385207064449787139892578125" lon="-4.12735029123723506927490234375">
        <ele>131.399993896484375</ele>
        <time>2026-08-09T13:06:21.000Z</time>
      </trkpt>
      <trkpt lat="57.613653838634490966796875" lon="-4.12743142805993556976318359375">
        <ele>130.1999969482421875</ele>
        <time>2026-08-09T13:06:23.000Z</time>
      </trkpt>
      <trkpt lat="57.613353766500949859619140625" lon="-4.1275818832218647003173828125">
        <ele>128.8000030517578125</ele>
        <time>2026-08-09T13:06:26.000Z</time>
      </trkpt>
      <trkpt lat="57.61306081898510456085205078125" lon="-4.12776879966259002685546875">
        <ele>127.59999847412109375</ele>
        <time>2026-08-09T13:06:29.000Z</time>
      </trkpt>
      <trkpt lat="57.61297062970697879791259765625" lon="-4.1278457455337047576904296875">
        <ele>127.40000152587890625</ele>
        <time>2026-08-09T13:06:30.000Z</time>
      </trkpt>
      <trkpt lat="57.61279142461717128753662109375" lon="-4.12799737416207790374755859375">
        <ele>127.1999969482421875</ele>
        <time>2026-08-09T13:06:32.000Z</time>
      </trkpt>
      <trkpt lat="57.612532675266265869140625" lon="-4.12828110158443450927734375">
        <ele>126.59999847412109375</ele>
        <time>2026-08-09T13:06:35.000Z</time>
      </trkpt>
      <trkpt lat="57.61236998252570629119873046875" lon="-4.12848285399377346038818359375">
        <ele>126.1999969482421875</ele>
        <time>2026-08-09T13:06:37.000Z</time>
      </trkpt>
      <trkpt lat="57.61199598200619220733642578125" lon="-4.1290074773132801055908203125">
        <ele>125.40000152587890625</ele>
        <time>2026-08-09T13:06:42.000Z</time>
      </trkpt>
      <trkpt lat="57.6116502285003662109375" lon="-4.12960636429488658905029296875">
        <ele>124.8000030517578125</ele>
        <time>2026-08-09T13:06:47.000Z</time>
      </trkpt>
      <trkpt lat="57.6113536767661571502685546875" lon="-4.1302184946835041046142578125">
        <ele>124.8000030517578125</ele>
        <time>2026-08-09T13:06:52.000Z</time>
      </trkpt>
      <trkpt lat="57.61115510948002338409423828125" lon="-4.13069886155426502227783203125">
        <ele>125.1999969482421875</ele>
        <time>2026-08-09T13:06:56.000Z</time>
      </trkpt>
      <trkpt lat="57.61107330210506916046142578125" lon="-4.13094855844974517822265625">
        <ele>124.8000030517578125</ele>
        <time>2026-08-09T13:06:58.000Z</time>
      </trkpt>
      <trkpt lat="57.61098428629338741302490234375" lon="-4.13118802942335605621337890625">
        <ele>124.40000152587890625</ele>
        <time>2026-08-09T13:07:00.000Z</time>
      </trkpt>
      <trkpt lat="57.61081279255449771881103515625" lon="-4.1316792927682399749755859375">
        <ele>123.8000030517578125</ele>
        <time>2026-08-09T13:07:04.000Z</time>
      </trkpt>
      <trkpt lat="57.61077582836151123046875" lon="-4.13181181065738201141357421875">
        <ele>123.40000152587890625</ele>
        <time>2026-08-09T13:07:05.000Z</time>
      </trkpt>
      <trkpt lat="57.61073467321693897247314453125" lon="-4.13194038905203342437744140625">
        <ele>123.59999847412109375</ele>
        <time>2026-08-09T13:07:06.000Z</time>
      </trkpt>
      <trkpt lat="57.610685639083385467529296875" lon="-4.13205840624868869781494140625">
        <ele>123.8000030517578125</ele>
        <time>2026-08-09T13:07:07.000Z</time>
      </trkpt>
      <trkpt lat="57.6105000637471675872802734375" lon="-4.13256190717220306396484375">
        <ele>123.1999969482421875</ele>
        <time>2026-08-09T13:07:11.000Z</time>
      </trkpt>
      <trkpt lat="57.61040903627872467041015625" lon="-4.1328272782266139984130859375">
        <ele>121.8000030517578125</ele>
        <time>2026-08-09T13:07:13.000Z</time>
      </trkpt>
      <trkpt lat="57.61013436131179332733154296875" lon="-4.13363277912139892578125">
        <ele>120.8000030517578125</ele>
        <time>2026-08-09T13:07:19.000Z</time>
      </trkpt>
      <trkpt lat="57.6100896857678890228271484375" lon="-4.13376747630536556243896484375">
        <ele>120.8000030517578125</ele>
        <time>2026-08-09T13:07:20.000Z</time>
      </trkpt>
      <trkpt lat="57.6099086366593837738037109375" lon="-4.13430559448897838592529296875">
        <ele>120.1999969482421875</ele>
        <time>2026-08-09T13:07:24.000Z</time>
      </trkpt>
      <trkpt lat="57.60980830527842044830322265625" lon="-4.134590663015842437744140625">
        <ele>119.59999847412109375</ele>
        <time>2026-08-09T13:07:26.000Z</time>
      </trkpt>
      <trkpt lat="57.60961778461933135986328125" lon="-4.13515652529895305633544921875">
        <ele>118.40000152587890625</ele>
        <time>2026-08-09T13:07:30.000Z</time>
      </trkpt>
      <trkpt lat="57.6095267571508884429931640625" lon="-4.13543589413166046142578125">
        <ele>117.8000030517578125</ele>
        <time>2026-08-09T13:07:32.000Z</time>
      </trkpt>
      <trkpt lat="57.60938845574855804443359375" lon="-4.13584291934967041015625">
        <ele>117.1999969482421875</ele>
        <time>2026-08-09T13:07:35.000Z</time>
      </trkpt>
      <trkpt lat="57.60924990288913249969482421875" lon="-4.136241562664508819580078125">
        <ele>116.8000030517578125</ele>
        <time>2026-08-09T13:07:38.000Z</time>
      </trkpt>
      <trkpt lat="57.60912199504673480987548828125" lon="-4.1366239450871944427490234375">
        <ele>116.40000152587890625</ele>
        <time>2026-08-09T13:07:41.000Z</time>
      </trkpt>
      <trkpt lat="57.60907673276960849761962890625" lon="-4.1367496736347675323486328125">
        <ele>116.1999969482421875</ele>
        <time>2026-08-09T13:07:42.000Z</time>
      </trkpt>
      <trkpt lat="57.6089829392731189727783203125" lon="-4.13699953816831111907958984375">
        <ele>115.8000030517578125</ele>
        <time>2026-08-09T13:07:44.000Z</time>
      </trkpt>
      <trkpt lat="57.608753107488155364990234375" lon="-4.13765969686210155487060546875">
        <ele>114.8000030517578125</ele>
        <time>2026-08-09T13:07:49.000Z</time>
      </trkpt>
      <trkpt lat="57.60865864343941211700439453125" lon="-4.1379368863999843597412109375">
        <ele>114.1999969482421875</ele>
        <time>2026-08-09T13:07:51.000Z</time>
      </trkpt>
      <trkpt lat="57.60856099426746368408203125" lon="-4.13821826688945293426513671875">
        <ele>113.40000152587890625</ele>
        <time>2026-08-09T13:07:53.000Z</time>
      </trkpt>
      <trkpt lat="57.60846669785678386688232421875" lon="-4.13850341923534870147705078125">
        <ele>112.40000152587890625</ele>
        <time>2026-08-09T13:07:55.000Z</time>
      </trkpt>
      <trkpt lat="57.6083640195429325103759765625" lon="-4.13878689520061016082763671875">
        <ele>111.1999969482421875</ele>
        <time>2026-08-09T13:07:57.000Z</time>
      </trkpt>
      <trkpt lat="57.6083095371723175048828125" lon="-4.13892704062163829803466796875">
        <ele>110.59999847412109375</ele>
        <time>2026-08-09T13:07:58.000Z</time>
      </trkpt>
      <trkpt lat="57.6081745885312557220458984375" lon="-4.13919559679925441741943359375">
        <ele>109.40000152587890625</ele>
        <time>2026-08-09T13:08:00.000Z</time>
      </trkpt>
      <trkpt lat="57.6080049388110637664794921875" lon="-4.13943909108638763427734375">
        <ele>108.40000152587890625</ele>
        <time>2026-08-09T13:08:02.000Z</time>
      </trkpt>
      <trkpt lat="57.60790787637233734130859375" lon="-4.13954210467636585235595703125">
        <ele>107.8000030517578125</ele>
        <time>2026-08-09T13:08:03.000Z</time>
      </trkpt>
      <trkpt lat="57.6077008433640003204345703125" lon="-4.13974444381892681121826171875">
        <ele>107.1999969482421875</ele>
        <time>2026-08-09T13:08:05.000Z</time>
      </trkpt>
      <trkpt lat="57.6075848378241062164306640625" lon="-4.1398469544947147369384765625">
        <ele>106.8000030517578125</ele>
        <time>2026-08-09T13:08:06.000Z</time>
      </trkpt>
      <trkpt lat="57.60747528634965419769287109375" lon="-4.13993504829704761505126953125">
        <ele>106</ele>
        <time>2026-08-09T13:08:07.000Z</time>
      </trkpt>
      <trkpt lat="57.60736632160842418670654296875" lon="-4.1400177776813507080078125">
        <ele>104.59999847412109375</ele>
        <time>2026-08-09T13:08:08.000Z</time>
      </trkpt>
      <trkpt lat="57.60725450702011585235595703125" lon="-4.14009564556181430816650390625">
        <ele>103.40000152587890625</ele>
        <time>2026-08-09T13:08:09.000Z</time>
      </trkpt>
      <trkpt lat="57.60713917203247547149658203125" lon="-4.1401604376733303070068359375">
        <ele>102.59999847412109375</ele>
        <time>2026-08-09T13:08:10.000Z</time>
      </trkpt>
      <trkpt lat="57.60702014900743961334228515625" lon="-4.14021668024361133575439453125">
        <ele>101.8000030517578125</ele>
        <time>2026-08-09T13:08:11.000Z</time>
      </trkpt>
      <trkpt lat="57.6066487468779087066650390625" lon="-4.14035397581756114959716796875">
        <ele>99.8000030517578125</ele>
        <time>2026-08-09T13:08:14.000Z</time>
      </trkpt>
      <trkpt lat="57.60652092285454273223876953125" lon="-4.14039663970470428466796875">
        <ele>98.8000030517578125</ele>
        <time>2026-08-09T13:08:15.000Z</time>
      </trkpt>
      <trkpt lat="57.60626745410263538360595703125" lon="-4.1404779441654682159423828125">
        <ele>97</ele>
        <time>2026-08-09T13:08:17.000Z</time>
      </trkpt>
      <trkpt lat="57.60588356293737888336181640625" lon="-4.14056972600519657135009765625">
        <ele>95.59999847412109375</ele>
        <time>2026-08-09T13:08:20.000Z</time>
      </trkpt>
      <trkpt lat="57.6056305132806301116943359375" lon="-4.14062001742422580718994140625">
        <ele>95.40000152587890625</ele>
        <time>2026-08-09T13:08:22.000Z</time>
      </trkpt>
      <trkpt lat="57.60538953356444835662841796875" lon="-4.14066729135811328887939453125">
        <ele>94.59999847412109375</ele>
        <time>2026-08-09T13:08:24.000Z</time>
      </trkpt>
      <trkpt lat="57.6051544211804866790771484375" lon="-4.1407163254916667938232421875">
        <ele>93.40000152587890625</ele>
        <time>2026-08-09T13:08:26.000Z</time>
      </trkpt>
      <trkpt lat="57.60504218749701976776123046875" lon="-4.1407441534101963043212890625">
        <ele>92.40000152587890625</ele>
        <time>2026-08-09T13:08:27.000Z</time>
      </trkpt>
      <trkpt lat="57.60482895188033580780029296875" lon="-4.14080492220818996429443359375">
        <ele>91</ele>
        <time>2026-08-09T13:08:29.000Z</time>
      </trkpt>
      <trkpt lat="57.604422681033611297607421875" lon="-4.1409439779818058013916015625">
        <ele>90.40000152587890625</ele>
        <time>2026-08-09T13:08:33.000Z</time>
      </trkpt>
      <trkpt lat="57.60422696359455585479736328125" lon="-4.14101229049265384674072265625">
        <ele>90</ele>
        <time>2026-08-09T13:08:35.000Z</time>
      </trkpt>
      <trkpt lat="57.6036604307591915130615234375" lon="-4.14119987748563289642333984375">
        <ele>90.40000152587890625</ele>
        <time>2026-08-09T13:08:41.000Z</time>
      </trkpt>
      <trkpt lat="57.6034896075725555419921875" lon="-4.14118411950767040252685546875">
        <ele>90.40000152587890625</ele>
        <time>2026-08-09T13:08:43.000Z</time>
      </trkpt>
      <trkpt lat="57.60339883156120777130126953125" lon="-4.14113231934607028961181640625">
        <ele>90.59999847412109375</ele>
        <time>2026-08-09T13:08:44.000Z</time>
      </trkpt>
      <trkpt lat="57.603318952023983001708984375" lon="-4.1410462372004985809326171875">
        <ele>90.40000152587890625</ele>
        <time>2026-08-09T13:08:45.000Z</time>
      </trkpt>
      <trkpt lat="57.60318852961063385009765625" lon="-4.1408224403858184814453125">
        <ele>89.59999847412109375</ele>
        <time>2026-08-09T13:08:47.000Z</time>
      </trkpt>
      <trkpt lat="57.6030897907912731170654296875" lon="-4.140562601387500762939453125">
        <ele>88.59999847412109375</ele>
        <time>2026-08-09T13:08:49.000Z</time>
      </trkpt>
      <trkpt lat="57.603011839091777801513671875" lon="-4.1402859985828399658203125">
        <ele>88.40000152587890625</ele>
        <time>2026-08-09T13:08:51.000Z</time>
      </trkpt>
      <trkpt lat="57.60283489711582660675048828125" lon="-4.13954235613346099853515625">
        <ele>87.40000152587890625</ele>
        <time>2026-08-09T13:08:56.000Z</time>
      </trkpt>
      <trkpt lat="57.60276046581566333770751953125" lon="-4.13923524320125579833984375">
        <ele>87</ele>
        <time>2026-08-09T13:08:58.000Z</time>
      </trkpt>
      <trkpt lat="57.602648399770259857177734375" lon="-4.138769209384918212890625">
        <ele>86.40000152587890625</ele>
        <time>2026-08-09T13:09:01.000Z</time>
      </trkpt>
      <trkpt lat="57.6024266146123409271240234375" lon="-4.13784393109381198883056640625">
        <ele>85.1999969482421875</ele>
        <time>2026-08-09T13:09:07.000Z</time>
      </trkpt>
      <trkpt lat="57.60239015333354473114013671875" lon="-4.1376911289989948272705078125">
        <ele>85</ele>
        <time>2026-08-09T13:09:08.000Z</time>
      </trkpt>
      <trkpt lat="57.6021711342036724090576171875" lon="-4.1367604024708271026611328125">
        <ele>84.40000152587890625</ele>
        <time>2026-08-09T13:09:14.000Z</time>
      </trkpt>
      <trkpt lat="57.602105252444744110107421875" lon="-4.13645002059638500213623046875">
        <ele>84.1999969482421875</ele>
        <time>2026-08-09T13:09:16.000Z</time>
      </trkpt>
      <trkpt lat="57.60207231156527996063232421875" lon="-4.13629822432994842529296875">
        <ele>84.1999969482421875</ele>
        <time>2026-08-09T13:09:17.000Z</time>
      </trkpt>
      <trkpt lat="57.60191607289016246795654296875" lon="-4.13569212891161441802978515625">
        <ele>83.8000030517578125</ele>
        <time>2026-08-09T13:09:21.000Z</time>
      </trkpt>
      <trkpt lat="57.60186628438532352447509765625" lon="-4.13555231876671314239501953125">
        <ele>83.8000030517578125</ele>
        <time>2026-08-09T13:09:22.000Z</time>
      </trkpt>
      <trkpt lat="57.60173988528549671173095703125" lon="-4.13531745783984661102294921875">
        <ele>83.8000030517578125</ele>
        <time>2026-08-09T13:09:24.000Z</time>
      </trkpt>
      <trkpt lat="57.60166503489017486572265625" lon="-4.13522911258041858673095703125">
        <ele>83.8000030517578125</ele>
        <time>2026-08-09T13:09:25.000Z</time>
      </trkpt>
      <trkpt lat="57.6015914417803287506103515625" lon="-4.13514965213835239410400390625">
        <ele>83.40000152587890625</ele>
        <time>2026-08-09T13:09:26.000Z</time>
      </trkpt>
      <trkpt lat="57.60150971822440624237060546875" lon="-4.1350903920829296112060546875">
        <ele>82.59999847412109375</ele>
        <time>2026-08-09T13:09:27.000Z</time>
      </trkpt>
      <trkpt lat="57.60134694166481494903564453125" lon="-4.134983606636524200439453125">
        <ele>81.8000030517578125</ele>
        <time>2026-08-09T13:09:29.000Z</time>
      </trkpt>
      <trkpt lat="57.60119120590388774871826171875" lon="-4.13484178483486175537109375">
        <ele>82.1999969482421875</ele>
        <time>2026-08-09T13:09:31.000Z</time>
      </trkpt>
      <trkpt lat="57.6010541617870330810546875" lon="-4.13461823947727680206298828125">
        <ele>83.1999969482421875</ele>
        <time>2026-08-09T13:09:33.000Z</time>
      </trkpt>
      <trkpt lat="57.600803375244140625" lon="-4.13416192866861820220947265625">
        <ele>82.8000030517578125</ele>
        <time>2026-08-09T13:09:37.000Z</time>
      </trkpt>
      <trkpt lat="57.6004555262625217437744140625" lon="-4.13350093178451061248779296875">
        <ele>81.40000152587890625</ele>
        <time>2026-08-09T13:09:42.000Z</time>
      </trkpt>
      <trkpt lat="57.6001762412488460540771484375" lon="-4.1329825110733509063720703125">
        <ele>80.40000152587890625</ele>
        <time>2026-08-09T13:09:46.000Z</time>
      </trkpt>
      <trkpt lat="57.600037939846515655517578125" lon="-4.1327297128736972808837890625">
        <ele>79.1999969482421875</ele>
        <time>2026-08-09T13:09:48.000Z</time>
      </trkpt>
      <trkpt lat="57.59987692348659038543701171875" lon="-4.13247616030275821685791015625">
        <ele>78.1999969482421875</ele>
        <time>2026-08-09T13:09:50.000Z</time>
      </trkpt>
      <trkpt lat="57.599626220762729644775390625" lon="-4.132074080407619476318359375">
        <ele>77.40000152587890625</ele>
        <time>2026-08-09T13:09:53.000Z</time>
      </trkpt>
      <trkpt lat="57.59953896515071392059326171875" lon="-4.131937958300113677978515625">
        <ele>76.8000030517578125</ele>
        <time>2026-08-09T13:09:54.000Z</time>
      </trkpt>
      <trkpt lat="57.59927694685757160186767578125" lon="-4.13152917288243770599365234375">
        <ele>75.40000152587890625</ele>
        <time>2026-08-09T13:09:57.000Z</time>
      </trkpt>
      <trkpt lat="57.5991915352642536163330078125" lon="-4.1313976608216762542724609375">
        <ele>74.40000152587890625</ele>
        <time>2026-08-09T13:09:58.000Z</time>
      </trkpt>
      <trkpt lat="57.59893915615975856781005859375" lon="-4.1309755481779575347900390625">
        <ele>72.8000030517578125</ele>
        <time>2026-08-09T13:10:01.000Z</time>
      </trkpt>
      <trkpt lat="57.59884729050099849700927734375" lon="-4.13084370084106922149658203125">
        <ele>72.1999969482421875</ele>
        <time>2026-08-09T13:10:02.000Z</time>
      </trkpt>
      <trkpt lat="57.59875617921352386474609375" lon="-4.13070992566645145416259765625">
        <ele>71.40000152587890625</ele>
        <time>2026-08-09T13:10:03.000Z</time>
      </trkpt>
      <trkpt lat="57.59857035242021083831787109375" lon="-4.13045176304876804351806640625">
        <ele>70.1999969482421875</ele>
        <time>2026-08-09T13:10:05.000Z</time>
      </trkpt>
      <trkpt lat="57.598369605839252471923828125" lon="-4.13020449690520763397216796875">
        <ele>69.40000152587890625</ele>
        <time>2026-08-09T13:10:07.000Z</time>
      </trkpt>
      <trkpt lat="57.59827028028666973114013671875" lon="-4.1300739906728267669677734375">
        <ele>69.1999969482421875</ele>
        <time>2026-08-09T13:10:08.000Z</time>
      </trkpt>
      <trkpt lat="57.59816609323024749755859375" lon="-4.12994868122041225433349609375">
        <ele>68.59999847412109375</ele>
        <time>2026-08-09T13:10:09.000Z</time>
      </trkpt>
      <trkpt lat="57.597850263118743896484375" lon="-4.1296056099236011505126953125">
        <ele>68</ele>
        <time>2026-08-09T13:10:12.000Z</time>
      </trkpt>
      <trkpt lat="57.5977387838065624237060546875" lon="-4.129515253007411956787109375">
        <ele>67.8000030517578125</ele>
        <time>2026-08-09T13:10:13.000Z</time>
      </trkpt>
      <trkpt lat="57.5976251251995563507080078125" lon="-4.12944174371659755706787109375">
        <ele>67.40000152587890625</ele>
        <time>2026-08-09T13:10:14.000Z</time>
      </trkpt>
      <trkpt lat="57.597509287297725677490234375" lon="-4.12939128465950489044189453125">
        <ele>66.8000030517578125</ele>
        <time>2026-08-09T13:10:15.000Z</time>
      </trkpt>
      <trkpt lat="57.59739923290908336639404296875" lon="-4.1293343715369701385498046875">
        <ele>65.8000030517578125</ele>
        <time>2026-08-09T13:10:16.000Z</time>
      </trkpt>
      <trkpt lat="57.59728808887302875518798828125" lon="-4.129274524748325347900390625">
        <ele>64.8000030517578125</ele>
        <time>2026-08-09T13:10:17.000Z</time>
      </trkpt>
      <trkpt lat="57.5971748493611812591552734375" lon="-4.12921459414064884185791015625">
        <ele>63.799999237060546875</ele>
        <time>2026-08-09T13:10:18.000Z</time>
      </trkpt>
      <trkpt lat="57.596972845494747161865234375" lon="-4.12903287447988986968994140625">
        <ele>63.200000762939453125</ele>
        <time>2026-08-09T13:10:20.000Z</time>
      </trkpt>
      <trkpt lat="57.59688424877822399139404296875" lon="-4.12888937629759311676025390625">
        <ele>63</ele>
        <time>2026-08-09T13:10:21.000Z</time>
      </trkpt>
      <trkpt lat="57.59680679999291896820068359375" lon="-4.12874487228691577911376953125">
        <ele>62.59999847412109375</ele>
        <time>2026-08-09T13:10:22.000Z</time>
      </trkpt>
      <trkpt lat="57.5966501422226428985595703125" lon="-4.12843239493668079376220703125">
        <ele>61.200000762939453125</ele>
        <time>2026-08-09T13:10:24.000Z</time>
      </trkpt>
      <trkpt lat="57.59657378308475017547607421875" lon="-4.128261990845203399658203125">
        <ele>59.59999847412109375</ele>
        <time>2026-08-09T13:10:25.000Z</time>
      </trkpt>
      <trkpt lat="57.59649113751947879791259765625" lon="-4.12808303721249103546142578125">
        <ele>58.40000152587890625</ele>
        <time>2026-08-09T13:10:26.000Z</time>
      </trkpt>
      <trkpt lat="57.59641704149544239044189453125" lon="-4.127911962568759918212890625">
        <ele>57.200000762939453125</ele>
        <time>2026-08-09T13:10:27.000Z</time>
      </trkpt>
      <trkpt lat="57.5961901433765888214111328125" lon="-4.1273860819637775421142578125">
        <ele>58.40000152587890625</ele>
        <time>2026-08-09T13:10:30.000Z</time>
      </trkpt>
      <trkpt lat="57.59599124081432819366455078125" lon="-4.12683061324059963226318359375">
        <ele>57.799999237060546875</ele>
        <time>2026-08-09T13:10:33.000Z</time>
      </trkpt>
      <trkpt lat="57.59592510759830474853515625" lon="-4.12664621137082576751708984375">
        <ele>57.200000762939453125</ele>
        <time>2026-08-09T13:10:34.000Z</time>
      </trkpt>
      <trkpt lat="57.59579099714756011962890625" lon="-4.12624807097017765045166015625">
        <ele>55.799999237060546875</ele>
        <time>2026-08-09T13:10:36.000Z</time>
      </trkpt>
      <trkpt lat="57.5956355966627597808837890625" lon="-4.12587692029774188995361328125">
        <ele>54.799999237060546875</ele>
        <time>2026-08-09T13:10:38.000Z</time>
      </trkpt>
      <trkpt lat="57.595543898642063140869140625" lon="-4.1257160715758800506591796875">
        <ele>54.200000762939453125</ele>
        <time>2026-08-09T13:10:39.000Z</time>
      </trkpt>
      <trkpt lat="57.5954428128898143768310546875" lon="-4.12556963972747325897216796875">
        <ele>53.799999237060546875</ele>
        <time>2026-08-09T13:10:40.000Z</time>
      </trkpt>
      <trkpt lat="57.5952444970607757568359375" lon="-4.12533461116254329681396484375">
        <ele>52.200000762939453125</ele>
        <time>2026-08-09T13:10:42.000Z</time>
      </trkpt>
      <trkpt lat="57.59504307992756366729736328125" lon="-4.12512036971747875213623046875">
        <ele>51</ele>
        <time>2026-08-09T13:10:44.000Z</time>
      </trkpt>
      <trkpt lat="57.59482431225478649139404296875" lon="-4.12491685710847377777099609375">
        <ele>49.799999237060546875</ele>
        <time>2026-08-09T13:10:46.000Z</time>
      </trkpt>
      <trkpt lat="57.59447537362575531005859375" lon="-4.1246053017675876617431640625">
        <ele>48.59999847412109375</ele>
        <time>2026-08-09T13:10:49.000Z</time>
      </trkpt>
      <trkpt lat="57.59436096064746379852294921875" lon="-4.12449340336024761199951171875">
        <ele>47.40000152587890625</ele>
        <time>2026-08-09T13:10:50.000Z</time>
      </trkpt>
      <trkpt lat="57.594253085553646087646484375" lon="-4.12438477389514446258544921875">
        <ele>46</ele>
        <time>2026-08-09T13:10:51.000Z</time>
      </trkpt>
      <trkpt lat="57.5941603817045688629150390625" lon="-4.1242626495659351348876953125">
        <ele>45.200000762939453125</ele>
        <time>2026-08-09T13:10:52.000Z</time>
      </trkpt>
      <trkpt lat="57.594084441661834716796875" lon="-4.124111942946910858154296875">
        <ele>44.40000152587890625</ele>
        <time>2026-08-09T13:10:53.000Z</time>
      </trkpt>
      <trkpt lat="57.594029791653156280517578125" lon="-4.12394422106444835662841796875">
        <ele>43.200000762939453125</ele>
        <time>2026-08-09T13:10:54.000Z</time>
      </trkpt>
      <trkpt lat="57.59398913942277431488037109375" lon="-4.12375864572823047637939453125">
        <ele>42.799999237060546875</ele>
        <time>2026-08-09T13:10:55.000Z</time>
      </trkpt>
      <trkpt lat="57.59395242668688297271728515625" lon="-4.12356267683207988739013671875">
        <ele>42</ele>
        <time>2026-08-09T13:10:56.000Z</time>
      </trkpt>
      <trkpt lat="57.59388855658471584320068359375" lon="-4.12315246649086475372314453125">
        <ele>41</ele>
        <time>2026-08-09T13:10:58.000Z</time>
      </trkpt>
      <trkpt lat="57.59381999261677265167236328125" lon="-4.1227254085242748260498046875">
        <ele>39.200000762939453125</ele>
        <time>2026-08-09T13:11:00.000Z</time>
      </trkpt>
      <trkpt lat="57.59375385940074920654296875" lon="-4.12229063920676708221435546875">
        <ele>37.59999847412109375</ele>
        <time>2026-08-09T13:11:02.000Z</time>
      </trkpt>
      <trkpt lat="57.59368135593831539154052734375" lon="-4.12185830064117908477783203125">
        <ele>36</ele>
        <time>2026-08-09T13:11:04.000Z</time>
      </trkpt>
      <trkpt lat="57.59361061267554759979248046875" lon="-4.1214117966592311859130859375">
        <ele>34.200000762939453125</ele>
        <time>2026-08-09T13:11:06.000Z</time>
      </trkpt>
      <trkpt lat="57.59354590438306331634521484375" lon="-4.1209284961223602294921875">
        <ele>32.200000762939453125</ele>
        <time>2026-08-09T13:11:08.000Z</time>
      </trkpt>
      <trkpt lat="57.593437694013118743896484375" lon="-4.12022382952272891998291015625">
        <ele>30.6000003814697265625</ele>
        <time>2026-08-09T13:11:11.000Z</time>
      </trkpt>
      <trkpt lat="57.5934006460011005401611328125" lon="-4.11999198608100414276123046875">
        <ele>28.799999237060546875</ele>
        <time>2026-08-09T13:11:12.000Z</time>
      </trkpt>
      <trkpt lat="57.5933714769780635833740234375" lon="-4.11977841518819332122802734375">
        <ele>27.3999996185302734375</ele>
        <time>2026-08-09T13:11:13.000Z</time>
      </trkpt>
      <trkpt lat="57.59334021247923374176025390625" lon="-4.11957490257918834686279296875">
        <ele>26.200000762939453125</ele>
        <time>2026-08-09T13:11:14.000Z</time>
      </trkpt>
      <trkpt lat="57.593288160860538482666015625" lon="-4.11919645965099334716796875">
        <ele>24.200000762939453125</ele>
        <time>2026-08-09T13:11:16.000Z</time>
      </trkpt>
      <trkpt lat="57.59326293133199214935302734375" lon="-4.1190149076282978057861328125">
        <ele>23.200000762939453125</ele>
        <time>2026-08-09T13:11:17.000Z</time>
      </trkpt>
      <trkpt lat="57.593220770359039306640625" lon="-4.11886394955217838287353515625">
        <ele>23</ele>
        <time>2026-08-09T13:11:18.000Z</time>
      </trkpt>
      <trkpt lat="57.59308657608926296234130859375" lon="-4.11869647912681102752685546875">
        <ele>22</ele>
        <time>2026-08-09T13:11:20.000Z</time>
      </trkpt>
      <trkpt lat="57.5930090434849262237548828125" lon="-4.118694551289081573486328125">
        <ele>21.799999237060546875</ele>
        <time>2026-08-09T13:11:21.000Z</time>
      </trkpt>
      <trkpt lat="57.59293033741414546966552734375" lon="-4.1187362931668758392333984375">
        <ele>21.3999996185302734375</ele>
        <time>2026-08-09T13:11:22.000Z</time>
      </trkpt>
      <trkpt lat="57.5928626954555511474609375" lon="-4.11876856349408626556396484375">
        <ele>21</ele>
        <time>2026-08-09T13:11:23.000Z</time>
      </trkpt>
      <trkpt lat="57.59279186837375164031982421875" lon="-4.11878650076687335968017578125">
        <ele>20.6000003814697265625</ele>
        <time>2026-08-09T13:11:24.000Z</time>
      </trkpt>
      <trkpt lat="57.5926704145967960357666015625" lon="-4.11865322850644588470458984375">
        <ele>20.3999996185302734375</ele>
        <time>2026-08-09T13:11:26.000Z</time>
      </trkpt>
      <trkpt lat="57.59259539656341075897216796875" lon="-4.1183949820697307586669921875">
        <ele>19.6000003814697265625</ele>
        <time>2026-08-09T13:11:28.000Z</time>
      </trkpt>
      <trkpt lat="57.59257880039513111114501953125" lon="-4.11825424991548061370849609375">
        <ele>19.3999996185302734375</ele>
        <time>2026-08-09T13:11:29.000Z</time>
      </trkpt>
      <trkpt lat="57.59253521449863910675048828125" lon="-4.1179336421191692352294921875">
        <ele>18.200000762939453125</ele>
        <time>2026-08-09T13:11:31.000Z</time>
      </trkpt>
      <trkpt lat="57.5924655608832836151123046875" lon="-4.11747640930116176605224609375">
        <ele>17</ele>
        <time>2026-08-09T13:11:34.000Z</time>
      </trkpt>
      <trkpt lat="57.592335976660251617431640625" lon="-4.11648969165980815887451171875">
        <ele>16.6000003814697265625</ele>
        <time>2026-08-09T13:11:40.000Z</time>
      </trkpt>
      <trkpt lat="57.592317871749401092529296875" lon="-4.11632272414863109588623046875">
        <ele>15.80000019073486328125</ele>
        <time>2026-08-09T13:11:41.000Z</time>
      </trkpt>
      <trkpt lat="57.59228174574673175811767578125" lon="-4.1159863583743572235107421875">
        <ele>14.6000003814697265625</ele>
        <time>2026-08-09T13:11:43.000Z</time>
      </trkpt>
      <trkpt lat="57.5922503136098384857177734375" lon="-4.11582936532795429229736328125">
        <ele>14.19999980926513671875</ele>
        <time>2026-08-09T13:11:44.000Z</time>
      </trkpt>
      <trkpt lat="57.5922084040939807891845703125" lon="-4.1156862862408161163330078125">
        <ele>14</ele>
        <time>2026-08-09T13:11:45.000Z</time>
      </trkpt>
      <trkpt lat="57.5921544246375560760498046875" lon="-4.1155662573873996734619140625">
        <ele>14</ele>
        <time>2026-08-09T13:11:46.000Z</time>
      </trkpt>
      <trkpt lat="57.5920488126575946807861328125" lon="-4.1153540275990962982177734375">
        <ele>13.6000003814697265625</ele>
        <time>2026-08-09T13:11:48.000Z</time>
      </trkpt>
      <trkpt lat="57.59200279600918292999267578125" lon="-4.1152386926114559173583984375">
        <ele>13.80000019073486328125</ele>
        <time>2026-08-09T13:11:49.000Z</time>
      </trkpt>
      <trkpt lat="57.59189366362988948822021484375" lon="-4.11504565738141536712646484375">
        <ele>13.80000019073486328125</ele>
        <time>2026-08-09T13:11:51.000Z</time>
      </trkpt>
      <trkpt lat="57.5918328948318958282470703125" lon="-4.11497323773801326751708984375">
        <ele>14</ele>
        <time>2026-08-09T13:11:52.000Z</time>
      </trkpt>
      <trkpt lat="57.59177195839583873748779296875" lon="-4.11494239233434200286865234375">
        <ele>14.19999980926513671875</ele>
        <time>2026-08-09T13:11:53.000Z</time>
      </trkpt>
      <trkpt lat="57.59165075607597827911376953125" lon="-4.11492277868092060089111328125">
        <ele>14.80000019073486328125</ele>
        <time>2026-08-09T13:11:55.000Z</time>
      </trkpt>
      <trkpt lat="57.5914982892572879791259765625" lon="-4.11493149586021900177001953125">
        <ele>15.6000003814697265625</ele>
        <time>2026-08-09T13:11:58.000Z</time>
      </trkpt>
      <trkpt lat="57.591408602893352508544921875" lon="-4.1149319149553775787353515625">
        <ele>15.80000019073486328125</ele>
        <time>2026-08-09T13:12:00.000Z</time>
      </trkpt>
      <trkpt lat="57.59133174084126949310302734375" lon="-4.1149123013019561767578125">
        <ele>16</ele>
        <time>2026-08-09T13:12:02.000Z</time>
      </trkpt>
      <trkpt lat="57.5911720655858516693115234375" lon="-4.1149121336638927459716796875">
        <ele>16.6000003814697265625</ele>
        <time>2026-08-09T13:12:06.000Z</time>
      </trkpt>
      <trkpt lat="57.591138370335102081298828125" lon="-4.114924371242523193359375">
        <ele>16.6000003814697265625</ele>
        <time>2026-08-09T13:12:07.000Z</time>
      </trkpt>
      <trkpt lat="57.59101859293878078460693359375" lon="-4.11497675813734531402587890625">
        <ele>17</ele>
        <time>2026-08-09T13:12:10.000Z</time>
      </trkpt>
      <trkpt lat="57.59084139950573444366455078125" lon="-4.11507901735603809356689453125">
        <ele>17.200000762939453125</ele>
        <time>2026-08-09T13:12:16.000Z</time>
      </trkpt>
      <trkpt lat="57.59080686606466770172119140625" lon="-4.11508287303149700164794921875">
        <ele>17</ele>
        <time>2026-08-09T13:12:18.000Z</time>
      </trkpt>
      <trkpt lat="57.59076948277652263641357421875" lon="-4.11508874036371707916259765625">
        <ele>17</ele>
        <time>2026-08-09T13:12:21.000Z</time>
      </trkpt>
      <trkpt lat="57.5907445885241031646728515625" lon="-4.11509041674435138702392578125">
        <ele>17.3999996185302734375</ele>
        <time>2026-08-09T13:12:26.000Z</time>
      </trkpt>
      <trkpt lat="57.59073243476450443267822265625" lon="-4.11513567902147769927978515625">
        <ele>16.799999237060546875</ele>
        <time>2026-08-09T13:12:32.000Z</time>
      </trkpt>
      <trkpt lat="57.59072254411876201629638671875" lon="-4.11519854329526424407958984375">
        <ele>16.3999996185302734375</ele>
        <time>2026-08-09T13:12:36.000Z</time>
      </trkpt>
      <trkpt lat="57.59066806174814701080322265625" lon="-4.115231819450855255126953125">
        <ele>16.3999996185302734375</ele>
        <time>2026-08-09T13:12:39.000Z</time>
      </trkpt>
      <trkpt lat="57.590525485575199127197265625" lon="-4.11530381999909877777099609375">
        <ele>16.3999996185302734375</ele>
        <time>2026-08-09T13:12:44.000Z</time>
      </trkpt>
      <trkpt lat="57.5903375633060932159423828125" lon="-4.1153942607343196868896484375">
        <ele>16</ele>
        <time>2026-08-09T13:12:49.000Z</time>
      </trkpt>
      <trkpt lat="57.59030009619891643524169921875" lon="-4.11541521549224853515625">
        <ele>16</ele>
        <time>2026-08-09T13:12:50.000Z</time>
      </trkpt>
      <trkpt lat="57.59005618281662464141845703125" lon="-4.115476571023464202880859375">
        <ele>16</ele>
        <time>2026-08-09T13:12:56.000Z</time>
      </trkpt>
      <trkpt lat="57.5899754650890827178955078125" lon="-4.11555267870426177978515625">
        <ele>16</ele>
        <time>2026-08-09T13:12:58.000Z</time>
      </trkpt>
      <trkpt lat="57.58994118310511112213134765625" lon="-4.1156772337853908538818359375">
        <ele>16</ele>
        <time>2026-08-09T13:13:00.000Z</time>
      </trkpt>
      <trkpt lat="57.58992844261229038238525390625" lon="-4.11600873805582523345947265625">
        <ele>16.200000762939453125</ele>
        <time>2026-08-09T13:13:05.000Z</time>
      </trkpt>
      <trkpt lat="57.589909918606281280517578125" lon="-4.11644577048718929290771484375">
        <ele>17.3999996185302734375</ele>
        <time>2026-08-09T13:13:12.000Z</time>
      </trkpt>
      <trkpt lat="57.589899860322475433349609375" lon="-4.11656320095062255859375">
        <ele>17.799999237060546875</ele>
        <time>2026-08-09T13:13:14.000Z</time>
      </trkpt>
      <trkpt lat="57.589873708784580230712890625" lon="-4.11666554398834705352783203125">
        <ele>18.200000762939453125</ele>
        <time>2026-08-09T13:13:16.000Z</time>
      </trkpt>
      <trkpt lat="57.589801959693431854248046875" lon="-4.1167846508324146270751953125">
        <ele>19</ele>
        <time>2026-08-09T13:13:19.000Z</time>
      </trkpt>
      <trkpt lat="57.5897434540092945098876953125" lon="-4.11683971993625164031982421875">
        <ele>19.6000003814697265625</ele>
        <time>2026-08-09T13:13:21.000Z</time>
      </trkpt>
      <trkpt lat="57.58968452922999858856201171875" lon="-4.1168939508497714996337890625">
        <ele>20.200000762939453125</ele>
        <time>2026-08-09T13:13:23.000Z</time>
      </trkpt>
      <trkpt lat="57.5896026380360126495361328125" lon="-4.116963855922222137451171875">
        <ele>20.799999237060546875</ele>
        <time>2026-08-09T13:13:26.000Z</time>
      </trkpt>
      <trkpt lat="57.58958310820162296295166015625" lon="-4.11699838936328887939453125">
        <ele>20.799999237060546875</ele>
        <time>2026-08-09T13:13:27.000Z</time>
      </trkpt>
      <trkpt lat="57.58953717537224292755126953125" lon="-4.11704792641103267669677734375">
        <ele>21.200000762939453125</ele>
        <time>2026-08-09T13:13:29.000Z</time>
      </trkpt>
      <trkpt lat="57.5894698686897754669189453125" lon="-4.11710777319967746734619140625">
        <ele>21.6000003814697265625</ele>
        <time>2026-08-09T13:13:32.000Z</time>
      </trkpt>
      <trkpt lat="57.58941077627241611480712890625" lon="-4.11719913594424724578857421875">
        <ele>22.200000762939453125</ele>
        <time>2026-08-09T13:13:36.000Z</time>
      </trkpt>
      <trkpt lat="57.58938990533351898193359375" lon="-4.1172168217599391937255859375">
        <ele>22.3999996185302734375</ele>
        <time>2026-08-09T13:13:37.000Z</time>
      </trkpt>
      <trkpt lat="57.58929544128477573394775390625" lon="-4.1173147223889827728271484375">
        <ele>23.3999996185302734375</ele>
        <time>2026-08-09T13:13:41.000Z</time>
      </trkpt>
      <trkpt lat="57.58927264250814914703369140625" lon="-4.11734816618263721466064453125">
        <ele>23.6000003814697265625</ele>
        <time>2026-08-09T13:13:42.000Z</time>
      </trkpt>
      <trkpt lat="57.589246071875095367431640625" lon="-4.11737616173923015594482421875">
        <ele>23.799999237060546875</ele>
        <time>2026-08-09T13:13:43.000Z</time>
      </trkpt>
      <trkpt lat="57.58917130529880523681640625" lon="-4.11745746619999408721923828125">
        <ele>24.3999996185302734375</ele>
        <time>2026-08-09T13:13:46.000Z</time>
      </trkpt>
      <trkpt lat="57.58914859034121036529541015625" lon="-4.11747959442436695098876953125">
        <ele>24.6000003814697265625</ele>
        <time>2026-08-09T13:13:47.000Z</time>
      </trkpt>
      <trkpt lat="57.58907734416425228118896484375" lon="-4.11755017004907131195068359375">
        <ele>25.3999996185302734375</ele>
        <time>2026-08-09T13:13:50.000Z</time>
      </trkpt>
      <trkpt lat="57.58905571885406970977783203125" lon="-4.11759057082235813140869140625">
        <ele>25.6000003814697265625</ele>
        <time>2026-08-09T13:13:51.000Z</time>
      </trkpt>
      <trkpt lat="57.58896611630916595458984375" lon="-4.1176791675388813018798828125">
        <ele>25.3999996185302734375</ele>
        <time>2026-08-09T13:13:55.000Z</time>
      </trkpt>
      <trkpt lat="57.58885354734957218170166015625" lon="-4.1177998669445514678955078125">
        <ele>26.6000003814697265625</ele>
        <time>2026-08-09T13:14:00.000Z</time>
      </trkpt>
      <trkpt lat="57.5888150744140148162841796875" lon="-4.11785175092518329620361328125">
        <ele>27.200000762939453125</ele>
        <time>2026-08-09T13:14:02.000Z</time>
      </trkpt>
      <trkpt lat="57.5887738354504108428955078125" lon="-4.1178987734019756317138671875">
        <ele>27.6000003814697265625</ele>
        <time>2026-08-09T13:14:04.000Z</time>
      </trkpt>
      <trkpt lat="57.58869898505508899688720703125" lon="-4.118007235229015350341796875">
        <ele>28.3999996185302734375</ele>
        <time>2026-08-09T13:14:08.000Z</time>
      </trkpt>
      <trkpt lat="57.58867735974490642547607421875" lon="-4.11803774535655975341796875">
        <ele>28.799999237060546875</ele>
        <time>2026-08-09T13:14:09.000Z</time>
      </trkpt>
      <trkpt lat="57.58857007138431072235107421875" lon="-4.11821879446506500244140625">
        <ele>29.3999996185302734375</ele>
        <time>2026-08-09T13:14:14.000Z</time>
      </trkpt>
      <trkpt lat="57.588516511023044586181640625" lon="-4.11832599900662899017333984375">
        <ele>29.799999237060546875</ele>
        <time>2026-08-09T13:14:17.000Z</time>
      </trkpt>
      <trkpt lat="57.58847736753523349761962890625" lon="-4.1184206306934356689453125">
        <ele>30.3999996185302734375</ele>
        <time>2026-08-09T13:14:19.000Z</time>
      </trkpt>
      <trkpt lat="57.5884315185248851776123046875" lon="-4.118525572121143341064453125">
        <ele>31</ele>
        <time>2026-08-09T13:14:21.000Z</time>
      </trkpt>
      <trkpt lat="57.58830092847347259521484375" lon="-4.11877258680760860443115234375">
        <ele>31.6000003814697265625</ele>
        <time>2026-08-09T13:14:26.000Z</time>
      </trkpt>
      <trkpt lat="57.58826748467981815338134765625" lon="-4.11881147883832454681396484375">
        <ele>31.6000003814697265625</ele>
        <time>2026-08-09T13:14:27.000Z</time>
      </trkpt>
      <trkpt lat="57.5882363878190517425537109375" lon="-4.11885724402964115142822265625">
        <ele>31.6000003814697265625</ele>
        <time>2026-08-09T13:14:28.000Z</time>
      </trkpt>
      <trkpt lat="57.5882058776915073394775390625" lon="-4.1189079545438289642333984375">
        <ele>31.6000003814697265625</ele>
        <time>2026-08-09T13:14:29.000Z</time>
      </trkpt>
      <trkpt lat="57.58813731372356414794921875" lon="-4.11900627426803112030029296875">
        <ele>31.6000003814697265625</ele>
        <time>2026-08-09T13:14:31.000Z</time>
      </trkpt>
      <trkpt lat="57.588101439177989959716796875" lon="-4.11906511522829532623291015625">
        <ele>31.799999237060546875</ele>
        <time>2026-08-09T13:14:32.000Z</time>
      </trkpt>
      <trkpt lat="57.5879832543432712554931640625" lon="-4.11931179463863372802734375">
        <ele>31.3999996185302734375</ele>
        <time>2026-08-09T13:14:36.000Z</time>
      </trkpt>
      <trkpt lat="57.58787311613559722900390625" lon="-4.11958026699721813201904296875">
        <ele>31.200000762939453125</ele>
        <time>2026-08-09T13:14:40.000Z</time>
      </trkpt>
      <trkpt lat="57.5878176279366016387939453125" lon="-4.1197112761437892913818359375">
        <ele>31</ele>
        <time>2026-08-09T13:14:42.000Z</time>
      </trkpt>
      <trkpt lat="57.5877611339092254638671875" lon="-4.11984295584261417388916015625">
        <ele>31</ele>
        <time>2026-08-09T13:14:44.000Z</time>
      </trkpt>
      <trkpt lat="57.5876395963132381439208984375" lon="-4.12010346539318561553955078125">
        <ele>30.6000003814697265625</ele>
        <time>2026-08-09T13:14:48.000Z</time>
      </trkpt>
      <trkpt lat="57.5875232554972171783447265625" lon="-4.1202606260776519775390625">
        <ele>30.6000003814697265625</ele>
        <time>2026-08-09T13:14:51.000Z</time>
      </trkpt>
      <trkpt lat="57.58725193329155445098876953125" lon="-4.12061459384858608245849609375">
        <ele>30.6000003814697265625</ele>
        <time>2026-08-09T13:14:58.000Z</time>
      </trkpt>
      <trkpt lat="57.58707524277269840240478515625" lon="-4.1208146698772907257080078125">
        <ele>30.200000762939453125</ele>
        <time>2026-08-09T13:15:02.000Z</time>
      </trkpt>
      <trkpt lat="57.58697667159140110015869140625" lon="-4.120934866368770599365234375">
        <ele>30.200000762939453125</ele>
        <time>2026-08-09T13:15:04.000Z</time>
      </trkpt>
      <trkpt lat="57.58682277984917163848876953125" lon="-4.121125973761081695556640625">
        <ele>30</ele>
        <time>2026-08-09T13:15:07.000Z</time>
      </trkpt>
      <trkpt lat="57.5867722369730472564697265625" lon="-4.12119227461516857147216796875">
        <ele>29.799999237060546875</ele>
        <time>2026-08-09T13:15:08.000Z</time>
      </trkpt>
      <trkpt lat="57.5865809619426727294921875" lon="-4.12146535702049732208251953125">
        <ele>29.6000003814697265625</ele>
        <time>2026-08-09T13:15:12.000Z</time>
      </trkpt>
      <trkpt lat="57.5864973105490207672119140625" lon="-4.12162411026656627655029296875">
        <ele>29.3999996185302734375</ele>
        <time>2026-08-09T13:15:14.000Z</time>
      </trkpt>
      <trkpt lat="57.58629421703517436981201171875" lon="-4.12199442274868488311767578125">
        <ele>29</ele>
        <time>2026-08-09T13:15:19.000Z</time>
      </trkpt>
      <trkpt lat="57.58613714016973972320556640625" lon="-4.12228711880743503570556640625">
        <ele>28.799999237060546875</ele>
        <time>2026-08-09T13:15:23.000Z</time>
      </trkpt>
      <trkpt lat="57.5859762914478778839111328125" lon="-4.122577719390392303466796875">
        <ele>28.6000003814697265625</ele>
        <time>2026-08-09T13:15:27.000Z</time>
      </trkpt>
      <trkpt lat="57.58589741773903369903564453125" lon="-4.12271962501108646392822265625">
        <ele>28.3999996185302734375</ele>
        <time>2026-08-09T13:15:29.000Z</time>
      </trkpt>
      <trkpt lat="57.58563187904655933380126953125" lon="-4.12322052754461765289306640625">
        <ele>29</ele>
        <time>2026-08-09T13:15:36.000Z</time>
      </trkpt>
      <trkpt lat="57.5854079984128475189208984375" lon="-4.1236229427158832550048828125">
        <ele>28.3999996185302734375</ele>
        <time>2026-08-09T13:15:41.000Z</time>
      </trkpt>
      <trkpt lat="57.5852839462459087371826171875" lon="-4.123854450881481170654296875">
        <ele>27.799999237060546875</ele>
        <time>2026-08-09T13:15:44.000Z</time>
      </trkpt>
      <trkpt lat="57.5852393545210361480712890625" lon="-4.12393181584775447845458984375">
        <ele>28</ele>
        <time>2026-08-09T13:15:45.000Z</time>
      </trkpt>
      <trkpt lat="57.5849647633731365203857421875" lon="-4.1244205646216869354248046875">
        <ele>28.200000762939453125</ele>
        <time>2026-08-09T13:15:51.000Z</time>
      </trkpt>
      <trkpt lat="57.5845973007380962371826171875" lon="-4.12509337998926639556884765625">
        <ele>27.799999237060546875</ele>
        <time>2026-08-09T13:15:59.000Z</time>
      </trkpt>
      <trkpt lat="57.5842740945518016815185546875" lon="-4.12571883760392665863037109375">
        <ele>27.200000762939453125</ele>
        <time>2026-08-09T13:16:06.000Z</time>
      </trkpt>
      <trkpt lat="57.58398315869271755218505859375" lon="-4.12625133991241455078125">
        <ele>27.200000762939453125</ele>
        <time>2026-08-09T13:16:12.000Z</time>
      </trkpt>
      <trkpt lat="57.5838316977024078369140625" lon="-4.12652735598385334014892578125">
        <ele>26.799999237060546875</ele>
        <time>2026-08-09T13:16:15.000Z</time>
      </trkpt>
      <trkpt lat="57.5836300291121006011962890625" lon="-4.1268982551991939544677734375">
        <ele>26.799999237060546875</ele>
        <time>2026-08-09T13:16:19.000Z</time>
      </trkpt>
      <trkpt lat="57.5832753069698810577392578125" lon="-4.12755195982754230499267578125">
        <ele>27.200000762939453125</ele>
        <time>2026-08-09T13:16:26.000Z</time>
      </trkpt>
      <trkpt lat="57.58286400698125362396240234375" lon="-4.12829610519111156463623046875">
        <ele>27.3999996185302734375</ele>
        <time>2026-08-09T13:16:34.000Z</time>
      </trkpt>
      <trkpt lat="57.58249050937592983245849609375" lon="-4.12900219671428203582763671875">
        <ele>26.799999237060546875</ele>
        <time>2026-08-09T13:16:41.000Z</time>
      </trkpt>
      <trkpt lat="57.582289092242717742919921875" lon="-4.12942481227219104766845703125">
        <ele>26</ele>
        <time>2026-08-09T13:16:45.000Z</time>
      </trkpt>
      <trkpt lat="57.5821856595575809478759765625" lon="-4.12962463684380054473876953125">
        <ele>25.799999237060546875</ele>
        <time>2026-08-09T13:16:47.000Z</time>
      </trkpt>
      <trkpt lat="57.5819858349859714508056640625" lon="-4.130035936832427978515625">
        <ele>25.6000003814697265625</ele>
        <time>2026-08-09T13:16:51.000Z</time>
      </trkpt>
      <trkpt lat="57.58184879086911678314208984375" lon="-4.13036157377064228057861328125">
        <ele>25</ele>
        <time>2026-08-09T13:16:54.000Z</time>
      </trkpt>
      <trkpt lat="57.58172188885509967803955078125" lon="-4.13068260066211223602294921875">
        <ele>24.6000003814697265625</ele>
        <time>2026-08-09T13:16:57.000Z</time>
      </trkpt>
      <trkpt lat="57.58167964406311511993408203125" lon="-4.13077966310083866119384765625">
        <ele>24.3999996185302734375</ele>
        <time>2026-08-09T13:16:58.000Z</time>
      </trkpt>
      <trkpt lat="57.58164762519299983978271484375" lon="-4.13085040636360645294189453125">
        <ele>24.200000762939453125</ele>
        <time>2026-08-09T13:16:59.000Z</time>
      </trkpt>
      <trkpt lat="57.581597752869129180908203125" lon="-4.1309465467929840087890625">
        <ele>24.200000762939453125</ele>
        <time>2026-08-09T13:17:00.000Z</time>
      </trkpt>
      <trkpt lat="57.58155240677297115325927734375" lon="-4.13104151375591754913330078125">
        <ele>24</ele>
        <time>2026-08-09T13:17:01.000Z</time>
      </trkpt>
      <trkpt lat="57.58135861717164516448974609375" lon="-4.13142691366374492645263671875">
        <ele>23.3999996185302734375</ele>
        <time>2026-08-09T13:17:05.000Z</time>
      </trkpt>
      <trkpt lat="57.5812639854848384857177734375" lon="-4.13162170909345149993896484375">
        <ele>23.200000762939453125</ele>
        <time>2026-08-09T13:17:07.000Z</time>
      </trkpt>
      <trkpt lat="57.58112610317766666412353515625" lon="-4.13192697800695896148681640625">
        <ele>23</ele>
        <time>2026-08-09T13:17:10.000Z</time>
      </trkpt>
      <trkpt lat="57.58098545484244823455810546875" lon="-4.132215566933155059814453125">
        <ele>22.799999237060546875</ele>
        <time>2026-08-09T13:17:13.000Z</time>
      </trkpt>
      <trkpt lat="57.580954693257808685302734375" lon="-4.13232360966503620147705078125">
        <ele>22.3999996185302734375</ele>
        <time>2026-08-09T13:17:14.000Z</time>
      </trkpt>
      <trkpt lat="57.58083910681307315826416015625" lon="-4.13263809867203235626220703125">
        <ele>22.200000762939453125</ele>
        <time>2026-08-09T13:17:17.000Z</time>
      </trkpt>
      <trkpt lat="57.580719999969005584716796875" lon="-4.1329922340810298919677734375">
        <ele>21</ele>
        <time>2026-08-09T13:17:20.000Z</time>
      </trkpt>
      <trkpt lat="57.58054154925048351287841796875" lon="-4.13343605585396289825439453125">
        <ele>20.3999996185302734375</ele>
        <time>2026-08-09T13:17:24.000Z</time>
      </trkpt>
      <trkpt lat="57.58034088648855686187744140625" lon="-4.13397333584725856781005859375">
        <ele>20.799999237060546875</ele>
        <time>2026-08-09T13:17:29.000Z</time>
      </trkpt>
      <trkpt lat="57.58017509244382381439208984375" lon="-4.13431984372437000274658203125">
        <ele>20.799999237060546875</ele>
        <time>2026-08-09T13:17:33.000Z</time>
      </trkpt>
      <trkpt lat="57.580121867358684539794921875" lon="-4.13438606075942516326904296875">
        <ele>20.6000003814697265625</ele>
        <time>2026-08-09T13:17:34.000Z</time>
      </trkpt>
      <trkpt lat="57.57997803390026092529296875" lon="-4.134592674672603607177734375">
        <ele>20.200000762939453125</ele>
        <time>2026-08-09T13:17:37.000Z</time>
      </trkpt>
      <trkpt lat="57.579922713339328765869140625" lon="-4.13466744124889373779296875">
        <ele>19.799999237060546875</ele>
        <time>2026-08-09T13:17:38.000Z</time>
      </trkpt>
      <trkpt lat="57.5796922110021114349365234375" lon="-4.13499441929161548614501953125">
        <ele>18.799999237060546875</ele>
        <time>2026-08-09T13:17:42.000Z</time>
      </trkpt>
      <trkpt lat="57.5795748643577098846435546875" lon="-4.13515736348927021026611328125">
        <ele>18.3999996185302734375</ele>
        <time>2026-08-09T13:17:44.000Z</time>
      </trkpt>
      <trkpt lat="57.57945206947624683380126953125" lon="-4.1353428550064563751220703125">
        <ele>17.6000003814697265625</ele>
        <time>2026-08-09T13:17:46.000Z</time>
      </trkpt>
      <trkpt lat="57.5792570225894451141357421875" lon="-4.135628007352352142333984375">
        <ele>16.200000762939453125</ele>
        <time>2026-08-09T13:17:49.000Z</time>
      </trkpt>
      <trkpt lat="57.57919013500213623046875" lon="-4.1357683204114437103271484375">
        <ele>16</ele>
        <time>2026-08-09T13:17:50.000Z</time>
      </trkpt>
      <trkpt lat="57.57912643253803253173828125" lon="-4.13590435869991779327392578125">
        <ele>15.3999996185302734375</ele>
        <time>2026-08-09T13:17:51.000Z</time>
      </trkpt>
      <trkpt lat="57.579064071178436279296875" lon="-4.136049449443817138671875">
        <ele>15</ele>
        <time>2026-08-09T13:17:52.000Z</time>
      </trkpt>
      <trkpt lat="57.5788855366408824920654296875" lon="-4.13651506416499614715576171875">
        <ele>13.3999996185302734375</ele>
        <time>2026-08-09T13:17:55.000Z</time>
      </trkpt>
      <trkpt lat="57.57872703485190868377685546875" lon="-4.13699182681739330291748046875">
        <ele>12.19999980926513671875</ele>
        <time>2026-08-09T13:17:58.000Z</time>
      </trkpt>
      <trkpt lat="57.57862427271902561187744140625" lon="-4.13731989450752735137939453125">
        <ele>10.19999980926513671875</ele>
        <time>2026-08-09T13:18:00.000Z</time>
      </trkpt>
      <trkpt lat="57.57847960107028484344482421875" lon="-4.13781006820499897003173828125">
        <ele>9.3999996185302734375</ele>
        <time>2026-08-09T13:18:03.000Z</time>
      </trkpt>
      <trkpt lat="57.5784404575824737548828125" lon="-4.13795205764472484588623046875">
        <ele>8.80000019073486328125</ele>
        <time>2026-08-09T13:18:04.000Z</time>
      </trkpt>
      <trkpt lat="57.5783645175397396087646484375" lon="-4.13822296075522899627685546875">
        <ele>9.3999996185302734375</ele>
        <time>2026-08-09T13:18:06.000Z</time>
      </trkpt>
      <trkpt lat="57.5781777687370777130126953125" lon="-4.13886241614818572998046875">
        <ele>9.3999996185302734375</ele>
        <time>2026-08-09T13:18:11.000Z</time>
      </trkpt>
      <trkpt lat="57.578002922236919403076171875" lon="-4.13942425511777400970458984375">
        <ele>9.3999996185302734375</ele>
        <time>2026-08-09T13:18:16.000Z</time>
      </trkpt>
      <trkpt lat="57.57785330526530742645263671875" lon="-4.1399612836539745330810546875">
        <ele>9.19999980926513671875</ele>
        <time>2026-08-09T13:18:21.000Z</time>
      </trkpt>
      <trkpt lat="57.57779262028634548187255859375" lon="-4.14017158560454845428466796875">
        <ele>9.3999996185302734375</ele>
        <time>2026-08-09T13:18:23.000Z</time>
      </trkpt>
      <trkpt lat="57.57761877961456775665283203125" lon="-4.1408785991370677947998046875">
        <ele>8.6000003814697265625</ele>
        <time>2026-08-09T13:18:29.000Z</time>
      </trkpt>
      <trkpt lat="57.5775253213942050933837890625" lon="-4.1412054933607578277587890625">
        <ele>8.3999996185302734375</ele>
        <time>2026-08-09T13:18:32.000Z</time>
      </trkpt>
      <trkpt lat="57.5774666480720043182373046875" lon="-4.14144362322986125946044921875">
        <ele>8.6000003814697265625</ele>
        <time>2026-08-09T13:18:34.000Z</time>
      </trkpt>
      <trkpt lat="57.5774146802723407745361328125" lon="-4.1417080722749233245849609375">
        <ele>8.3999996185302734375</ele>
        <time>2026-08-09T13:18:36.000Z</time>
      </trkpt>
      <trkpt lat="57.57737738080322742462158203125" lon="-4.1418230719864368438720703125">
        <ele>8.3999996185302734375</ele>
        <time>2026-08-09T13:18:37.000Z</time>
      </trkpt>
      <trkpt lat="57.5772524066269397735595703125" lon="-4.14216882549226284027099609375">
        <ele>9</ele>
        <time>2026-08-09T13:18:40.000Z</time>
      </trkpt>
      <trkpt lat="57.577085606753826141357421875" lon="-4.14249136112630367279052734375">
        <ele>8.3999996185302734375</ele>
        <time>2026-08-09T13:18:43.000Z</time>
      </trkpt>
      <trkpt lat="57.57697119377553462982177734375" lon="-4.14271750487387180328369140625">
        <ele>7.599999904632568359375</ele>
        <time>2026-08-09T13:18:45.000Z</time>
      </trkpt>
      <trkpt lat="57.5765962712466716766357421875" lon="-4.14346349425613880157470703125">
        <ele>6.80000019073486328125</ele>
        <time>2026-08-09T13:18:52.000Z</time>
      </trkpt>
      <trkpt lat="57.57655260153114795684814453125" lon="-4.14357178844511508941650390625">
        <ele>6.599999904632568359375</ele>
        <time>2026-08-09T13:18:53.000Z</time>
      </trkpt>
      <trkpt lat="57.57631137035787105560302734375" lon="-4.144239909946918487548828125">
        <ele>7.400000095367431640625</ele>
        <time>2026-08-09T13:18:59.000Z</time>
      </trkpt>
      <trkpt lat="57.57610115222632884979248046875" lon="-4.14484432898461818695068359375">
        <ele>7.599999904632568359375</ele>
        <time>2026-08-09T13:19:05.000Z</time>
      </trkpt>
      <trkpt lat="57.57578113116323947906494140625" lon="-4.1456244327127933502197265625">
        <ele>7.400000095367431640625</ele>
        <time>2026-08-09T13:19:13.000Z</time>
      </trkpt>
      <trkpt lat="57.5756176002323627471923828125" lon="-4.14601343683898448944091796875">
        <ele>7.599999904632568359375</ele>
        <time>2026-08-09T13:19:17.000Z</time>
      </trkpt>
      <trkpt lat="57.5755753554403781890869140625" lon="-4.1461072303354740142822265625">
        <ele>7.599999904632568359375</ele>
        <time>2026-08-09T13:19:18.000Z</time>
      </trkpt>
      <trkpt lat="57.57553302682936191558837890625" lon="-4.1461990959942340850830078125">
        <ele>7.599999904632568359375</ele>
        <time>2026-08-09T13:19:19.000Z</time>
      </trkpt>
      <trkpt lat="57.57549128495156764984130859375" lon="-4.14629221893846988677978515625">
        <ele>7.80000019073486328125</ele>
        <time>2026-08-09T13:19:20.000Z</time>
      </trkpt>
      <trkpt lat="57.5754497945308685302734375" lon="-4.146393723785877227783203125">
        <ele>7.80000019073486328125</ele>
        <time>2026-08-09T13:19:21.000Z</time>
      </trkpt>
      <trkpt lat="57.575401850044727325439453125" lon="-4.146487601101398468017578125">
        <ele>7.80000019073486328125</ele>
        <time>2026-08-09T13:19:22.000Z</time>
      </trkpt>
      <trkpt lat="57.57507923059165477752685546875" lon="-4.14714507758617401123046875">
        <ele>7.400000095367431640625</ele>
        <time>2026-08-09T13:19:29.000Z</time>
      </trkpt>
      <trkpt lat="57.57478770799934864044189453125" lon="-4.14766366593539714813232421875">
        <ele>7.599999904632568359375</ele>
        <time>2026-08-09T13:19:35.000Z</time>
      </trkpt>
      <trkpt lat="57.57474496029317378997802734375" lon="-4.14774999953806400299072265625">
        <ele>7.599999904632568359375</ele>
        <time>2026-08-09T13:19:36.000Z</time>
      </trkpt>
      <trkpt lat="57.5744961015880107879638671875" lon="-4.14831074886023998260498046875">
        <ele>8.19999980926513671875</ele>
        <time>2026-08-09T13:19:42.000Z</time>
      </trkpt>
      <trkpt lat="57.5743495859205722808837890625" lon="-4.14869145490229129791259765625">
        <ele>8.6000003814697265625</ele>
        <time>2026-08-09T13:19:46.000Z</time>
      </trkpt>
      <trkpt lat="57.57420281879603862762451171875" lon="-4.1490405611693859100341796875">
        <ele>8.6000003814697265625</ele>
        <time>2026-08-09T13:19:50.000Z</time>
      </trkpt>
      <trkpt lat="57.574083544313907623291015625" lon="-4.14935781620442867279052734375">
        <ele>9</ele>
        <time>2026-08-09T13:19:54.000Z</time>
      </trkpt>
      <trkpt lat="57.57396762259304523468017578125" lon="-4.14968823082745075225830078125">
        <ele>9</ele>
        <time>2026-08-09T13:19:58.000Z</time>
      </trkpt>
      <trkpt lat="57.57393191568553447723388671875" lon="-4.14976752363145351409912109375">
        <ele>9</ele>
        <time>2026-08-09T13:19:59.000Z</time>
      </trkpt>
      <trkpt lat="57.57371381856501102447509765625" lon="-4.15037722326815128326416015625">
        <ele>8.80000019073486328125</ele>
        <time>2026-08-09T13:20:06.000Z</time>
      </trkpt>
      <trkpt lat="57.57361717522144317626953125" lon="-4.1506384871900081634521484375">
        <ele>8.6000003814697265625</ele>
        <time>2026-08-09T13:20:09.000Z</time>
      </trkpt>
      <trkpt lat="57.57335909642279148101806640625" lon="-4.15134533308446407318115234375">
        <ele>8.19999980926513671875</ele>
        <time>2026-08-09T13:20:17.000Z</time>
      </trkpt>
      <trkpt lat="57.57326354272663593292236328125" lon="-4.15161992423236370086669921875">
        <ele>8.6000003814697265625</ele>
        <time>2026-08-09T13:20:20.000Z</time>
      </trkpt>
      <trkpt lat="57.573230266571044921875" lon="-4.151711203157901763916015625">
        <ele>8.80000019073486328125</ele>
        <time>2026-08-09T13:20:21.000Z</time>
      </trkpt>
      <trkpt lat="57.5731241516768932342529296875" lon="-4.1519933380186557769775390625">
        <ele>8.6000003814697265625</ele>
        <time>2026-08-09T13:20:24.000Z</time>
      </trkpt>
      <trkpt lat="57.5729813240468502044677734375" lon="-4.15238820947706699371337890625">
        <ele>8.3999996185302734375</ele>
        <time>2026-08-09T13:20:28.000Z</time>
      </trkpt>
      <trkpt lat="57.57278501987457275390625" lon="-4.15300461463630199432373046875">
        <ele>8.80000019073486328125</ele>
        <time>2026-08-09T13:20:34.000Z</time>
      </trkpt>
      <trkpt lat="57.57269047200679779052734375" lon="-4.1533505357801914215087890625">
        <ele>8.3999996185302734375</ele>
        <time>2026-08-09T13:20:37.000Z</time>
      </trkpt>
      <trkpt lat="57.57258988916873931884765625" lon="-4.15373903699219226837158203125">
        <ele>7.599999904632568359375</ele>
        <time>2026-08-09T13:20:40.000Z</time>
      </trkpt>
      <trkpt lat="57.57239534519612789154052734375" lon="-4.1543885506689548492431640625">
        <ele>6.599999904632568359375</ele>
        <time>2026-08-09T13:20:45.000Z</time>
      </trkpt>
      <trkpt lat="57.57231219671666622161865234375" lon="-4.15462835691869258880615234375">
        <ele>6.599999904632568359375</ele>
        <time>2026-08-09T13:20:47.000Z</time>
      </trkpt>
      <trkpt lat="57.5721448101103305816650390625" lon="-4.15493580512702465057373046875">
        <ele>6.599999904632568359375</ele>
        <time>2026-08-09T13:20:50.000Z</time>
      </trkpt>
      <trkpt lat="57.5720874778926372528076171875" lon="-4.15502540767192840576171875">
        <ele>6.599999904632568359375</ele>
        <time>2026-08-09T13:20:51.000Z</time>
      </trkpt>
      <trkpt lat="57.57203710265457630157470703125" lon="-4.1551251523196697235107421875">
        <ele>6.599999904632568359375</ele>
        <time>2026-08-09T13:20:52.000Z</time>
      </trkpt>
      <trkpt lat="57.5718618370592594146728515625" lon="-4.15555941872298717498779296875">
        <ele>6.400000095367431640625</ele>
        <time>2026-08-09T13:20:56.000Z</time>
      </trkpt>
      <trkpt lat="57.57163343019783496856689453125" lon="-4.15621873922646045684814453125">
        <ele>7</ele>
        <time>2026-08-09T13:21:02.000Z</time>
      </trkpt>
      <trkpt lat="57.57156285457313060760498046875" lon="-4.15659022517502307891845703125">
        <ele>7</ele>
        <time>2026-08-09T13:21:05.000Z</time>
      </trkpt>
      <trkpt lat="57.57149848155677318572998046875" lon="-4.1569668240845203399658203125">
        <ele>6.599999904632568359375</ele>
        <time>2026-08-09T13:21:08.000Z</time>
      </trkpt>
      <trkpt lat="57.571430504322052001953125" lon="-4.15717343799769878387451171875">
        <ele>6.400000095367431640625</ele>
        <time>2026-08-09T13:21:10.000Z</time>
      </trkpt>
      <trkpt lat="57.571242414414882659912109375" lon="-4.15769630111753940582275390625">
        <ele>6.19999980926513671875</ele>
        <time>2026-08-09T13:21:15.000Z</time>
      </trkpt>
      <trkpt lat="57.5711658038198947906494140625" lon="-4.15790232829749584197998046875">
        <ele>6.400000095367431640625</ele>
        <time>2026-08-09T13:21:17.000Z</time>
      </trkpt>
      <trkpt lat="57.57112766616046428680419921875" lon="-4.158000983297824859619140625">
        <ele>6.400000095367431640625</ele>
        <time>2026-08-09T13:21:18.000Z</time>
      </trkpt>
      <trkpt lat="57.57085022516548633575439453125" lon="-4.1586448810994625091552734375">
        <ele>6.80000019073486328125</ele>
        <time>2026-08-09T13:21:25.000Z</time>
      </trkpt>
      <trkpt lat="57.570530287921428680419921875" lon="-4.1593590192496776580810546875">
        <ele>6.80000019073486328125</ele>
        <time>2026-08-09T13:21:33.000Z</time>
      </trkpt>
      <trkpt lat="57.5704100914299488067626953125" lon="-4.1596429981291294097900390625">
        <ele>7.80000019073486328125</ele>
        <time>2026-08-09T13:21:36.000Z</time>
      </trkpt>
      <trkpt lat="57.570288889110088348388671875" lon="-4.1599125601351261138916015625">
        <ele>7.400000095367431640625</ele>
        <time>2026-08-09T13:21:39.000Z</time>
      </trkpt>
      <trkpt lat="57.5699537806212902069091796875" lon="-4.160604737699031829833984375">
        <ele>7.599999904632568359375</ele>
        <time>2026-08-09T13:21:47.000Z</time>
      </trkpt>
      <trkpt lat="57.56969586946070194244384765625" lon="-4.16111427359282970428466796875">
        <ele>7.19999980926513671875</ele>
        <time>2026-08-09T13:21:53.000Z</time>
      </trkpt>
      <trkpt lat="57.56957910954952239990234375" lon="-4.161381907761096954345703125">
        <ele>7.400000095367431640625</ele>
        <time>2026-08-09T13:21:56.000Z</time>
      </trkpt>
      <trkpt lat="57.56929211318492889404296875" lon="-4.1620013304054737091064453125">
        <ele>7.599999904632568359375</ele>
        <time>2026-08-09T13:22:03.000Z</time>
      </trkpt>
      <trkpt lat="57.5691787898540496826171875" lon="-4.1622735746204853057861328125">
        <ele>8.6000003814697265625</ele>
        <time>2026-08-09T13:22:06.000Z</time>
      </trkpt>
      <trkpt lat="57.56909052841365337371826171875" lon="-4.1624589823186397552490234375">
        <ele>8.80000019073486328125</ele>
        <time>2026-08-09T13:22:08.000Z</time>
      </trkpt>
      <trkpt lat="57.5690049491822719573974609375" lon="-4.16263676248490810394287109375">
        <ele>8.19999980926513671875</ele>
        <time>2026-08-09T13:22:10.000Z</time>
      </trkpt>
      <trkpt lat="57.56892054341733455657958984375" lon="-4.16281328536570072174072265625">
        <ele>8.19999980926513671875</ele>
        <time>2026-08-09T13:22:12.000Z</time>
      </trkpt>
      <trkpt lat="57.56888265721499919891357421875" lon="-4.16289769113063812255859375">
        <ele>8.19999980926513671875</ele>
        <time>2026-08-09T13:22:13.000Z</time>
      </trkpt>
      <trkpt lat="57.568627931177616119384765625" lon="-4.16356430388987064361572265625">
        <ele>8.3999996185302734375</ele>
        <time>2026-08-09T13:22:20.000Z</time>
      </trkpt>
      <trkpt lat="57.568553499877452850341796875" lon="-4.16375708766281604766845703125">
        <ele>8.19999980926513671875</ele>
        <time>2026-08-09T13:22:22.000Z</time>
      </trkpt>
      <trkpt lat="57.5684452056884765625" lon="-4.164046347141265869140625">
        <ele>8.19999980926513671875</ele>
        <time>2026-08-09T13:22:25.000Z</time>
      </trkpt>
      <trkpt lat="57.56819919683039188385009765625" lon="-4.16472184471786022186279296875">
        <ele>8.19999980926513671875</ele>
        <time>2026-08-09T13:22:32.000Z</time>
      </trkpt>
      <trkpt lat="57.56795193068683147430419921875" lon="-4.1655388288199901580810546875">
        <ele>8.19999980926513671875</ele>
        <time>2026-08-09T13:22:40.000Z</time>
      </trkpt>
      <trkpt lat="57.56773064844310283660888671875" lon="-4.16636201553046703338623046875">
        <ele>8.19999980926513671875</ele>
        <time>2026-08-09T13:22:48.000Z</time>
      </trkpt>
      <trkpt lat="57.567489333450794219970703125" lon="-4.16716215200722217559814453125">
        <ele>8.80000019073486328125</ele>
        <time>2026-08-09T13:22:56.000Z</time>
      </trkpt>
      <trkpt lat="57.56743040867149829864501953125" lon="-4.16737136431038379669189453125">
        <ele>8.80000019073486328125</ele>
        <time>2026-08-09T13:22:58.000Z</time>
      </trkpt>
      <trkpt lat="57.5673020817339420318603515625" lon="-4.16791342198848724365234375">
        <ele>8.80000019073486328125</ele>
        <time>2026-08-09T13:23:03.000Z</time>
      </trkpt>
      <trkpt lat="57.56726176477968692779541015625" lon="-4.168130345642566680908203125">
        <ele>8.80000019073486328125</ele>
        <time>2026-08-09T13:23:05.000Z</time>
      </trkpt>
      <trkpt lat="57.567195631563663482666015625" lon="-4.16873225010931491851806640625">
        <ele>9</ele>
        <time>2026-08-09T13:23:11.000Z</time>
      </trkpt>
      <trkpt lat="57.567171156406402587890625" lon="-4.16942526586353778839111328125">
        <ele>9.3999996185302734375</ele>
        <time>2026-08-09T13:23:18.000Z</time>
      </trkpt>
      <trkpt lat="57.56717316806316375732421875" lon="-4.169956259429454803466796875">
        <ele>9.80000019073486328125</ele>
        <time>2026-08-09T13:23:23.000Z</time>
      </trkpt>
      <trkpt lat="57.56717442534863948822021484375" lon="-4.1700613684952259063720703125">
        <ele>9.80000019073486328125</ele>
        <time>2026-08-09T13:23:24.000Z</time>
      </trkpt>
      <trkpt lat="57.56721197627484798431396484375" lon="-4.17069613002240657806396484375">
        <ele>9.80000019073486328125</ele>
        <time>2026-08-09T13:23:30.000Z</time>
      </trkpt>
      <trkpt lat="57.56722547113895416259765625" lon="-4.17091548442840576171875">
        <ele>10</ele>
        <time>2026-08-09T13:23:32.000Z</time>
      </trkpt>
      <trkpt lat="57.56726075895130634307861328125" lon="-4.17133516632020473480224609375">
        <ele>10</ele>
        <time>2026-08-09T13:23:36.000Z</time>
      </trkpt>
      <trkpt lat="57.56727567873895168304443359375" lon="-4.17153046466410160064697265625">
        <ele>10.19999980926513671875</ele>
        <time>2026-08-09T13:23:38.000Z</time>
      </trkpt>
      <trkpt lat="57.5673265568912029266357421875" lon="-4.1719841770827770233154296875">
        <ele>10.80000019073486328125</ele>
        <time>2026-08-09T13:23:43.000Z</time>
      </trkpt>
      <trkpt lat="57.5673423148691654205322265625" lon="-4.17228952981531620025634765625">
        <ele>10.6000003814697265625</ele>
        <time>2026-08-09T13:23:46.000Z</time>
      </trkpt>
      <trkpt lat="57.56734206341207027435302734375" lon="-4.17249538935720920562744140625">
        <ele>9.6000003814697265625</ele>
        <time>2026-08-09T13:23:48.000Z</time>
      </trkpt>
      <trkpt lat="57.5673361122608184814453125" lon="-4.17292001657187938690185546875">
        <ele>10</ele>
        <time>2026-08-09T13:23:52.000Z</time>
      </trkpt>
      <trkpt lat="57.567319683730602264404296875" lon="-4.1735747270286083221435546875">
        <ele>10.19999980926513671875</ele>
        <time>2026-08-09T13:23:58.000Z</time>
      </trkpt>
      <trkpt lat="57.5673101283609867095947265625" lon="-4.173793494701385498046875">
        <ele>10.80000019073486328125</ele>
        <time>2026-08-09T13:24:00.000Z</time>
      </trkpt>
      <trkpt lat="57.5672953762114048004150390625" lon="-4.174139499664306640625">
        <ele>10.80000019073486328125</ele>
        <time>2026-08-09T13:24:03.000Z</time>
      </trkpt>
      <trkpt lat="57.5672216154634952545166015625" lon="-4.174950532615184783935546875">
        <ele>11</ele>
        <time>2026-08-09T13:24:10.000Z</time>
      </trkpt>
      <trkpt lat="57.56715531460940837860107421875" lon="-4.175593592226505279541015625">
        <ele>12.19999980926513671875</ele>
        <time>2026-08-09T13:24:16.000Z</time>
      </trkpt>
      <trkpt lat="57.56709848530590534210205078125" lon="-4.176075048744678497314453125">
        <ele>12.3999996185302734375</ele>
        <time>2026-08-09T13:24:22.000Z</time>
      </trkpt>
      <trkpt lat="57.567069567739963531494140625" lon="-4.17639054358005523681640625">
        <ele>13.3999996185302734375</ele>
        <time>2026-08-09T13:24:26.000Z</time>
      </trkpt>
      <trkpt lat="57.56704400293529033660888671875" lon="-4.17660319246351718902587890625">
        <ele>14.3999996185302734375</ele>
        <time>2026-08-09T13:24:29.000Z</time>
      </trkpt>
      <trkpt lat="57.56704148836433887481689453125" lon="-4.1766728460788726806640625">
        <ele>14.3999996185302734375</ele>
        <time>2026-08-09T13:24:30.000Z</time>
      </trkpt>
      <trkpt lat="57.56704467348754405975341796875" lon="-4.17697920463979244232177734375">
        <ele>15.19999980926513671875</ele>
        <time>2026-08-09T13:24:35.000Z</time>
      </trkpt>
      <trkpt lat="57.56704467348754405975341796875" lon="-4.17703771032392978668212890625">
        <ele>15.6000003814697265625</ele>
        <time>2026-08-09T13:24:36.000Z</time>
      </trkpt>
      <trkpt lat="57.56705255247652530670166015625" lon="-4.17720702476799488067626953125">
        <ele>16.200000762939453125</ele>
        <time>2026-08-09T13:24:39.000Z</time>
      </trkpt>
      <trkpt lat="57.5670677237212657928466796875" lon="-4.17738237418234348297119140625">
        <ele>16.6000003814697265625</ele>
        <time>2026-08-09T13:24:42.000Z</time>
      </trkpt>
      <trkpt lat="57.5670834816992282867431640625" lon="-4.1776114515960216522216796875">
        <ele>17.6000003814697265625</ele>
        <time>2026-08-09T13:24:46.000Z</time>
      </trkpt>
      <trkpt lat="57.56709261797368526458740234375" lon="-4.17766551487147808074951171875">
        <ele>17.799999237060546875</ele>
        <time>2026-08-09T13:24:47.000Z</time>
      </trkpt>
      <trkpt lat="57.5670978985726833343505859375" lon="-4.17772117070853710174560546875">
        <ele>18</ele>
        <time>2026-08-09T13:24:48.000Z</time>
      </trkpt>
      <trkpt lat="57.56712396629154682159423828125" lon="-4.177829883992671966552734375">
        <ele>18.3999996185302734375</ele>
        <time>2026-08-09T13:24:50.000Z</time>
      </trkpt>
      <trkpt lat="57.5671475194394588470458984375" lon="-4.17795787565410137176513671875">
        <ele>18.799999237060546875</ele>
        <time>2026-08-09T13:24:52.000Z</time>
      </trkpt>
      <trkpt lat="57.5671706534922122955322265625" lon="-4.17807907797396183013916015625">
        <ele>19.200000762939453125</ele>
        <time>2026-08-09T13:24:54.000Z</time>
      </trkpt>
      <trkpt lat="57.567221783101558685302734375" lon="-4.1783835925161838531494140625">
        <ele>19.799999237060546875</ele>
        <time>2026-08-09T13:24:59.000Z</time>
      </trkpt>
      <trkpt lat="57.56727517582476139068603515625" lon="-4.17863982729613780975341796875">
        <ele>20.3999996185302734375</ele>
        <time>2026-08-09T13:25:03.000Z</time>
      </trkpt>
      <trkpt lat="57.5672900117933750152587890625" lon="-4.178700931370258331298828125">
        <ele>20.6000003814697265625</ele>
        <time>2026-08-09T13:25:04.000Z</time>
      </trkpt>
      <trkpt lat="57.567318342626094818115234375" lon="-4.1788187809288501739501953125">
        <ele>21</ele>
        <time>2026-08-09T13:25:06.000Z</time>
      </trkpt>
      <trkpt lat="57.5673805363476276397705078125" lon="-4.17905825190246105194091796875">
        <ele>21.3999996185302734375</ele>
        <time>2026-08-09T13:25:10.000Z</time>
      </trkpt>
      <trkpt lat="57.5674549676477909088134765625" lon="-4.1793736629188060760498046875">
        <ele>21.6000003814697265625</ele>
        <time>2026-08-09T13:25:15.000Z</time>
      </trkpt>
      <trkpt lat="57.567469887435436248779296875" lon="-4.17943828739225864410400390625">
        <ele>21.799999237060546875</ele>
        <time>2026-08-09T13:25:16.000Z</time>
      </trkpt>
      <trkpt lat="57.56748924963176250457763671875" lon="-4.17949679307639598846435546875">
        <ele>22.200000762939453125</ele>
        <time>2026-08-09T13:25:17.000Z</time>
      </trkpt>
      <trkpt lat="57.56755244918167591094970703125" lon="-4.17978110723197460174560546875">
        <ele>22.6000003814697265625</ele>
        <time>2026-08-09T13:25:21.000Z</time>
      </trkpt>
      <trkpt lat="57.567589581012725830078125" lon="-4.1799272038042545318603515625">
        <ele>20.6000003814697265625</ele>
        <time>2026-08-09T13:25:23.000Z</time>
      </trkpt>
      <trkpt lat="57.5676913373172283172607421875" lon="-4.1803087480366230010986328125">
        <ele>21</ele>
        <time>2026-08-09T13:25:28.000Z</time>
      </trkpt>
      <trkpt lat="57.56771497428417205810546875" lon="-4.18038762174546718597412109375">
        <ele>21.6000003814697265625</ele>
        <time>2026-08-09T13:25:29.000Z</time>
      </trkpt>
      <trkpt lat="57.56775964982807636260986328125" lon="-4.1805545054376125335693359375">
        <ele>22.3999996185302734375</ele>
        <time>2026-08-09T13:25:31.000Z</time>
      </trkpt>
      <trkpt lat="57.56778144277632236480712890625" lon="-4.18063539080321788787841796875">
        <ele>22.799999237060546875</ele>
        <time>2026-08-09T13:25:32.000Z</time>
      </trkpt>
      <trkpt lat="57.56784975528717041015625" lon="-4.18088735081255435943603515625">
        <ele>23.3999996185302734375</ele>
        <time>2026-08-09T13:25:35.000Z</time>
      </trkpt>
      <trkpt lat="57.5678710453212261199951171875" lon="-4.1809679009020328521728515625">
        <ele>23.6000003814697265625</ele>
        <time>2026-08-09T13:25:36.000Z</time>
      </trkpt>
      <trkpt lat="57.5678935088217258453369140625" lon="-4.181041829288005828857421875">
        <ele>24</ele>
        <time>2026-08-09T13:25:37.000Z</time>
      </trkpt>
      <trkpt lat="57.5679838657379150390625" lon="-4.18139479123055934906005859375">
        <ele>25</ele>
        <time>2026-08-09T13:25:42.000Z</time>
      </trkpt>
      <trkpt lat="57.5680054910480976104736328125" lon="-4.181464612483978271484375">
        <ele>25.200000762939453125</ele>
        <time>2026-08-09T13:25:43.000Z</time>
      </trkpt>
      <trkpt lat="57.56818343885242938995361328125" lon="-4.1821249388158321380615234375">
        <ele>25.799999237060546875</ele>
        <time>2026-08-09T13:25:52.000Z</time>
      </trkpt>
      <trkpt lat="57.56820305250585079193115234375" lon="-4.18220062740147113800048828125">
        <ele>26</ele>
        <time>2026-08-09T13:25:53.000Z</time>
      </trkpt>
      <trkpt lat="57.56833783350884914398193359375" lon="-4.182730615139007568359375">
        <ele>26.3999996185302734375</ele>
        <time>2026-08-09T13:26:00.000Z</time>
      </trkpt>
      <trkpt lat="57.5684572756290435791015625" lon="-4.183155409991741180419921875">
        <ele>27</ele>
        <time>2026-08-09T13:26:06.000Z</time>
      </trkpt>
      <trkpt lat="57.568501196801662445068359375" lon="-4.183292873203754425048828125">
        <ele>27</ele>
        <time>2026-08-09T13:26:08.000Z</time>
      </trkpt>
      <trkpt lat="57.5685967504978179931640625" lon="-4.1836853139102458953857421875">
        <ele>27.200000762939453125</ele>
        <time>2026-08-09T13:26:14.000Z</time>
      </trkpt>
      <trkpt lat="57.5686327926814556121826171875" lon="-4.183927886188030242919921875">
        <ele>27.200000762939453125</ele>
        <time>2026-08-09T13:26:17.000Z</time>
      </trkpt>
      <trkpt lat="57.5686596147716045379638671875" lon="-4.18410013429820537567138671875">
        <ele>27.200000762939453125</ele>
        <time>2026-08-09T13:26:19.000Z</time>
      </trkpt>
      <trkpt lat="57.56869842298328876495361328125" lon="-4.1844286210834980010986328125">
        <ele>27.3999996185302734375</ele>
        <time>2026-08-09T13:26:23.000Z</time>
      </trkpt>
      <trkpt lat="57.5687189586460590362548828125" lon="-4.18468435294926166534423828125">
        <ele>27.6000003814697265625</ele>
        <time>2026-08-09T13:26:26.000Z</time>
      </trkpt>
      <trkpt lat="57.5687259994447231292724609375" lon="-4.18486003763973712921142578125">
        <ele>27.799999237060546875</ele>
        <time>2026-08-09T13:26:28.000Z</time>
      </trkpt>
      <trkpt lat="57.568737231194972991943359375" lon="-4.18520160019397735595703125">
        <ele>27.3999996185302734375</ele>
        <time>2026-08-09T13:26:32.000Z</time>
      </trkpt>
      <trkpt lat="57.56874737329781055450439453125" lon="-4.1852879337966442108154296875">
        <ele>27.3999996185302734375</ele>
        <time>2026-08-09T13:26:33.000Z</time>
      </trkpt>
      <trkpt lat="57.56877603940665721893310546875" lon="-4.18566159904003143310546875">
        <ele>27.799999237060546875</ele>
        <time>2026-08-09T13:26:37.000Z</time>
      </trkpt>
      <trkpt lat="57.56879179738461971282958984375" lon="-4.185858070850372314453125">
        <ele>27.799999237060546875</ele>
        <time>2026-08-09T13:26:39.000Z</time>
      </trkpt>
      <trkpt lat="57.568819038569927215576171875" lon="-4.1862612403929233551025390625">
        <ele>27.799999237060546875</ele>
        <time>2026-08-09T13:26:43.000Z</time>
      </trkpt>
      <trkpt lat="57.56883789785206317901611328125" lon="-4.1865743882954120635986328125">
        <ele>28.200000762939453125</ele>
        <time>2026-08-09T13:26:46.000Z</time>
      </trkpt>
      <trkpt lat="57.5688622891902923583984375" lon="-4.18697328306734561920166015625">
        <ele>28.3999996185302734375</ele>
        <time>2026-08-09T13:26:50.000Z</time>
      </trkpt>
      <trkpt lat="57.56890981458127498626708984375" lon="-4.1877220384776592254638671875">
        <ele>28.799999237060546875</ele>
        <time>2026-08-09T13:26:58.000Z</time>
      </trkpt>
      <trkpt lat="57.5689449347555637359619140625" lon="-4.18833349831402301788330078125">
        <ele>29.200000762939453125</ele>
        <time>2026-08-09T13:27:04.000Z</time>
      </trkpt>
      <trkpt lat="57.56895239464938640594482421875" lon="-4.18842871673405170440673828125">
        <ele>29.200000762939453125</ele>
        <time>2026-08-09T13:27:05.000Z</time>
      </trkpt>
      <trkpt lat="57.5689633749425411224365234375" lon="-4.18861798010766506195068359375">
        <ele>29.3999996185302734375</ele>
        <time>2026-08-09T13:27:07.000Z</time>
      </trkpt>
      <trkpt lat="57.56899950094521045684814453125" lon="-4.18908602558076381683349609375">
        <ele>29.799999237060546875</ele>
        <time>2026-08-09T13:27:12.000Z</time>
      </trkpt>
      <trkpt lat="57.56901794113218784332275390625" lon="-4.189430437982082366943359375">
        <ele>30.200000762939453125</ele>
        <time>2026-08-09T13:27:16.000Z</time>
      </trkpt>
      <trkpt lat="57.56901827640831470489501953125" lon="-4.1897856630384922027587890625">
        <ele>30.799999237060546875</ele>
        <time>2026-08-09T13:27:20.000Z</time>
      </trkpt>
      <trkpt lat="57.56895038299262523651123046875" lon="-4.19041355140507221221923828125">
        <ele>31.200000762939453125</ele>
        <time>2026-08-09T13:27:27.000Z</time>
      </trkpt>
      <trkpt lat="57.56884275935590267181396484375" lon="-4.1909520886838436126708984375">
        <ele>31.6000003814697265625</ele>
        <time>2026-08-09T13:27:33.000Z</time>
      </trkpt>
      <trkpt lat="57.5687159411609172821044921875" lon="-4.19148274697363376617431640625">
        <ele>32</ele>
        <time>2026-08-09T13:27:39.000Z</time>
      </trkpt>
      <trkpt lat="57.56856464780867099761962890625" lon="-4.192111976444721221923828125">
        <ele>32</ele>
        <time>2026-08-09T13:27:46.000Z</time>
      </trkpt>
      <trkpt lat="57.56837940774857997894287109375" lon="-4.1928685270249843597412109375">
        <ele>31.799999237060546875</ele>
        <time>2026-08-09T13:27:54.000Z</time>
      </trkpt>
      <trkpt lat="57.5682212412357330322265625" lon="-4.19350747950375080108642578125">
        <ele>31.799999237060546875</ele>
        <time>2026-08-09T13:28:01.000Z</time>
      </trkpt>
      <trkpt lat="57.5681570358574390411376953125" lon="-4.1937932185828685760498046875">
        <ele>32</ele>
        <time>2026-08-09T13:28:04.000Z</time>
      </trkpt>
      <trkpt lat="57.568110935389995574951171875" lon="-4.19398474507033824920654296875">
        <ele>32.200000762939453125</ele>
        <time>2026-08-09T13:28:06.000Z</time>
      </trkpt>
      <trkpt lat="57.5680665113031864166259765625" lon="-4.1941750980913639068603515625">
        <ele>32.40000152587890625</ele>
        <time>2026-08-09T13:28:08.000Z</time>
      </trkpt>
      <trkpt lat="57.567866854369640350341796875" lon="-4.19501303695142269134521484375">
        <ele>32.200000762939453125</ele>
        <time>2026-08-09T13:28:17.000Z</time>
      </trkpt>
      <trkpt lat="57.56769091822206974029541015625" lon="-4.19578962028026580810546875">
        <ele>32.799999237060546875</ele>
        <time>2026-08-09T13:28:26.000Z</time>
      </trkpt>
      <trkpt lat="57.56758430041372776031494140625" lon="-4.19624383561313152313232421875">
        <ele>33</ele>
        <time>2026-08-09T13:28:31.000Z</time>
      </trkpt>
      <trkpt lat="57.56737441755831241607666015625" lon="-4.1970678605139255523681640625">
        <ele>33</ele>
        <time>2026-08-09T13:28:40.000Z</time>
      </trkpt>
      <trkpt lat="57.56725539453327655792236328125" lon="-4.19757689349353313446044921875">
        <ele>33.200000762939453125</ele>
        <time>2026-08-09T13:28:46.000Z</time>
      </trkpt>
      <trkpt lat="57.56723259575664997100830078125" lon="-4.197657443583011627197265625">
        <ele>33.40000152587890625</ele>
        <time>2026-08-09T13:28:47.000Z</time>
      </trkpt>
      <trkpt lat="57.567152045667171478271484375" lon="-4.1980156861245632171630859375">
        <ele>34</ele>
        <time>2026-08-09T13:28:51.000Z</time>
      </trkpt>
      <trkpt lat="57.5671134889125823974609375" lon="-4.19819514267146587371826171875">
        <ele>34.200000762939453125</ele>
        <time>2026-08-09T13:28:53.000Z</time>
      </trkpt>
      <trkpt lat="57.5669919513165950775146484375" lon="-4.198699481785297393798828125">
        <ele>33.799999237060546875</ele>
        <time>2026-08-09T13:28:59.000Z</time>
      </trkpt>
      <trkpt lat="57.5668611936271190643310546875" lon="-4.1992354206740856170654296875">
        <ele>34.200000762939453125</ele>
        <time>2026-08-09T13:29:06.000Z</time>
      </trkpt>
      <trkpt lat="57.56679975427687168121337890625" lon="-4.19947874732315540313720703125">
        <ele>34.59999847412109375</ele>
        <time>2026-08-09T13:29:09.000Z</time>
      </trkpt>
      <trkpt lat="57.56672465242445468902587890625" lon="-4.19978904537856578826904296875">
        <ele>33.799999237060546875</ele>
        <time>2026-08-09T13:29:13.000Z</time>
      </trkpt>
      <trkpt lat="57.56655449979007244110107421875" lon="-4.2004345357418060302734375">
        <ele>33.799999237060546875</ele>
        <time>2026-08-09T13:29:22.000Z</time>
      </trkpt>
      <trkpt lat="57.56642206571996212005615234375" lon="-4.2009225301444530487060546875">
        <ele>33.40000152587890625</ele>
        <time>2026-08-09T13:29:29.000Z</time>
      </trkpt>
      <trkpt lat="57.5663086585700511932373046875" lon="-4.2013580538332462310791015625">
        <ele>33.799999237060546875</ele>
        <time>2026-08-09T13:29:35.000Z</time>
      </trkpt>
      <trkpt lat="57.56624738685786724090576171875" lon="-4.2015924118459224700927734375">
        <ele>34.59999847412109375</ele>
        <time>2026-08-09T13:29:38.000Z</time>
      </trkpt>
      <trkpt lat="57.5661701895296573638916015625" lon="-4.2018180526793003082275390625">
        <ele>33.59999847412109375</ele>
        <time>2026-08-09T13:29:41.000Z</time>
      </trkpt>
      <trkpt lat="57.56615015678107738494873046875" lon="-4.20190078206360340118408203125">
        <ele>33.200000762939453125</ele>
        <time>2026-08-09T13:29:42.000Z</time>
      </trkpt>
      <trkpt lat="57.56604001857340335845947265625" lon="-4.20228668488562107086181640625">
        <ele>32.799999237060546875</ele>
        <time>2026-08-09T13:29:47.000Z</time>
      </trkpt>
      <trkpt lat="57.56595955230295658111572265625" lon="-4.20257535763084888458251953125">
        <ele>33.200000762939453125</ele>
        <time>2026-08-09T13:29:51.000Z</time>
      </trkpt>
      <trkpt lat="57.5659173913300037384033203125" lon="-4.2027306742966175079345703125">
        <ele>33</ele>
        <time>2026-08-09T13:29:53.000Z</time>
      </trkpt>
      <trkpt lat="57.5658530183136463165283203125" lon="-4.20296251773834228515625">
        <ele>33.40000152587890625</ele>
        <time>2026-08-09T13:29:56.000Z</time>
      </trkpt>
      <trkpt lat="57.5657836161553859710693359375" lon="-4.20318807475268840789794921875">
        <ele>34</ele>
        <time>2026-08-09T13:29:59.000Z</time>
      </trkpt>
      <trkpt lat="57.56576911546289920806884765625" lon="-4.20325546525418758392333984375">
        <ele>34</ele>
        <time>2026-08-09T13:30:00.000Z</time>
      </trkpt>
      <trkpt lat="57.5657457299530506134033203125" lon="-4.203328303992748260498046875">
        <ele>34.40000152587890625</ele>
        <time>2026-08-09T13:30:01.000Z</time>
      </trkpt>
      <trkpt lat="57.565679848194122314453125" lon="-4.20354246161878108978271484375">
        <ele>34.40000152587890625</ele>
        <time>2026-08-09T13:30:04.000Z</time>
      </trkpt>
      <trkpt lat="57.565663754940032958984375" lon="-4.2036158032715320587158203125">
        <ele>34.200000762939453125</ele>
        <time>2026-08-09T13:30:05.000Z</time>
      </trkpt>
      <trkpt lat="57.56559141911566257476806640625" lon="-4.20390539802610874176025390625">
        <ele>35.799999237060546875</ele>
        <time>2026-08-09T13:30:10.000Z</time>
      </trkpt>
      <trkpt lat="57.56546602584421634674072265625" lon="-4.2043899558484554290771484375">
        <ele>35.59999847412109375</ele>
        <time>2026-08-09T13:30:16.000Z</time>
      </trkpt>
      <trkpt lat="57.5653179176151752471923828125" lon="-4.204912148416042327880859375">
        <ele>35.799999237060546875</ele>
        <time>2026-08-09T13:30:22.000Z</time>
      </trkpt>
      <trkpt lat="57.56515220738947391510009765625" lon="-4.205500222742557525634765625">
        <ele>35.40000152587890625</ele>
        <time>2026-08-09T13:30:29.000Z</time>
      </trkpt>
      <trkpt lat="57.56508481688797473907470703125" lon="-4.20574120245873928070068359375">
        <ele>34.59999847412109375</ele>
        <time>2026-08-09T13:30:32.000Z</time>
      </trkpt>
      <trkpt lat="57.56501910276710987091064453125" lon="-4.20597522519528865814208984375">
        <ele>34.200000762939453125</ele>
        <time>2026-08-09T13:30:35.000Z</time>
      </trkpt>
      <trkpt lat="57.5649947114288806915283203125" lon="-4.2060448788106441497802734375">
        <ele>34.200000762939453125</ele>
        <time>2026-08-09T13:30:36.000Z</time>
      </trkpt>
      <trkpt lat="57.56497501395642757415771484375" lon="-4.2061109282076358795166015625">
        <ele>34.200000762939453125</ele>
        <time>2026-08-09T13:30:37.000Z</time>
      </trkpt>
      <trkpt lat="57.56492706947028636932373046875" lon="-4.20628921128809452056884765625">
        <ele>34</ele>
        <time>2026-08-09T13:30:40.000Z</time>
      </trkpt>
      <trkpt lat="57.56489597260951995849609375" lon="-4.2064197175204753875732421875">
        <ele>33.799999237060546875</ele>
        <time>2026-08-09T13:30:43.000Z</time>
      </trkpt>
      <trkpt lat="57.56481056101620197296142578125" lon="-4.20672138221561908721923828125">
        <ele>33.799999237060546875</ele>
        <time>2026-08-09T13:30:49.000Z</time>
      </trkpt>
      <trkpt lat="57.56468600593507289886474609375" lon="-4.2071690596640110015869140625">
        <ele>33.799999237060546875</ele>
        <time>2026-08-09T13:30:54.000Z</time>
      </trkpt>
      <trkpt lat="57.5645662285387516021728515625" lon="-4.20762092806398868560791015625">
        <ele>34.40000152587890625</ele>
        <time>2026-08-09T13:30:59.000Z</time>
      </trkpt>
      <trkpt lat="57.56454016081988811492919921875" lon="-4.20771799050271511077880859375">
        <ele>34.200000762939453125</ele>
        <time>2026-08-09T13:31:00.000Z</time>
      </trkpt>
      <trkpt lat="57.56448785774409770965576171875" lon="-4.20790658332407474517822265625">
        <ele>34</ele>
        <time>2026-08-09T13:31:02.000Z</time>
      </trkpt>
      <trkpt lat="57.56430999375879764556884765625" lon="-4.2085468769073486328125">
        <ele>34.200000762939453125</ele>
        <time>2026-08-09T13:31:09.000Z</time>
      </trkpt>
      <trkpt lat="57.5641228258609771728515625" lon="-4.2092222906649112701416015625">
        <ele>34.40000152587890625</ele>
        <time>2026-08-09T13:31:17.000Z</time>
      </trkpt>
      <trkpt lat="57.5640100054442882537841796875" lon="-4.20960509218275547027587890625">
        <ele>34.799999237060546875</ele>
        <time>2026-08-09T13:31:23.000Z</time>
      </trkpt>
      <trkpt lat="57.563852928578853607177734375" lon="-4.21012158505618572235107421875">
        <ele>33.59999847412109375</ele>
        <time>2026-08-09T13:31:29.000Z</time>
      </trkpt>
      <trkpt lat="57.56382367573678493499755859375" lon="-4.210212528705596923828125">
        <ele>33.40000152587890625</ele>
        <time>2026-08-09T13:31:30.000Z</time>
      </trkpt>
      <trkpt lat="57.5637607276439666748046875" lon="-4.21039986424148082733154296875">
        <ele>33.799999237060546875</ele>
        <time>2026-08-09T13:31:32.000Z</time>
      </trkpt>
      <trkpt lat="57.56366576068103313446044921875" lon="-4.210673533380031585693359375">
        <ele>33.799999237060546875</ele>
        <time>2026-08-09T13:31:35.000Z</time>
      </trkpt>
      <trkpt lat="57.56345319561660289764404296875" lon="-4.21133578754961490631103515625">
        <ele>33.59999847412109375</ele>
        <time>2026-08-09T13:31:42.000Z</time>
      </trkpt>
      <trkpt lat="57.56318983621895313262939453125" lon="-4.21217397786676883697509765625">
        <ele>33.799999237060546875</ele>
        <time>2026-08-09T13:31:50.000Z</time>
      </trkpt>
      <trkpt lat="57.5630531273782253265380859375" lon="-4.2126146145164966583251953125">
        <ele>34.59999847412109375</ele>
        <time>2026-08-09T13:31:54.000Z</time>
      </trkpt>
      <trkpt lat="57.56295380182564258575439453125" lon="-4.21293103136122226715087890625">
        <ele>34.799999237060546875</ele>
        <time>2026-08-09T13:31:57.000Z</time>
      </trkpt>
      <trkpt lat="57.56276017986238002777099609375" lon="-4.213570654392242431640625">
        <ele>33.200000762939453125</ele>
        <time>2026-08-09T13:32:03.000Z</time>
      </trkpt>
      <trkpt lat="57.56272380240261554718017578125" lon="-4.21366260387003421783447265625">
        <ele>33</ele>
        <time>2026-08-09T13:32:04.000Z</time>
      </trkpt>
      <trkpt lat="57.56256354041397571563720703125" lon="-4.214149005711078643798828125">
        <ele>34.59999847412109375</ele>
        <time>2026-08-09T13:32:09.000Z</time>
      </trkpt>
      <trkpt lat="57.56247083656489849090576171875" lon="-4.21443910337984561920166015625">
        <ele>35.59999847412109375</ele>
        <time>2026-08-09T13:32:12.000Z</time>
      </trkpt>
      <trkpt lat="57.56241333670914173126220703125" lon="-4.21461696736514568328857421875">
        <ele>35</ele>
        <time>2026-08-09T13:32:14.000Z</time>
      </trkpt>
      <trkpt lat="57.56231568753719329833984375" lon="-4.2148425243794918060302734375">
        <ele>34.59999847412109375</ele>
        <time>2026-08-09T13:32:17.000Z</time>
      </trkpt>
      <trkpt lat="57.562273778021335601806640625" lon="-4.21484495513141155242919921875">
        <ele>34.59999847412109375</ele>
        <time>2026-08-09T13:32:18.000Z</time>
      </trkpt>
      <trkpt lat="57.5621475465595722198486328125" lon="-4.2147644050419330596923828125">
        <ele>35.200000762939453125</ele>
        <time>2026-08-09T13:32:22.000Z</time>
      </trkpt>
      <trkpt lat="57.56210781633853912353515625" lon="-4.2147204838693141937255859375">
        <ele>35.59999847412109375</ele>
        <time>2026-08-09T13:32:24.000Z</time>
      </trkpt>
      <trkpt lat="57.562100104987621307373046875" lon="-4.21470749191939830780029296875">
        <ele>35.799999237060546875</ele>
        <time>2026-08-09T13:32:26.000Z</time>
      </trkpt>
      <trkpt lat="57.562100104987621307373046875" lon="-4.21470749191939830780029296875">
        <ele>35.40000152587890625</ele>
        <time>2026-08-09T13:32:33.000Z</time>
      </trkpt>
      <trkpt lat="57.562100104987621307373046875" lon="-4.21470749191939830780029296875">
        <ele>35.40000152587890625</ele>
        <time>2026-08-09T13:32:41.000Z</time>
      </trkpt>
      <trkpt lat="57.5620945729315280914306640625" lon="-4.214715622365474700927734375">
        <ele>35.200000762939453125</ele>
        <time>2026-08-09T13:32:47.000Z</time>
      </trkpt>
      <trkpt lat="57.562100104987621307373046875" lon="-4.21470749191939830780029296875">
        <ele>34.59999847412109375</ele>
        <time>2026-08-09T13:32:54.000Z</time>
      </trkpt>
      <trkpt lat="57.562100104987621307373046875" lon="-4.21470749191939830780029296875">
        <ele>34.59999847412109375</ele>
        <time>2026-08-09T13:32:56.000Z</time>
      </trkpt>
      <trkpt lat="57.562100104987621307373046875" lon="-4.21470749191939830780029296875">
        <ele>34.59999847412109375</ele>
        <time>2026-08-09T13:33:03.000Z</time>
      </trkpt>
      <trkpt lat="57.562100104987621307373046875" lon="-4.21470749191939830780029296875">
        <ele>34.40000152587890625</ele>
        <time>2026-08-09T13:33:13.000Z</time>
      </trkpt>
      <trkpt lat="57.562100104987621307373046875" lon="-4.21470749191939830780029296875">
        <ele>34.40000152587890625</ele>
        <time>2026-08-09T13:33:20.000Z</time>
      </trkpt>
      <trkpt lat="57.56209708750247955322265625" lon="-4.2147181369364261627197265625">
        <ele>34.200000762939453125</ele>
        <time>2026-08-09T13:33:26.000Z</time>
      </trkpt>
      <trkpt lat="57.562098763883113861083984375" lon="-4.21472358517348766326904296875">
        <ele>34.200000762939453125</ele>
        <time>2026-08-09T13:33:27.000Z</time>
      </trkpt>
      <trkpt lat="57.562100104987621307373046875" lon="-4.21470749191939830780029296875">
        <ele>34.40000152587890625</ele>
        <time>2026-08-09T13:33:29.000Z</time>
      </trkpt>
      <trkpt lat="57.562100104987621307373046875" lon="-4.21470749191939830780029296875">
        <ele>34.200000762939453125</ele>
        <time>2026-08-09T13:33:33.000Z</time>
      </trkpt>
      <trkpt lat="57.562100104987621307373046875" lon="-4.21470749191939830780029296875">
        <ele>33.59999847412109375</ele>
        <time>2026-08-09T13:33:43.000Z</time>
      </trkpt>
      <trkpt lat="57.562100104987621307373046875" lon="-4.21470749191939830780029296875">
        <ele>33.40000152587890625</ele>
        <time>2026-08-09T13:33:45.000Z</time>
      </trkpt>
      <trkpt lat="57.562100104987621307373046875" lon="-4.21470749191939830780029296875">
        <ele>33</ele>
        <time>2026-08-09T13:33:56.000Z</time>
      </trkpt>
      <trkpt lat="57.562100104987621307373046875" lon="-4.21470749191939830780029296875">
        <ele>33.200000762939453125</ele>
        <time>2026-08-09T13:34:06.000Z</time>
      </trkpt>
      <trkpt lat="57.562100104987621307373046875" lon="-4.21472626738250255584716796875">
        <ele>33</ele>
        <time>2026-08-09T13:34:12.000Z</time>
      </trkpt>
      <trkpt lat="57.56209197454154491424560546875" lon="-4.21471302397549152374267578125">
        <ele>33.200000762939453125</ele>
        <time>2026-08-09T13:34:14.000Z</time>
      </trkpt>
      <trkpt lat="57.562100104987621307373046875" lon="-4.21470749191939830780029296875">
        <ele>33.200000762939453125</ele>
        <time>2026-08-09T13:34:17.000Z</time>
      </trkpt>
      <trkpt lat="57.562100104987621307373046875" lon="-4.21470749191939830780029296875">
        <ele>32.59999847412109375</ele>
        <time>2026-08-09T13:34:24.000Z</time>
      </trkpt>
      <trkpt lat="57.562100104987621307373046875" lon="-4.21470749191939830780029296875">
        <ele>32.59999847412109375</ele>
        <time>2026-08-09T13:34:26.000Z</time>
      </trkpt>
      <trkpt lat="57.562100104987621307373046875" lon="-4.21470749191939830780029296875">
        <ele>32.40000152587890625</ele>
        <time>2026-08-09T13:34:28.000Z</time>
      </trkpt>
      <trkpt lat="57.562100104987621307373046875" lon="-4.21470749191939830780029296875">
        <ele>32.40000152587890625</ele>
        <time>2026-08-09T13:34:29.000Z</time>
      </trkpt>
      <trkpt lat="57.562100104987621307373046875" lon="-4.21470749191939830780029296875">
        <ele>32.200000762939453125</ele>
        <time>2026-08-09T13:34:32.000Z</time>
      </trkpt>
      <trkpt lat="57.562100104987621307373046875" lon="-4.21470749191939830780029296875">
        <ele>32.200000762939453125</ele>
        <time>2026-08-09T13:34:35.000Z</time>
      </trkpt>
      <trkpt lat="57.56208107806742191314697265625" lon="-4.214701540768146514892578125">
        <ele>32.59999847412109375</ele>
        <time>2026-08-09T13:34:41.000Z</time>
      </trkpt>
      <trkpt lat="57.56208107806742191314697265625" lon="-4.214701540768146514892578125">
        <ele>32.200000762939453125</ele>
        <time>2026-08-09T13:34:49.000Z</time>
      </trkpt>
      <trkpt lat="57.56208107806742191314697265625" lon="-4.214701540768146514892578125">
        <ele>32.40000152587890625</ele>
        <time>2026-08-09T13:35:01.000Z</time>
      </trkpt>
      <trkpt lat="57.56208107806742191314697265625" lon="-4.214701540768146514892578125">
        <ele>32.200000762939453125</ele>
        <time>2026-08-09T13:35:08.000Z</time>
      </trkpt>
      <trkpt lat="57.56208107806742191314697265625" lon="-4.214701540768146514892578125">
        <ele>32.799999237060546875</ele>
        <time>2026-08-09T13:35:19.000Z</time>
      </trkpt>
      <trkpt lat="57.56208107806742191314697265625" lon="-4.214701540768146514892578125">
        <ele>32.799999237060546875</ele>
        <time>2026-08-09T13:35:20.000Z</time>
      </trkpt>
      <trkpt lat="57.56208107806742191314697265625" lon="-4.214701540768146514892578125">
        <ele>32</ele>
        <time>2026-08-09T13:35:29.000Z</time>
      </trkpt>
      <trkpt lat="57.562081329524517059326171875" lon="-4.21473272144794464111328125">
        <ele>32</ele>
        <time>2026-08-09T13:35:37.000Z</time>
      </trkpt>
      <trkpt lat="57.5620830059051513671875" lon="-4.214714951813220977783203125">
        <ele>32</ele>
        <time>2026-08-09T13:35:39.000Z</time>
      </trkpt>
      <trkpt lat="57.5620789825916290283203125" lon="-4.214715622365474700927734375">
        <ele>32</ele>
        <time>2026-08-09T13:35:41.000Z</time>
      </trkpt>
      <trkpt lat="57.56208107806742191314697265625" lon="-4.214701540768146514892578125">
        <ele>32</ele>
        <time>2026-08-09T13:35:46.000Z</time>
      </trkpt>
      <trkpt lat="57.56208107806742191314697265625" lon="-4.214701540768146514892578125">
        <ele>32</ele>
        <time>2026-08-09T13:35:55.000Z</time>
      </trkpt>
      <trkpt lat="57.56208107806742191314697265625" lon="-4.214701540768146514892578125">
        <ele>32</ele>
        <time>2026-08-09T13:36:11.000Z</time>
      </trkpt>
      <trkpt lat="57.56208107806742191314697265625" lon="-4.214701540768146514892578125">
        <ele>32</ele>
        <time>2026-08-09T13:36:20.000Z</time>
      </trkpt>
      <trkpt lat="57.56208241917192935943603515625" lon="-4.21472241170704364776611328125">
        <ele>32</ele>
        <time>2026-08-09T13:36:25.000Z</time>
      </trkpt>
      <trkpt lat="57.56208225153386592864990234375" lon="-4.214714951813220977783203125">
        <ele>32</ele>
        <time>2026-08-09T13:36:28.000Z</time>
      </trkpt>
      <trkpt lat="57.56208107806742191314697265625" lon="-4.214701540768146514892578125">
        <ele>32</ele>
        <time>2026-08-09T13:36:33.000Z</time>
      </trkpt>
      <trkpt lat="57.56208107806742191314697265625" lon="-4.214701540768146514892578125">
        <ele>32</ele>
        <time>2026-08-09T13:36:38.000Z</time>
      </trkpt>
      <trkpt lat="57.5620888732373714447021484375" lon="-4.21471034176647663116455078125">
        <ele>32</ele>
        <time>2026-08-09T13:36:42.000Z</time>
      </trkpt>
      <trkpt lat="57.5620928965508937835693359375" lon="-4.2147100903093814849853515625">
        <ele>32</ele>
        <time>2026-08-09T13:36:43.000Z</time>
      </trkpt>
      <trkpt lat="57.562094740569591522216796875" lon="-4.2147107608616352081298828125">
        <ele>32</ele>
        <time>2026-08-09T13:36:44.000Z</time>
      </trkpt>
      <trkpt lat="57.56209465675055980682373046875" lon="-4.2147107608616352081298828125">
        <ele>32</ele>
        <time>2026-08-09T13:36:52.000Z</time>
      </trkpt>
      <trkpt lat="57.56209465675055980682373046875" lon="-4.2147107608616352081298828125">
        <ele>32</ele>
        <time>2026-08-09T13:36:59.000Z</time>
      </trkpt>
      <trkpt lat="57.56209247745573520660400390625" lon="-4.2147092521190643310546875">
        <ele>32</ele>
        <time>2026-08-09T13:37:05.000Z</time>
      </trkpt>
      <trkpt lat="57.56208560429513454437255859375" lon="-4.21469944529235363006591796875">
        <ele>32</ele>
        <time>2026-08-09T13:37:06.000Z</time>
      </trkpt>
      <trkpt lat="57.56208225153386592864990234375" lon="-4.214698188006877899169921875">
        <ele>32</ele>
        <time>2026-08-09T13:37:12.000Z</time>
      </trkpt>
      <trkpt lat="57.562085688114166259765625" lon="-4.2146970145404338836669921875">
        <ele>32</ele>
        <time>2026-08-09T13:37:13.000Z</time>
      </trkpt>
      <trkpt lat="57.5620825029909610748291015625" lon="-4.21469726599752902984619140625">
        <ele>32</ele>
        <time>2026-08-09T13:37:21.000Z</time>
      </trkpt>
      <trkpt lat="57.56208769977092742919921875" lon="-4.21472157351672649383544921875">
        <ele>32</ele>
        <time>2026-08-09T13:37:29.000Z</time>
      </trkpt>
      <trkpt lat="57.56210002116858959197998046875" lon="-4.2147794924676418304443359375">
        <ele>32</ele>
        <time>2026-08-09T13:37:37.000Z</time>
      </trkpt>
      <trkpt lat="57.56211712025105953216552734375" lon="-4.214790053665637969970703125">
        <ele>32</ele>
        <time>2026-08-09T13:37:38.000Z</time>
      </trkpt>
      <trkpt lat="57.56216724403202533721923828125" lon="-4.214828275144100189208984375">
        <ele>31.799999237060546875</ele>
        <time>2026-08-09T13:37:40.000Z</time>
      </trkpt>
      <trkpt lat="57.56226229481399059295654296875" lon="-4.2149028740823268890380859375">
        <ele>31.6000003814697265625</ele>
        <time>2026-08-09T13:37:43.000Z</time>
      </trkpt>
      <trkpt lat="57.56227704696357250213623046875" lon="-4.2149571888148784637451171875">
        <ele>31.6000003814697265625</ele>
        <time>2026-08-09T13:37:45.000Z</time>
      </trkpt>
      <trkpt lat="57.5622806511819362640380859375" lon="-4.21498510055243968963623046875">
        <ele>31.200000762939453125</ele>
        <time>2026-08-09T13:37:46.000Z</time>
      </trkpt>
      <trkpt lat="57.56223781965672969818115234375" lon="-4.2151828296482563018798828125">
        <ele>31.200000762939453125</ele>
        <time>2026-08-09T13:37:50.000Z</time>
      </trkpt>
      <trkpt lat="57.5621245801448822021484375" lon="-4.2155298404395580291748046875">
        <ele>31.6000003814697265625</ele>
        <time>2026-08-09T13:37:55.000Z</time>
      </trkpt>
      <trkpt lat="57.56193422712385654449462890625" lon="-4.21610333025455474853515625">
        <ele>31.6000003814697265625</ele>
        <time>2026-08-09T13:38:02.000Z</time>
      </trkpt>
      <trkpt lat="57.56181403063237667083740234375" lon="-4.21646970324218273162841796875">
        <ele>32.40000152587890625</ele>
        <time>2026-08-09T13:38:06.000Z</time>
      </trkpt>
      <trkpt lat="57.5617234222590923309326171875" lon="-4.2167445458471775054931640625">
        <ele>32.59999847412109375</ele>
        <time>2026-08-09T13:38:09.000Z</time>
      </trkpt>
      <trkpt lat="57.5616640783846378326416015625" lon="-4.21693473123013973236083984375">
        <ele>33.200000762939453125</ele>
        <time>2026-08-09T13:38:11.000Z</time>
      </trkpt>
      <trkpt lat="57.56163247860968112945556640625" lon="-4.2170293629169464111328125">
        <ele>33.40000152587890625</ele>
        <time>2026-08-09T13:38:12.000Z</time>
      </trkpt>
      <trkpt lat="57.56153709255158901214599609375" lon="-4.21730755828320980072021484375">
        <ele>33</ele>
        <time>2026-08-09T13:38:15.000Z</time>
      </trkpt>
      <trkpt lat="57.5614746473729610443115234375" lon="-4.21749405562877655029296875">
        <ele>32.799999237060546875</ele>
        <time>2026-08-09T13:38:17.000Z</time>
      </trkpt>
      <trkpt lat="57.56144237704575061798095703125" lon="-4.217586256563663482666015625">
        <ele>33</ele>
        <time>2026-08-09T13:38:18.000Z</time>
      </trkpt>
      <trkpt lat="57.5612201727926731109619140625" lon="-4.21826074831187725067138671875">
        <ele>34.200000762939453125</ele>
        <time>2026-08-09T13:38:25.000Z</time>
      </trkpt>
      <trkpt lat="57.5611884891986846923828125" lon="-4.21835378743708133697509765625">
        <ele>34.200000762939453125</ele>
        <time>2026-08-09T13:38:26.000Z</time>
      </trkpt>
      <trkpt lat="57.56099964492022991180419921875" lon="-4.21891906298696994781494140625">
        <ele>34.40000152587890625</ele>
        <time>2026-08-09T13:38:32.000Z</time>
      </trkpt>
      <trkpt lat="57.56096695549786090850830078125" lon="-4.2190136946737766265869140625">
        <ele>34.40000152587890625</ele>
        <time>2026-08-09T13:38:33.000Z</time>
      </trkpt>
      <trkpt lat="57.560740895569324493408203125" lon="-4.2196698300540447235107421875">
        <ele>35</ele>
        <time>2026-08-09T13:38:40.000Z</time>
      </trkpt>
      <trkpt lat="57.5607098825275897979736328125" lon="-4.21976781450212001800537109375">
        <ele>35</ele>
        <time>2026-08-09T13:38:41.000Z</time>
      </trkpt>
      <trkpt lat="57.5606126524507999420166015625" lon="-4.22005690634250640869140625">
        <ele>35.40000152587890625</ele>
        <time>2026-08-09T13:38:44.000Z</time>
      </trkpt>
      <trkpt lat="57.56044878624379634857177734375" lon="-4.2205308191478252410888671875">
        <ele>35</ele>
        <time>2026-08-09T13:38:49.000Z</time>
      </trkpt>
      <trkpt lat="57.5603447668254375457763671875" lon="-4.22083348967134952545166015625">
        <ele>34.799999237060546875</ele>
        <time>2026-08-09T13:38:52.000Z</time>
      </trkpt>
      <trkpt lat="57.56017268635332584381103515625" lon="-4.2213445343077182769775390625">
        <ele>36.40000152587890625</ele>
        <time>2026-08-09T13:38:57.000Z</time>
      </trkpt>
      <trkpt lat="57.56010026670992374420166015625" lon="-4.221555255353450775146484375">
        <ele>36.59999847412109375</ele>
        <time>2026-08-09T13:38:59.000Z</time>
      </trkpt>
      <trkpt lat="57.56000219844281673431396484375" lon="-4.22184652648866176605224609375">
        <ele>36.799999237060546875</ele>
        <time>2026-08-09T13:39:02.000Z</time>
      </trkpt>
      <trkpt lat="57.55997235886752605438232421875" lon="-4.221933782100677490234375">
        <ele>36.799999237060546875</ele>
        <time>2026-08-09T13:39:03.000Z</time>
      </trkpt>
      <trkpt lat="57.55993715487420558929443359375" lon="-4.22200284898281097412109375">
        <ele>36.799999237060546875</ele>
        <time>2026-08-09T13:39:04.000Z</time>
      </trkpt>
      <trkpt lat="57.55990982986986637115478515625" lon="-4.222082309424877166748046875">
        <ele>36.799999237060546875</ele>
        <time>2026-08-09T13:39:05.000Z</time>
      </trkpt>
      <trkpt lat="57.55969592370092868804931640625" lon="-4.22271757386624813079833984375">
        <ele>36.200000762939453125</ele>
        <time>2026-08-09T13:39:13.000Z</time>
      </trkpt>
      <trkpt lat="57.55966675467789173126220703125" lon="-4.22279804013669490814208984375">
        <ele>36.40000152587890625</ele>
        <time>2026-08-09T13:39:14.000Z</time>
      </trkpt>
      <trkpt lat="57.55945108830928802490234375" lon="-4.2234376631677150726318359375">
        <ele>36.799999237060546875</ele>
        <time>2026-08-09T13:39:22.000Z</time>
      </trkpt>
      <trkpt lat="57.55937330424785614013671875" lon="-4.223682917654514312744140625">
        <ele>36.799999237060546875</ele>
        <time>2026-08-09T13:39:25.000Z</time>
      </trkpt>
      <trkpt lat="57.55928319878876209259033203125" lon="-4.22392959706485271453857421875">
        <ele>37.200000762939453125</ele>
        <time>2026-08-09T13:39:28.000Z</time>
      </trkpt>
      <trkpt lat="57.55922167561948299407958984375" lon="-4.22410243190824985504150390625">
        <ele>37.40000152587890625</ele>
        <time>2026-08-09T13:39:30.000Z</time>
      </trkpt>
      <trkpt lat="57.559191919863224029541015625" lon="-4.22419027425348758697509765625">
        <ele>37.59999847412109375</ele>
        <time>2026-08-09T13:39:31.000Z</time>
      </trkpt>
      <trkpt lat="57.5590100325644016265869140625" lon="-4.22472663223743438720703125">
        <ele>37.59999847412109375</ele>
        <time>2026-08-09T13:39:37.000Z</time>
      </trkpt>
      <trkpt lat="57.55894591100513935089111328125" lon="-4.2248977907001972198486328125">
        <ele>37.799999237060546875</ele>
        <time>2026-08-09T13:39:39.000Z</time>
      </trkpt>
      <trkpt lat="57.55888405255973339080810546875" lon="-4.2250728048384189605712890625">
        <ele>38</ele>
        <time>2026-08-09T13:39:41.000Z</time>
      </trkpt>
      <trkpt lat="57.5588209368288516998291015625" lon="-4.22525041736662387847900390625">
        <ele>38</ele>
        <time>2026-08-09T13:39:43.000Z</time>
      </trkpt>
      <trkpt lat="57.55876251496374607086181640625" lon="-4.2254198156297206878662109375">
        <ele>38</ele>
        <time>2026-08-09T13:39:45.000Z</time>
      </trkpt>
      <trkpt lat="57.5586720742285251617431640625" lon="-4.2256692610681056976318359375">
        <ele>38.59999847412109375</ele>
        <time>2026-08-09T13:39:48.000Z</time>
      </trkpt>
      <trkpt lat="57.5586167536675930023193359375" lon="-4.2258275113999843597412109375">
        <ele>38.59999847412109375</ele>
        <time>2026-08-09T13:39:50.000Z</time>
      </trkpt>
      <trkpt lat="57.55858984775841236114501953125" lon="-4.2259042896330356597900390625">
        <ele>38.59999847412109375</ele>
        <time>2026-08-09T13:39:51.000Z</time>
      </trkpt>
      <trkpt lat="57.55856327712535858154296875" lon="-4.2259830795228481292724609375">
        <ele>38.40000152587890625</ele>
        <time>2026-08-09T13:39:52.000Z</time>
      </trkpt>
      <trkpt lat="57.558534443378448486328125" lon="-4.2260608635842800140380859375">
        <ele>38</ele>
        <time>2026-08-09T13:39:53.000Z</time>
      </trkpt>
      <trkpt lat="57.55834107287228107452392578125" lon="-4.226615242660045623779296875">
        <ele>37.59999847412109375</ele>
        <time>2026-08-09T13:40:00.000Z</time>
      </trkpt>
      <trkpt lat="57.55828256718814373016357421875" lon="-4.226774834096431732177734375">
        <ele>37.799999237060546875</ele>
        <time>2026-08-09T13:40:02.000Z</time>
      </trkpt>
      <trkpt lat="57.55825440399348735809326171875" lon="-4.22685555182397365570068359375">
        <ele>37.799999237060546875</ele>
        <time>2026-08-09T13:40:03.000Z</time>
      </trkpt>
      <trkpt lat="57.55819849669933319091796875" lon="-4.2270160652697086334228515625">
        <ele>38</ele>
        <time>2026-08-09T13:40:05.000Z</time>
      </trkpt>
      <trkpt lat="57.55797578953206539154052734375" lon="-4.22765434719622135162353515625">
        <ele>38.40000152587890625</ele>
        <time>2026-08-09T13:40:13.000Z</time>
      </trkpt>
      <trkpt lat="57.557858861982822418212890625" lon="-4.228003285825252532958984375">
        <ele>37.59999847412109375</ele>
        <time>2026-08-09T13:40:18.000Z</time>
      </trkpt>
      <trkpt lat="57.55776490084826946258544921875" lon="-4.228279888629913330078125">
        <ele>38</ele>
        <time>2026-08-09T13:40:22.000Z</time>
      </trkpt>
      <trkpt lat="57.55761469714343547821044921875" lon="-4.22869001515209674835205078125">
        <ele>38.59999847412109375</ele>
        <time>2026-08-09T13:40:28.000Z</time>
      </trkpt>
      <trkpt lat="57.55757044069468975067138671875" lon="-4.22882362268865108489990234375">
        <ele>38.59999847412109375</ele>
        <time>2026-08-09T13:40:30.000Z</time>
      </trkpt>
      <trkpt lat="57.55750455893576145172119140625" lon="-4.2290203459560871124267578125">
        <ele>37.40000152587890625</ele>
        <time>2026-08-09T13:40:33.000Z</time>
      </trkpt>
      <trkpt lat="57.55745795555412769317626953125" lon="-4.22915093600749969482421875">
        <ele>37.200000762939453125</ele>
        <time>2026-08-09T13:40:35.000Z</time>
      </trkpt>
      <trkpt lat="57.55723784677684307098388671875" lon="-4.22976315021514892578125">
        <ele>37.200000762939453125</ele>
        <time>2026-08-09T13:40:44.000Z</time>
      </trkpt>
      <trkpt lat="57.55706383846700191497802734375" lon="-4.23025961033999919891357421875">
        <ele>37.40000152587890625</ele>
        <time>2026-08-09T13:40:51.000Z</time>
      </trkpt>
      <trkpt lat="57.55698773078620433807373046875" lon="-4.2304801382124423980712890625">
        <ele>37.200000762939453125</ele>
        <time>2026-08-09T13:40:54.000Z</time>
      </trkpt>
      <trkpt lat="57.5568089447915554046630859375" lon="-4.2311029136180877685546875">
        <ele>36.59999847412109375</ele>
        <time>2026-08-09T13:41:02.000Z</time>
      </trkpt>
      <trkpt lat="57.5566594116389751434326171875" lon="-4.23165435902774333953857421875">
        <ele>36</ele>
        <time>2026-08-09T13:41:09.000Z</time>
      </trkpt>
      <trkpt lat="57.55659696646034717559814453125" lon="-4.231900535523891448974609375">
        <ele>35.59999847412109375</ele>
        <time>2026-08-09T13:41:12.000Z</time>
      </trkpt>
      <trkpt lat="57.55649152211844921112060546875" lon="-4.23230588436126708984375">
        <ele>35.40000152587890625</ele>
        <time>2026-08-09T13:41:17.000Z</time>
      </trkpt>
      <trkpt lat="57.5563043542206287384033203125" lon="-4.2330423183739185333251953125">
        <ele>35.200000762939453125</ele>
        <time>2026-08-09T13:41:26.000Z</time>
      </trkpt>
      <trkpt lat="57.55614786408841609954833984375" lon="-4.23361949622631072998046875">
        <ele>34.799999237060546875</ele>
        <time>2026-08-09T13:41:33.000Z</time>
      </trkpt>
      <trkpt lat="57.55598341114819049835205078125" lon="-4.234281666576862335205078125">
        <ele>35</ele>
        <time>2026-08-09T13:41:41.000Z</time>
      </trkpt>
      <trkpt lat="57.55585852079093456268310546875" lon="-4.23480142839252948760986328125">
        <ele>35.40000152587890625</ele>
        <time>2026-08-09T13:41:47.000Z</time>
      </trkpt>
      <trkpt lat="57.55572156049311161041259765625" lon="-4.23541389405727386474609375">
        <ele>35.40000152587890625</ele>
        <time>2026-08-09T13:41:54.000Z</time>
      </trkpt>
      <trkpt lat="57.55556029267609119415283203125" lon="-4.23619978129863739013671875">
        <ele>35.799999237060546875</ele>
        <time>2026-08-09T13:42:03.000Z</time>
      </trkpt>
      <trkpt lat="57.55550648085772991180419921875" lon="-4.2364490590989589691162109375">
        <ele>35.40000152587890625</ele>
        <time>2026-08-09T13:42:06.000Z</time>
      </trkpt>
      <trkpt lat="57.555437497794628143310546875" lon="-4.23678475432097911834716796875">
        <ele>35.40000152587890625</ele>
        <time>2026-08-09T13:42:10.000Z</time>
      </trkpt>
      <trkpt lat="57.55540489219129085540771484375" lon="-4.23694786615669727325439453125">
        <ele>35.799999237060546875</ele>
        <time>2026-08-09T13:42:12.000Z</time>
      </trkpt>
      <trkpt lat="57.55531889386475086212158203125" lon="-4.2373744212090969085693359375">
        <ele>34.59999847412109375</ele>
        <time>2026-08-09T13:42:17.000Z</time>
      </trkpt>
      <trkpt lat="57.5551803410053253173828125" lon="-4.23820615746080875396728515625">
        <ele>34.59999847412109375</ele>
        <time>2026-08-09T13:42:26.000Z</time>
      </trkpt>
      <trkpt lat="57.55504564382135868072509765625" lon="-4.23904401250183582305908203125">
        <ele>33.799999237060546875</ele>
        <time>2026-08-09T13:42:34.000Z</time>
      </trkpt>
      <trkpt lat="57.55499317310750484466552734375" lon="-4.23937291838228702545166015625">
        <ele>33</ele>
        <time>2026-08-09T13:42:37.000Z</time>
      </trkpt>
      <trkpt lat="57.554922513663768768310546875" lon="-4.23980425111949443817138671875">
        <ele>32.59999847412109375</ele>
        <time>2026-08-09T13:42:41.000Z</time>
      </trkpt>
      <trkpt lat="57.55485990084707736968994140625" lon="-4.2402118630707263946533203125">
        <ele>31.799999237060546875</ele>
        <time>2026-08-09T13:42:45.000Z</time>
      </trkpt>
      <trkpt lat="57.5548048317432403564453125" lon="-4.2405887134373188018798828125">
        <ele>31.6000003814697265625</ele>
        <time>2026-08-09T13:42:49.000Z</time>
      </trkpt>
      <trkpt lat="57.55477373488247394561767578125" lon="-4.24078325740993022918701171875">
        <ele>30.799999237060546875</ele>
        <time>2026-08-09T13:42:51.000Z</time>
      </trkpt>
      <trkpt lat="57.5546973757445812225341796875" lon="-4.2412941344082355499267578125">
        <ele>30.6000003814697265625</ele>
        <time>2026-08-09T13:42:56.000Z</time>
      </trkpt>
      <trkpt lat="57.554638870060443878173828125" lon="-4.2418835498392581939697265625">
        <ele>30.200000762939453125</ele>
        <time>2026-08-09T13:43:02.000Z</time>
      </trkpt>
      <trkpt lat="57.55460777319967746734619140625" lon="-4.24217180348932743072509765625">
        <ele>29.799999237060546875</ele>
        <time>2026-08-09T13:43:05.000Z</time>
      </trkpt>
      <trkpt lat="57.5545522011816501617431640625" lon="-4.2426496557891368865966796875">
        <ele>30.200000762939453125</ele>
        <time>2026-08-09T13:43:10.000Z</time>
      </trkpt>
      <trkpt lat="57.5544834695756435394287109375" lon="-4.24323228187859058380126953125">
        <ele>30</ele>
        <time>2026-08-09T13:43:16.000Z</time>
      </trkpt>
      <trkpt lat="57.5544499419629573822021484375" lon="-4.24360427074134349822998046875">
        <ele>30</ele>
        <time>2026-08-09T13:43:20.000Z</time>
      </trkpt>
      <trkpt lat="57.55442152731120586395263671875" lon="-4.2438871599733829498291015625">
        <ele>30.3999996185302734375</ele>
        <time>2026-08-09T13:43:23.000Z</time>
      </trkpt>
      <trkpt lat="57.5544117204844951629638671875" lon="-4.24398581497371196746826171875">
        <ele>30.799999237060546875</ele>
        <time>2026-08-09T13:43:24.000Z</time>
      </trkpt>
      <trkpt lat="57.5543342716991901397705078125" lon="-4.244757033884525299072265625">
        <ele>30.3999996185302734375</ele>
        <time>2026-08-09T13:43:32.000Z</time>
      </trkpt>
      <trkpt lat="57.55424626171588897705078125" lon="-4.2456242255866527557373046875">
        <ele>31</ele>
        <time>2026-08-09T13:43:41.000Z</time>
      </trkpt>
      <trkpt lat="57.55413821898400783538818359375" lon="-4.246658049523830413818359375">
        <ele>30</ele>
        <time>2026-08-09T13:43:52.000Z</time>
      </trkpt>
      <trkpt lat="57.554119862616062164306640625" lon="-4.24685074947774410247802734375">
        <ele>29.799999237060546875</ele>
        <time>2026-08-09T13:43:54.000Z</time>
      </trkpt>
      <trkpt lat="57.55402372218668460845947265625" lon="-4.24769304692745208740234375">
        <ele>28.3999996185302734375</ele>
        <time>2026-08-09T13:44:03.000Z</time>
      </trkpt>
      <trkpt lat="57.55399069748818874359130859375" lon="-4.24796235747635364532470703125">
        <ele>24.799999237060546875</ele>
        <time>2026-08-09T13:44:06.000Z</time>
      </trkpt>
      <trkpt lat="57.55393923260271549224853515625" lon="-4.24834189005196094512939453125">
        <ele>25.200000762939453125</ele>
        <time>2026-08-09T13:44:10.000Z</time>
      </trkpt>
      <trkpt lat="57.553861699998378753662109375" lon="-4.24891320057213306427001953125">
        <ele>26</ele>
        <time>2026-08-09T13:44:16.000Z</time>
      </trkpt>
      <trkpt lat="57.55385105498135089874267578125" lon="-4.24900196492671966552734375">
        <ele>26.3999996185302734375</ele>
        <time>2026-08-09T13:44:17.000Z</time>
      </trkpt>
      <trkpt lat="57.55382339470088481903076171875" lon="-4.2491783201694488525390625">
        <ele>27.200000762939453125</ele>
        <time>2026-08-09T13:44:19.000Z</time>
      </trkpt>
      <trkpt lat="57.5537480413913726806640625" lon="-4.24962935037910938262939453125">
        <ele>28</ele>
        <time>2026-08-09T13:44:24.000Z</time>
      </trkpt>
      <trkpt lat="57.55373052321374416351318359375" lon="-4.24972138367593288421630859375">
        <ele>28.200000762939453125</ele>
        <time>2026-08-09T13:44:25.000Z</time>
      </trkpt>
      <trkpt lat="57.55363496951758861541748046875" lon="-4.25036980770528316497802734375">
        <ele>28.200000762939453125</ele>
        <time>2026-08-09T13:44:32.000Z</time>
      </trkpt>
      <trkpt lat="57.5536208041012287139892578125" lon="-4.25046284683048725128173828125">
        <ele>28</ele>
        <time>2026-08-09T13:44:33.000Z</time>
      </trkpt>
      <trkpt lat="57.55358040332794189453125" lon="-4.25073224119842052459716796875">
        <ele>28.200000762939453125</ele>
        <time>2026-08-09T13:44:36.000Z</time>
      </trkpt>
      <trkpt lat="57.55354042164981365203857421875" lon="-4.25100599415600299835205078125">
        <ele>29.200000762939453125</ele>
        <time>2026-08-09T13:44:39.000Z</time>
      </trkpt>
      <trkpt lat="57.553515695035457611083984375" lon="-4.2511800862848758697509765625">
        <ele>30</ele>
        <time>2026-08-09T13:44:41.000Z</time>
      </trkpt>
      <trkpt lat="57.55350069142878055572509765625" lon="-4.25126885063946247100830078125">
        <ele>30.3999996185302734375</ele>
        <time>2026-08-09T13:44:42.000Z</time>
      </trkpt>
      <trkpt lat="57.55344553850591182708740234375" lon="-4.25163597799837589263916015625">
        <ele>30.3999996185302734375</ele>
        <time>2026-08-09T13:44:46.000Z</time>
      </trkpt>
      <trkpt lat="57.5533723644912242889404296875" lon="-4.2521973140537738800048828125">
        <ele>31.799999237060546875</ele>
        <time>2026-08-09T13:44:52.000Z</time>
      </trkpt>
      <trkpt lat="57.553319893777370452880859375" lon="-4.25258807837963104248046875">
        <ele>32.59999847412109375</ele>
        <time>2026-08-09T13:44:56.000Z</time>
      </trkpt>
      <trkpt lat="57.55329349078238010406494140625" lon="-4.252780191600322723388671875">
        <ele>32.799999237060546875</ele>
        <time>2026-08-09T13:44:58.000Z</time>
      </trkpt>
      <trkpt lat="57.553242780268192291259765625" lon="-4.253149665892124176025390625">
        <ele>33</ele>
        <time>2026-08-09T13:45:02.000Z</time>
      </trkpt>
      <trkpt lat="57.55321805365383625030517578125" lon="-4.25333566032350063323974609375">
        <ele>34</ele>
        <time>2026-08-09T13:45:04.000Z</time>
      </trkpt>
      <trkpt lat="57.553180754184722900390625" lon="-4.25361938774585723876953125">
        <ele>35.200000762939453125</ele>
        <time>2026-08-09T13:45:07.000Z</time>
      </trkpt>
      <trkpt lat="57.5531534291803836822509765625" lon="-4.253810159862041473388671875">
        <ele>34.799999237060546875</ele>
        <time>2026-08-09T13:45:09.000Z</time>
      </trkpt>
      <trkpt lat="57.553131468594074249267578125" lon="-4.2539930529892444610595703125">
        <ele>34</ele>
        <time>2026-08-09T13:45:11.000Z</time>
      </trkpt>
      <trkpt lat="57.55311747081577777862548828125" lon="-4.25407796166837215423583984375">
        <ele>34</ele>
        <time>2026-08-09T13:45:12.000Z</time>
      </trkpt>
      <trkpt lat="57.553083859384059906005859375" lon="-4.25434249453246593475341796875">
        <ele>35.200000762939453125</ele>
        <time>2026-08-09T13:45:15.000Z</time>
      </trkpt>
      <trkpt lat="57.553034238517284393310546875" lon="-4.25469956360757350921630859375">
        <ele>35.799999237060546875</ele>
        <time>2026-08-09T13:45:19.000Z</time>
      </trkpt>
      <trkpt lat="57.5530064105987548828125" lon="-4.2548734880983829498291015625">
        <ele>36.200000762939453125</ele>
        <time>2026-08-09T13:45:21.000Z</time>
      </trkpt>
      <trkpt lat="57.55297464318573474884033203125" lon="-4.255135841667652130126953125">
        <ele>37.59999847412109375</ele>
        <time>2026-08-09T13:45:24.000Z</time>
      </trkpt>
      <trkpt lat="57.5529314763844013214111328125" lon="-4.25541286356747150421142578125">
        <ele>38.40000152587890625</ele>
        <time>2026-08-09T13:45:27.000Z</time>
      </trkpt>
      <trkpt lat="57.55287297070026397705078125" lon="-4.25585324876010417938232421875">
        <ele>38.59999847412109375</ele>
        <time>2026-08-09T13:45:32.000Z</time>
      </trkpt>
      <trkpt lat="57.55286651663482189178466796875" lon="-4.2559389956295490264892578125">
        <ele>38.59999847412109375</ele>
        <time>2026-08-09T13:45:33.000Z</time>
      </trkpt>
      <trkpt lat="57.55284204147756099700927734375" lon="-4.25608945079147815704345703125">
        <ele>39.200000762939453125</ele>
        <time>2026-08-09T13:45:35.000Z</time>
      </trkpt>
      <trkpt lat="57.55283139646053314208984375" lon="-4.25617553293704986572265625">
        <ele>40</ele>
        <time>2026-08-09T13:45:36.000Z</time>
      </trkpt>
      <trkpt lat="57.55281438119709491729736328125" lon="-4.25635163672268390655517578125">
        <ele>41.40000152587890625</ele>
        <time>2026-08-09T13:45:38.000Z</time>
      </trkpt>
      <trkpt lat="57.55276425741612911224365234375" lon="-4.25667936913669109344482421875">
        <ele>42</ele>
        <time>2026-08-09T13:45:42.000Z</time>
      </trkpt>
      <trkpt lat="57.55268295295536518096923828125" lon="-4.25685270689427852630615234375">
        <ele>42</ele>
        <time>2026-08-09T13:45:45.000Z</time>
      </trkpt>
      <trkpt lat="57.552638612687587738037109375" lon="-4.25687634386122226715087890625">
        <ele>42</ele>
        <time>2026-08-09T13:45:46.000Z</time>
      </trkpt>
      <trkpt lat="57.552591003477573394775390625" lon="-4.25687248818576335906982421875">
        <ele>41.799999237060546875</ele>
        <time>2026-08-09T13:45:47.000Z</time>
      </trkpt>
      <trkpt lat="57.55251045338809490203857421875" lon="-4.256904423236846923828125">
        <ele>41</ele>
        <time>2026-08-09T13:45:49.000Z</time>
      </trkpt>
      <trkpt lat="57.55242780782282352447509765625" lon="-4.2569553852081298828125">
        <ele>40.200000762939453125</ele>
        <time>2026-08-09T13:45:51.000Z</time>
      </trkpt>
      <trkpt lat="57.55226151086390018463134765625" lon="-4.257112629711627960205078125">
        <ele>39.40000152587890625</ele>
        <time>2026-08-09T13:45:55.000Z</time>
      </trkpt>
      <trkpt lat="57.5522153265774250030517578125" lon="-4.25716116093099117279052734375">
        <ele>39</ele>
        <time>2026-08-09T13:45:56.000Z</time>
      </trkpt>
      <trkpt lat="57.55217014811933040618896484375" lon="-4.25721480511128902435302734375">
        <ele>38.799999237060546875</ele>
        <time>2026-08-09T13:45:57.000Z</time>
      </trkpt>
      <trkpt lat="57.55212840624153614044189453125" lon="-4.2572656832635402679443359375">
        <ele>38.40000152587890625</ele>
        <time>2026-08-09T13:45:58.000Z</time>
      </trkpt>
      <trkpt lat="57.55209404043853282928466796875" lon="-4.2573045752942562103271484375">
        <ele>38</ele>
        <time>2026-08-09T13:45:59.000Z</time>
      </trkpt>
      <trkpt lat="57.55206369794905185699462890625" lon="-4.2573367618024349212646484375">
        <ele>37.799999237060546875</ele>
        <time>2026-08-09T13:46:00.000Z</time>
      </trkpt>
      <trkpt lat="57.55201592110097408294677734375" lon="-4.257396943867206573486328125">
        <ele>37.200000762939453125</ele>
        <time>2026-08-09T13:46:02.000Z</time>
      </trkpt>
      <trkpt lat="57.55199714563786983489990234375" lon="-4.25744698382914066314697265625">
        <ele>36.799999237060546875</ele>
        <time>2026-08-09T13:46:03.000Z</time>
      </trkpt>
      <trkpt lat="57.55193159915506839752197265625" lon="-4.25749006681144237518310546875">
        <ele>36.40000152587890625</ele>
        <time>2026-08-09T13:46:05.000Z</time>
      </trkpt>
      <trkpt lat="57.5518569163978099822998046875" lon="-4.25755192525684833526611328125">
        <ele>36</ele>
        <time>2026-08-09T13:46:07.000Z</time>
      </trkpt>
      <trkpt lat="57.551787011325359344482421875" lon="-4.2576314695179462432861328125">
        <ele>35.59999847412109375</ele>
        <time>2026-08-09T13:46:09.000Z</time>
      </trkpt>
      <trkpt lat="57.55174987949430942535400390625" lon="-4.257670529186725616455078125">
        <ele>35.200000762939453125</ele>
        <time>2026-08-09T13:46:10.000Z</time>
      </trkpt>
      <trkpt lat="57.5516701675951480865478515625" lon="-4.257744960486888885498046875">
        <ele>34.40000152587890625</ele>
        <time>2026-08-09T13:46:12.000Z</time>
      </trkpt>
      <trkpt lat="57.55155944265425205230712890625" lon="-4.25785551778972148895263671875">
        <ele>33</ele>
        <time>2026-08-09T13:46:15.000Z</time>
      </trkpt>
      <trkpt lat="57.5514720194041728973388671875" lon="-4.25796682946383953094482421875">
        <ele>32</ele>
        <time>2026-08-09T13:46:18.000Z</time>
      </trkpt>
      <trkpt lat="57.55134453065693378448486328125" lon="-4.258127845823764801025390625">
        <ele>30.799999237060546875</ele>
        <time>2026-08-09T13:46:22.000Z</time>
      </trkpt>
      <trkpt lat="57.55123070441186428070068359375" lon="-4.25826690159738063812255859375">
        <ele>30.200000762939453125</ele>
        <time>2026-08-09T13:46:25.000Z</time>
      </trkpt>
      <trkpt lat="57.5511454604566097259521484375" lon="-4.25836329348385334014892578125">
        <ele>29.799999237060546875</ele>
        <time>2026-08-09T13:46:27.000Z</time>
      </trkpt>
      <trkpt lat="57.55104814656078815460205078125" lon="-4.25845348276197910308837890625">
        <ele>29</ele>
        <time>2026-08-09T13:46:30.000Z</time>
      </trkpt>
      <trkpt lat="57.5510364957153797149658203125" lon="-4.25846974365413188934326171875">
        <ele>28.799999237060546875</ele>
        <time>2026-08-09T13:46:31.000Z</time>
      </trkpt>
      <trkpt lat="57.55097866058349609375" lon="-4.25857300870120525360107421875">
        <ele>28</ele>
        <time>2026-08-09T13:46:35.000Z</time>
      </trkpt>
      <trkpt lat="57.550942115485668182373046875" lon="-4.25860754214227199554443359375">
        <ele>28</ele>
        <time>2026-08-09T13:46:36.000Z</time>
      </trkpt>
      <trkpt lat="57.550854943692684173583984375" lon="-4.25869278609752655029296875">
        <ele>27.6000003814697265625</ele>
        <time>2026-08-09T13:46:38.000Z</time>
      </trkpt>
      <trkpt lat="57.55076617933809757232666015625" lon="-4.2587794549763202667236328125">
        <ele>26</ele>
        <time>2026-08-09T13:46:40.000Z</time>
      </trkpt>
      <trkpt lat="57.55067397840321063995361328125" lon="-4.2588756792247295379638671875">
        <ele>24.200000762939453125</ele>
        <time>2026-08-09T13:46:42.000Z</time>
      </trkpt>
      <trkpt lat="57.55053483881056308746337890625" lon="-4.25901599228382110595703125">
        <ele>23.3999996185302734375</ele>
        <time>2026-08-09T13:46:45.000Z</time>
      </trkpt>
      <trkpt lat="57.55043660290539264678955078125" lon="-4.25911598838865756988525390625">
        <ele>23</ele>
        <time>2026-08-09T13:46:47.000Z</time>
      </trkpt>
      <trkpt lat="57.55038698203861713409423828125" lon="-4.25915814936161041259765625">
        <ele>22.799999237060546875</ele>
        <time>2026-08-09T13:46:48.000Z</time>
      </trkpt>
      <trkpt lat="57.5502952001988887786865234375" lon="-4.25924473442137241363525390625">
        <ele>21.799999237060546875</ele>
        <time>2026-08-09T13:46:50.000Z</time>
      </trkpt>
      <trkpt lat="57.550079114735126495361328125" lon="-4.2594520188868045806884765625">
        <ele>21.6000003814697265625</ele>
        <time>2026-08-09T13:46:55.000Z</time>
      </trkpt>
      <trkpt lat="57.5499984808266162872314453125" lon="-4.25956274382770061492919921875">
        <ele>21.799999237060546875</ele>
        <time>2026-08-09T13:46:57.000Z</time>
      </trkpt>
      <trkpt lat="57.54991474561393260955810546875" lon="-4.2597088403999805450439453125">
        <ele>23.6000003814697265625</ele>
        <time>2026-08-09T13:46:59.000Z</time>
      </trkpt>
      <trkpt lat="57.54987501539289951324462890625" lon="-4.25980263389647006988525390625">
        <ele>24.200000762939453125</ele>
        <time>2026-08-09T13:47:00.000Z</time>
      </trkpt>
      <trkpt lat="57.5498385541141033172607421875" lon="-4.259902797639369964599609375">
        <ele>24.6000003814697265625</ele>
        <time>2026-08-09T13:47:01.000Z</time>
      </trkpt>
      <trkpt lat="57.549739144742488861083984375" lon="-4.26024285145103931427001953125">
        <ele>25.6000003814697265625</ele>
        <time>2026-08-09T13:47:04.000Z</time>
      </trkpt>
      <trkpt lat="57.549647949635982513427734375" lon="-4.260606877505779266357421875">
        <ele>25.3999996185302734375</ele>
        <time>2026-08-09T13:47:07.000Z</time>
      </trkpt>
      <trkpt lat="57.54956253804266452789306640625" lon="-4.26100158132612705230712890625">
        <ele>24.3999996185302734375</ele>
        <time>2026-08-09T13:47:10.000Z</time>
      </trkpt>
      <trkpt lat="57.54948894493281841278076171875" lon="-4.26125429570674896240234375">
        <ele>23.6000003814697265625</ele>
        <time>2026-08-09T13:47:12.000Z</time>
      </trkpt>
      <trkpt lat="57.5494469515979290008544921875" lon="-4.26137843169271945953369140625">
        <ele>23</ele>
        <time>2026-08-09T13:47:13.000Z</time>
      </trkpt>
      <trkpt lat="57.54934796132147312164306640625" lon="-4.26161245442926883697509765625">
        <ele>21.6000003814697265625</ele>
        <time>2026-08-09T13:47:15.000Z</time>
      </trkpt>
      <trkpt lat="57.5492290221154689788818359375" lon="-4.261809848248958587646484375">
        <ele>21.3999996185302734375</ele>
        <time>2026-08-09T13:47:17.000Z</time>
      </trkpt>
      <trkpt lat="57.549165152013301849365234375" lon="-4.2619012109935283660888671875">
        <ele>21</ele>
        <time>2026-08-09T13:47:18.000Z</time>
      </trkpt>
      <trkpt lat="57.54904001019895076751708984375" lon="-4.26209910772740840911865234375">
        <ele>20.3999996185302734375</ele>
        <time>2026-08-09T13:47:20.000Z</time>
      </trkpt>
      <trkpt lat="57.54881344735622406005859375" lon="-4.26255072467029094696044921875">
        <ele>19.6000003814697265625</ele>
        <time>2026-08-09T13:47:24.000Z</time>
      </trkpt>
      <trkpt lat="57.5487609766423702239990234375" lon="-4.26266555674374103546142578125">
        <ele>19.3999996185302734375</ele>
        <time>2026-08-09T13:47:25.000Z</time>
      </trkpt>
      <trkpt lat="57.54865578375756740570068359375" lon="-4.262885414063930511474609375">
        <ele>17.799999237060546875</ele>
        <time>2026-08-09T13:47:27.000Z</time>
      </trkpt>
      <trkpt lat="57.54851547069847583770751953125" lon="-4.263218007981777191162109375">
        <ele>17</ele>
        <time>2026-08-09T13:47:30.000Z</time>
      </trkpt>
      <trkpt lat="57.548423521220684051513671875" lon="-4.26339377649128437042236328125">
        <ele>17.3999996185302734375</ele>
        <time>2026-08-09T13:47:32.000Z</time>
      </trkpt>
      <trkpt lat="57.5483286380767822265625" lon="-4.263527803122997283935546875">
        <ele>17.200000762939453125</ele>
        <time>2026-08-09T13:47:34.000Z</time>
      </trkpt>
      <trkpt lat="57.54820835776627063751220703125" lon="-4.2637110315263271331787109375">
        <ele>16.799999237060546875</ele>
        <time>2026-08-09T13:47:37.000Z</time>
      </trkpt>
      <trkpt lat="57.54816577769815921783447265625" lon="-4.26375654526054859161376953125">
        <ele>16.799999237060546875</ele>
        <time>2026-08-09T13:47:38.000Z</time>
      </trkpt>
      <trkpt lat="57.54807776771485805511474609375" lon="-4.2638387717306613922119140625">
        <ele>16.799999237060546875</ele>
        <time>2026-08-09T13:47:40.000Z</time>
      </trkpt>
      <trkpt lat="57.547928653657436370849609375" lon="-4.26392150111496448516845703125">
        <ele>16.799999237060546875</ele>
        <time>2026-08-09T13:47:43.000Z</time>
      </trkpt>
      <trkpt lat="57.54781566560268402099609375" lon="-4.26392753608524799346923828125">
        <ele>16.799999237060546875</ele>
        <time>2026-08-09T13:47:45.000Z</time>
      </trkpt>
      <trkpt lat="57.54747242666780948638916015625" lon="-4.26392041146755218505859375">
        <ele>15.80000019073486328125</ele>
        <time>2026-08-09T13:47:50.000Z</time>
      </trkpt>
      <trkpt lat="57.5473912060260772705078125" lon="-4.2639108560979366302490234375">
        <ele>15.3999996185302734375</ele>
        <time>2026-08-09T13:47:51.000Z</time>
      </trkpt>
      <trkpt lat="57.5473088957369327545166015625" lon="-4.26387372426688671112060546875">
        <ele>14.80000019073486328125</ele>
        <time>2026-08-09T13:47:52.000Z</time>
      </trkpt>
      <trkpt lat="57.547227256000041961669921875" lon="-4.263819493353366851806640625">
        <ele>14.19999980926513671875</ele>
        <time>2026-08-09T13:47:53.000Z</time>
      </trkpt>
      <trkpt lat="57.5471456162631511688232421875" lon="-4.26375905983150005340576171875">
        <ele>13.6000003814697265625</ele>
        <time>2026-08-09T13:47:54.000Z</time>
      </trkpt>
      <trkpt lat="57.5470654852688312530517578125" lon="-4.263685047626495361328125">
        <ele>12.80000019073486328125</ele>
        <time>2026-08-09T13:47:55.000Z</time>
      </trkpt>
      <trkpt lat="57.54690296016633510589599609375" lon="-4.26349134184420108795166015625">
        <ele>11.3999996185302734375</ele>
        <time>2026-08-09T13:47:57.000Z</time>
      </trkpt>
      <trkpt lat="57.54681696183979511260986328125" lon="-4.2634002305567264556884765625">
        <ele>11</ele>
        <time>2026-08-09T13:47:58.000Z</time>
      </trkpt>
      <trkpt lat="57.5467313826084136962890625" lon="-4.2633081972599029541015625">
        <ele>10.3999996185302734375</ele>
        <time>2026-08-09T13:47:59.000Z</time>
      </trkpt>
      <trkpt lat="57.54648151807487010955810546875" lon="-4.26301307044923305511474609375">
        <ele>9.19999980926513671875</ele>
        <time>2026-08-09T13:48:02.000Z</time>
      </trkpt>
      <trkpt lat="57.54625059664249420166015625" lon="-4.26269891671836376190185546875">
        <ele>8.6000003814697265625</ele>
        <time>2026-08-09T13:48:05.000Z</time>
      </trkpt>
      <trkpt lat="57.54594742320477962493896484375" lon="-4.26224797032773494720458984375">
        <ele>9.19999980926513671875</ele>
        <time>2026-08-09T13:48:09.000Z</time>
      </trkpt>
      <trkpt lat="57.54579487256705760955810546875" lon="-4.26201847381889820098876953125">
        <ele>9.3999996185302734375</ele>
        <time>2026-08-09T13:48:11.000Z</time>
      </trkpt>
      <trkpt lat="57.54564466886222362518310546875" lon="-4.26179182715713977813720703125">
        <ele>9</ele>
        <time>2026-08-09T13:48:13.000Z</time>
      </trkpt>
      <trkpt lat="57.5454960577189922332763671875" lon="-4.26155596040189266204833984375">
        <ele>8.80000019073486328125</ele>
        <time>2026-08-09T13:48:15.000Z</time>
      </trkpt>
      <trkpt lat="57.54534778185188770294189453125" lon="-4.261319003999233245849609375">
        <ele>8.3999996185302734375</ele>
        <time>2026-08-09T13:48:17.000Z</time>
      </trkpt>
      <trkpt lat="57.5452747754752635955810546875" lon="-4.2612011544406414031982421875">
        <ele>8.19999980926513671875</ele>
        <time>2026-08-09T13:48:18.000Z</time>
      </trkpt>
      <trkpt lat="57.54499104805290699005126953125" lon="-4.2607374675571918487548828125">
        <ele>8</ele>
        <time>2026-08-09T13:48:22.000Z</time>
      </trkpt>
      <trkpt lat="57.544923238456249237060546875" lon="-4.26062288694083690643310546875">
        <ele>8</ele>
        <time>2026-08-09T13:48:23.000Z</time>
      </trkpt>
      <trkpt lat="57.54467203281819820404052734375" lon="-4.26015132106840610504150390625">
        <ele>7.400000095367431640625</ele>
        <time>2026-08-09T13:48:27.000Z</time>
      </trkpt>
      <trkpt lat="57.54462241195142269134521484375" lon="-4.260022826492786407470703125">
        <ele>7.19999980926513671875</ele>
        <time>2026-08-09T13:48:28.000Z</time>
      </trkpt>
      <trkpt lat="57.54458033479750156402587890625" lon="-4.2598878778517246246337890625">
        <ele>7.19999980926513671875</ele>
        <time>2026-08-09T13:48:29.000Z</time>
      </trkpt>
      <trkpt lat="57.54451445303857326507568359375" lon="-4.259602390229701995849609375">
        <ele>7</ele>
        <time>2026-08-09T13:48:31.000Z</time>
      </trkpt>
      <trkpt lat="57.54446583800017833709716796875" lon="-4.25931480713188648223876953125">
        <ele>7</ele>
        <time>2026-08-09T13:48:33.000Z</time>
      </trkpt>
      <trkpt lat="57.5443044863641262054443359375" lon="-4.258642494678497314453125">
        <ele>6.599999904632568359375</ele>
        <time>2026-08-09T13:48:38.000Z</time>
      </trkpt>
      <trkpt lat="57.544250674545764923095703125" lon="-4.25853227265179157257080078125">
        <ele>6.80000019073486328125</ele>
        <time>2026-08-09T13:48:39.000Z</time>
      </trkpt>
      <trkpt lat="57.54419024102389812469482421875" lon="-4.258438982069492340087890625">
        <ele>6.80000019073486328125</ele>
        <time>2026-08-09T13:48:40.000Z</time>
      </trkpt>
      <trkpt lat="57.5440560467541217803955078125" lon="-4.25830914638936519622802734375">
        <ele>6.80000019073486328125</ele>
        <time>2026-08-09T13:48:42.000Z</time>
      </trkpt>
      <trkpt lat="57.5438639335334300994873046875" lon="-4.258153326809406280517578125">
        <ele>6.599999904632568359375</ele>
        <time>2026-08-09T13:48:45.000Z</time>
      </trkpt>
      <trkpt lat="57.54373736679553985595703125" lon="-4.25810001790523529052734375">
        <ele>6.599999904632568359375</ele>
        <time>2026-08-09T13:48:47.000Z</time>
      </trkpt>
      <trkpt lat="57.54367441870272159576416015625" lon="-4.25809205509722232818603515625">
        <ele>6.599999904632568359375</ele>
        <time>2026-08-09T13:48:48.000Z</time>
      </trkpt>
      <trkpt lat="57.54342748783528804779052734375" lon="-4.2581179551780223846435546875">
        <ele>7.400000095367431640625</ele>
        <time>2026-08-09T13:48:52.000Z</time>
      </trkpt>
      <trkpt lat="57.54318055696785449981689453125" lon="-4.25820068456232547760009765625">
        <ele>8</ele>
        <time>2026-08-09T13:48:57.000Z</time>
      </trkpt>
      <trkpt lat="57.54313764162361621856689453125" lon="-4.25822465680539608001708984375">
        <ele>8.19999980926513671875</ele>
        <time>2026-08-09T13:48:58.000Z</time>
      </trkpt>
      <trkpt lat="57.54309036768972873687744140625" lon="-4.25825432874262332916259765625">
        <ele>8.6000003814697265625</ele>
        <time>2026-08-09T13:48:59.000Z</time>
      </trkpt>
      <trkpt lat="57.54300638101994991302490234375" lon="-4.258308894932270050048828125">
        <ele>9.19999980926513671875</ele>
        <time>2026-08-09T13:49:01.000Z</time>
      </trkpt>
      <trkpt lat="57.54291300661861896514892578125" lon="-4.25837771035730838775634765625">
        <ele>9.80000019073486328125</ele>
        <time>2026-08-09T13:49:03.000Z</time>
      </trkpt>
      <trkpt lat="57.54281736910343170166015625" lon="-4.25845029763877391815185546875">
        <ele>10.3999996185302734375</ele>
        <time>2026-08-09T13:49:05.000Z</time>
      </trkpt>
      <trkpt lat="57.54271619953215122222900390625" lon="-4.25851785577833652496337890625">
        <ele>11</ele>
        <time>2026-08-09T13:49:07.000Z</time>
      </trkpt>
      <trkpt lat="57.5426693446934223175048828125" lon="-4.25854501314461231231689453125">
        <ele>11.3999996185302734375</ele>
        <time>2026-08-09T13:49:08.000Z</time>
      </trkpt>
      <trkpt lat="57.54262735135853290557861328125" lon="-4.25859010778367519378662109375">
        <ele>11.80000019073486328125</ele>
        <time>2026-08-09T13:49:09.000Z</time>
      </trkpt>
      <trkpt lat="57.54258862696588039398193359375" lon="-4.2586302570998668670654296875">
        <ele>12.3999996185302734375</ele>
        <time>2026-08-09T13:49:10.000Z</time>
      </trkpt>
      <trkpt lat="57.54254554398357868194580078125" lon="-4.25866328179836273193359375">
        <ele>12.80000019073486328125</ele>
        <time>2026-08-09T13:49:11.000Z</time>
      </trkpt>
      <trkpt lat="57.5424628145992755889892578125" lon="-4.258753471076488494873046875">
        <ele>13.19999980926513671875</ele>
        <time>2026-08-09T13:49:13.000Z</time>
      </trkpt>
      <trkpt lat="57.5423840247094631195068359375" lon="-4.25882957875728607177734375">
        <ele>13.19999980926513671875</ele>
        <time>2026-08-09T13:49:15.000Z</time>
      </trkpt>
      <trkpt lat="57.542251087725162506103515625" lon="-4.25895874388515949249267578125">
        <ele>13.3999996185302734375</ele>
        <time>2026-08-09T13:49:19.000Z</time>
      </trkpt>
      <trkpt lat="57.54222267307341098785400390625" lon="-4.25899176858365535736083984375">
        <ele>13.6000003814697265625</ele>
        <time>2026-08-09T13:49:20.000Z</time>
      </trkpt>
      <trkpt lat="57.54206576384603977203369140625" lon="-4.25915471278131008148193359375">
        <ele>14.3999996185302734375</ele>
        <time>2026-08-09T13:49:25.000Z</time>
      </trkpt>
      <trkpt lat="57.54193131811916828155517578125" lon="-4.25927574746310710906982421875">
        <ele>14.6000003814697265625</ele>
        <time>2026-08-09T13:49:30.000Z</time>
      </trkpt>
      <trkpt lat="57.54179620184004306793212890625" lon="-4.25939963199198246002197265625">
        <ele>15.19999980926513671875</ele>
        <time>2026-08-09T13:49:35.000Z</time>
      </trkpt>
      <trkpt lat="57.54176870919764041900634765625" lon="-4.2594211734831333160400390625">
        <ele>15.19999980926513671875</ele>
        <time>2026-08-09T13:49:36.000Z</time>
      </trkpt>
      <trkpt lat="57.54168723709881305694580078125" lon="-4.25949736498296260833740234375">
        <ele>15.6000003814697265625</ele>
        <time>2026-08-09T13:49:39.000Z</time>
      </trkpt>
      <trkpt lat="57.54158564843237400054931640625" lon="-4.25961337052285671234130859375">
        <ele>16.200000762939453125</ele>
        <time>2026-08-09T13:49:43.000Z</time>
      </trkpt>
      <trkpt lat="57.54150853492319583892822265625" lon="-4.2596860416233539581298828125">
        <ele>16.799999237060546875</ele>
        <time>2026-08-09T13:49:46.000Z</time>
      </trkpt>
      <trkpt lat="57.54142203368246555328369140625" lon="-4.2597715370357036590576171875">
        <ele>17.200000762939453125</ele>
        <time>2026-08-09T13:49:49.000Z</time>
      </trkpt>
      <trkpt lat="57.54128641448915004730224609375" lon="-4.259896762669086456298828125">
        <ele>17.6000003814697265625</ele>
        <time>2026-08-09T13:49:54.000Z</time>
      </trkpt>
      <trkpt lat="57.5412588380277156829833984375" lon="-4.259914867579936981201171875">
        <ele>17.799999237060546875</ele>
        <time>2026-08-09T13:49:55.000Z</time>
      </trkpt>
      <trkpt lat="57.54112598486244678497314453125" lon="-4.26004688255488872528076171875">
        <ele>18.799999237060546875</ele>
        <time>2026-08-09T13:50:00.000Z</time>
      </trkpt>
      <trkpt lat="57.5410945527255535125732421875" lon="-4.26007211208343505859375">
        <ele>19</ele>
        <time>2026-08-09T13:50:01.000Z</time>
      </trkpt>
      <trkpt lat="57.5409567542374134063720703125" lon="-4.2602255009114742279052734375">
        <ele>19.6000003814697265625</ele>
        <time>2026-08-09T13:50:06.000Z</time>
      </trkpt>
      <trkpt lat="57.54089556634426116943359375" lon="-4.26026858389377593994140625">
        <ele>20.3999996185302734375</ele>
        <time>2026-08-09T13:50:08.000Z</time>
      </trkpt>
      <trkpt lat="57.54084234125912189483642578125" lon="-4.26033136434853076934814453125">
        <ele>21.200000762939453125</ele>
        <time>2026-08-09T13:50:10.000Z</time>
      </trkpt>
      <trkpt lat="57.540688700973987579345703125" lon="-4.26050470210611820220947265625">
        <ele>21.6000003814697265625</ele>
        <time>2026-08-09T13:50:15.000Z</time>
      </trkpt>
      <trkpt lat="57.540661208331584930419921875" lon="-4.2605168558657169342041015625">
        <ele>21.799999237060546875</ele>
        <time>2026-08-09T13:50:16.000Z</time>
      </trkpt>
      <trkpt lat="57.5406365655362606048583984375" lon="-4.260494224727153778076171875">
        <ele>22.200000762939453125</ele>
        <time>2026-08-09T13:50:17.000Z</time>
      </trkpt>
      <trkpt lat="57.54055752418935298919677734375" lon="-4.26041585393249988555908203125">
        <ele>22.6000003814697265625</ele>
        <time>2026-08-09T13:50:20.000Z</time>
      </trkpt>
      <trkpt lat="57.54045258276164531707763671875" lon="-4.260419793426990509033203125">
        <ele>23.799999237060546875</ele>
        <time>2026-08-09T13:50:24.000Z</time>
      </trkpt>
      <trkpt lat="57.54042928107082843780517578125" lon="-4.26042172126471996307373046875">
        <ele>24</ele>
        <time>2026-08-09T13:50:25.000Z</time>
      </trkpt>
      <trkpt lat="57.5403260998427867889404296875" lon="-4.2604477889835834503173828125">
        <ele>25</ele>
        <time>2026-08-09T13:50:29.000Z</time>
      </trkpt>
      <trkpt lat="57.5402701087296009063720703125" lon="-4.2604796402156352996826171875">
        <ele>25.6000003814697265625</ele>
        <time>2026-08-09T13:50:31.000Z</time>
      </trkpt>
      <trkpt lat="57.54021135158836841583251953125" lon="-4.2604863457381725311279296875">
        <ele>26.200000762939453125</ele>
        <time>2026-08-09T13:50:33.000Z</time>
      </trkpt>
      <trkpt lat="57.54012619145214557647705078125" lon="-4.26049514673650264739990234375">
        <ele>26.799999237060546875</ele>
        <time>2026-08-09T13:50:36.000Z</time>
      </trkpt>
      <trkpt lat="57.54010188393294811248779296875" lon="-4.26049799658358097076416015625">
        <ele>27</ele>
        <time>2026-08-09T13:50:37.000Z</time>
      </trkpt>
      <trkpt lat="57.540038935840129852294921875" lon="-4.26051777787506580352783203125">
        <ele>27.200000762939453125</ele>
        <time>2026-08-09T13:50:39.000Z</time>
      </trkpt>
      <trkpt lat="57.53997095860540866851806640625" lon="-4.2605104856193065643310546875">
        <ele>27.6000003814697265625</ele>
        <time>2026-08-09T13:50:41.000Z</time>
      </trkpt>
      <trkpt lat="57.539865262806415557861328125" lon="-4.2605321109294891357421875">
        <ele>28.6000003814697265625</ele>
        <time>2026-08-09T13:50:44.000Z</time>
      </trkpt>
      <trkpt lat="57.5397973693907260894775390625" lon="-4.26054191775619983673095703125">
        <ele>29.6000003814697265625</ele>
        <time>2026-08-09T13:50:46.000Z</time>
      </trkpt>
      <trkpt lat="57.53969527781009674072265625" lon="-4.26053605042397975921630859375">
        <ele>30.799999237060546875</ele>
        <time>2026-08-09T13:50:49.000Z</time>
      </trkpt>
      <trkpt lat="57.53963635303080081939697265625" lon="-4.2605376429855823516845703125">
        <ele>31.200000762939453125</ele>
        <time>2026-08-09T13:50:51.000Z</time>
      </trkpt>
      <trkpt lat="57.539563514292240142822265625" lon="-4.26054459996521472930908203125">
        <ele>31.799999237060546875</ele>
        <time>2026-08-09T13:50:54.000Z</time>
      </trkpt>
      <trkpt lat="57.539509870111942291259765625" lon="-4.26054610870778560638427734375">
        <ele>32.200000762939453125</ele>
        <time>2026-08-09T13:50:56.000Z</time>
      </trkpt>
      <trkpt lat="57.53936444409191608428955078125" lon="-4.260563291609287261962890625">
        <ele>33</ele>
        <time>2026-08-09T13:51:01.000Z</time>
      </trkpt>
      <trkpt lat="57.539348937571048736572265625" lon="-4.260571002960205078125">
        <ele>33.200000762939453125</ele>
        <time>2026-08-09T13:51:02.000Z</time>
      </trkpt>
      <trkpt lat="57.5392394699156284332275390625" lon="-4.2605627886950969696044921875">
        <ele>34</ele>
        <time>2026-08-09T13:51:06.000Z</time>
      </trkpt>
      <trkpt lat="57.53921256400644779205322265625" lon="-4.26056220196187496185302734375">
        <ele>34.200000762939453125</ele>
        <time>2026-08-09T13:51:07.000Z</time>
      </trkpt>
      <trkpt lat="57.5391053594648838043212890625" lon="-4.26058240234851837158203125">
        <ele>35.200000762939453125</ele>
        <time>2026-08-09T13:51:12.000Z</time>
      </trkpt>
      <trkpt lat="57.53908775746822357177734375" lon="-4.2605782113969326019287109375">
        <ele>35.40000152587890625</ele>
        <time>2026-08-09T13:51:13.000Z</time>
      </trkpt>
      <trkpt lat="57.53899044357240200042724609375" lon="-4.26060897298157215118408203125">
        <ele>36.40000152587890625</ele>
        <time>2026-08-09T13:51:17.000Z</time>
      </trkpt>
      <trkpt lat="57.53896730951964855194091796875" lon="-4.260620959103107452392578125">
        <ele>36.59999847412109375</ele>
        <time>2026-08-09T13:51:18.000Z</time>
      </trkpt>
      <trkpt lat="57.53886639140546321868896484375" lon="-4.260653816163539886474609375">
        <ele>37.40000152587890625</ele>
        <time>2026-08-09T13:51:22.000Z</time>
      </trkpt>
      <trkpt lat="57.5388096459209918975830078125" lon="-4.2606635391712188720703125">
        <ele>37.799999237060546875</ele>
        <time>2026-08-09T13:51:24.000Z</time>
      </trkpt>
      <trkpt lat="57.53867067396640777587890625" lon="-4.260637052357196807861328125">
        <ele>38</ele>
        <time>2026-08-09T13:51:29.000Z</time>
      </trkpt>
      <trkpt lat="57.53860093653202056884765625" lon="-4.2606474459171295166015625">
        <ele>38.40000152587890625</ele>
        <time>2026-08-09T13:51:32.000Z</time>
      </trkpt>
      <trkpt lat="57.5385243259370326995849609375" lon="-4.26066244952380657196044921875">
        <ele>39</ele>
        <time>2026-08-09T13:51:35.000Z</time>
      </trkpt>
      <trkpt lat="57.53844511695206165313720703125" lon="-4.260666556656360626220703125">
        <ele>39.40000152587890625</ele>
        <time>2026-08-09T13:51:38.000Z</time>
      </trkpt>
      <trkpt lat="57.5384277664124965667724609375" lon="-4.2606627009809017181396484375">
        <ele>39.59999847412109375</ele>
        <time>2026-08-09T13:51:39.000Z</time>
      </trkpt>
      <trkpt lat="57.53829474560916423797607421875" lon="-4.26067384891211986541748046875">
        <ele>40.59999847412109375</ele>
        <time>2026-08-09T13:51:44.000Z</time>
      </trkpt>
      <trkpt lat="57.53818058408796787261962890625" lon="-4.26067301072180271148681640625">
        <ele>41.59999847412109375</ele>
        <time>2026-08-09T13:51:48.000Z</time>
      </trkpt>
      <trkpt lat="57.53815577365458011627197265625" lon="-4.26067636348307132720947265625">
        <ele>41.799999237060546875</ele>
        <time>2026-08-09T13:51:49.000Z</time>
      </trkpt>
      <trkpt lat="57.5380425341427326202392578125" lon="-4.26070804707705974578857421875">
        <ele>43</ele>
        <time>2026-08-09T13:51:54.000Z</time>
      </trkpt>
      <trkpt lat="57.53801629878580570220947265625" lon="-4.26071173511445522308349609375">
        <ele>43.200000762939453125</ele>
        <time>2026-08-09T13:51:55.000Z</time>
      </trkpt>
      <trkpt lat="57.537911273539066314697265625" lon="-4.26077627576887607574462890625">
        <ele>44</ele>
        <time>2026-08-09T13:51:59.000Z</time>
      </trkpt>
      <trkpt lat="57.53788453526794910430908203125" lon="-4.2607934586703777313232421875">
        <ele>44.200000762939453125</ele>
        <time>2026-08-09T13:52:00.000Z</time>
      </trkpt>
      <trkpt lat="57.53776006400585174560546875" lon="-4.26086143590509891510009765625">
        <ele>45</ele>
        <time>2026-08-09T13:52:05.000Z</time>
      </trkpt>
      <trkpt lat="57.53772578202188014984130859375" lon="-4.260872416198253631591796875">
        <ele>45.40000152587890625</ele>
        <time>2026-08-09T13:52:06.000Z</time>
      </trkpt>
      <trkpt lat="57.5376462377607822418212890625" lon="-4.26092036068439483642578125">
        <ele>46.200000762939453125</ele>
        <time>2026-08-09T13:52:09.000Z</time>
      </trkpt>
      <trkpt lat="57.53759016282856464385986328125" lon="-4.26095011644065380096435546875">
        <ele>46.799999237060546875</ele>
        <time>2026-08-09T13:52:11.000Z</time>
      </trkpt>
      <trkpt lat="57.53753065131604671478271484375" lon="-4.26098741590976715087890625">
        <ele>47.200000762939453125</ele>
        <time>2026-08-09T13:52:13.000Z</time>
      </trkpt>
      <trkpt lat="57.53737960942089557647705078125" lon="-4.2610469274222850799560546875">
        <ele>48</ele>
        <time>2026-08-09T13:52:18.000Z</time>
      </trkpt>
      <trkpt lat="57.53735630773007869720458984375" lon="-4.2610600031912326812744140625">
        <ele>48.200000762939453125</ele>
        <time>2026-08-09T13:52:19.000Z</time>
      </trkpt>
      <trkpt lat="57.53725337795913219451904296875" lon="-4.26113250665366649627685546875">
        <ele>48.799999237060546875</ele>
        <time>2026-08-09T13:52:23.000Z</time>
      </trkpt>
      <trkpt lat="57.53719235770404338836669921875" lon="-4.26115865819156169891357421875">
        <ele>49</ele>
        <time>2026-08-09T13:52:25.000Z</time>
      </trkpt>
      <trkpt lat="57.53713234327733516693115234375" lon="-4.261183552443981170654296875">
        <ele>49.40000152587890625</ele>
        <time>2026-08-09T13:52:27.000Z</time>
      </trkpt>
      <trkpt lat="57.53707450814545154571533203125" lon="-4.26120140589773654937744140625">
        <ele>49.59999847412109375</ele>
        <time>2026-08-09T13:52:29.000Z</time>
      </trkpt>
      <trkpt lat="57.53691223450005054473876953125" lon="-4.261297546327114105224609375">
        <ele>50.59999847412109375</ele>
        <time>2026-08-09T13:52:35.000Z</time>
      </trkpt>
      <trkpt lat="57.5368073768913745880126953125" lon="-4.26135295070707798004150390625">
        <ele>51.59999847412109375</ele>
        <time>2026-08-09T13:52:38.000Z</time>
      </trkpt>
      <trkpt lat="57.536741159856319427490234375" lon="-4.2613936029374599456787109375">
        <ele>52.59999847412109375</ele>
        <time>2026-08-09T13:52:40.000Z</time>
      </trkpt>
      <trkpt lat="57.536708973348140716552734375" lon="-4.261411540210247039794921875">
        <ele>53</ele>
        <time>2026-08-09T13:52:41.000Z</time>
      </trkpt>
      <trkpt lat="57.5365753658115863800048828125" lon="-4.26147289574146270751953125">
        <ele>54</ele>
        <time>2026-08-09T13:52:45.000Z</time>
      </trkpt>
      <trkpt lat="57.53635131753981113433837890625" lon="-4.261591918766498565673828125">
        <ele>55</ele>
        <time>2026-08-09T13:52:51.000Z</time>
      </trkpt>
      <trkpt lat="57.53631426952779293060302734375" lon="-4.26160700619220733642578125">
        <ele>55.200000762939453125</ele>
        <time>2026-08-09T13:52:52.000Z</time>
      </trkpt>
      <trkpt lat="57.53613925538957118988037109375" lon="-4.261707924306392669677734375">
        <ele>56.200000762939453125</ele>
        <time>2026-08-09T13:52:57.000Z</time>
      </trkpt>
      <trkpt lat="57.5361076556146144866943359375" lon="-4.2617308907210826873779296875">
        <ele>56.40000152587890625</ele>
        <time>2026-08-09T13:52:58.000Z</time>
      </trkpt>
      <trkpt lat="57.5359537638723850250244140625" lon="-4.2617962695658206939697265625">
        <ele>57</ele>
        <time>2026-08-09T13:53:02.000Z</time>
      </trkpt>
      <trkpt lat="57.5358813442289829254150390625" lon="-4.2618338204920291900634765625">
        <ele>57.59999847412109375</ele>
        <time>2026-08-09T13:53:04.000Z</time>
      </trkpt>
      <trkpt lat="57.53577564842998981475830078125" lon="-4.261846058070659637451171875">
        <ele>58.200000762939453125</ele>
        <time>2026-08-09T13:53:07.000Z</time>
      </trkpt>
      <trkpt lat="57.535742707550525665283203125" lon="-4.26186961121857166290283203125">
        <ele>58.59999847412109375</ele>
        <time>2026-08-09T13:53:08.000Z</time>
      </trkpt>
      <trkpt lat="57.53564120270311832427978515625" lon="-4.26194152794778347015380859375">
        <ele>59.40000152587890625</ele>
        <time>2026-08-09T13:53:11.000Z</time>
      </trkpt>
      <trkpt lat="57.5355745665729045867919921875" lon="-4.2619672603905200958251953125">
        <ele>59.799999237060546875</ele>
        <time>2026-08-09T13:53:13.000Z</time>
      </trkpt>
      <trkpt lat="57.5354810245335102081298828125" lon="-4.2620229162275791168212890625">
        <ele>60.59999847412109375</ele>
        <time>2026-08-09T13:53:16.000Z</time>
      </trkpt>
      <trkpt lat="57.53544867038726806640625" lon="-4.2620363272726535797119140625">
        <ele>60.799999237060546875</ele>
        <time>2026-08-09T13:53:17.000Z</time>
      </trkpt>
      <trkpt lat="57.53527407534420490264892578125" lon="-4.26211318932473659515380859375">
        <ele>62</ele>
        <time>2026-08-09T13:53:22.000Z</time>
      </trkpt>
      <trkpt lat="57.5352356024086475372314453125" lon="-4.262137077748775482177734375">
        <ele>62.200000762939453125</ele>
        <time>2026-08-09T13:53:23.000Z</time>
      </trkpt>
      <trkpt lat="57.53509453497827053070068359375" lon="-4.262208156287670135498046875">
        <ele>62.799999237060546875</ele>
        <time>2026-08-09T13:53:27.000Z</time>
      </trkpt>
      <trkpt lat="57.53498590551316738128662109375" lon="-4.26226892508566379547119140625">
        <ele>63.200000762939453125</ele>
        <time>2026-08-09T13:53:30.000Z</time>
      </trkpt>
      <trkpt lat="57.5348835624754428863525390625" lon="-4.2623226530849933624267578125">
        <ele>63.59999847412109375</ele>
        <time>2026-08-09T13:53:33.000Z</time>
      </trkpt>
      <trkpt lat="57.5347531400620937347412109375" lon="-4.26240119151771068572998046875">
        <ele>64.1999969482421875</ele>
        <time>2026-08-09T13:53:37.000Z</time>
      </trkpt>
      <trkpt lat="57.5347222946584224700927734375" lon="-4.2624051310122013092041015625">
        <ele>64.59999847412109375</ele>
        <time>2026-08-09T13:53:38.000Z</time>
      </trkpt>
      <trkpt lat="57.5345412455499172210693359375" lon="-4.26248274743556976318359375">
        <ele>65</ele>
        <time>2026-08-09T13:53:43.000Z</time>
      </trkpt>
      <trkpt lat="57.5343940593302249908447265625" lon="-4.26252574659883975982666015625">
        <ele>65.40000152587890625</ele>
        <time>2026-08-09T13:53:47.000Z</time>
      </trkpt>
      <trkpt lat="57.53435860387980937957763671875" lon="-4.26252826116979122161865234375">
        <ele>65.8000030517578125</ele>
        <time>2026-08-09T13:53:48.000Z</time>
      </trkpt>
      <trkpt lat="57.53428794443607330322265625" lon="-4.2625276744365692138671875">
        <ele>66.59999847412109375</ele>
        <time>2026-08-09T13:53:50.000Z</time>
      </trkpt>
      <trkpt lat="57.534183003008365631103515625" lon="-4.26256799139082431793212890625">
        <ele>67.59999847412109375</ele>
        <time>2026-08-09T13:53:53.000Z</time>
      </trkpt>
      <trkpt lat="57.53398376516997814178466796875" lon="-4.2626146785914897918701171875">
        <ele>67.8000030517578125</ele>
        <time>2026-08-09T13:53:58.000Z</time>
      </trkpt>
      <trkpt lat="57.53375192172825336456298828125" lon="-4.26263638772070407867431640625">
        <ele>68</ele>
        <time>2026-08-09T13:54:04.000Z</time>
      </trkpt>
      <trkpt lat="57.5335890613496303558349609375" lon="-4.262671172618865966796875">
        <ele>68.40000152587890625</ele>
        <time>2026-08-09T13:54:09.000Z</time>
      </trkpt>
      <trkpt lat="57.5335558690130710601806640625" lon="-4.26267561502754688262939453125">
        <ele>68.8000030517578125</ele>
        <time>2026-08-09T13:54:10.000Z</time>
      </trkpt>
      <trkpt lat="57.53344715572893619537353515625" lon="-4.26268802024424076080322265625">
        <ele>70</ele>
        <time>2026-08-09T13:54:13.000Z</time>
      </trkpt>
      <trkpt lat="57.5333339162170886993408203125" lon="-4.262697659432888031005859375">
        <ele>71</ele>
        <time>2026-08-09T13:54:16.000Z</time>
      </trkpt>
      <trkpt lat="57.533228136599063873291015625" lon="-4.2627269960939884185791015625">
        <ele>72</ele>
        <time>2026-08-09T13:54:19.000Z</time>
      </trkpt>
      <trkpt lat="57.5331049226224422454833984375" lon="-4.26274836994707584381103515625">
        <ele>72.40000152587890625</ele>
        <time>2026-08-09T13:54:23.000Z</time>
      </trkpt>
      <trkpt lat="57.5328993983566761016845703125" lon="-4.26276932470500469207763671875">
        <ele>73</ele>
        <time>2026-08-09T13:54:29.000Z</time>
      </trkpt>
      <trkpt lat="57.532865703105926513671875" lon="-4.2627796344459056854248046875">
        <ele>73.1999969482421875</ele>
        <time>2026-08-09T13:54:30.000Z</time>
      </trkpt>
      <trkpt lat="57.53264199011027812957763671875" lon="-4.26279765553772449493408203125">
        <ele>74.1999969482421875</ele>
        <time>2026-08-09T13:54:36.000Z</time>
      </trkpt>
      <trkpt lat="57.53256722353398799896240234375" lon="-4.26281492225825786590576171875">
        <ele>74.8000030517578125</ele>
        <time>2026-08-09T13:54:38.000Z</time>
      </trkpt>
      <trkpt lat="57.53248893655836582183837890625" lon="-4.2628181912004947662353515625">
        <ele>75.40000152587890625</ele>
        <time>2026-08-09T13:54:40.000Z</time>
      </trkpt>
      <trkpt lat="57.53242456354200839996337890625" lon="-4.26282732747495174407958984375">
        <ele>76</ele>
        <time>2026-08-09T13:54:42.000Z</time>
      </trkpt>
      <trkpt lat="57.5323559157550334930419921875" lon="-4.2628252319991588592529296875">
        <ele>76.59999847412109375</ele>
        <time>2026-08-09T13:54:44.000Z</time>
      </trkpt>
      <trkpt lat="57.5322568416595458984375" lon="-4.2628366313874721527099609375">
        <ele>77.59999847412109375</ele>
        <time>2026-08-09T13:54:47.000Z</time>
      </trkpt>
      <trkpt lat="57.53222574479877948760986328125" lon="-4.26284207962453365325927734375">
        <ele>78</ele>
        <time>2026-08-09T13:54:48.000Z</time>
      </trkpt>
      <trkpt lat="57.532090209424495697021484375" lon="-4.2628698237240314483642578125">
        <ele>79</ele>
        <time>2026-08-09T13:54:52.000Z</time>
      </trkpt>
      <trkpt lat="57.5319631397724151611328125" lon="-4.2629144154489040374755859375">
        <ele>80</ele>
        <time>2026-08-09T13:54:56.000Z</time>
      </trkpt>
      <trkpt lat="57.5319297797977924346923828125" lon="-4.262922964990139007568359375">
        <ele>80.1999969482421875</ele>
        <time>2026-08-09T13:54:57.000Z</time>
      </trkpt>
      <trkpt lat="57.53178678452968597412109375" lon="-4.2629197798669338226318359375">
        <ele>81.1999969482421875</ele>
        <time>2026-08-09T13:55:01.000Z</time>
      </trkpt>
      <trkpt lat="57.531751580536365509033203125" lon="-4.26292539574205875396728515625">
        <ele>81.1999969482421875</ele>
        <time>2026-08-09T13:55:02.000Z</time>
      </trkpt>
      <trkpt lat="57.53156282007694244384765625" lon="-4.262943081557750701904296875">
        <ele>81.40000152587890625</ele>
        <time>2026-08-09T13:55:07.000Z</time>
      </trkpt>
      <trkpt lat="57.53152753226459026336669921875" lon="-4.26294081844389438629150390625">
        <ele>81.8000030517578125</ele>
        <time>2026-08-09T13:55:08.000Z</time>
      </trkpt>
      <trkpt lat="57.53142275847494602203369140625" lon="-4.262959174811840057373046875">
        <ele>82.1999969482421875</ele>
        <time>2026-08-09T13:55:11.000Z</time>
      </trkpt>
      <trkpt lat="57.53135603852570056915283203125" lon="-4.26297702826559543609619140625">
        <ele>82.8000030517578125</ele>
        <time>2026-08-09T13:55:13.000Z</time>
      </trkpt>
      <trkpt lat="57.53129669465124607086181640625" lon="-4.26299781538546085357666015625">
        <ele>83.59999847412109375</ele>
        <time>2026-08-09T13:55:15.000Z</time>
      </trkpt>
      <trkpt lat="57.5312015600502490997314453125" lon="-4.2629992403090000152587890625">
        <ele>83.8000030517578125</ele>
        <time>2026-08-09T13:55:18.000Z</time>
      </trkpt>
      <trkpt lat="57.53101942129433155059814453125" lon="-4.2630247212946414947509765625">
        <ele>83.40000152587890625</ele>
        <time>2026-08-09T13:55:24.000Z</time>
      </trkpt>
      <trkpt lat="57.5307834707200527191162109375" lon="-4.26307149231433868408203125">
        <ele>83</ele>
        <time>2026-08-09T13:55:30.000Z</time>
      </trkpt>
      <trkpt lat="57.53062614239752292633056640625" lon="-4.263077192008495330810546875">
        <ele>82.8000030517578125</ele>
        <time>2026-08-09T13:55:34.000Z</time>
      </trkpt>
      <trkpt lat="57.53051139414310455322265625" lon="-4.26310359500348567962646484375">
        <ele>82.8000030517578125</ele>
        <time>2026-08-09T13:55:37.000Z</time>
      </trkpt>
      <trkpt lat="57.53043352626264095306396484375" lon="-4.2631061933934688568115234375">
        <ele>83.1999969482421875</ele>
        <time>2026-08-09T13:55:39.000Z</time>
      </trkpt>
      <trkpt lat="57.5303097255527973175048828125" lon="-4.2631338536739349365234375">
        <ele>83.59999847412109375</ele>
        <time>2026-08-09T13:55:42.000Z</time>
      </trkpt>
      <trkpt lat="57.53022766672074794769287109375" lon="-4.26314231939613819122314453125">
        <ele>84</ele>
        <time>2026-08-09T13:55:44.000Z</time>
      </trkpt>
      <trkpt lat="57.530093304812908172607421875" lon="-4.26315103657543659210205078125">
        <ele>84.59999847412109375</ele>
        <time>2026-08-09T13:55:47.000Z</time>
      </trkpt>
      <trkpt lat="57.5299380719661712646484375" lon="-4.26315204240381717681884765625">
        <ele>85.59999847412109375</ele>
        <time>2026-08-09T13:55:51.000Z</time>
      </trkpt>
      <trkpt lat="57.52986372448503971099853515625" lon="-4.263169728219509124755859375">
        <ele>85.59999847412109375</ele>
        <time>2026-08-09T13:55:53.000Z</time>
      </trkpt>
      <trkpt lat="57.529743947088718414306640625" lon="-4.2631687223911285400390625">
        <ele>86.1999969482421875</ele>
        <time>2026-08-09T13:55:56.000Z</time>
      </trkpt>
      <trkpt lat="57.52963188104331493377685546875" lon="-4.2631886713206768035888671875">
        <ele>86.8000030517578125</ele>
        <time>2026-08-09T13:55:59.000Z</time>
      </trkpt>
      <trkpt lat="57.529601790010929107666015625" lon="-4.26319889724254608154296875">
        <ele>87</ele>
        <time>2026-08-09T13:56:00.000Z</time>
      </trkpt>
      <trkpt lat="57.529387213289737701416015625" lon="-4.26323116756975650787353515625">
        <ele>88</ele>
        <time>2026-08-09T13:56:06.000Z</time>
      </trkpt>
      <trkpt lat="57.52916953526437282562255859375" lon="-4.26326737739145755767822265625">
        <ele>89</ele>
        <time>2026-08-09T13:56:12.000Z</time>
      </trkpt>
      <trkpt lat="57.52893718890845775604248046875" lon="-4.26330174319446086883544921875">
        <ele>89.40000152587890625</ele>
        <time>2026-08-09T13:56:18.000Z</time>
      </trkpt>
      <trkpt lat="57.5287024118006229400634765625" lon="-4.2633418925106525421142578125">
        <ele>90</ele>
        <time>2026-08-09T13:56:24.000Z</time>
      </trkpt>
      <trkpt lat="57.52865924499928951263427734375" lon="-4.26335304044187068939208984375">
        <ele>90.1999969482421875</ele>
        <time>2026-08-09T13:56:25.000Z</time>
      </trkpt>
      <trkpt lat="57.528448440134525299072265625" lon="-4.2633831314742565155029296875">
        <ele>91</ele>
        <time>2026-08-09T13:56:30.000Z</time>
      </trkpt>
      <trkpt lat="57.52840560860931873321533203125" lon="-4.2633925192058086395263671875">
        <ele>91.1999969482421875</ele>
        <time>2026-08-09T13:56:31.000Z</time>
      </trkpt>
      <trkpt lat="57.52836671657860279083251953125" lon="-4.26340132020413875579833984375">
        <ele>91.40000152587890625</ele>
        <time>2026-08-09T13:56:32.000Z</time>
      </trkpt>
      <trkpt lat="57.5281357951462268829345703125" lon="-4.26344004459679126739501953125">
        <ele>92.1999969482421875</ele>
        <time>2026-08-09T13:56:38.000Z</time>
      </trkpt>
      <trkpt lat="57.52805792726576328277587890625" lon="-4.26345882005989551544189453125">
        <ele>92.59999847412109375</ele>
        <time>2026-08-09T13:56:40.000Z</time>
      </trkpt>
      <trkpt lat="57.527787946164608001708984375" lon="-4.26350609399378299713134765625">
        <ele>93</ele>
        <time>2026-08-09T13:56:47.000Z</time>
      </trkpt>
      <trkpt lat="57.5277096591889858245849609375" lon="-4.263512380421161651611328125">
        <ele>93.40000152587890625</ele>
        <time>2026-08-09T13:56:49.000Z</time>
      </trkpt>
      <trkpt lat="57.52754830755293369293212890625" lon="-4.263551272451877593994140625">
        <ele>93.59999847412109375</ele>
        <time>2026-08-09T13:56:53.000Z</time>
      </trkpt>
      <trkpt lat="57.52737731672823429107666015625" lon="-4.26357851363718509674072265625">
        <ele>93.59999847412109375</ele>
        <time>2026-08-09T13:56:57.000Z</time>
      </trkpt>
      <trkpt lat="57.527291737496852874755859375" lon="-4.26359410397708415985107421875">
        <ele>93.59999847412109375</ele>
        <time>2026-08-09T13:56:59.000Z</time>
      </trkpt>
      <trkpt lat="57.5270944274961948394775390625" lon="-4.26362293772399425506591796875">
        <ele>94.1999969482421875</ele>
        <time>2026-08-09T13:57:04.000Z</time>
      </trkpt>
      <trkpt lat="57.5270548649132251739501953125" lon="-4.263635762035846710205078125">
        <ele>94.59999847412109375</ele>
        <time>2026-08-09T13:57:05.000Z</time>
      </trkpt>
      <trkpt lat="57.526971213519573211669921875" lon="-4.2636542022228240966796875">
        <ele>95</ele>
        <time>2026-08-09T13:57:07.000Z</time>
      </trkpt>
      <trkpt lat="57.52680282108485698699951171875" lon="-4.26369619555771350860595703125">
        <ele>95.8000030517578125</ele>
        <time>2026-08-09T13:57:11.000Z</time>
      </trkpt>
      <trkpt lat="57.526719085872173309326171875" lon="-4.26370927132666110992431640625">
        <ele>96</ele>
        <time>2026-08-09T13:57:13.000Z</time>
      </trkpt>
      <trkpt lat="57.52650685608386993408203125" lon="-4.263719581067562103271484375">
        <ele>96.40000152587890625</ele>
        <time>2026-08-09T13:57:18.000Z</time>
      </trkpt>
      <trkpt lat="57.52646402455866336822509765625" lon="-4.2637080140411853790283203125">
        <ele>96.40000152587890625</ele>
        <time>2026-08-09T13:57:19.000Z</time>
      </trkpt>
      <trkpt lat="57.52642278559505939483642578125" lon="-4.26368647255003452301025390625">
        <ele>96.1999969482421875</ele>
        <time>2026-08-09T13:57:20.000Z</time>
      </trkpt>
      <trkpt lat="57.52633930183947086334228515625" lon="-4.26361606456339359283447265625">
        <ele>96</ele>
        <time>2026-08-09T13:57:22.000Z</time>
      </trkpt>
      <trkpt lat="57.52617233432829380035400390625" lon="-4.26344490610063076019287109375">
        <ele>96</ele>
        <time>2026-08-09T13:57:26.000Z</time>
      </trkpt>
      <trkpt lat="57.52604492940008640289306640625" lon="-4.2633046768605709075927734375">
        <ele>95.1999969482421875</ele>
        <time>2026-08-09T13:57:29.000Z</time>
      </trkpt>
      <trkpt lat="57.52596479840576648712158203125" lon="-4.2632277309894561767578125">
        <ele>95.1999969482421875</ele>
        <time>2026-08-09T13:57:31.000Z</time>
      </trkpt>
      <trkpt lat="57.5258451886475086212158203125" lon="-4.26312019117176532745361328125">
        <ele>95.1999969482421875</ele>
        <time>2026-08-09T13:57:34.000Z</time>
      </trkpt>
      <trkpt lat="57.5256465375423431396484375" lon="-4.26295992918312549591064453125">
        <ele>95.59999847412109375</ele>
        <time>2026-08-09T13:57:39.000Z</time>
      </trkpt>
      <trkpt lat="57.5256049633026123046875" lon="-4.2629353702068328857421875">
        <ele>95.59999847412109375</ele>
        <time>2026-08-09T13:57:40.000Z</time>
      </trkpt>
      <trkpt lat="57.52545501105487346649169921875" lon="-4.26284660585224628448486328125">
        <ele>96</ele>
        <time>2026-08-09T13:57:44.000Z</time>
      </trkpt>
      <trkpt lat="57.525399439036846160888671875" lon="-4.26279815845191478729248046875">
        <ele>96</ele>
        <time>2026-08-09T13:57:48.000Z</time>
      </trkpt>
      <trkpt lat="57.52539432607591152191162109375" lon="-4.26280771382153034210205078125">
        <ele>95.59999847412109375</ele>
        <time>2026-08-09T13:57:51.000Z</time>
      </trkpt>
      <trkpt lat="57.52539533190429210662841796875" lon="-4.2628077976405620574951171875">
        <ele>95.40000152587890625</ele>
        <time>2026-08-09T13:57:54.000Z</time>
      </trkpt>
      <trkpt lat="57.52539533190429210662841796875" lon="-4.2628077976405620574951171875">
        <ele>95.1999969482421875</ele>
        <time>2026-08-09T13:57:58.000Z</time>
      </trkpt>
      <trkpt lat="57.52539533190429210662841796875" lon="-4.2628077976405620574951171875">
        <ele>95.1999969482421875</ele>
        <time>2026-08-09T13:58:00.000Z</time>
      </trkpt>
      <trkpt lat="57.52539533190429210662841796875" lon="-4.2628077976405620574951171875">
        <ele>94.8000030517578125</ele>
        <time>2026-08-09T13:58:05.000Z</time>
      </trkpt>
      <trkpt lat="57.52539533190429210662841796875" lon="-4.2628077976405620574951171875">
        <ele>94.59999847412109375</ele>
        <time>2026-08-09T13:58:07.000Z</time>
      </trkpt>
      <trkpt lat="57.52539533190429210662841796875" lon="-4.2628017626702785491943359375">
        <ele>94.40000152587890625</ele>
        <time>2026-08-09T13:58:09.000Z</time>
      </trkpt>
      <trkpt lat="57.525394074618816375732421875" lon="-4.26280134357511997222900390625">
        <ele>94.40000152587890625</ele>
        <time>2026-08-09T13:58:10.000Z</time>
      </trkpt>
      <trkpt lat="57.52540052868425846099853515625" lon="-4.26280385814607143402099609375">
        <ele>94.1999969482421875</ele>
        <time>2026-08-09T13:58:13.000Z</time>
      </trkpt>
      <trkpt lat="57.52540002577006816864013671875" lon="-4.26279983483254909515380859375">
        <ele>94.1999969482421875</ele>
        <time>2026-08-09T13:58:14.000Z</time>
      </trkpt>
      <trkpt lat="57.52539533190429210662841796875" lon="-4.2628077976405620574951171875">
        <ele>93.59999847412109375</ele>
        <time>2026-08-09T13:58:19.000Z</time>
      </trkpt>
      <trkpt lat="57.52539533190429210662841796875" lon="-4.2628077976405620574951171875">
        <ele>93.40000152587890625</ele>
        <time>2026-08-09T13:58:21.000Z</time>
      </trkpt>
      <trkpt lat="57.52539533190429210662841796875" lon="-4.2628077976405620574951171875">
        <ele>93.1999969482421875</ele>
        <time>2026-08-09T13:58:24.000Z</time>
      </trkpt>
      <trkpt lat="57.5253811664879322052001953125" lon="-4.26280955784022808074951171875">
        <ele>93</ele>
        <time>2026-08-09T13:58:27.000Z</time>
      </trkpt>
      <trkpt lat="57.52536113373935222625732421875" lon="-4.26281408406794071197509765625">
        <ele>93.59999847412109375</ele>
        <time>2026-08-09T13:58:33.000Z</time>
      </trkpt>
      <trkpt lat="57.52535576932132244110107421875" lon="-4.26280888728797435760498046875">
        <ele>92.59999847412109375</ele>
        <time>2026-08-09T13:58:39.000Z</time>
      </trkpt>
      <trkpt lat="57.525357864797115325927734375" lon="-4.26280654035508632659912109375">
        <ele>92.40000152587890625</ele>
        <time>2026-08-09T13:58:40.000Z</time>
      </trkpt>
      <trkpt lat="57.525357194244861602783203125" lon="-4.2628057859838008880615234375">
        <ele>92.1999969482421875</ele>
        <time>2026-08-09T13:58:41.000Z</time>
      </trkpt>
      <trkpt lat="57.525358535349369049072265625" lon="-4.26280218176543712615966796875">
        <ele>92.1999969482421875</ele>
        <time>2026-08-09T13:58:42.000Z</time>
      </trkpt>
      <trkpt lat="57.52538292668759822845458984375" lon="-4.262795560061931610107421875">
        <ele>91.59999847412109375</ele>
        <time>2026-08-09T13:58:45.000Z</time>
      </trkpt>
      <trkpt lat="57.52538477070629596710205078125" lon="-4.26279229111969470977783203125">
        <ele>91.59999847412109375</ele>
        <time>2026-08-09T13:58:46.000Z</time>
      </trkpt>
      <trkpt lat="57.5253811664879322052001953125" lon="-4.26280955784022808074951171875">
        <ele>91.40000152587890625</ele>
        <time>2026-08-09T13:58:47.000Z</time>
      </trkpt>
      <trkpt lat="57.5253811664879322052001953125" lon="-4.26280955784022808074951171875">
        <ele>91</ele>
        <time>2026-08-09T13:58:50.000Z</time>
      </trkpt>
      <trkpt lat="57.52538644708693027496337890625" lon="-4.2627776227891445159912109375">
        <ele>90.8000030517578125</ele>
        <time>2026-08-09T13:58:53.000Z</time>
      </trkpt>
      <trkpt lat="57.52538644708693027496337890625" lon="-4.2627776227891445159912109375">
        <ele>90.8000030517578125</ele>
        <time>2026-08-09T13:58:54.000Z</time>
      </trkpt>
      <trkpt lat="57.52538644708693027496337890625" lon="-4.2627776227891445159912109375">
        <ele>90.8000030517578125</ele>
        <time>2026-08-09T13:58:56.000Z</time>
      </trkpt>
      <trkpt lat="57.52538644708693027496337890625" lon="-4.2627776227891445159912109375">
        <ele>91</ele>
        <time>2026-08-09T13:59:02.000Z</time>
      </trkpt>
      <trkpt lat="57.52538644708693027496337890625" lon="-4.2627776227891445159912109375">
        <ele>91.1999969482421875</ele>
        <time>2026-08-09T13:59:05.000Z</time>
      </trkpt>
      <trkpt lat="57.52538644708693027496337890625" lon="-4.2627776227891445159912109375">
        <ele>91.59999847412109375</ele>
        <time>2026-08-09T13:59:11.000Z</time>
      </trkpt>
      <trkpt lat="57.52538644708693027496337890625" lon="-4.2627776227891445159912109375">
        <ele>92</ele>
        <time>2026-08-09T13:59:13.000Z</time>
      </trkpt>
      <trkpt lat="57.52538644708693027496337890625" lon="-4.2627776227891445159912109375">
        <ele>92.40000152587890625</ele>
        <time>2026-08-09T13:59:16.000Z</time>
      </trkpt>
      <trkpt lat="57.52538644708693027496337890625" lon="-4.2627776227891445159912109375">
        <ele>93</ele>
        <time>2026-08-09T13:59:19.000Z</time>
      </trkpt>
      <trkpt lat="57.52538644708693027496337890625" lon="-4.2627776227891445159912109375">
        <ele>93.59999847412109375</ele>
        <time>2026-08-09T13:59:24.000Z</time>
      </trkpt>
      <trkpt lat="57.52537353895604610443115234375" lon="-4.262805283069610595703125">
        <ele>93.59999847412109375</ele>
        <time>2026-08-09T13:59:29.000Z</time>
      </trkpt>
      <trkpt lat="57.52537337131798267364501953125" lon="-4.2628094740211963653564453125">
        <ele>93.59999847412109375</ele>
        <time>2026-08-09T13:59:30.000Z</time>
      </trkpt>
      <trkpt lat="57.5253734551370143890380859375" lon="-4.26280939020216464996337890625">
        <ele>94.1999969482421875</ele>
        <time>2026-08-09T13:59:38.000Z</time>
      </trkpt>
      <trkpt lat="57.5253734551370143890380859375" lon="-4.26280939020216464996337890625">
        <ele>94.1999969482421875</ele>
        <time>2026-08-09T13:59:40.000Z</time>
      </trkpt>
      <trkpt lat="57.5253734551370143890380859375" lon="-4.26280939020216464996337890625">
        <ele>94.40000152587890625</ele>
        <time>2026-08-09T13:59:41.000Z</time>
      </trkpt>
      <trkpt lat="57.5253734551370143890380859375" lon="-4.26280939020216464996337890625">
        <ele>94.59999847412109375</ele>
        <time>2026-08-09T13:59:46.000Z</time>
      </trkpt>
      <trkpt lat="57.5253734551370143890380859375" lon="-4.26280939020216464996337890625">
        <ele>94.59999847412109375</ele>
        <time>2026-08-09T13:59:50.000Z</time>
      </trkpt>
      <trkpt lat="57.5253734551370143890380859375" lon="-4.26280939020216464996337890625">
        <ele>94.59999847412109375</ele>
        <time>2026-08-09T13:59:51.000Z</time>
      </trkpt>
      <trkpt lat="57.52537722699344158172607421875" lon="-4.2627977393567562103271484375">
        <ele>94.8000030517578125</ele>
        <time>2026-08-09T13:59:55.000Z</time>
      </trkpt>
      <trkpt lat="57.52537789754569530487060546875" lon="-4.26278022117912769317626953125">
        <ele>94.59999847412109375</ele>
        <time>2026-08-09T13:59:57.000Z</time>
      </trkpt>
      <trkpt lat="57.525377981364727020263671875" lon="-4.26278055645525455474853515625">
        <ele>94.59999847412109375</ele>
        <time>2026-08-09T13:59:58.000Z</time>
      </trkpt>
      <trkpt lat="57.52537764608860015869140625" lon="-4.2627744376659393310546875">
        <ele>94.1999969482421875</ele>
        <time>2026-08-09T14:00:00.000Z</time>
      </trkpt>
      <trkpt lat="57.52537764608860015869140625" lon="-4.2627744376659393310546875">
        <ele>93.8000030517578125</ele>
        <time>2026-08-09T14:00:05.000Z</time>
      </trkpt>
      <trkpt lat="57.52537764608860015869140625" lon="-4.2627744376659393310546875">
        <ele>93.59999847412109375</ele>
        <time>2026-08-09T14:00:07.000Z</time>
      </trkpt>
      <trkpt lat="57.52537764608860015869140625" lon="-4.2627744376659393310546875">
        <ele>93.40000152587890625</ele>
        <time>2026-08-09T14:00:09.000Z</time>
      </trkpt>
      <trkpt lat="57.52537764608860015869140625" lon="-4.2627744376659393310546875">
        <ele>93.59999847412109375</ele>
        <time>2026-08-09T14:00:15.000Z</time>
      </trkpt>
      <trkpt lat="57.52537764608860015869140625" lon="-4.2627744376659393310546875">
        <ele>93.40000152587890625</ele>
        <time>2026-08-09T14:00:16.000Z</time>
      </trkpt>
      <trkpt lat="57.52537764608860015869140625" lon="-4.2627744376659393310546875">
        <ele>93.40000152587890625</ele>
        <time>2026-08-09T14:00:19.000Z</time>
      </trkpt>
      <trkpt lat="57.52537764608860015869140625" lon="-4.2627744376659393310546875">
        <ele>93.1999969482421875</ele>
        <time>2026-08-09T14:00:21.000Z</time>
      </trkpt>
      <trkpt lat="57.52537764608860015869140625" lon="-4.2627744376659393310546875">
        <ele>93.1999969482421875</ele>
        <time>2026-08-09T14:00:22.000Z</time>
      </trkpt>
      <trkpt lat="57.52537764608860015869140625" lon="-4.2627744376659393310546875">
        <ele>93</ele>
        <time>2026-08-09T14:00:29.000Z</time>
      </trkpt>
      <trkpt lat="57.52537764608860015869140625" lon="-4.2627744376659393310546875">
        <ele>92.8000030517578125</ele>
        <time>2026-08-09T14:00:30.000Z</time>
      </trkpt>
      <trkpt lat="57.52537764608860015869140625" lon="-4.2627744376659393310546875">
        <ele>92.8000030517578125</ele>
        <time>2026-08-09T14:00:31.000Z</time>
      </trkpt>
      <trkpt lat="57.52537764608860015869140625" lon="-4.2627744376659393310546875">
        <ele>92.8000030517578125</ele>
        <time>2026-08-09T14:00:32.000Z</time>
      </trkpt>
      <trkpt lat="57.52537764608860015869140625" lon="-4.2627744376659393310546875">
        <ele>92.8000030517578125</ele>
        <time>2026-08-09T14:00:38.000Z</time>
      </trkpt>
      <trkpt lat="57.52537764608860015869140625" lon="-4.2627744376659393310546875">
        <ele>92.8000030517578125</ele>
        <time>2026-08-09T14:00:46.000Z</time>
      </trkpt>
      <trkpt lat="57.52537764608860015869140625" lon="-4.2627744376659393310546875">
        <ele>92.8000030517578125</ele>
        <time>2026-08-09T14:00:52.000Z</time>
      </trkpt>
      <trkpt lat="57.52537094056606292724609375" lon="-4.2627769522368907928466796875">
        <ele>92.59999847412109375</ele>
        <time>2026-08-09T14:00:57.000Z</time>
      </trkpt>
      <trkpt lat="57.52535426057875156402587890625" lon="-4.26276748068630695343017578125">
        <ele>92.40000152587890625</ele>
        <time>2026-08-09T14:01:02.000Z</time>
      </trkpt>
      <trkpt lat="57.52535325475037097930908203125" lon="-4.2627652175724506378173828125">
        <ele>92.59999847412109375</ele>
        <time>2026-08-09T14:01:09.000Z</time>
      </trkpt>
      <trkpt lat="57.5253613851964473724365234375" lon="-4.26275289617478847503662109375">
        <ele>92.8000030517578125</ele>
        <time>2026-08-09T14:01:14.000Z</time>
      </trkpt>
      <trkpt lat="57.52535526640713214874267578125" lon="-4.2627387307584285736083984375">
        <ele>92.8000030517578125</ele>
        <time>2026-08-09T14:01:15.000Z</time>
      </trkpt>
      <trkpt lat="57.52527681179344654083251953125" lon="-4.26264862529933452606201171875">
        <ele>93</ele>
        <time>2026-08-09T14:01:20.000Z</time>
      </trkpt>
      <trkpt lat="57.5251307152211666107177734375" lon="-4.26254175603389739990234375">
        <ele>92.59999847412109375</ele>
        <time>2026-08-09T14:01:25.000Z</time>
      </trkpt>
      <trkpt lat="57.5250430405139923095703125" lon="-4.26246531307697296142578125">
        <ele>92.40000152587890625</ele>
        <time>2026-08-09T14:01:28.000Z</time>
      </trkpt>
      <trkpt lat="57.52497288398444652557373046875" lon="-4.2624141834676265716552734375">
        <ele>92</ele>
        <time>2026-08-09T14:01:30.000Z</time>
      </trkpt>
      <trkpt lat="57.524901218712329864501953125" lon="-4.2623736150562763214111328125">
        <ele>91.40000152587890625</ele>
        <time>2026-08-09T14:01:32.000Z</time>
      </trkpt>
      <trkpt lat="57.52476610243320465087890625" lon="-4.262234307825565338134765625">
        <ele>91</ele>
        <time>2026-08-09T14:01:36.000Z</time>
      </trkpt>
      <trkpt lat="57.52454238943755626678466796875" lon="-4.2620296217501163482666015625">
        <ele>90.1999969482421875</ele>
        <time>2026-08-09T14:01:41.000Z</time>
      </trkpt>
      <trkpt lat="57.5244987197220325469970703125" lon="-4.2619880475103855133056640625">
        <ele>90.1999969482421875</ele>
        <time>2026-08-09T14:01:42.000Z</time>
      </trkpt>
      <trkpt lat="57.52440945245325565338134765625" lon="-4.26192912273108959197998046875">
        <ele>90.1999969482421875</ele>
        <time>2026-08-09T14:01:44.000Z</time>
      </trkpt>
      <trkpt lat="57.52427265979349613189697265625" lon="-4.2618012987077236175537109375">
        <ele>90.40000152587890625</ele>
        <time>2026-08-09T14:01:47.000Z</time>
      </trkpt>
      <trkpt lat="57.5239542312920093536376953125" lon="-4.26149435341358184814453125">
        <ele>89.8000030517578125</ele>
        <time>2026-08-09T14:01:53.000Z</time>
      </trkpt>
      <trkpt lat="57.52382825128734111785888671875" lon="-4.26138295792043209075927734375">
        <ele>89.40000152587890625</ele>
        <time>2026-08-09T14:01:55.000Z</time>
      </trkpt>
      <trkpt lat="57.5237611122429370880126953125" lon="-4.2613285593688488006591796875">
        <ele>89.40000152587890625</ele>
        <time>2026-08-09T14:01:56.000Z</time>
      </trkpt>
      <trkpt lat="57.5236938893795013427734375" lon="-4.26127583719789981842041015625">
        <ele>89.1999969482421875</ele>
        <time>2026-08-09T14:01:57.000Z</time>
      </trkpt>
      <trkpt lat="57.52362607978284358978271484375" lon="-4.26120324991643428802490234375">
        <ele>89.40000152587890625</ele>
        <time>2026-08-09T14:01:58.000Z</time>
      </trkpt>
      <trkpt lat="57.52356623299419879913330078125" lon="-4.26114499568939208984375">
        <ele>89.40000152587890625</ele>
        <time>2026-08-09T14:01:59.000Z</time>
      </trkpt>
      <trkpt lat="57.52332508563995361328125" lon="-4.26093268208205699920654296875">
        <ele>88.8000030517578125</ele>
        <time>2026-08-09T14:02:03.000Z</time>
      </trkpt>
      <trkpt lat="57.5232652388513088226318359375" lon="-4.260879792273044586181640625">
        <ele>88.59999847412109375</ele>
        <time>2026-08-09T14:02:04.000Z</time>
      </trkpt>
      <trkpt lat="57.5232005305588245391845703125" lon="-4.26082790829241275787353515625">
        <ele>88.59999847412109375</ele>
        <time>2026-08-09T14:02:05.000Z</time>
      </trkpt>
      <trkpt lat="57.52300749532878398895263671875" lon="-4.2606502957642078399658203125">
        <ele>88.1999969482421875</ele>
        <time>2026-08-09T14:02:08.000Z</time>
      </trkpt>
      <trkpt lat="57.5227296352386474609375" lon="-4.2603539116680622100830078125">
        <ele>87.1999969482421875</ele>
        <time>2026-08-09T14:02:12.000Z</time>
      </trkpt>
      <trkpt lat="57.52266048453748226165771484375" lon="-4.26026699133217334747314453125">
        <ele>87</ele>
        <time>2026-08-09T14:02:13.000Z</time>
      </trkpt>
      <trkpt lat="57.52244574017822742462158203125" lon="-4.26001586951315402984619140625">
        <ele>85.8000030517578125</ele>
        <time>2026-08-09T14:02:16.000Z</time>
      </trkpt>
      <trkpt lat="57.52229218371212482452392578125" lon="-4.25989617593586444854736328125">
        <ele>85.40000152587890625</ele>
        <time>2026-08-09T14:02:18.000Z</time>
      </trkpt>
      <trkpt lat="57.5217199511826038360595703125" lon="-4.2595023103058338165283203125">
        <ele>85</ele>
        <time>2026-08-09T14:02:25.000Z</time>
      </trkpt>
      <trkpt lat="57.52121360041201114654541015625" lon="-4.2591469176113605499267578125">
        <ele>86.1999969482421875</ele>
        <time>2026-08-09T14:02:31.000Z</time>
      </trkpt>
      <trkpt lat="57.52104579471051692962646484375" lon="-4.25903518684208393096923828125">
        <ele>86.8000030517578125</ele>
        <time>2026-08-09T14:02:33.000Z</time>
      </trkpt>
      <trkpt lat="57.52096532844007015228271484375" lon="-4.25898388959467411041259765625">
        <ele>87.1999969482421875</ele>
        <time>2026-08-09T14:02:34.000Z</time>
      </trkpt>
      <trkpt lat="57.520810179412364959716796875" lon="-4.2588689737021923065185546875">
        <ele>87.40000152587890625</ele>
        <time>2026-08-09T14:02:36.000Z</time>
      </trkpt>
      <trkpt lat="57.52066626213490962982177734375" lon="-4.25878372974693775177001953125">
        <ele>88</ele>
        <time>2026-08-09T14:02:38.000Z</time>
      </trkpt>
      <trkpt lat="57.52059903927147388458251953125" lon="-4.25874106585979461669921875">
        <ele>88.40000152587890625</ele>
        <time>2026-08-09T14:02:39.000Z</time>
      </trkpt>
      <trkpt lat="57.520473562180995941162109375" lon="-4.258678369224071502685546875">
        <ele>89.40000152587890625</ele>
        <time>2026-08-09T14:02:41.000Z</time>
      </trkpt>
      <trkpt lat="57.5203697942197322845458984375" lon="-4.25862841308116912841796875">
        <ele>90.59999847412109375</ele>
        <time>2026-08-09T14:02:43.000Z</time>
      </trkpt>
      <trkpt lat="57.5203221850097179412841796875" lon="-4.25861039198935031890869140625">
        <ele>90.8000030517578125</ele>
        <time>2026-08-09T14:02:44.000Z</time>
      </trkpt>
      <trkpt lat="57.520195282995700836181640625" lon="-4.2585484497249126434326171875">
        <ele>91.59999847412109375</ele>
        <time>2026-08-09T14:02:47.000Z</time>
      </trkpt>
      <trkpt lat="57.52009025774896144866943359375" lon="-4.25847418606281280517578125">
        <ele>92</ele>
        <time>2026-08-09T14:02:50.000Z</time>
      </trkpt>
      <trkpt lat="57.51992060802876949310302734375" lon="-4.258377961814403533935546875">
        <ele>92.8000030517578125</ele>
        <time>2026-08-09T14:02:55.000Z</time>
      </trkpt>
      <trkpt lat="57.5198890082538127899169921875" lon="-4.25835943780839443206787109375">
        <ele>93</ele>
        <time>2026-08-09T14:02:56.000Z</time>
      </trkpt>
      <trkpt lat="57.51975649036467075347900390625" lon="-4.258287437260150909423828125">
        <ele>93.59999847412109375</ele>
        <time>2026-08-09T14:03:01.000Z</time>
      </trkpt>
      <trkpt lat="57.51973033882677555084228515625" lon="-4.2582819052040576934814453125">
        <ele>93.8000030517578125</ele>
        <time>2026-08-09T14:03:02.000Z</time>
      </trkpt>
      <trkpt lat="57.5196221284568309783935546875" lon="-4.258228428661823272705078125">
        <ele>94.1999969482421875</ele>
        <time>2026-08-09T14:03:06.000Z</time>
      </trkpt>
      <trkpt lat="57.5195983238518238067626953125" lon="-4.258208312094211578369140625">
        <ele>94.1999969482421875</ele>
        <time>2026-08-09T14:03:07.000Z</time>
      </trkpt>
      <trkpt lat="57.51947167329490184783935546875" lon="-4.25815441645681858062744140625">
        <ele>94.8000030517578125</ele>
        <time>2026-08-09T14:03:12.000Z</time>
      </trkpt>
      <trkpt lat="57.51944996416568756103515625" lon="-4.25814385525882244110107421875">
        <ele>95</ele>
        <time>2026-08-09T14:03:13.000Z</time>
      </trkpt>
      <trkpt lat="57.519347369670867919921875" lon="-4.2581102438271045684814453125">
        <ele>96.1999969482421875</ele>
        <time>2026-08-09T14:03:17.000Z</time>
      </trkpt>
      <trkpt lat="57.51928743906319141387939453125" lon="-4.25809021107852458953857421875">
        <ele>96.40000152587890625</ele>
        <time>2026-08-09T14:03:19.000Z</time>
      </trkpt>
      <trkpt lat="57.51918048597872257232666015625" lon="-4.25804193131625652313232421875">
        <ele>97.1999969482421875</ele>
        <time>2026-08-09T14:03:23.000Z</time>
      </trkpt>
      <trkpt lat="57.51907755620777606964111328125" lon="-4.25801142118871212005615234375">
        <ele>98.40000152587890625</ele>
        <time>2026-08-09T14:03:27.000Z</time>
      </trkpt>
      <trkpt lat="57.519049979746341705322265625" lon="-4.25800253637135028839111328125">
        <ele>98.8000030517578125</ele>
        <time>2026-08-09T14:03:28.000Z</time>
      </trkpt>
      <trkpt lat="57.51899491064250469207763671875" lon="-4.25797353498637676239013671875">
        <ele>99.59999847412109375</ele>
        <time>2026-08-09T14:03:30.000Z</time>
      </trkpt>
      <trkpt lat="57.518907152116298675537109375" lon="-4.2579251714050769805908203125">
        <ele>100.1999969482421875</ele>
        <time>2026-08-09T14:03:33.000Z</time>
      </trkpt>
      <trkpt lat="57.51885610632598400115966796875" lon="-4.257908575236797332763671875">
        <ele>100.8000030517578125</ele>
        <time>2026-08-09T14:03:35.000Z</time>
      </trkpt>
      <trkpt lat="57.51880682073533535003662109375" lon="-4.2578892968595027923583984375">
        <ele>101.40000152587890625</ele>
        <time>2026-08-09T14:03:37.000Z</time>
      </trkpt>
      <trkpt lat="57.5187836028635501861572265625" lon="-4.25787429325282573699951171875">
        <ele>101.8000030517578125</ele>
        <time>2026-08-09T14:03:38.000Z</time>
      </trkpt>
      <trkpt lat="57.51875686459243297576904296875" lon="-4.25786138512194156646728515625">
        <ele>102</ele>
        <time>2026-08-09T14:03:39.000Z</time>
      </trkpt>
      <trkpt lat="57.5186741352081298828125" lon="-4.25782643258571624755859375">
        <ele>102.59999847412109375</ele>
        <time>2026-08-09T14:03:42.000Z</time>
      </trkpt>
      <trkpt lat="57.51864731311798095703125" lon="-4.25780070014297962188720703125">
        <ele>102.8000030517578125</ele>
        <time>2026-08-09T14:03:43.000Z</time>
      </trkpt>
      <trkpt lat="57.51861487515270709991455078125" lon="-4.25778142176568508148193359375">
        <ele>103</ele>
        <time>2026-08-09T14:03:44.000Z</time>
      </trkpt>
      <trkpt lat="57.51854605972766876220703125" lon="-4.25775007344782352447509765625">
        <ele>103.40000152587890625</ele>
        <time>2026-08-09T14:03:46.000Z</time>
      </trkpt>
      <trkpt lat="57.51851177774369716644287109375" lon="-4.25773381255567073822021484375">
        <ele>103.40000152587890625</ele>
        <time>2026-08-09T14:03:47.000Z</time>
      </trkpt>
      <trkpt lat="57.5184795074164867401123046875" lon="-4.2577045597136020660400390625">
        <ele>103.40000152587890625</ele>
        <time>2026-08-09T14:03:48.000Z</time>
      </trkpt>
      <trkpt lat="57.51844740472733974456787109375" lon="-4.2576874606311321258544921875">
        <ele>103.1999969482421875</ele>
        <time>2026-08-09T14:03:49.000Z</time>
      </trkpt>
      <trkpt lat="57.51831815578043460845947265625" lon="-4.25759919919073581695556640625">
        <ele>104.1999969482421875</ele>
        <time>2026-08-09T14:03:54.000Z</time>
      </trkpt>
      <trkpt lat="57.51829854212701320648193359375" lon="-4.257580004632472991943359375">
        <ele>104.59999847412109375</ele>
        <time>2026-08-09T14:03:55.000Z</time>
      </trkpt>
      <trkpt lat="57.518215142190456390380859375" lon="-4.2575345747172832489013671875">
        <ele>105.1999969482421875</ele>
        <time>2026-08-09T14:03:59.000Z</time>
      </trkpt>
      <trkpt lat="57.51816594041883945465087890625" lon="-4.25750699825584888458251953125">
        <ele>105.40000152587890625</ele>
        <time>2026-08-09T14:04:01.000Z</time>
      </trkpt>
      <trkpt lat="57.51807910390198230743408203125" lon="-4.25745452754199504852294921875">
        <ele>105.59999847412109375</ele>
        <time>2026-08-09T14:04:05.000Z</time>
      </trkpt>
      <trkpt lat="57.5179698877036571502685546875" lon="-4.25735972821712493896484375">
        <ele>105.59999847412109375</ele>
        <time>2026-08-09T14:04:09.000Z</time>
      </trkpt>
      <trkpt lat="57.51794197596609592437744140625" lon="-4.257333911955356597900390625">
        <ele>105.59999847412109375</ele>
        <time>2026-08-09T14:04:10.000Z</time>
      </trkpt>
      <trkpt lat="57.51775346696376800537109375" lon="-4.2571915872395038604736328125">
        <ele>106</ele>
        <time>2026-08-09T14:04:16.000Z</time>
      </trkpt>
      <trkpt lat="57.51761072315275669097900390625" lon="-4.257060326635837554931640625">
        <ele>105.59999847412109375</ele>
        <time>2026-08-09T14:04:20.000Z</time>
      </trkpt>
      <trkpt lat="57.5175221264362335205078125" lon="-4.25700358115136623382568359375">
        <ele>104.8000030517578125</ele>
        <time>2026-08-09T14:04:22.000Z</time>
      </trkpt>
      <trkpt lat="57.5174726732075214385986328125" lon="-4.25698715262115001678466796875">
        <ele>104.59999847412109375</ele>
        <time>2026-08-09T14:04:23.000Z</time>
      </trkpt>
      <trkpt lat="57.51736328937113285064697265625" lon="-4.25696167163550853729248046875">
        <ele>104</ele>
        <time>2026-08-09T14:04:25.000Z</time>
      </trkpt>
      <trkpt lat="57.51724108122289180755615234375" lon="-4.25696418620645999908447265625">
        <ele>103.59999847412109375</ele>
        <time>2026-08-09T14:04:27.000Z</time>
      </trkpt>
      <trkpt lat="57.5171739421784877777099609375" lon="-4.256991930305957794189453125">
        <ele>103.40000152587890625</ele>
        <time>2026-08-09T14:04:28.000Z</time>
      </trkpt>
      <trkpt lat="57.51710495911538600921630859375" lon="-4.257024787366390228271484375">
        <ele>103</ele>
        <time>2026-08-09T14:04:29.000Z</time>
      </trkpt>
      <trkpt lat="57.5170341320335865020751953125" lon="-4.25706979818642139434814453125">
        <ele>102.59999847412109375</ele>
        <time>2026-08-09T14:04:30.000Z</time>
      </trkpt>
      <trkpt lat="57.51696221530437469482421875" lon="-4.25711832940578460693359375">
        <ele>102.1999969482421875</ele>
        <time>2026-08-09T14:04:31.000Z</time>
      </trkpt>
      <trkpt lat="57.516890130937099456787109375" lon="-4.25717390142381191253662109375">
        <ele>101.59999847412109375</ele>
        <time>2026-08-09T14:04:32.000Z</time>
      </trkpt>
      <trkpt lat="57.51674897968769073486328125" lon="-4.2573035694658756256103515625">
        <ele>100.40000152587890625</ele>
        <time>2026-08-09T14:04:34.000Z</time>
      </trkpt>
      <trkpt lat="57.51659953035414218902587890625" lon="-4.2574373446404933929443359375">
        <ele>99.59999847412109375</ele>
        <time>2026-08-09T14:04:36.000Z</time>
      </trkpt>
      <trkpt lat="57.51652325503528118133544921875" lon="-4.2575181461870670318603515625">
        <ele>99.1999969482421875</ele>
        <time>2026-08-09T14:04:37.000Z</time>
      </trkpt>
      <trkpt lat="57.51637254841625690460205078125" lon="-4.25770363770425319671630859375">
        <ele>97.59999847412109375</ele>
        <time>2026-08-09T14:04:39.000Z</time>
      </trkpt>
      <trkpt lat="57.51622469164431095123291015625" lon="-4.2579050548374652862548828125">
        <ele>96.1999969482421875</ele>
        <time>2026-08-09T14:04:41.000Z</time>
      </trkpt>
      <trkpt lat="57.51615964807569980621337890625" lon="-4.25800840370357036590576171875">
        <ele>95.40000152587890625</ele>
        <time>2026-08-09T14:04:42.000Z</time>
      </trkpt>
      <trkpt lat="57.51609074883162975311279296875" lon="-4.2581062205135822296142578125">
        <ele>95</ele>
        <time>2026-08-09T14:04:43.000Z</time>
      </trkpt>
      <trkpt lat="57.5159619189798831939697265625" lon="-4.25829405896365642547607421875">
        <ele>93.59999847412109375</ele>
        <time>2026-08-09T14:04:45.000Z</time>
      </trkpt>
      <trkpt lat="57.51589176245033740997314453125" lon="-4.25837653689086437225341796875">
        <ele>92.59999847412109375</ele>
        <time>2026-08-09T14:04:46.000Z</time>
      </trkpt>
      <trkpt lat="57.5158214382827281951904296875" lon="-4.2584482021629810333251953125">
        <ele>92</ele>
        <time>2026-08-09T14:04:47.000Z</time>
      </trkpt>
      <trkpt lat="57.51574491150677204132080078125" lon="-4.258507378399372100830078125">
        <ele>91.1999969482421875</ele>
        <time>2026-08-09T14:04:48.000Z</time>
      </trkpt>
      <trkpt lat="57.51566528342664241790771484375" lon="-4.2585518024861812591552734375">
        <ele>90.59999847412109375</ele>
        <time>2026-08-09T14:04:49.000Z</time>
      </trkpt>
      <trkpt lat="57.51557777635753154754638671875" lon="-4.2585675604641437530517578125">
        <ele>90.40000152587890625</ele>
        <time>2026-08-09T14:04:50.000Z</time>
      </trkpt>
      <trkpt lat="57.5154863297939300537109375" lon="-4.25857971422374248504638671875">
        <ele>90.1999969482421875</ele>
        <time>2026-08-09T14:04:51.000Z</time>
      </trkpt>
      <trkpt lat="57.5153926201164722442626953125" lon="-4.25860821269452571868896484375">
        <ele>88.40000152587890625</ele>
        <time>2026-08-09T14:04:52.000Z</time>
      </trkpt>
      <trkpt lat="57.515189610421657562255859375" lon="-4.2586446739733219146728515625">
        <ele>86.59999847412109375</ele>
        <time>2026-08-09T14:04:54.000Z</time>
      </trkpt>
      <trkpt lat="57.5150898657739162445068359375" lon="-4.2586631141602993011474609375">
        <ele>85.59999847412109375</ele>
        <time>2026-08-09T14:04:55.000Z</time>
      </trkpt>
      <trkpt lat="57.51487168483436107635498046875" lon="-4.25871566869318485260009765625">
        <ele>84.40000152587890625</ele>
        <time>2026-08-09T14:04:57.000Z</time>
      </trkpt>
      <trkpt lat="57.51453288830816745758056640625" lon="-4.25877283327281475067138671875">
        <ele>84.59999847412109375</ele>
        <time>2026-08-09T14:05:00.000Z</time>
      </trkpt>
      <trkpt lat="57.51431646756827831268310546875" lon="-4.258789680898189544677734375">
        <ele>83.1999969482421875</ele>
        <time>2026-08-09T14:05:02.000Z</time>
      </trkpt>
      <trkpt lat="57.51420649699866771697998046875" lon="-4.25877937115728855133056640625">
        <ele>81.1999969482421875</ele>
        <time>2026-08-09T14:05:03.000Z</time>
      </trkpt>
      <trkpt lat="57.51398420892655849456787109375" lon="-4.2586973123252391815185546875">
        <ele>79.59999847412109375</ele>
        <time>2026-08-09T14:05:05.000Z</time>
      </trkpt>
      <trkpt lat="57.51387507654726505279541015625" lon="-4.2586443386971950531005859375">
        <ele>78.59999847412109375</ele>
        <time>2026-08-09T14:05:06.000Z</time>
      </trkpt>
      <trkpt lat="57.51376510597765445709228515625" lon="-4.25858474336564540863037109375">
        <ele>77.1999969482421875</ele>
        <time>2026-08-09T14:05:07.000Z</time>
      </trkpt>
      <trkpt lat="57.513554804027080535888671875" lon="-4.2584773711860179901123046875">
        <ele>75.59999847412109375</ele>
        <time>2026-08-09T14:05:09.000Z</time>
      </trkpt>
      <trkpt lat="57.51324995420873165130615234375" lon="-4.25832926295697689056396484375">
        <ele>74.8000030517578125</ele>
        <time>2026-08-09T14:05:12.000Z</time>
      </trkpt>
      <trkpt lat="57.5131576694548130035400390625" lon="-4.2582956515252590179443359375">
        <ele>74</ele>
        <time>2026-08-09T14:05:13.000Z</time>
      </trkpt>
      <trkpt lat="57.5129677355289459228515625" lon="-4.2582815699279308319091796875">
        <ele>72.40000152587890625</ele>
        <time>2026-08-09T14:05:15.000Z</time>
      </trkpt>
      <trkpt lat="57.51287058927118778228759765625" lon="-4.2583010159432888031005859375">
        <ele>71.8000030517578125</ele>
        <time>2026-08-09T14:05:16.000Z</time>
      </trkpt>
      <trkpt lat="57.51276883296668529510498046875" lon="-4.25831350497901439666748046875">
        <ele>70.40000152587890625</ele>
        <time>2026-08-09T14:05:17.000Z</time>
      </trkpt>
      <trkpt lat="57.512666992843151092529296875" lon="-4.25830277614295482635498046875">
        <ele>70.1999969482421875</ele>
        <time>2026-08-09T14:05:18.000Z</time>
      </trkpt>
      <trkpt lat="57.51256682910025119781494140625" lon="-4.2582604475319385528564453125">
        <ele>67</ele>
        <time>2026-08-09T14:05:19.000Z</time>
      </trkpt>
      <trkpt lat="57.51246951520442962646484375" lon="-4.25819297321140766143798828125">
        <ele>65</ele>
        <time>2026-08-09T14:05:20.000Z</time>
      </trkpt>
      <trkpt lat="57.51227505505084991455078125" lon="-4.258086942136287689208984375">
        <ele>63.59999847412109375</ele>
        <time>2026-08-09T14:05:22.000Z</time>
      </trkpt>
      <trkpt lat="57.5120760686695575714111328125" lon="-4.25813681446015834808349609375">
        <ele>62.200000762939453125</ele>
        <time>2026-08-09T14:05:24.000Z</time>
      </trkpt>
      <trkpt lat="57.51180759631097316741943359375" lon="-4.2583197914063930511474609375">
        <ele>61</ele>
        <time>2026-08-09T14:05:27.000Z</time>
      </trkpt>
      <trkpt lat="57.51172645948827266693115234375" lon="-4.258368909358978271484375">
        <ele>61</ele>
        <time>2026-08-09T14:05:28.000Z</time>
      </trkpt>
      <trkpt lat="57.511633671820163726806640625" lon="-4.25838240422308444976806640625">
        <ele>61.200000762939453125</ele>
        <time>2026-08-09T14:05:29.000Z</time>
      </trkpt>
      <trkpt lat="57.5114782713353633880615234375" lon="-4.258296489715576171875">
        <ele>61.799999237060546875</ele>
        <time>2026-08-09T14:05:31.000Z</time>
      </trkpt>
      <trkpt lat="57.51140710897743701934814453125" lon="-4.25821476615965366363525390625">
        <ele>62</ele>
        <time>2026-08-09T14:05:32.000Z</time>
      </trkpt>
      <trkpt lat="57.51125522889196872711181640625" lon="-4.2581062205135822296142578125">
        <ele>62.40000152587890625</ele>
        <time>2026-08-09T14:05:34.000Z</time>
      </trkpt>
      <trkpt lat="57.511175684630870819091796875" lon="-4.25810898654162883758544921875">
        <ele>62</ele>
        <time>2026-08-09T14:05:35.000Z</time>
      </trkpt>
      <trkpt lat="57.51111365854740142822265625" lon="-4.25816933624446392059326171875">
        <ele>61.59999847412109375</ele>
        <time>2026-08-09T14:05:36.000Z</time>
      </trkpt>
      <trkpt lat="57.5110551528632640838623046875" lon="-4.2582567594945430755615234375">
        <ele>61.200000762939453125</ele>
        <time>2026-08-09T14:05:37.000Z</time>
      </trkpt>
      <trkpt lat="57.51100712455809116363525390625" lon="-4.25836823880672454833984375">
        <ele>61</ele>
        <time>2026-08-09T14:05:38.000Z</time>
      </trkpt>
      <trkpt lat="57.510920204222202301025390625" lon="-4.25862145610153675079345703125">
        <ele>60.59999847412109375</ele>
        <time>2026-08-09T14:05:40.000Z</time>
      </trkpt>
      <trkpt lat="57.510865889489650726318359375" lon="-4.259066618978977203369140625">
        <ele>59.799999237060546875</ele>
        <time>2026-08-09T14:05:43.000Z</time>
      </trkpt>
      <trkpt lat="57.51078550703823566436767578125" lon="-4.25955117680132389068603515625">
        <ele>58.40000152587890625</ele>
        <time>2026-08-09T14:05:46.000Z</time>
      </trkpt>
      <trkpt lat="57.5107517279684543609619140625" lon="-4.259712696075439453125">
        <ele>58</ele>
        <time>2026-08-09T14:05:47.000Z</time>
      </trkpt>
      <trkpt lat="57.51070596277713775634765625" lon="-4.25986600108444690704345703125">
        <ele>57.799999237060546875</ele>
        <time>2026-08-09T14:05:48.000Z</time>
      </trkpt>
      <trkpt lat="57.51066028140485286712646484375" lon="-4.2600243352353572845458984375">
        <ele>57</ele>
        <time>2026-08-09T14:05:49.000Z</time>
      </trkpt>
      <trkpt lat="57.51055785454809665679931640625" lon="-4.26034502685070037841796875">
        <ele>55.799999237060546875</ele>
        <time>2026-08-09T14:05:51.000Z</time>
      </trkpt>
      <trkpt lat="57.51044981181621551513671875" lon="-4.26067586056888103485107421875">
        <ele>54.59999847412109375</ele>
        <time>2026-08-09T14:05:53.000Z</time>
      </trkpt>
      <trkpt lat="57.5103252567350864410400390625" lon="-4.26099814474582672119140625">
        <ele>53.200000762939453125</ele>
        <time>2026-08-09T14:05:55.000Z</time>
      </trkpt>
      <trkpt lat="57.51023682765662670135498046875" lon="-4.261153042316436767578125">
        <ele>52.59999847412109375</ele>
        <time>2026-08-09T14:05:56.000Z</time>
      </trkpt>
      <trkpt lat="57.5101455487310886383056640625" lon="-4.26127768121659755706787109375">
        <ele>52.200000762939453125</ele>
        <time>2026-08-09T14:05:57.000Z</time>
      </trkpt>
      <trkpt lat="57.51005711965262889862060546875" lon="-4.26141447387635707855224609375">
        <ele>51.59999847412109375</ele>
        <time>2026-08-09T14:05:58.000Z</time>
      </trkpt>
      <trkpt lat="57.50996240414679050445556640625" lon="-4.2615417949855327606201171875">
        <ele>50.59999847412109375</ele>
        <time>2026-08-09T14:05:59.000Z</time>
      </trkpt>
      <trkpt lat="57.50978621654212474822998046875" lon="-4.2617778293788433074951171875">
        <ele>49.200000762939453125</ele>
        <time>2026-08-09T14:06:01.000Z</time>
      </trkpt>
      <trkpt lat="57.5096751563251018524169921875" lon="-4.2618691921234130859375">
        <ele>48.40000152587890625</ele>
        <time>2026-08-09T14:06:02.000Z</time>
      </trkpt>
      <trkpt lat="57.5095725618302822113037109375" lon="-4.26194496452808380126953125">
        <ele>47.40000152587890625</ele>
        <time>2026-08-09T14:06:03.000Z</time>
      </trkpt>
      <trkpt lat="57.5094783492386341094970703125" lon="-4.26202165894210338592529296875">
        <ele>46.200000762939453125</ele>
        <time>2026-08-09T14:06:04.000Z</time>
      </trkpt>
      <trkpt lat="57.50930476002395153045654296875" lon="-4.26216985099017620086669921875">
        <ele>44</ele>
        <time>2026-08-09T14:06:06.000Z</time>
      </trkpt>
      <trkpt lat="57.5092158280313014984130859375" lon="-4.26221896894276142120361328125">
        <ele>42.59999847412109375</ele>
        <time>2026-08-09T14:06:07.000Z</time>
      </trkpt>
      <trkpt lat="57.5091427378356456756591796875" lon="-4.26225132308900356292724609375">
        <ele>42</ele>
        <time>2026-08-09T14:06:08.000Z</time>
      </trkpt>
      <trkpt lat="57.5089095532894134521484375" lon="-4.2623585276305675506591796875">
        <ele>41.799999237060546875</ele>
        <time>2026-08-09T14:06:12.000Z</time>
      </trkpt>
      <trkpt lat="57.5088507123291492462158203125" lon="-4.26234151236712932586669921875">
        <ele>41.40000152587890625</ele>
        <time>2026-08-09T14:06:13.000Z</time>
      </trkpt>
      <trkpt lat="57.50871048308908939361572265625" lon="-4.26230438053607940673828125">
        <ele>40.200000762939453125</ele>
        <time>2026-08-09T14:06:15.000Z</time>
      </trkpt>
      <trkpt lat="57.50864661298692226409912109375" lon="-4.26231284625828266143798828125">
        <ele>39.40000152587890625</ele>
        <time>2026-08-09T14:06:16.000Z</time>
      </trkpt>
      <trkpt lat="57.508575953543186187744140625" lon="-4.26230513490736484527587890625">
        <ele>39</ele>
        <time>2026-08-09T14:06:17.000Z</time>
      </trkpt>
      <trkpt lat="57.5084477104246616363525390625" lon="-4.2622596211731433868408203125">
        <ele>38.59999847412109375</ele>
        <time>2026-08-09T14:06:19.000Z</time>
      </trkpt>
      <trkpt lat="57.5083984248340129852294921875" lon="-4.26222902722656726837158203125">
        <ele>38.40000152587890625</ele>
        <time>2026-08-09T14:06:20.000Z</time>
      </trkpt>
      <trkpt lat="57.508349306881427764892578125" lon="-4.26218544133007526397705078125">
        <ele>38.200000762939453125</ele>
        <time>2026-08-09T14:06:21.000Z</time>
      </trkpt>
      <trkpt lat="57.5082713551819324493408203125" lon="-4.26205149851739406585693359375">
        <ele>38.200000762939453125</ele>
        <time>2026-08-09T14:06:23.000Z</time>
      </trkpt>
      <trkpt lat="57.50824998132884502410888671875" lon="-4.26195980049669742584228515625">
        <ele>38</ele>
        <time>2026-08-09T14:06:24.000Z</time>
      </trkpt>
      <trkpt lat="57.508232630789279937744140625" lon="-4.26185670308768749237060546875">
        <ele>37.799999237060546875</ele>
        <time>2026-08-09T14:06:25.000Z</time>
      </trkpt>
      <trkpt lat="57.508173622190952301025390625" lon="-4.26152025349438190460205078125">
        <ele>37</ele>
        <time>2026-08-09T14:06:28.000Z</time>
      </trkpt>
      <trkpt lat="57.50812827609479427337646484375" lon="-4.2612832970917224884033203125">
        <ele>36.59999847412109375</ele>
        <time>2026-08-09T14:06:30.000Z</time>
      </trkpt>
      <trkpt lat="57.50801813788712024688720703125" lon="-4.26079907454550266265869140625">
        <ele>36.59999847412109375</ele>
        <time>2026-08-09T14:06:34.000Z</time>
      </trkpt>
      <trkpt lat="57.5077714584767818450927734375" lon="-4.25990086980164051055908203125">
        <ele>36</ele>
        <time>2026-08-09T14:06:41.000Z</time>
      </trkpt>
      <trkpt lat="57.50769895501434803009033203125" lon="-4.25964069552719593048095703125">
        <ele>35.40000152587890625</ele>
        <time>2026-08-09T14:06:43.000Z</time>
      </trkpt>
      <trkpt lat="57.50750198028981685638427734375" lon="-4.2590071074664592742919921875">
        <ele>35</ele>
        <time>2026-08-09T14:06:48.000Z</time>
      </trkpt>
      <trkpt lat="57.5072252936661243438720703125" lon="-4.2582120001316070556640625">
        <ele>34.799999237060546875</ele>
        <time>2026-08-09T14:06:54.000Z</time>
      </trkpt>
      <trkpt lat="57.5070784427225589752197265625" lon="-4.257844872772693634033203125">
        <ele>34.59999847412109375</ele>
        <time>2026-08-09T14:06:57.000Z</time>
      </trkpt>
      <trkpt lat="57.506984733045101165771484375" lon="-4.25761261023581027984619140625">
        <ele>34.40000152587890625</ele>
        <time>2026-08-09T14:06:59.000Z</time>
      </trkpt>
      <trkpt lat="57.5068876706063747406005859375" lon="-4.25739032216370105743408203125">
        <ele>34.200000762939453125</ele>
        <time>2026-08-09T14:07:01.000Z</time>
      </trkpt>
      <trkpt lat="57.5066513009369373321533203125" lon="-4.25685220398008823394775390625">
        <ele>34</ele>
        <time>2026-08-09T14:07:06.000Z</time>
      </trkpt>
      <trkpt lat="57.506604529917240142822265625" lon="-4.2567439936101436614990234375">
        <ele>34</ele>
        <time>2026-08-09T14:07:07.000Z</time>
      </trkpt>
      <trkpt lat="57.5065584294497966766357421875" lon="-4.256633855402469635009765625">
        <ele>34.200000762939453125</ele>
        <time>2026-08-09T14:07:08.000Z</time>
      </trkpt>
      <trkpt lat="57.50650755129754543304443359375" lon="-4.2565240524709224700927734375">
        <ele>34.200000762939453125</ele>
        <time>2026-08-09T14:07:09.000Z</time>
      </trkpt>
      <trkpt lat="57.50631493516266345977783203125" lon="-4.2560885287821292877197265625">
        <ele>34.40000152587890625</ele>
        <time>2026-08-09T14:07:13.000Z</time>
      </trkpt>
      <trkpt lat="57.50593028962612152099609375" lon="-4.2552607320249080657958984375">
        <ele>34.200000762939453125</ele>
        <time>2026-08-09T14:07:21.000Z</time>
      </trkpt>
      <trkpt lat="57.5055804289877414703369140625" lon="-4.254479371011257171630859375">
        <ele>34</ele>
        <time>2026-08-09T14:07:28.000Z</time>
      </trkpt>
      <trkpt lat="57.5052833743393421173095703125" lon="-4.2538177035748958587646484375">
        <ele>34.40000152587890625</ele>
        <time>2026-08-09T14:07:34.000Z</time>
      </trkpt>
      <trkpt lat="57.5048957951366901397705078125" lon="-4.252938441932201385498046875">
        <ele>34.40000152587890625</ele>
        <time>2026-08-09T14:07:42.000Z</time>
      </trkpt>
      <trkpt lat="57.5046285800635814666748046875" lon="-4.2523448355495929718017578125">
        <ele>34.799999237060546875</ele>
        <time>2026-08-09T14:07:47.000Z</time>
      </trkpt>
      <trkpt lat="57.50451668165624141693115234375" lon="-4.25209597684442996978759765625">
        <ele>34.59999847412109375</ele>
        <time>2026-08-09T14:07:49.000Z</time>
      </trkpt>
      <trkpt lat="57.50414821319282054901123046875" lon="-4.25128175877034664154052734375">
        <ele>34.200000762939453125</ele>
        <time>2026-08-09T14:07:56.000Z</time>
      </trkpt>
      <trkpt lat="57.50404528342187404632568359375" lon="-4.25105276517570018768310546875">
        <ele>34</ele>
        <time>2026-08-09T14:07:58.000Z</time>
      </trkpt>
      <trkpt lat="57.503883428871631622314453125" lon="-4.25069603137671947479248046875">
        <ele>34.200000762939453125</ele>
        <time>2026-08-09T14:08:01.000Z</time>
      </trkpt>
      <trkpt lat="57.50357472337782382965087890625" lon="-4.2499489523470401763916015625">
        <ele>34</ele>
        <time>2026-08-09T14:08:07.000Z</time>
      </trkpt>
      <trkpt lat="57.50325419940054416656494140625" lon="-4.249054603278636932373046875">
        <ele>33.40000152587890625</ele>
        <time>2026-08-09T14:08:14.000Z</time>
      </trkpt>
      <trkpt lat="57.503125369548797607421875" lon="-4.24863450229167938232421875">
        <ele>33.40000152587890625</ele>
        <time>2026-08-09T14:08:17.000Z</time>
      </trkpt>
      <trkpt lat="57.50299670733511447906494140625" lon="-4.24820643849670886993408203125">
        <ele>33.200000762939453125</ele>
        <time>2026-08-09T14:08:20.000Z</time>
      </trkpt>
      <trkpt lat="57.50279135070741176605224609375" lon="-4.247488863766193389892578125">
        <ele>32.59999847412109375</ele>
        <time>2026-08-09T14:08:25.000Z</time>
      </trkpt>
      <trkpt lat="57.50272027216851711273193359375" lon="-4.24718317575752735137939453125">
        <ele>32.40000152587890625</ele>
        <time>2026-08-09T14:08:27.000Z</time>
      </trkpt>
      <trkpt lat="57.502682469785213470458984375" lon="-4.24703196622431278228759765625">
        <ele>32</ele>
        <time>2026-08-09T14:08:28.000Z</time>
      </trkpt>
      <trkpt lat="57.50255447812378406524658203125" lon="-4.24639024771749973297119140625">
        <ele>31.799999237060546875</ele>
        <time>2026-08-09T14:08:32.000Z</time>
      </trkpt>
      <trkpt lat="57.50248993746936321258544921875" lon="-4.24606167711317539215087890625">
        <ele>32.59999847412109375</ele>
        <time>2026-08-09T14:08:34.000Z</time>
      </trkpt>
      <trkpt lat="57.50238130800426006317138671875" lon="-4.24539296887814998626708984375">
        <ele>32.40000152587890625</ele>
        <time>2026-08-09T14:08:38.000Z</time>
      </trkpt>
      <trkpt lat="57.50228072516620159149169921875" lon="-4.24469475634396076202392578125">
        <ele>32</ele>
        <time>2026-08-09T14:08:42.000Z</time>
      </trkpt>
      <trkpt lat="57.50223680399358272552490234375" lon="-4.24434204585850238800048828125">
        <ele>32.200000762939453125</ele>
        <time>2026-08-09T14:08:44.000Z</time>
      </trkpt>
      <trkpt lat="57.5021852552890777587890625" lon="-4.243818260729312896728515625">
        <ele>32.40000152587890625</ele>
        <time>2026-08-09T14:08:47.000Z</time>
      </trkpt>
      <trkpt lat="57.50213362276554107666015625" lon="-4.24311853945255279541015625">
        <ele>32.40000152587890625</ele>
        <time>2026-08-09T14:08:51.000Z</time>
      </trkpt>
      <trkpt lat="57.5020955689251422882080078125" lon="-4.2422506771981716156005859375">
        <ele>32.59999847412109375</ele>
        <time>2026-08-09T14:08:56.000Z</time>
      </trkpt>
      <trkpt lat="57.5020833313465118408203125" lon="-4.2417517863214015960693359375">
        <ele>33.200000762939453125</ele>
        <time>2026-08-09T14:08:59.000Z</time>
      </trkpt>
      <trkpt lat="57.50207863748073577880859375" lon="-4.2412746883928775787353515625">
        <ele>34</ele>
        <time>2026-08-09T14:09:02.000Z</time>
      </trkpt>
      <trkpt lat="57.50207637436687946319580078125" lon="-4.24096195958554744720458984375">
        <ele>34.200000762939453125</ele>
        <time>2026-08-09T14:09:04.000Z</time>
      </trkpt>
      <trkpt lat="57.5020734407007694244384765625" lon="-4.240659959614276885986328125">
        <ele>34.200000762939453125</ele>
        <time>2026-08-09T14:09:06.000Z</time>
      </trkpt>
      <trkpt lat="57.50207184813916683197021484375" lon="-4.240229129791259765625">
        <ele>34.799999237060546875</ele>
        <time>2026-08-09T14:09:09.000Z</time>
      </trkpt>
      <trkpt lat="57.5020687468349933624267578125" lon="-4.2398209311068058013916015625">
        <ele>35.40000152587890625</ele>
        <time>2026-08-09T14:09:12.000Z</time>
      </trkpt>
      <trkpt lat="57.50206229276955127716064453125" lon="-4.2395580746233463287353515625">
        <ele>35.799999237060546875</ele>
        <time>2026-08-09T14:09:14.000Z</time>
      </trkpt>
      <trkpt lat="57.50205072574317455291748046875" lon="-4.23917762003839015960693359375">
        <ele>36.200000762939453125</ele>
        <time>2026-08-09T14:09:17.000Z</time>
      </trkpt>
      <trkpt lat="57.50204913318157196044921875" lon="-4.23893135972321033477783203125">
        <ele>36.40000152587890625</ele>
        <time>2026-08-09T14:09:19.000Z</time>
      </trkpt>
      <trkpt lat="57.50204167328774929046630859375" lon="-4.23848980106413364410400390625">
        <ele>37</ele>
        <time>2026-08-09T14:09:23.000Z</time>
      </trkpt>
      <trkpt lat="57.50207520090043544769287109375" lon="-4.23840950243175029754638671875">
        <ele>37</ele>
        <time>2026-08-09T14:09:25.000Z</time>
      </trkpt>
      <trkpt lat="57.5020752847194671630859375" lon="-4.23833322711288928985595703125">
        <ele>36.799999237060546875</ele>
        <time>2026-08-09T14:09:27.000Z</time>
      </trkpt>
      <trkpt lat="57.50206598080694675445556640625" lon="-4.23829785548150539398193359375">
        <ele>36.59999847412109375</ele>
        <time>2026-08-09T14:09:28.000Z</time>
      </trkpt>
      <trkpt lat="57.50206078402698040008544921875" lon="-4.23823582939803600311279296875">
        <ele>36.200000762939453125</ele>
        <time>2026-08-09T14:09:33.000Z</time>
      </trkpt>
      <trkpt lat="57.50205726362764835357666015625" lon="-4.23825862817466259002685546875">
        <ele>36.40000152587890625</ele>
        <time>2026-08-09T14:09:37.000Z</time>
      </trkpt>
      <trkpt lat="57.5020653940737247467041015625" lon="-4.238267429172992706298828125">
        <ele>36.59999847412109375</ele>
        <time>2026-08-09T14:09:41.000Z</time>
      </trkpt>
      <trkpt lat="57.50206916593015193939208984375" lon="-4.2382421158254146575927734375">
        <ele>36.200000762939453125</ele>
        <time>2026-08-09T14:09:45.000Z</time>
      </trkpt>
      <trkpt lat="57.5020754523575305938720703125" lon="-4.23823666758835315704345703125">
        <ele>36.200000762939453125</ele>
        <time>2026-08-09T14:09:47.000Z</time>
      </trkpt>
      <trkpt lat="57.50207218341529369354248046875" lon="-4.2382209934294223785400390625">
        <ele>36.40000152587890625</ele>
        <time>2026-08-09T14:09:50.000Z</time>
      </trkpt>
      <trkpt lat="57.502063550055027008056640625" lon="-4.23818771727383136749267578125">
        <ele>36.200000762939453125</ele>
        <time>2026-08-09T14:09:55.000Z</time>
      </trkpt>
      <trkpt lat="57.5020647235214710235595703125" lon="-4.2381727136671543121337890625">
        <ele>35.40000152587890625</ele>
        <time>2026-08-09T14:10:00.000Z</time>
      </trkpt>
      <trkpt lat="57.502062879502773284912109375" lon="-4.23817816190421581268310546875">
        <ele>35.40000152587890625</ele>
        <time>2026-08-09T14:10:01.000Z</time>
      </trkpt>
      <trkpt lat="57.50205743126571178436279296875" lon="-4.23824639059603214263916015625">
        <ele>35.200000762939453125</ele>
        <time>2026-08-09T14:10:07.000Z</time>
      </trkpt>
      <trkpt lat="57.50205726362764835357666015625" lon="-4.23830942250788211822509765625">
        <ele>35.40000152587890625</ele>
        <time>2026-08-09T14:10:12.000Z</time>
      </trkpt>
      <trkpt lat="57.50205759890377521514892578125" lon="-4.23833926208317279815673828125">
        <ele>35.40000152587890625</ele>
        <time>2026-08-09T14:10:13.000Z</time>
      </trkpt>
      <trkpt lat="57.5020565092563629150390625" lon="-4.23836776055395603179931640625">
        <ele>35.200000762939453125</ele>
        <time>2026-08-09T14:10:14.000Z</time>
      </trkpt>
      <trkpt lat="57.502039410173892974853515625" lon="-4.23841520212590694427490234375">
        <ele>34.799999237060546875</ele>
        <time>2026-08-09T14:10:19.000Z</time>
      </trkpt>
      <trkpt lat="57.50203547067940235137939453125" lon="-4.23840321600437164306640625">
        <ele>35.200000762939453125</ele>
        <time>2026-08-09T14:10:21.000Z</time>
      </trkpt>
      <trkpt lat="57.501974366605281829833984375" lon="-4.23838519491255283355712890625">
        <ele>35.40000152587890625</ele>
        <time>2026-08-09T14:10:23.000Z</time>
      </trkpt>
      <trkpt lat="57.50195282511413097381591796875" lon="-4.23843540251255035400390625">
        <ele>35.200000762939453125</ele>
        <time>2026-08-09T14:10:24.000Z</time>
      </trkpt>
      <trkpt lat="57.5019519031047821044921875" lon="-4.2384888790547847747802734375">
        <ele>35</ele>
        <time>2026-08-09T14:10:25.000Z</time>
      </trkpt>
      <trkpt lat="57.5019517354667186737060546875" lon="-4.23869281075894832611083984375">
        <ele>34</ele>
        <time>2026-08-09T14:10:28.000Z</time>
      </trkpt>
      <trkpt lat="57.50195324420928955078125" lon="-4.238821975886821746826171875">
        <ele>33.799999237060546875</ele>
        <time>2026-08-09T14:10:30.000Z</time>
      </trkpt>
      <trkpt lat="57.50195383094251155853271484375" lon="-4.23903579823672771453857421875">
        <ele>34.200000762939453125</ele>
        <time>2026-08-09T14:10:35.000Z</time>
      </trkpt>
      <trkpt lat="57.5019530765712261199951171875" lon="-4.23903780989348888397216796875">
        <ele>34</ele>
        <time>2026-08-09T14:10:37.000Z</time>
      </trkpt>
      <trkpt lat="57.5019644759595394134521484375" lon="-4.23903345130383968353271484375">
        <ele>34</ele>
        <time>2026-08-09T14:10:39.000Z</time>
      </trkpt>
      <trkpt lat="57.50197042711079120635986328125" lon="-4.2390202917158603668212890625">
        <ele>33.799999237060546875</ele>
        <time>2026-08-09T14:10:48.000Z</time>
      </trkpt>
      <trkpt lat="57.5019688345491886138916015625" lon="-4.23903730697929859161376953125">
        <ele>33.40000152587890625</ele>
        <time>2026-08-09T14:10:55.000Z</time>
      </trkpt>
      <trkpt lat="57.50197193585336208343505859375" lon="-4.2390561662614345550537109375">
        <ele>33.200000762939453125</ele>
        <time>2026-08-09T14:11:01.000Z</time>
      </trkpt>
      <trkpt lat="57.50197126530110836029052734375" lon="-4.2390622012317180633544921875">
        <ele>32.799999237060546875</ele>
        <time>2026-08-09T14:11:04.000Z</time>
      </trkpt>
      <trkpt lat="57.50195399858057498931884765625" lon="-4.2390672303736209869384765625">
        <ele>32.40000152587890625</ele>
        <time>2026-08-09T14:11:07.000Z</time>
      </trkpt>
      <trkpt lat="57.5018893741071224212646484375" lon="-4.239050634205341339111328125">
        <ele>32</ele>
        <time>2026-08-09T14:11:09.000Z</time>
      </trkpt>
      <trkpt lat="57.50187034718692302703857421875" lon="-4.2390088923275470733642578125">
        <ele>32</ele>
        <time>2026-08-09T14:11:10.000Z</time>
      </trkpt>
      <trkpt lat="57.501862384378910064697265625" lon="-4.23895667307078838348388671875">
        <ele>32.200000762939453125</ele>
        <time>2026-08-09T14:11:11.000Z</time>
      </trkpt>
      <trkpt lat="57.50185727141797542572021484375" lon="-4.23879439942538738250732421875">
        <ele>33</ele>
        <time>2026-08-09T14:11:14.000Z</time>
      </trkpt>
      <trkpt lat="57.50185006298124790191650390625" lon="-4.23864193260669708251953125">
        <ele>33.200000762939453125</ele>
        <time>2026-08-09T14:11:17.000Z</time>
      </trkpt>
      <trkpt lat="57.50184855423867702484130859375" lon="-4.23851930536329746246337890625">
        <ele>33</ele>
        <time>2026-08-09T14:11:20.000Z</time>
      </trkpt>
      <trkpt lat="57.50183564610779285430908203125" lon="-4.23825980164110660552978515625">
        <ele>32.59999847412109375</ele>
        <time>2026-08-09T14:11:26.000Z</time>
      </trkpt>
      <trkpt lat="57.50183321535587310791015625" lon="-4.23819534480571746826171875">
        <ele>32.40000152587890625</ele>
        <time>2026-08-09T14:11:30.000Z</time>
      </trkpt>
      <trkpt lat="57.5018367357552051544189453125" lon="-4.238200373947620391845703125">
        <ele>32.200000762939453125</ele>
        <time>2026-08-09T14:11:36.000Z</time>
      </trkpt>
      <trkpt lat="57.50183966942131519317626953125" lon="-4.238182269036769866943359375">
        <ele>32</ele>
        <time>2026-08-09T14:11:38.000Z</time>
      </trkpt>
      <trkpt lat="57.50183933414518833160400390625" lon="-4.23812937922775745391845703125">
        <ele>31.799999237060546875</ele>
        <time>2026-08-09T14:11:40.000Z</time>
      </trkpt>
      <trkpt lat="57.50182894058525562286376953125" lon="-4.23799962736666202545166015625">
        <ele>31.799999237060546875</ele>
        <time>2026-08-09T14:11:43.000Z</time>
      </trkpt>
      <trkpt lat="57.5018226541578769683837890625" lon="-4.23785847611725330352783203125">
        <ele>32</ele>
        <time>2026-08-09T14:11:45.000Z</time>
      </trkpt>
      <trkpt lat="57.5017951615154743194580078125" lon="-4.23741674982011318206787109375">
        <ele>32.40000152587890625</ele>
        <time>2026-08-09T14:11:50.000Z</time>
      </trkpt>
      <trkpt lat="57.5017814151942729949951171875" lon="-4.2372262291610240936279296875">
        <ele>33</ele>
        <time>2026-08-09T14:11:52.000Z</time>
      </trkpt>
      <trkpt lat="57.50173866748809814453125" lon="-4.23680135048925876617431640625">
        <ele>33.40000152587890625</ele>
        <time>2026-08-09T14:11:57.000Z</time>
      </trkpt>
      <trkpt lat="57.50168259255588054656982421875" lon="-4.23637940548360347747802734375">
        <ele>33.200000762939453125</ele>
        <time>2026-08-09T14:12:03.000Z</time>
      </trkpt>
      <trkpt lat="57.50166046433150768280029296875" lon="-4.2362338118255138397216796875">
        <ele>33.40000152587890625</ele>
        <time>2026-08-09T14:12:05.000Z</time>
      </trkpt>
      <trkpt lat="57.50163917429745197296142578125" lon="-4.23608251847326755523681640625">
        <ele>34</ele>
        <time>2026-08-09T14:12:07.000Z</time>
      </trkpt>
      <trkpt lat="57.50161889009177684783935546875" lon="-4.23594723455607891082763671875">
        <ele>34.200000762939453125</ele>
        <time>2026-08-09T14:12:09.000Z</time>
      </trkpt>
      <trkpt lat="57.50152199529111385345458984375" lon="-4.23543535172939300537109375">
        <ele>34.200000762939453125</ele>
        <time>2026-08-09T14:12:17.000Z</time>
      </trkpt>
      <trkpt lat="57.50140280462801456451416015625" lon="-4.23497526906430721282958984375">
        <ele>35.200000762939453125</ele>
        <time>2026-08-09T14:12:24.000Z</time>
      </trkpt>
      <trkpt lat="57.50138260424137115478515625" lon="-4.2349007539451122283935546875">
        <ele>35.200000762939453125</ele>
        <time>2026-08-09T14:12:25.000Z</time>
      </trkpt>
      <trkpt lat="57.50129149295389652252197265625" lon="-4.23458701930940151214599609375">
        <ele>35.59999847412109375</ele>
        <time>2026-08-09T14:12:29.000Z</time>
      </trkpt>
      <trkpt lat="57.50119619071483612060546875" lon="-4.23429943621158599853515625">
        <ele>35.40000152587890625</ele>
        <time>2026-08-09T14:12:33.000Z</time>
      </trkpt>
      <trkpt lat="57.501030899584293365478515625" lon="-4.2337842844426631927490234375">
        <ele>35.59999847412109375</ele>
        <time>2026-08-09T14:12:40.000Z</time>
      </trkpt>
      <trkpt lat="57.50097650103271007537841796875" lon="-4.23362393863499164581298828125">
        <ele>36.200000762939453125</ele>
        <time>2026-08-09T14:12:42.000Z</time>
      </trkpt>
      <trkpt lat="57.500949762761592864990234375" lon="-4.233549423515796661376953125">
        <ele>36.59999847412109375</ele>
        <time>2026-08-09T14:12:43.000Z</time>
      </trkpt>
      <trkpt lat="57.50088999979197978973388671875" lon="-4.2333997227251529693603515625">
        <ele>36.59999847412109375</ele>
        <time>2026-08-09T14:12:45.000Z</time>
      </trkpt>
      <trkpt lat="57.500755973160266876220703125" lon="-4.23308062367141246795654296875">
        <ele>36.799999237060546875</ele>
        <time>2026-08-09T14:12:49.000Z</time>
      </trkpt>
      <trkpt lat="57.5005375407636165618896484375" lon="-4.23261769115924835205078125">
        <ele>37.59999847412109375</ele>
        <time>2026-08-09T14:12:55.000Z</time>
      </trkpt>
      <trkpt lat="57.50050141476094722747802734375" lon="-4.23254401423037052154541015625">
        <ele>37.799999237060546875</ele>
        <time>2026-08-09T14:12:56.000Z</time>
      </trkpt>
      <trkpt lat="57.500395886600017547607421875" lon="-4.23232105560600757598876953125">
        <ele>38.59999847412109375</ele>
        <time>2026-08-09T14:12:59.000Z</time>
      </trkpt>
      <trkpt lat="57.50035909004509449005126953125" lon="-4.23225617967545986175537109375">
        <ele>38.799999237060546875</ele>
        <time>2026-08-09T14:13:00.000Z</time>
      </trkpt>
      <trkpt lat="57.50028884969651699066162109375" lon="-4.2320931516587734222412109375">
        <ele>39</ele>
        <time>2026-08-09T14:13:02.000Z</time>
      </trkpt>
      <trkpt lat="57.5001375563442707061767578125" lon="-4.23173180781304836273193359375">
        <ele>39.59999847412109375</ele>
        <time>2026-08-09T14:13:06.000Z</time>
      </trkpt>
      <trkpt lat="57.50006086193025112152099609375" lon="-4.23155528493225574493408203125">
        <ele>40</ele>
        <time>2026-08-09T14:13:08.000Z</time>
      </trkpt>
      <trkpt lat="57.50002230517566204071044921875" lon="-4.23146744258701801300048828125">
        <ele>40.200000762939453125</ele>
        <time>2026-08-09T14:13:09.000Z</time>
      </trkpt>
      <trkpt lat="57.49977034516632556915283203125" lon="-4.2309012450277805328369140625">
        <ele>38.799999237060546875</ele>
        <time>2026-08-09T14:13:15.000Z</time>
      </trkpt>
      <trkpt lat="57.4996819160878658294677734375" lon="-4.230710305273532867431640625">
        <ele>38.200000762939453125</ele>
        <time>2026-08-09T14:13:17.000Z</time>
      </trkpt>
      <trkpt lat="57.4995478056371212005615234375" lon="-4.230425655841827392578125">
        <ele>38.59999847412109375</ele>
        <time>2026-08-09T14:13:20.000Z</time>
      </trkpt>
      <trkpt lat="57.49950145371258258819580078125" lon="-4.230323396623134613037109375">
        <ele>39.40000152587890625</ele>
        <time>2026-08-09T14:13:21.000Z</time>
      </trkpt>
      <trkpt lat="57.499454431235790252685546875" lon="-4.23022004775702953338623046875">
        <ele>39.799999237060546875</ele>
        <time>2026-08-09T14:13:22.000Z</time>
      </trkpt>
      <trkpt lat="57.49940715730190277099609375" lon="-4.23011711798608303070068359375">
        <ele>40</ele>
        <time>2026-08-09T14:13:23.000Z</time>
      </trkpt>
      <trkpt lat="57.49936365522444248199462890625" lon="-4.230015277862548828125">
        <ele>40.200000762939453125</ele>
        <time>2026-08-09T14:13:24.000Z</time>
      </trkpt>
      <trkpt lat="57.49927128665149211883544921875" lon="-4.22981134615838527679443359375">
        <ele>40</ele>
        <time>2026-08-09T14:13:26.000Z</time>
      </trkpt>
      <trkpt lat="57.49895797111093997955322265625" lon="-4.229090251028537750244140625">
        <ele>39.40000152587890625</ele>
        <time>2026-08-09T14:13:33.000Z</time>
      </trkpt>
      <trkpt lat="57.4989094398915767669677734375" lon="-4.228983633220195770263671875">
        <ele>39</ele>
        <time>2026-08-09T14:13:34.000Z</time>
      </trkpt>
      <trkpt lat="57.49886224977672100067138671875" lon="-4.22887542285025119781494140625">
        <ele>38.59999847412109375</ele>
        <time>2026-08-09T14:13:35.000Z</time>
      </trkpt>
      <trkpt lat="57.4986559711396694183349609375" lon="-4.2284285835921764373779296875">
        <ele>37.200000762939453125</ele>
        <time>2026-08-09T14:13:39.000Z</time>
      </trkpt>
      <trkpt lat="57.49855765141546726226806640625" lon="-4.22819732688367366790771484375">
        <ele>36.40000152587890625</ele>
        <time>2026-08-09T14:13:41.000Z</time>
      </trkpt>
      <trkpt lat="57.49850668944418430328369140625" lon="-4.2280829139053821563720703125">
        <ele>36.200000762939453125</ele>
        <time>2026-08-09T14:13:42.000Z</time>
      </trkpt>
      <trkpt lat="57.4983652867376804351806640625" lon="-4.22774889506399631500244140625">
        <ele>35.59999847412109375</ele>
        <time>2026-08-09T14:13:45.000Z</time>
      </trkpt>
      <trkpt lat="57.49811072833836078643798828125" lon="-4.22718043439090251922607421875">
        <ele>36</ele>
        <time>2026-08-09T14:13:50.000Z</time>
      </trkpt>
      <trkpt lat="57.49795918352901935577392578125" lon="-4.22684314660727977752685546875">
        <ele>35.59999847412109375</ele>
        <time>2026-08-09T14:13:53.000Z</time>
      </trkpt>
      <trkpt lat="57.4979069642722606658935546875" lon="-4.226729907095432281494140625">
        <ele>34.59999847412109375</ele>
        <time>2026-08-09T14:13:54.000Z</time>
      </trkpt>
      <trkpt lat="57.49780185520648956298828125" lon="-4.22650317661464214324951171875">
        <ele>33.799999237060546875</ele>
        <time>2026-08-09T14:13:56.000Z</time>
      </trkpt>
      <trkpt lat="57.49774745665490627288818359375" lon="-4.2263850755989551544189453125">
        <ele>33.200000762939453125</ele>
        <time>2026-08-09T14:13:57.000Z</time>
      </trkpt>
      <trkpt lat="57.49769414775073528289794921875" lon="-4.22626848332583904266357421875">
        <ele>33</ele>
        <time>2026-08-09T14:13:58.000Z</time>
      </trkpt>
      <trkpt lat="57.49753019772469997406005859375" lon="-4.22590412199497222900390625">
        <ele>32.40000152587890625</ele>
        <time>2026-08-09T14:14:01.000Z</time>
      </trkpt>
      <trkpt lat="57.49747169204056262969970703125" lon="-4.22578585334122180938720703125">
        <ele>32</ele>
        <time>2026-08-09T14:14:02.000Z</time>
      </trkpt>
      <trkpt lat="57.49730606563389301300048828125" lon="-4.22541218809783458709716796875">
        <ele>30.6000003814697265625</ele>
        <time>2026-08-09T14:14:05.000Z</time>
      </trkpt>
      <trkpt lat="57.497194670140743255615234375" lon="-4.225157797336578369140625">
        <ele>29.6000003814697265625</ele>
        <time>2026-08-09T14:14:07.000Z</time>
      </trkpt>
      <trkpt lat="57.49707371927797794342041015625" lon="-4.22490323893725872039794921875">
        <ele>28</ele>
        <time>2026-08-09T14:14:09.000Z</time>
      </trkpt>
      <trkpt lat="57.4968987889587879180908203125" lon="-4.22451901249587535858154296875">
        <ele>26.6000003814697265625</ele>
        <time>2026-08-09T14:14:12.000Z</time>
      </trkpt>
      <trkpt lat="57.49660399742424488067626953125" lon="-4.22387343831360340118408203125">
        <ele>26.799999237060546875</ele>
        <time>2026-08-09T14:14:17.000Z</time>
      </trkpt>
      <trkpt lat="57.4965477548539638519287109375" lon="-4.22373555600643157958984375">
        <ele>26.6000003814697265625</ele>
        <time>2026-08-09T14:14:18.000Z</time>
      </trkpt>
      <trkpt lat="57.4964810349047183990478515625" lon="-4.2236036248505115509033203125">
        <ele>26.200000762939453125</ele>
        <time>2026-08-09T14:14:19.000Z</time>
      </trkpt>
      <trkpt lat="57.49635958112776279449462890625" lon="-4.22333163209259510040283203125">
        <ele>25.200000762939453125</ele>
        <time>2026-08-09T14:14:21.000Z</time>
      </trkpt>
      <trkpt lat="57.49624106101691722869873046875" lon="-4.22306207008659839630126953125">
        <ele>24.200000762939453125</ele>
        <time>2026-08-09T14:14:23.000Z</time>
      </trkpt>
      <trkpt lat="57.49617970548570156097412109375" lon="-4.22292611561715602874755859375">
        <ele>23.6000003814697265625</ele>
        <time>2026-08-09T14:14:24.000Z</time>
      </trkpt>
      <trkpt lat="57.4960148334503173828125" lon="-4.22255546785891056060791015625">
        <ele>22.3999996185302734375</ele>
        <time>2026-08-09T14:14:27.000Z</time>
      </trkpt>
      <trkpt lat="57.4959647096693515777587890625" lon="-4.222453795373439788818359375">
        <ele>21.6000003814697265625</ele>
        <time>2026-08-09T14:14:28.000Z</time>
      </trkpt>
      <trkpt lat="57.4959144182503223419189453125" lon="-4.22234952449798583984375">
        <ele>20.6000003814697265625</ele>
        <time>2026-08-09T14:14:29.000Z</time>
      </trkpt>
      <trkpt lat="57.495825402438640594482421875" lon="-4.2221470177173614501953125">
        <ele>18.799999237060546875</ele>
        <time>2026-08-09T14:14:31.000Z</time>
      </trkpt>
      <trkpt lat="57.495663464069366455078125" lon="-4.22179229557514190673828125">
        <ele>17.799999237060546875</ele>
        <time>2026-08-09T14:14:35.000Z</time>
      </trkpt>
      <trkpt lat="57.49562163837254047393798828125" lon="-4.22170788981020450592041015625">
        <ele>17.6000003814697265625</ele>
        <time>2026-08-09T14:14:36.000Z</time>
      </trkpt>
      <trkpt lat="57.4954949878156185150146484375" lon="-4.22145794145762920379638671875">
        <ele>16.200000762939453125</ele>
        <time>2026-08-09T14:14:39.000Z</time>
      </trkpt>
      <trkpt lat="57.49535408802330493927001953125" lon="-4.22117010690271854400634765625">
        <ele>16</ele>
        <time>2026-08-09T14:14:43.000Z</time>
      </trkpt>
      <trkpt lat="57.49528921209275722503662109375" lon="-4.22103750519454479217529296875">
        <ele>15.19999980926513671875</ele>
        <time>2026-08-09T14:14:45.000Z</time>
      </trkpt>
      <trkpt lat="57.495221234858036041259765625" lon="-4.2208935879170894622802734375">
        <ele>14</ele>
        <time>2026-08-09T14:14:47.000Z</time>
      </trkpt>
      <trkpt lat="57.49513833783566951751708984375" lon="-4.2207118682563304901123046875">
        <ele>13</ele>
        <time>2026-08-09T14:14:50.000Z</time>
      </trkpt>
      <trkpt lat="57.495105229318141937255859375" lon="-4.22066015191376209259033203125">
        <ele>12.19999980926513671875</ele>
        <time>2026-08-09T14:14:53.000Z</time>
      </trkpt>
      <trkpt lat="57.49509550631046295166015625" lon="-4.22065311111509799957275390625">
        <ele>12</ele>
        <time>2026-08-09T14:14:55.000Z</time>
      </trkpt>
      <trkpt lat="57.49509458430111408233642578125" lon="-4.22064439393579959869384765625">
        <ele>11.80000019073486328125</ele>
        <time>2026-08-09T14:14:56.000Z</time>
      </trkpt>
      <trkpt lat="57.49508888460695743560791015625" lon="-4.220629893243312835693359375">
        <ele>11.6000003814697265625</ele>
        <time>2026-08-09T14:14:57.000Z</time>
      </trkpt>
      <trkpt lat="57.49506600201129913330078125" lon="-4.22058505006134510040283203125">
        <ele>11</ele>
        <time>2026-08-09T14:14:59.000Z</time>
      </trkpt>
      <trkpt lat="57.495048902928829193115234375" lon="-4.22054775059223175048828125">
        <ele>10.80000019073486328125</ele>
        <time>2026-08-09T14:15:00.000Z</time>
      </trkpt>
      <trkpt lat="57.4950266070663928985595703125" lon="-4.22050240449607372283935546875">
        <ele>10.6000003814697265625</ele>
        <time>2026-08-09T14:15:01.000Z</time>
      </trkpt>
      <trkpt lat="57.4948935024440288543701171875" lon="-4.2202426493167877197265625">
        <ele>10</ele>
        <time>2026-08-09T14:15:05.000Z</time>
      </trkpt>
      <trkpt lat="57.49480658210813999176025390625" lon="-4.22006336040794849395751953125">
        <ele>9.6000003814697265625</ele>
        <time>2026-08-09T14:15:07.000Z</time>
      </trkpt>
      <trkpt lat="57.49471588991582393646240234375" lon="-4.2198793776333332061767578125">
        <ele>8.6000003814697265625</ele>
        <time>2026-08-09T14:15:09.000Z</time>
      </trkpt>
      <trkpt lat="57.494625113904476165771484375" lon="-4.21969103626906871795654296875">
        <ele>7.80000019073486328125</ele>
        <time>2026-08-09T14:15:11.000Z</time>
      </trkpt>
      <trkpt lat="57.4945785105228424072265625" lon="-4.2195943929255008697509765625">
        <ele>7.599999904632568359375</ele>
        <time>2026-08-09T14:15:12.000Z</time>
      </trkpt>
      <trkpt lat="57.49432998709380626678466796875" lon="-4.2191226594150066375732421875">
        <ele>6.400000095367431640625</ele>
        <time>2026-08-09T14:15:17.000Z</time>
      </trkpt>
      <trkpt lat="57.49416989274322986602783203125" lon="-4.21884513460099697113037109375">
        <ele>5.80000019073486328125</ele>
        <time>2026-08-09T14:15:20.000Z</time>
      </trkpt>
      <trkpt lat="57.4939406476914882659912109375" lon="-4.218490161001682281494140625">
        <ele>5.400000095367431640625</ele>
        <time>2026-08-09T14:15:24.000Z</time>
      </trkpt>
      <trkpt lat="57.4938236363232135772705078125" lon="-4.21833853237330913543701171875">
        <ele>5.19999980926513671875</ele>
        <time>2026-08-09T14:15:26.000Z</time>
      </trkpt>
      <trkpt lat="57.4936576746404170989990234375" lon="-4.21810417436063289642333984375">
        <ele>5.19999980926513671875</ele>
        <time>2026-08-09T14:15:29.000Z</time>
      </trkpt>
      <trkpt lat="57.49351509846746921539306640625" lon="-4.21786277554929256439208984375">
        <ele>4.80000019073486328125</ele>
        <time>2026-08-09T14:15:32.000Z</time>
      </trkpt>
      <trkpt lat="57.49332466162741184234619140625" lon="-4.21755314804613590240478515625">
        <ele>4.400000095367431640625</ele>
        <time>2026-08-09T14:15:36.000Z</time>
      </trkpt>
      <trkpt lat="57.49327235855162143707275390625" lon="-4.2174801416695117950439453125">
        <ele>4.400000095367431640625</ele>
        <time>2026-08-09T14:15:37.000Z</time>
      </trkpt>
      <trkpt lat="57.4930709414184093475341796875" lon="-4.21714360825717449188232421875">
        <ele>4.400000095367431640625</ele>
        <time>2026-08-09T14:15:41.000Z</time>
      </trkpt>
      <trkpt lat="57.49288737773895263671875" lon="-4.2168052308261394500732421875">
        <ele>3.2000000476837158203125</ele>
        <time>2026-08-09T14:15:45.000Z</time>
      </trkpt>
      <trkpt lat="57.49263550154864788055419921875" lon="-4.21637264080345630645751953125">
        <ele>2.2000000476837158203125</ele>
        <time>2026-08-09T14:15:50.000Z</time>
      </trkpt>
      <trkpt lat="57.4925837852060794830322265625" lon="-4.21629108488559722900390625">
        <ele>2</ele>
        <time>2026-08-09T14:15:51.000Z</time>
      </trkpt>
      <trkpt lat="57.49241958372294902801513671875" lon="-4.2160798609256744384765625">
        <ele>3.7999999523162841796875</ele>
        <time>2026-08-09T14:15:54.000Z</time>
      </trkpt>
      <trkpt lat="57.4923155643045902252197265625" lon="-4.2159382067620754241943359375">
        <ele>5</ele>
        <time>2026-08-09T14:15:56.000Z</time>
      </trkpt>
      <trkpt lat="57.492260746657848358154296875" lon="-4.2158760130405426025390625">
        <ele>5</ele>
        <time>2026-08-09T14:15:57.000Z</time>
      </trkpt>
      <trkpt lat="57.49209486879408359527587890625" lon="-4.21575020067393779754638671875">
        <ele>4.599999904632568359375</ele>
        <time>2026-08-09T14:16:00.000Z</time>
      </trkpt>
      <trkpt lat="57.4920379556715488433837890625" lon="-4.21573762781918048858642578125">
        <ele>4.400000095367431640625</ele>
        <time>2026-08-09T14:16:01.000Z</time>
      </trkpt>
      <trkpt lat="57.49192907474935054779052734375" lon="-4.2157283239066600799560546875">
        <ele>4</ele>
        <time>2026-08-09T14:16:03.000Z</time>
      </trkpt>
      <trkpt lat="57.49176445417106151580810546875" lon="-4.215748608112335205078125">
        <ele>3.400000095367431640625</ele>
        <time>2026-08-09T14:16:06.000Z</time>
      </trkpt>
      <trkpt lat="57.49171047471463680267333984375" lon="-4.21575707383453845977783203125">
        <ele>3.599999904632568359375</ele>
        <time>2026-08-09T14:16:07.000Z</time>
      </trkpt>
      <trkpt lat="57.49154216609895229339599609375" lon="-4.2158111371099948883056640625">
        <ele>4.400000095367431640625</ele>
        <time>2026-08-09T14:16:10.000Z</time>
      </trkpt>
      <trkpt lat="57.4914461933076381683349609375" lon="-4.21593292616307735443115234375">
        <ele>5</ele>
        <time>2026-08-09T14:16:12.000Z</time>
      </trkpt>
      <trkpt lat="57.49124879948794841766357421875" lon="-4.21629552729427814483642578125">
        <ele>5.400000095367431640625</ele>
        <time>2026-08-09T14:16:17.000Z</time>
      </trkpt>
      <trkpt lat="57.49121510423719882965087890625" lon="-4.21636727638542652130126953125">
        <ele>5.599999904632568359375</ele>
        <time>2026-08-09T14:16:18.000Z</time>
      </trkpt>
      <trkpt lat="57.4911457858979701995849609375" lon="-4.21650339849293231964111328125">
        <ele>3.599999904632568359375</ele>
        <time>2026-08-09T14:16:20.000Z</time>
      </trkpt>
      <trkpt lat="57.4910847656428813934326171875" lon="-4.2166456393897533416748046875">
        <ele>1.60000002384185791015625</ele>
        <time>2026-08-09T14:16:22.000Z</time>
      </trkpt>
      <trkpt lat="57.49104763381183147430419921875" lon="-4.21670816838741302490234375">
        <ele>1.2000000476837158203125</ele>
        <time>2026-08-09T14:16:23.000Z</time>
      </trkpt>
      <trkpt lat="57.4909751303493976593017578125" lon="-4.216856025159358978271484375">
        <ele>3.2000000476837158203125</ele>
        <time>2026-08-09T14:16:25.000Z</time>
      </trkpt>
      <trkpt lat="57.49090950004756450653076171875" lon="-4.2169757187366485595703125">
        <ele>4.599999904632568359375</ele>
        <time>2026-08-09T14:16:27.000Z</time>
      </trkpt>
      <trkpt lat="57.4908561073243618011474609375" lon="-4.217075966298580169677734375">
        <ele>4.599999904632568359375</ele>
        <time>2026-08-09T14:16:29.000Z</time>
      </trkpt>
      <trkpt lat="57.4907944165170192718505859375" lon="-4.21720613725483417510986328125">
        <ele>5</ele>
        <time>2026-08-09T14:16:31.000Z</time>
      </trkpt>
      <trkpt lat="57.4907273612916469573974609375" lon="-4.217334128916263580322265625">
        <ele>4.80000019073486328125</ele>
        <time>2026-08-09T14:16:33.000Z</time>
      </trkpt>
      <trkpt lat="57.490690648555755615234375" lon="-4.21739372424781322479248046875">
        <ele>4.599999904632568359375</ele>
        <time>2026-08-09T14:16:34.000Z</time>
      </trkpt>
      <trkpt lat="57.49050934799015522003173828125" lon="-4.2176705785095691680908203125">
        <ele>4.80000019073486328125</ele>
        <time>2026-08-09T14:16:39.000Z</time>
      </trkpt>
      <trkpt lat="57.49043994583189487457275390625" lon="-4.217765629291534423828125">
        <ele>4.400000095367431640625</ele>
        <time>2026-08-09T14:16:41.000Z</time>
      </trkpt>
      <trkpt lat="57.4903567135334014892578125" lon="-4.21788171865046024322509765625">
        <ele>4.19999980926513671875</ele>
        <time>2026-08-09T14:16:44.000Z</time>
      </trkpt>
      <trkpt lat="57.49035310931503772735595703125" lon="-4.2178583331406116485595703125">
        <ele>3.7999999523162841796875</ele>
        <time>2026-08-09T14:16:47.000Z</time>
      </trkpt>
      <trkpt lat="57.49036543071269989013671875" lon="-4.217862524092197418212890625">
        <ele>3.7999999523162841796875</ele>
        <time>2026-08-09T14:16:55.000Z</time>
      </trkpt>
      <trkpt lat="57.490353696048259735107421875" lon="-4.2178556509315967559814453125">
        <ele>3.7999999523162841796875</ele>
        <time>2026-08-09T14:16:56.000Z</time>
      </trkpt>
      <trkpt lat="57.49032377265393733978271484375" lon="-4.21780343167483806610107421875">
        <ele>3.599999904632568359375</ele>
        <time>2026-08-09T14:16:58.000Z</time>
      </trkpt>
      <trkpt lat="57.490311451256275177001953125" lon="-4.21776085160672664642333984375">
        <ele>3.599999904632568359375</ele>
        <time>2026-08-09T14:16:59.000Z</time>
      </trkpt>
      <trkpt lat="57.490320838987827301025390625" lon="-4.2177020944654941558837890625">
        <ele>3</ele>
        <time>2026-08-09T14:17:01.000Z</time>
      </trkpt>
      <trkpt lat="57.490332908928394317626953125" lon="-4.21766026876866817474365234375">
        <ele>2.7999999523162841796875</ele>
        <time>2026-08-09T14:17:02.000Z</time>
      </trkpt>
      <trkpt lat="57.4903267063200473785400390625" lon="-4.2176072113215923309326171875">
        <ele>2.400000095367431640625</ele>
        <time>2026-08-09T14:17:03.000Z</time>
      </trkpt>
      <trkpt lat="57.49027800746262073516845703125" lon="-4.217529259622097015380859375">
        <ele>2.2000000476837158203125</ele>
        <time>2026-08-09T14:17:05.000Z</time>
      </trkpt>
      <trkpt lat="57.4902160651981830596923828125" lon="-4.217605702579021453857421875">
        <ele>2.400000095367431640625</ele>
        <time>2026-08-09T14:17:08.000Z</time>
      </trkpt>
      <trkpt lat="57.490074075758457183837890625" lon="-4.21779437921941280364990234375">
        <ele>1.60000002384185791015625</ele>
        <time>2026-08-09T14:17:15.000Z</time>
      </trkpt>
      <trkpt lat="57.4900484271347522735595703125" lon="-4.21783092431724071502685546875">
        <ele>1.39999997615814208984375</ele>
        <time>2026-08-09T14:17:16.000Z</time>
      </trkpt>
      <trkpt lat="57.49002185650169849395751953125" lon="-4.21783293597400188446044921875">
        <ele>1.2000000476837158203125</ele>
        <time>2026-08-09T14:17:17.000Z</time>
      </trkpt>
      <trkpt lat="57.4900080263614654541015625" lon="-4.21775959432125091552734375">
        <ele>1.39999997615814208984375</ele>
        <time>2026-08-09T14:17:19.000Z</time>
      </trkpt>
      <trkpt lat="57.48994893394410610198974609375" lon="-4.21749765984714031219482421875">
        <ele>1.2000000476837158203125</ele>
        <time>2026-08-09T14:17:24.000Z</time>
      </trkpt>
      <trkpt lat="57.48992127366364002227783203125" lon="-4.2174707539379596710205078125">
        <ele>1</ele>
        <time>2026-08-09T14:17:25.000Z</time>
      </trkpt>
      <trkpt lat="57.48984198085963726043701171875" lon="-4.21735458076000213623046875">
        <ele>0.60000002384185791015625</ele>
        <time>2026-08-09T14:17:28.000Z</time>
      </trkpt>
      <trkpt lat="57.48966964893043041229248046875" lon="-4.21711510978639125823974609375">
        <ele>0.60000002384185791015625</ele>
        <time>2026-08-09T14:17:33.000Z</time>
      </trkpt>
      <trkpt lat="57.4895198643207550048828125" lon="-4.2168551869690418243408203125">
        <ele>0.60000002384185791015625</ele>
        <time>2026-08-09T14:17:38.000Z</time>
      </trkpt>
      <trkpt lat="57.48951424844563007354736328125" lon="-4.21670624054968357086181640625">
        <ele>0.4000000059604644775390625</ele>
        <time>2026-08-09T14:17:40.000Z</time>
      </trkpt>
      <trkpt lat="57.4895150028169155120849609375" lon="-4.2166335694491863250732421875">
        <ele>0.20000000298023223876953125</ele>
        <time>2026-08-09T14:17:41.000Z</time>
      </trkpt>
      <trkpt lat="57.48951257206499576568603515625" lon="-4.21655260026454925537109375">
        <ele>0.20000000298023223876953125</ele>
        <time>2026-08-09T14:17:42.000Z</time>
      </trkpt>
      <trkpt lat="57.489505112171173095703125" lon="-4.216395355761051177978515625">
        <ele>0.4000000059604644775390625</ele>
        <time>2026-08-09T14:17:44.000Z</time>
      </trkpt>
      <trkpt lat="57.48953570611774921417236328125" lon="-4.2162614129483699798583984375">
        <ele>0.60000002384185791015625</ele>
        <time>2026-08-09T14:17:46.000Z</time>
      </trkpt>
      <trkpt lat="57.48965372331440448760986328125" lon="-4.21598187647759914398193359375">
        <ele>-0.800000011920928955078125</ele>
        <time>2026-08-09T14:17:50.000Z</time>
      </trkpt>
      <trkpt lat="57.48968842439353466033935546875" lon="-4.215901829302310943603515625">
        <ele>-1.2000000476837158203125</ele>
        <time>2026-08-09T14:17:51.000Z</time>
      </trkpt>
      <trkpt lat="57.4897996522486209869384765625" lon="-4.21566747128963470458984375">
        <ele>-1</ele>
        <time>2026-08-09T14:17:54.000Z</time>
      </trkpt>
      <trkpt lat="57.4898556433618068695068359375" lon="-4.2154909484088420867919921875">
        <ele>-0.60000002384185791015625</ele>
        <time>2026-08-09T14:17:56.000Z</time>
      </trkpt>
      <trkpt lat="57.489863522350788116455078125" lon="-4.21539497561752796173095703125">
        <ele>-0.60000002384185791015625</ele>
        <time>2026-08-09T14:17:57.000Z</time>
      </trkpt>
      <trkpt lat="57.48985824175179004669189453125" lon="-4.21530730091035366058349609375">
        <ele>-0.4000000059604644775390625</ele>
        <time>2026-08-09T14:17:58.000Z</time>
      </trkpt>
      <trkpt lat="57.4898170866072177886962890625" lon="-4.21514368616044521331787109375">
        <ele>0</ele>
        <time>2026-08-09T14:18:00.000Z</time>
      </trkpt>
      <trkpt lat="57.48973838053643703460693359375" lon="-4.2150104977190494537353515625">
        <ele>0.800000011920928955078125</ele>
        <time>2026-08-09T14:18:02.000Z</time>
      </trkpt>
      <trkpt lat="57.48965824954211711883544921875" lon="-4.2148891277611255645751953125">
        <ele>1</ele>
        <time>2026-08-09T14:18:04.000Z</time>
      </trkpt>
      <trkpt lat="57.48938432894647121429443359375" lon="-4.2144760675728321075439453125">
        <ele>1</ele>
        <time>2026-08-09T14:18:11.000Z</time>
      </trkpt>
      <trkpt lat="57.4891327880322933197021484375" lon="-4.2140435613691806793212890625">
        <ele>1.39999997615814208984375</ele>
        <time>2026-08-09T14:18:17.000Z</time>
      </trkpt>
      <trkpt lat="57.4890907108783721923828125" lon="-4.213977344334125518798828125">
        <ele>1.39999997615814208984375</ele>
        <time>2026-08-09T14:18:18.000Z</time>
      </trkpt>
      <trkpt lat="57.489046789705753326416015625" lon="-4.21391062438488006591796875">
        <ele>1</ele>
        <time>2026-08-09T14:18:19.000Z</time>
      </trkpt>
      <trkpt lat="57.48896372504532337188720703125" lon="-4.2137716524302959442138671875">
        <ele>0.4000000059604644775390625</ele>
        <time>2026-08-09T14:18:21.000Z</time>
      </trkpt>
      <trkpt lat="57.48887412250041961669921875" lon="-4.21364047564566135406494140625">
        <ele>-0.4000000059604644775390625</ele>
        <time>2026-08-09T14:18:23.000Z</time>
      </trkpt>
      <trkpt lat="57.48874026350677013397216796875" lon="-4.21346093527972698211669921875">
        <ele>-0.20000000298023223876953125</ele>
        <time>2026-08-09T14:18:26.000Z</time>
      </trkpt>
      <trkpt lat="57.48857907950878143310546875" lon="-4.213204868137836456298828125">
        <ele>0</ele>
        <time>2026-08-09T14:18:30.000Z</time>
      </trkpt>
      <trkpt lat="57.4884903989732265472412109375" lon="-4.2130749486386775970458984375">
        <ele>0.4000000059604644775390625</ele>
        <time>2026-08-09T14:18:32.000Z</time>
      </trkpt>
      <trkpt lat="57.488383948802947998046875" lon="-4.21297713182866573333740234375">
        <ele>1</ele>
        <time>2026-08-09T14:18:34.000Z</time>
      </trkpt>
      <trkpt lat="57.4883324839174747467041015625" lon="-4.21294427476823329925537109375">
        <ele>1</ele>
        <time>2026-08-09T14:18:35.000Z</time>
      </trkpt>
      <trkpt lat="57.488277666270732879638671875" lon="-4.21292181126773357391357421875">
        <ele>1.2000000476837158203125</ele>
        <time>2026-08-09T14:18:36.000Z</time>
      </trkpt>
      <trkpt lat="57.4881635047495365142822265625" lon="-4.212913177907466888427734375">
        <ele>1.2000000476837158203125</ele>
        <time>2026-08-09T14:18:38.000Z</time>
      </trkpt>
      <trkpt lat="57.48810625635087490081787109375" lon="-4.2129247449338436126708984375">
        <ele>1.2000000476837158203125</ele>
        <time>2026-08-09T14:18:39.000Z</time>
      </trkpt>
      <trkpt lat="57.48805227689445018768310546875" lon="-4.2129468731582164764404296875">
        <ele>1.2000000476837158203125</ele>
        <time>2026-08-09T14:18:40.000Z</time>
      </trkpt>
      <trkpt lat="57.48789905570447444915771484375" lon="-4.21305122785270214080810546875">
        <ele>0.60000002384185791015625</ele>
        <time>2026-08-09T14:18:43.000Z</time>
      </trkpt>
      <trkpt lat="57.48775689862668514251708984375" lon="-4.21319254674017429351806640625">
        <ele>2</ele>
        <time>2026-08-09T14:18:46.000Z</time>
      </trkpt>
      <trkpt lat="57.48770534992218017578125" lon="-4.2132372222840785980224609375">
        <ele>3.400000095367431640625</ele>
        <time>2026-08-09T14:18:47.000Z</time>
      </trkpt>
      <trkpt lat="57.4874947965145111083984375" lon="-4.21339337714016437530517578125">
        <ele>2.599999904632568359375</ele>
        <time>2026-08-09T14:18:51.000Z</time>
      </trkpt>
      <trkpt lat="57.48744844458997249603271484375" lon="-4.21343989670276641845703125">
        <ele>0.60000002384185791015625</ele>
        <time>2026-08-09T14:18:52.000Z</time>
      </trkpt>
      <trkpt lat="57.4874054454267024993896484375" lon="-4.213489852845668792724609375">
        <ele>-0.60000002384185791015625</ele>
        <time>2026-08-09T14:18:53.000Z</time>
      </trkpt>
      <trkpt lat="57.48735724948346614837646484375" lon="-4.2135263979434967041015625">
        <ele>-1.7999999523162841796875</ele>
        <time>2026-08-09T14:18:54.000Z</time>
      </trkpt>
      <trkpt lat="57.4871734343469142913818359375" lon="-4.213667213916778564453125">
        <ele>-3</ele>
        <time>2026-08-09T14:18:58.000Z</time>
      </trkpt>
      <trkpt lat="57.4870825745165348052978515625" lon="-4.21375094912946224212646484375">
        <ele>-3</ele>
        <time>2026-08-09T14:19:00.000Z</time>
      </trkpt>
      <trkpt lat="57.48698358424007892608642578125" lon="-4.21383309178054332733154296875">
        <ele>-2</ele>
        <time>2026-08-09T14:19:02.000Z</time>
      </trkpt>
      <trkpt lat="57.48693781904876232147216796875" lon="-4.2138849757611751556396484375">
        <ele>-1.39999997615814208984375</ele>
        <time>2026-08-09T14:19:03.000Z</time>
      </trkpt>
      <trkpt lat="57.486852072179317474365234375" lon="-4.2139573954045772552490234375">
        <ele>-1</ele>
        <time>2026-08-09T14:19:05.000Z</time>
      </trkpt>
      <trkpt lat="57.48680572025477886199951171875" lon="-4.21400927938520908355712890625">
        <ele>-0.20000000298023223876953125</ele>
        <time>2026-08-09T14:19:06.000Z</time>
      </trkpt>
      <trkpt lat="57.48676163144409656524658203125" lon="-4.21406082808971405029296875">
        <ele>1.39999997615814208984375</ele>
        <time>2026-08-09T14:19:07.000Z</time>
      </trkpt>
      <trkpt lat="57.48671854846179485321044921875" lon="-4.21410198323428630828857421875">
        <ele>2.599999904632568359375</ele>
        <time>2026-08-09T14:19:08.000Z</time>
      </trkpt>
      <trkpt lat="57.486675716936588287353515625" lon="-4.21412930823862552642822265625">
        <ele>3.400000095367431640625</ele>
        <time>2026-08-09T14:19:09.000Z</time>
      </trkpt>
      <trkpt lat="57.4865877069532871246337890625" lon="-4.214100725948810577392578125">
        <ele>3</ele>
        <time>2026-08-09T14:19:11.000Z</time>
      </trkpt>
      <trkpt lat="57.4865307100117206573486328125" lon="-4.2139748297631740570068359375">
        <ele>1.39999997615814208984375</ele>
        <time>2026-08-09T14:19:13.000Z</time>
      </trkpt>
      <trkpt lat="57.4865166284143924713134765625" lon="-4.2138906754553318023681640625">
        <ele>1</ele>
        <time>2026-08-09T14:19:14.000Z</time>
      </trkpt>
      <trkpt lat="57.48639349825680255889892578125" lon="-4.21338650397956371307373046875">
        <ele>1</ele>
        <time>2026-08-09T14:19:20.000Z</time>
      </trkpt>
      <trkpt lat="57.48632292263209819793701171875" lon="-4.21312515623867511749267578125">
        <ele>1.39999997615814208984375</ele>
        <time>2026-08-09T14:19:23.000Z</time>
      </trkpt>
      <trkpt lat="57.4862475693225860595703125" lon="-4.21285383403301239013671875">
        <ele>1.2000000476837158203125</ele>
        <time>2026-08-09T14:19:26.000Z</time>
      </trkpt>
      <trkpt lat="57.48619518242776393890380859375" lon="-4.2126695998013019561767578125">
        <ele>0.800000011920928955078125</ele>
        <time>2026-08-09T14:19:28.000Z</time>
      </trkpt>
      <trkpt lat="57.48611220158636569976806640625" lon="-4.212387464940547943115234375">
        <ele>1</ele>
        <time>2026-08-09T14:19:31.000Z</time>
      </trkpt>
      <trkpt lat="57.486083619296550750732421875" lon="-4.212290234863758087158203125">
        <ele>0.800000011920928955078125</ele>
        <time>2026-08-09T14:19:32.000Z</time>
      </trkpt>
      <trkpt lat="57.4858668632805347442626953125" lon="-4.21152052469551563262939453125">
        <ele>2.7999999523162841796875</ele>
        <time>2026-08-09T14:19:40.000Z</time>
      </trkpt>
      <trkpt lat="57.48572378419339656829833984375" lon="-4.2109596915543079376220703125">
        <ele>3.7999999523162841796875</ele>
        <time>2026-08-09T14:19:46.000Z</time>
      </trkpt>
      <trkpt lat="57.4855265580117702484130859375" lon="-4.21023197472095489501953125">
        <ele>3</ele>
        <time>2026-08-09T14:19:54.000Z</time>
      </trkpt>
      <trkpt lat="57.485444582998752593994140625" lon="-4.21009157784283161163330078125">
        <ele>2.7999999523162841796875</ele>
        <time>2026-08-09T14:19:56.000Z</time>
      </trkpt>
      <trkpt lat="57.48534626327455043792724609375" lon="-4.2099974490702152252197265625">
        <ele>2.599999904632568359375</ele>
        <time>2026-08-09T14:19:58.000Z</time>
      </trkpt>
      <trkpt lat="57.48523696325719356536865234375" lon="-4.209952019155025482177734375">
        <ele>3</ele>
        <time>2026-08-09T14:20:00.000Z</time>
      </trkpt>
      <trkpt lat="57.4851433373987674713134765625" lon="-4.2099112831056118011474609375">
        <ele>3</ele>
        <time>2026-08-09T14:20:02.000Z</time>
      </trkpt>
      <trkpt lat="57.4850839935243129730224609375" lon="-4.20990449376404285430908203125">
        <ele>3.2000000476837158203125</ele>
        <time>2026-08-09T14:20:03.000Z</time>
      </trkpt>
      <trkpt lat="57.48498617671430110931396484375" lon="-4.2099307291209697723388671875">
        <ele>2.7999999523162841796875</ele>
        <time>2026-08-09T14:20:05.000Z</time>
      </trkpt>
      <trkpt lat="57.4849421717226505279541015625" lon="-4.20992041938006877899169921875">
        <ele>2.7999999523162841796875</ele>
        <time>2026-08-09T14:20:06.000Z</time>
      </trkpt>
      <trkpt lat="57.48483697883784770965576171875" lon="-4.2099210061132907867431640625">
        <ele>2</ele>
        <time>2026-08-09T14:20:09.000Z</time>
      </trkpt>
      <trkpt lat="57.48477998189628124237060546875" lon="-4.20992352068424224853515625">
        <ele>1.7999999523162841796875</ele>
        <time>2026-08-09T14:20:13.000Z</time>
      </trkpt>
      <trkpt lat="57.48469012789428234100341796875" lon="-4.2098894901573657989501953125">
        <ele>1.7999999523162841796875</ele>
        <time>2026-08-09T14:20:16.000Z</time>
      </trkpt>
      <trkpt lat="57.484669424593448638916015625" lon="-4.20983232557773590087890625">
        <ele>1.7999999523162841796875</ele>
        <time>2026-08-09T14:20:17.000Z</time>
      </trkpt>
      <trkpt lat="57.48466313816606998443603515625" lon="-4.20975579880177974700927734375">
        <ele>1.39999997615814208984375</ele>
        <time>2026-08-09T14:20:18.000Z</time>
      </trkpt>
      <trkpt lat="57.48466112650930881500244140625" lon="-4.2095830477774143218994140625">
        <ele>1.2000000476837158203125</ele>
        <time>2026-08-09T14:20:20.000Z</time>
      </trkpt>
      <trkpt lat="57.4846534989774227142333984375" lon="-4.20902774669229984283447265625">
        <ele>1</ele>
        <time>2026-08-09T14:20:25.000Z</time>
      </trkpt>
      <trkpt lat="57.4846491403877735137939453125" lon="-4.20858216471970081329345703125">
        <ele>0.4000000059604644775390625</ele>
        <time>2026-08-09T14:20:29.000Z</time>
      </trkpt>
      <trkpt lat="57.484641261398792266845703125" lon="-4.208241440355777740478515625">
        <ele>-0.20000000298023223876953125</ele>
        <time>2026-08-09T14:20:32.000Z</time>
      </trkpt>
      <trkpt lat="57.484623827040195465087890625" lon="-4.20731800608336925506591796875">
        <ele>0</ele>
        <time>2026-08-09T14:20:40.000Z</time>
      </trkpt>
      <trkpt lat="57.4846313707530498504638671875" lon="-4.2067627049982547760009765625">
        <ele>1.2000000476837158203125</ele>
        <time>2026-08-09T14:20:45.000Z</time>
      </trkpt>
      <trkpt lat="57.48464100994169712066650390625" lon="-4.20664586126804351806640625">
        <ele>1.60000002384185791015625</ele>
        <time>2026-08-09T14:20:46.000Z</time>
      </trkpt>
      <trkpt lat="57.48464771546423435211181640625" lon="-4.206177480518817901611328125">
        <ele>2.2000000476837158203125</ele>
        <time>2026-08-09T14:20:50.000Z</time>
      </trkpt>
      <trkpt lat="57.4846477992832660675048828125" lon="-4.20584010891616344451904296875">
        <ele>2.2000000476837158203125</ele>
        <time>2026-08-09T14:20:53.000Z</time>
      </trkpt>
      <trkpt lat="57.4846431054174900054931640625" lon="-4.20497626997530460357666015625">
        <ele>2.2000000476837158203125</ele>
        <time>2026-08-09T14:21:01.000Z</time>
      </trkpt>
      <trkpt lat="57.48463153839111328125" lon="-4.204116202890872955322265625">
        <ele>1.7999999523162841796875</ele>
        <time>2026-08-09T14:21:09.000Z</time>
      </trkpt>
      <trkpt lat="57.48461368493735790252685546875" lon="-4.2034278810024261474609375">
        <ele>1.7999999523162841796875</ele>
        <time>2026-08-09T14:21:15.000Z</time>
      </trkpt>
      <trkpt lat="57.48462005518376827239990234375" lon="-4.203077852725982666015625">
        <ele>2</ele>
        <time>2026-08-09T14:21:18.000Z</time>
      </trkpt>
      <trkpt lat="57.48461720533668994903564453125" lon="-4.20284139923751354217529296875">
        <ele>2</ele>
        <time>2026-08-09T14:21:20.000Z</time>
      </trkpt>
      <trkpt lat="57.4846075661480426788330078125" lon="-4.20248684473335742950439453125">
        <ele>2.7999999523162841796875</ele>
        <time>2026-08-09T14:21:23.000Z</time>
      </trkpt>
      <trkpt lat="57.4845572747290134429931640625" lon="-4.20203271321952342987060546875">
        <ele>2.2000000476837158203125</ele>
        <time>2026-08-09T14:21:27.000Z</time>
      </trkpt>
      <trkpt lat="57.484537661075592041015625" lon="-4.20192291028797626495361328125">
        <ele>1.7999999523162841796875</ele>
        <time>2026-08-09T14:21:28.000Z</time>
      </trkpt>
      <trkpt lat="57.48448996804654598236083984375" lon="-4.20170925557613372802734375">
        <ele>1.60000002384185791015625</ele>
        <time>2026-08-09T14:21:30.000Z</time>
      </trkpt>
      <trkpt lat="57.484287880361080169677734375" lon="-4.20110709965229034423828125">
        <ele>1.39999997615814208984375</ele>
        <time>2026-08-09T14:21:36.000Z</time>
      </trkpt>
      <trkpt lat="57.4839839525520801544189453125" lon="-4.200591780245304107666015625">
        <ele>1.60000002384185791015625</ele>
        <time>2026-08-09T14:21:42.000Z</time>
      </trkpt>
      <trkpt lat="57.48380466364324092864990234375" lon="-4.2003857530653476715087890625">
        <ele>1.39999997615814208984375</ele>
        <time>2026-08-09T14:21:45.000Z</time>
      </trkpt>
      <trkpt lat="57.48367600142955780029296875" lon="-4.200274609029293060302734375">
        <ele>1.2000000476837158203125</ele>
        <time>2026-08-09T14:21:47.000Z</time>
      </trkpt>
      <trkpt lat="57.48333125375211238861083984375" lon="-4.2001808993518352508544921875">
        <ele>1.39999997615814208984375</ele>
        <time>2026-08-09T14:21:52.000Z</time>
      </trkpt>
      <trkpt lat="57.48320150189101696014404296875" lon="-4.20026714913547039031982421875">
        <ele>2</ele>
        <time>2026-08-09T14:21:54.000Z</time>
      </trkpt>
      <trkpt lat="57.48314634896814823150634765625" lon="-4.20033806003630161285400390625">
        <ele>2.2000000476837158203125</ele>
        <time>2026-08-09T14:21:55.000Z</time>
      </trkpt>
      <trkpt lat="57.48297862708568572998046875" lon="-4.2004774510860443115234375">
        <ele>2.2000000476837158203125</ele>
        <time>2026-08-09T14:21:58.000Z</time>
      </trkpt>
      <trkpt lat="57.48292959295213222503662109375" lon="-4.20050284825265407562255859375">
        <ele>2.400000095367431640625</ele>
        <time>2026-08-09T14:21:59.000Z</time>
      </trkpt>
      <trkpt lat="57.482710741460323333740234375" lon="-4.20061902143061161041259765625">
        <ele>2.7999999523162841796875</ele>
        <time>2026-08-09T14:22:04.000Z</time>
      </trkpt>
      <trkpt lat="57.48261108063161373138427734375" lon="-4.20052598230540752410888671875">
        <ele>2.599999904632568359375</ele>
        <time>2026-08-09T14:22:08.000Z</time>
      </trkpt>
      <trkpt lat="57.48243011534214019775390625" lon="-4.20037577860057353973388671875">
        <ele>2.400000095367431640625</ele>
        <time>2026-08-09T14:22:12.000Z</time>
      </trkpt>
      <trkpt lat="57.48231084086000919342041015625" lon="-4.20042204670608043670654296875">
        <ele>2.400000095367431640625</ele>
        <time>2026-08-09T14:22:14.000Z</time>
      </trkpt>
      <trkpt lat="57.48226650059223175048828125" lon="-4.200489856302738189697265625">
        <ele>2.400000095367431640625</ele>
        <time>2026-08-09T14:22:15.000Z</time>
      </trkpt>
      <trkpt lat="57.48223565518856048583984375" lon="-4.2005480267107486724853515625">
        <ele>2.599999904632568359375</ele>
        <time>2026-08-09T14:22:16.000Z</time>
      </trkpt>
      <trkpt lat="57.4822224117815494537353515625" lon="-4.20073024928569793701171875">
        <ele>3.2000000476837158203125</ele>
        <time>2026-08-09T14:22:18.000Z</time>
      </trkpt>
      <trkpt lat="57.4822591245174407958984375" lon="-4.200917668640613555908203125">
        <ele>4</ele>
        <time>2026-08-09T14:22:20.000Z</time>
      </trkpt>
      <trkpt lat="57.48229189775884151458740234375" lon="-4.2010093666613101959228515625">
        <ele>4.19999980926513671875</ele>
        <time>2026-08-09T14:22:21.000Z</time>
      </trkpt>
      <trkpt lat="57.48233330436050891876220703125" lon="-4.20110332779586315155029296875">
        <ele>4.19999980926513671875</ele>
        <time>2026-08-09T14:22:22.000Z</time>
      </trkpt>
      <trkpt lat="57.48246909119188785552978515625" lon="-4.2013687826693058013916015625">
        <ele>3.7999999523162841796875</ele>
        <time>2026-08-09T14:22:25.000Z</time>
      </trkpt>
      <trkpt lat="57.48251452110707759857177734375" lon="-4.20159048400819301605224609375">
        <ele>3.7999999523162841796875</ele>
        <time>2026-08-09T14:22:27.000Z</time>
      </trkpt>
      <trkpt lat="57.48252524994313716888427734375" lon="-4.2017255164682865142822265625">
        <ele>3.7999999523162841796875</ele>
        <time>2026-08-09T14:22:28.000Z</time>
      </trkpt>
      <trkpt lat="57.48254687525331974029541015625" lon="-4.20208049006760120391845703125">
        <ele>4.400000095367431640625</ele>
        <time>2026-08-09T14:22:31.000Z</time>
      </trkpt>
      <trkpt lat="57.4825603701174259185791015625" lon="-4.20227964408695697784423828125">
        <ele>4.599999904632568359375</ele>
        <time>2026-08-09T14:22:33.000Z</time>
      </trkpt>
      <trkpt lat="57.48256154358386993408203125" lon="-4.20238207094371318817138671875">
        <ele>5.19999980926513671875</ele>
        <time>2026-08-09T14:22:34.000Z</time>
      </trkpt>
      <trkpt lat="57.48257135041058063507080078125" lon="-4.20279580168426036834716796875">
        <ele>5.400000095367431640625</ele>
        <time>2026-08-09T14:22:38.000Z</time>
      </trkpt>
      <trkpt lat="57.48257839120924472808837890625" lon="-4.20320483855903148651123046875">
        <ele>5.19999980926513671875</ele>
        <time>2026-08-09T14:22:42.000Z</time>
      </trkpt>
      <trkpt lat="57.482573278248310089111328125" lon="-4.20330542139708995819091796875">
        <ele>5.400000095367431640625</ele>
        <time>2026-08-09T14:22:43.000Z</time>
      </trkpt>
      <trkpt lat="57.4825724400579929351806640625" lon="-4.2034109495580196380615234375">
        <ele>5.599999904632568359375</ele>
        <time>2026-08-09T14:22:44.000Z</time>
      </trkpt>
      <trkpt lat="57.48256833292543888092041015625" lon="-4.2035162262618541717529296875">
        <ele>5.80000019073486328125</ele>
        <time>2026-08-09T14:22:45.000Z</time>
      </trkpt>
      <trkpt lat="57.4825670756399631500244140625" lon="-4.2037229239940643310546875">
        <ele>6</ele>
        <time>2026-08-09T14:22:47.000Z</time>
      </trkpt>
      <trkpt lat="57.48255793936550617218017578125" lon="-4.20403498224914073944091796875">
        <ele>6</ele>
        <time>2026-08-09T14:22:50.000Z</time>
      </trkpt>
      <trkpt lat="57.48254888691008090972900390625" lon="-4.20424201525747776031494140625">
        <ele>6.19999980926513671875</ele>
        <time>2026-08-09T14:22:52.000Z</time>
      </trkpt>
      <trkpt lat="57.4825402535498142242431640625" lon="-4.20434863306581974029541015625">
        <ele>6.19999980926513671875</ele>
        <time>2026-08-09T14:22:53.000Z</time>
      </trkpt>
      <trkpt lat="57.48252994380891323089599609375" lon="-4.2045562528073787689208984375">
        <ele>6.19999980926513671875</ele>
        <time>2026-08-09T14:22:55.000Z</time>
      </trkpt>
      <trkpt lat="57.48249893076717853546142578125" lon="-4.20509018003940582275390625">
        <ele>6.19999980926513671875</ele>
        <time>2026-08-09T14:23:00.000Z</time>
      </trkpt>
      <trkpt lat="57.48249256052076816558837890625" lon="-4.20520643703639507293701171875">
        <ele>6.19999980926513671875</ele>
        <time>2026-08-09T14:23:01.000Z</time>
      </trkpt>
      <trkpt lat="57.48243816196918487548828125" lon="-4.20598804950714111328125">
        <ele>6.400000095367431640625</ele>
        <time>2026-08-09T14:23:08.000Z</time>
      </trkpt>
      <trkpt lat="57.4824172072112560272216796875" lon="-4.2063060589134693145751953125">
        <ele>7.400000095367431640625</ele>
        <time>2026-08-09T14:23:11.000Z</time>
      </trkpt>
      <trkpt lat="57.48238678090274333953857421875" lon="-4.20669506303966045379638671875">
        <ele>8</ele>
        <time>2026-08-09T14:23:15.000Z</time>
      </trkpt>
      <trkpt lat="57.48236297629773616790771484375" lon="-4.2067808099091053009033203125">
        <ele>7.599999904632568359375</ele>
        <time>2026-08-09T14:23:16.000Z</time>
      </trkpt>
      <trkpt lat="57.48228535987436771392822265625" lon="-4.20687560923397541046142578125">
        <ele>7</ele>
        <time>2026-08-09T14:23:18.000Z</time>
      </trkpt>
      <trkpt lat="57.4822505749762058258056640625" lon="-4.2069340310990810394287109375">
        <ele>6.80000019073486328125</ele>
        <time>2026-08-09T14:23:19.000Z</time>
      </trkpt>
      <trkpt lat="57.48222350142896175384521484375" lon="-4.20700351707637310028076171875">
        <ele>6.400000095367431640625</ele>
        <time>2026-08-09T14:23:20.000Z</time>
      </trkpt>
      <trkpt lat="57.482205145061016082763671875" lon="-4.2070788703858852386474609375">
        <ele>6.400000095367431640625</ele>
        <time>2026-08-09T14:23:21.000Z</time>
      </trkpt>
      <trkpt lat="57.48219315893948078155517578125" lon="-4.2071576602756977081298828125">
        <ele>6.599999904632568359375</ele>
        <time>2026-08-09T14:23:22.000Z</time>
      </trkpt>
      <trkpt lat="57.48216030187904834747314453125" lon="-4.2074218578636646270751953125">
        <ele>7.19999980926513671875</ele>
        <time>2026-08-09T14:23:25.000Z</time>
      </trkpt>
      <trkpt lat="57.48213708400726318359375" lon="-4.20769468881189823150634765625">
        <ele>7.400000095367431640625</ele>
        <time>2026-08-09T14:23:28.000Z</time>
      </trkpt>
      <trkpt lat="57.4821302108466625213623046875" lon="-4.208339340984821319580078125">
        <ele>6.80000019073486328125</ele>
        <time>2026-08-09T14:23:35.000Z</time>
      </trkpt>
      <trkpt lat="57.482126019895076751708984375" lon="-4.20843514613807201385498046875">
        <ele>6.80000019073486328125</ele>
        <time>2026-08-09T14:23:36.000Z</time>
      </trkpt>
      <trkpt lat="57.48211537487804889678955078125" lon="-4.20904107391834259033203125">
        <ele>6.80000019073486328125</ele>
        <time>2026-08-09T14:23:43.000Z</time>
      </trkpt>
      <trkpt lat="57.48210984282195568084716796875" lon="-4.2092940397560596466064453125">
        <ele>6.599999904632568359375</ele>
        <time>2026-08-09T14:23:46.000Z</time>
      </trkpt>
      <trkpt lat="57.48210825026035308837890625" lon="-4.20953468419611454010009765625">
        <ele>6.599999904632568359375</ele>
        <time>2026-08-09T14:23:49.000Z</time>
      </trkpt>
      <trkpt lat="57.4821043945848941802978515625" lon="-4.20969553291797637939453125">
        <ele>6.400000095367431640625</ele>
        <time>2026-08-09T14:23:51.000Z</time>
      </trkpt>
      <trkpt lat="57.48208520002663135528564453125" lon="-4.2100997082889080047607421875">
        <ele>6.400000095367431640625</ele>
        <time>2026-08-09T14:23:56.000Z</time>
      </trkpt>
      <trkpt lat="57.48207606375217437744140625" lon="-4.21024697832763195037841796875">
        <ele>6.599999904632568359375</ele>
        <time>2026-08-09T14:23:58.000Z</time>
      </trkpt>
      <trkpt lat="57.48204748146235942840576171875" lon="-4.21046800911426544189453125">
        <ele>7</ele>
        <time>2026-08-09T14:24:01.000Z</time>
      </trkpt>
      <trkpt lat="57.482051588594913482666015625" lon="-4.210550151765346527099609375">
        <ele>7.19999980926513671875</ele>
        <time>2026-08-09T14:24:02.000Z</time>
      </trkpt>
      <trkpt lat="57.48203608207404613494873046875" lon="-4.21081208623945713043212890625">
        <ele>7.400000095367431640625</ele>
        <time>2026-08-09T14:24:05.000Z</time>
      </trkpt>
      <trkpt lat="57.4820185638964176177978515625" lon="-4.2111558280885219573974609375">
        <ele>7.599999904632568359375</ele>
        <time>2026-08-09T14:24:09.000Z</time>
      </trkpt>
      <trkpt lat="57.48200741596519947052001953125" lon="-4.2113338597118854522705078125">
        <ele>7.400000095367431640625</ele>
        <time>2026-08-09T14:24:11.000Z</time>
      </trkpt>
      <trkpt lat="57.48199651949107646942138671875" lon="-4.2117749154567718505859375">
        <ele>8</ele>
        <time>2026-08-09T14:24:16.000Z</time>
      </trkpt>
      <trkpt lat="57.48197145760059356689453125" lon="-4.21233348548412322998046875">
        <ele>7.80000019073486328125</ele>
        <time>2026-08-09T14:24:22.000Z</time>
      </trkpt>
      <trkpt lat="57.48192854225635528564453125" lon="-4.21299674548208713531494140625">
        <ele>7.19999980926513671875</ele>
        <time>2026-08-09T14:24:29.000Z</time>
      </trkpt>
      <trkpt lat="57.48190649785101413726806640625" lon="-4.21348624862730503082275390625">
        <ele>7</ele>
        <time>2026-08-09T14:24:34.000Z</time>
      </trkpt>
      <trkpt lat="57.4818911589682102203369140625" lon="-4.21368087641894817352294921875">
        <ele>7</ele>
        <time>2026-08-09T14:24:36.000Z</time>
      </trkpt>
      <trkpt lat="57.48188294470310211181640625" lon="-4.21378414146602153778076171875">
        <ele>7</ele>
        <time>2026-08-09T14:24:37.000Z</time>
      </trkpt>
      <trkpt lat="57.48184195719659328460693359375" lon="-4.21451319940388202667236328125">
        <ele>8.19999980926513671875</ele>
        <time>2026-08-09T14:24:44.000Z</time>
      </trkpt>
      <trkpt lat="57.48180122114717960357666015625" lon="-4.2149833403527736663818359375">
        <ele>8</ele>
        <time>2026-08-09T14:24:49.000Z</time>
      </trkpt>
      <trkpt lat="57.4817835353314876556396484375" lon="-4.2150671593844890594482421875">
        <ele>8.19999980926513671875</ele>
        <time>2026-08-09T14:24:50.000Z</time>
      </trkpt>
      <trkpt lat="57.48175914399325847625732421875" lon="-4.21514787711203098297119140625">
        <ele>8.3999996185302734375</ele>
        <time>2026-08-09T14:24:51.000Z</time>
      </trkpt>
      <trkpt lat="57.481707595288753509521484375" lon="-4.215417690575122833251953125">
        <ele>8.80000019073486328125</ele>
        <time>2026-08-09T14:24:54.000Z</time>
      </trkpt>
      <trkpt lat="57.48168387450277805328369140625" lon="-4.215503521263599395751953125">
        <ele>9</ele>
        <time>2026-08-09T14:24:55.000Z</time>
      </trkpt>
      <trkpt lat="57.48165470547974109649658203125" lon="-4.21558239497244358062744140625">
        <ele>9.19999980926513671875</ele>
        <time>2026-08-09T14:24:56.000Z</time>
      </trkpt>
      <trkpt lat="57.4815402925014495849609375" lon="-4.2157766036689281463623046875">
        <ele>8.19999980926513671875</ele>
        <time>2026-08-09T14:24:59.000Z</time>
      </trkpt>
      <trkpt lat="57.48139721341431140899658203125" lon="-4.215991012752056121826171875">
        <ele>7</ele>
        <time>2026-08-09T14:25:03.000Z</time>
      </trkpt>
      <trkpt lat="57.48132311739027500152587890625" lon="-4.21611598692834377288818359375">
        <ele>7.400000095367431640625</ele>
        <time>2026-08-09T14:25:05.000Z</time>
      </trkpt>
      <trkpt lat="57.48125622980296611785888671875" lon="-4.2162500135600566864013671875">
        <ele>7.400000095367431640625</ele>
        <time>2026-08-09T14:25:07.000Z</time>
      </trkpt>
      <trkpt lat="57.48116117902100086212158203125" lon="-4.21642720699310302734375">
        <ele>8.3999996185302734375</ele>
        <time>2026-08-09T14:25:10.000Z</time>
      </trkpt>
      <trkpt lat="57.481113485991954803466796875" lon="-4.216531477868556976318359375">
        <ele>9.6000003814697265625</ele>
        <time>2026-08-09T14:25:12.000Z</time>
      </trkpt>
      <trkpt lat="57.4810844846069812774658203125" lon="-4.216601885855197906494140625">
        <ele>10</ele>
        <time>2026-08-09T14:25:14.000Z</time>
      </trkpt>
      <trkpt lat="57.48106730170547962188720703125" lon="-4.2166345752775669097900390625">
        <ele>9.80000019073486328125</ele>
        <time>2026-08-09T14:25:16.000Z</time>
      </trkpt>
      <trkpt lat="57.481069900095462799072265625" lon="-4.2166382633149623870849609375">
        <ele>9.6000003814697265625</ele>
        <time>2026-08-09T14:25:18.000Z</time>
      </trkpt>
      <trkpt lat="57.48107115738093852996826171875" lon="-4.21663532964885234832763671875">
        <ele>10</ele>
        <time>2026-08-09T14:25:24.000Z</time>
      </trkpt>
      <trkpt lat="57.48106881044805049896240234375" lon="-4.216660894453525543212890625">
        <ele>10.80000019073486328125</ele>
        <time>2026-08-09T14:25:28.000Z</time>
      </trkpt>
      <trkpt lat="57.48105724342167377471923828125" lon="-4.21671093441545963287353515625">
        <ele>10</ele>
        <time>2026-08-09T14:25:30.000Z</time>
      </trkpt>
      <trkpt lat="57.48100259341299533843994140625" lon="-4.2168652452528476715087890625">
        <ele>9</ele>
        <time>2026-08-09T14:25:33.000Z</time>
      </trkpt>
      <trkpt lat="57.48093386180698871612548828125" lon="-4.2170642316341400146484375">
        <ele>10.6000003814697265625</ele>
        <time>2026-08-09T14:25:36.000Z</time>
      </trkpt>
      <trkpt lat="57.4808871746063232421875" lon="-4.2171954922378063201904296875">
        <ele>11.6000003814697265625</ele>
        <time>2026-08-09T14:25:38.000Z</time>
      </trkpt>
      <trkpt lat="57.48083596117794513702392578125" lon="-4.21732700429856777191162109375">
        <ele>11.3999996185302734375</ele>
        <time>2026-08-09T14:25:40.000Z</time>
      </trkpt>
      <trkpt lat="57.48077544383704662322998046875" lon="-4.217471592128276824951171875">
        <ele>10.6000003814697265625</ele>
        <time>2026-08-09T14:25:42.000Z</time>
      </trkpt>
      <trkpt lat="57.48067553155124187469482421875" lon="-4.21770050190389156341552734375">
        <ele>10.80000019073486328125</ele>
        <time>2026-08-09T14:25:45.000Z</time>
      </trkpt>
      <trkpt lat="57.4806114099919795989990234375" lon="-4.217845089733600616455078125">
        <ele>11</ele>
        <time>2026-08-09T14:25:47.000Z</time>
      </trkpt>
      <trkpt lat="57.4805785529315471649169921875" lon="-4.217904768884181976318359375">
        <ele>11</ele>
        <time>2026-08-09T14:25:48.000Z</time>
      </trkpt>
      <trkpt lat="57.4805091507732868194580078125" lon="-4.2180209420621395111083984375">
        <ele>11</ele>
        <time>2026-08-09T14:25:50.000Z</time>
      </trkpt>
      <trkpt lat="57.4802593700587749481201171875" lon="-4.21831657178699970245361328125">
        <ele>10.80000019073486328125</ele>
        <time>2026-08-09T14:25:56.000Z</time>
      </trkpt>
      <trkpt lat="57.48000564984977245330810546875" lon="-4.21856853179633617401123046875">
        <ele>10.19999980926513671875</ele>
        <time>2026-08-09T14:26:02.000Z</time>
      </trkpt>
      <trkpt lat="57.4797621555626392364501953125" lon="-4.2188319750130176544189453125">
        <ele>10.3999996185302734375</ele>
        <time>2026-08-09T14:26:08.000Z</time>
      </trkpt>
      <trkpt lat="57.479588650166988372802734375" lon="-4.21912207268178462982177734375">
        <ele>10.6000003814697265625</ele>
        <time>2026-08-09T14:26:14.000Z</time>
      </trkpt>
      <trkpt lat="57.479534335434436798095703125" lon="-4.21924687922000885009765625">
        <ele>10.19999980926513671875</ele>
        <time>2026-08-09T14:26:19.000Z</time>
      </trkpt>
      <trkpt lat="57.47952955774962902069091796875" lon="-4.21924461610615253448486328125">
        <ele>10.6000003814697265625</ele>
        <time>2026-08-09T14:26:25.000Z</time>
      </trkpt>
      <trkpt lat="57.47953207232058048248291015625" lon="-4.2192396707832813262939453125">
        <ele>10.3999996185302734375</ele>
        <time>2026-08-09T14:26:27.000Z</time>
      </trkpt>
      <trkpt lat="57.47953425161540508270263671875" lon="-4.21924553811550140380859375">
        <ele>10.3999996185302734375</ele>
        <time>2026-08-09T14:26:29.000Z</time>
      </trkpt>
      <trkpt lat="57.47953257523477077484130859375" lon="-4.21925316564738750457763671875">
        <ele>10.6000003814697265625</ele>
        <time>2026-08-09T14:26:30.000Z</time>
      </trkpt>
      <trkpt lat="57.47952385805547237396240234375" lon="-4.219265319406986236572265625">
        <ele>11.3999996185302734375</ele>
        <time>2026-08-09T14:26:34.000Z</time>
      </trkpt>
      <trkpt lat="57.4795267917215824127197265625" lon="-4.219260625541210174560546875">
        <ele>11</ele>
        <time>2026-08-09T14:26:38.000Z</time>
      </trkpt>
      <trkpt lat="57.47952603735029697418212890625" lon="-4.219264648854732513427734375">
        <ele>11.80000019073486328125</ele>
        <time>2026-08-09T14:26:43.000Z</time>
      </trkpt>
      <trkpt lat="57.4795241095125675201416015625" lon="-4.2192638106644153594970703125">
        <ele>12</ele>
        <time>2026-08-09T14:26:44.000Z</time>
      </trkpt>
      <trkpt lat="57.47952503152191638946533203125" lon="-4.2192658223211765289306640625">
        <ele>11.6000003814697265625</ele>
        <time>2026-08-09T14:26:49.000Z</time>
      </trkpt>
      <trkpt lat="57.47944481670856475830078125" lon="-4.2194371484220027923583984375">
        <ele>11.3999996185302734375</ele>
        <time>2026-08-09T14:26:53.000Z</time>
      </trkpt>
      <trkpt lat="57.4794285558164119720458984375" lon="-4.21950579620897769927978515625">
        <ele>11.3999996185302734375</ele>
        <time>2026-08-09T14:26:54.000Z</time>
      </trkpt>
      <trkpt lat="57.47936074621975421905517578125" lon="-4.21974484808743000030517578125">
        <ele>10.80000019073486328125</ele>
        <time>2026-08-09T14:26:57.000Z</time>
      </trkpt>
      <trkpt lat="57.479343898594379425048828125" lon="-4.21983067877590656280517578125">
        <ele>10.6000003814697265625</ele>
        <time>2026-08-09T14:26:58.000Z</time>
      </trkpt>
      <trkpt lat="57.47932068072259426116943359375" lon="-4.2199950478971004486083984375">
        <ele>10.80000019073486328125</ele>
        <time>2026-08-09T14:27:00.000Z</time>
      </trkpt>
      <trkpt lat="57.4793068505823612213134765625" lon="-4.22018297016620635986328125">
        <ele>10.80000019073486328125</ele>
        <time>2026-08-09T14:27:02.000Z</time>
      </trkpt>
      <trkpt lat="57.4792471714317798614501953125" lon="-4.22037131153047084808349609375">
        <ele>11</ele>
        <time>2026-08-09T14:27:04.000Z</time>
      </trkpt>
      <trkpt lat="57.4791760928928852081298828125" lon="-4.220621176064014434814453125">
        <ele>11.19999980926513671875</ele>
        <time>2026-08-09T14:27:07.000Z</time>
      </trkpt>
      <trkpt lat="57.47916159220039844512939453125" lon="-4.22091261483728885650634765625">
        <ele>11.19999980926513671875</ele>
        <time>2026-08-09T14:27:11.000Z</time>
      </trkpt>
      <trkpt lat="57.4792116321623325347900390625" lon="-4.220981933176517486572265625">
        <ele>11.19999980926513671875</ele>
        <time>2026-08-09T14:27:12.000Z</time>
      </trkpt>
      <trkpt lat="57.4792766757309436798095703125" lon="-4.22116063535213470458984375">
        <ele>11.80000019073486328125</ele>
        <time>2026-08-09T14:27:15.000Z</time>
      </trkpt>
      <trkpt lat="57.47925437986850738525390625" lon="-4.22120179049670696258544921875">
        <ele>12</ele>
        <time>2026-08-09T14:27:16.000Z</time>
      </trkpt>
      <trkpt lat="57.479191683232784271240234375" lon="-4.22117949463427066802978515625">
        <ele>11.80000019073486328125</ele>
        <time>2026-08-09T14:27:20.000Z</time>
      </trkpt>
      <trkpt lat="57.4791884981095790863037109375" lon="-4.22116256318986415863037109375">
        <ele>10.80000019073486328125</ele>
        <time>2026-08-09T14:27:21.000Z</time>
      </trkpt>
      <trkpt lat="57.47917986474931240081787109375" lon="-4.22119416296482086181640625">
        <ele>11</ele>
        <time>2026-08-09T14:27:23.000Z</time>
      </trkpt>
      <trkpt lat="57.47910191304981708526611328125" lon="-4.2213262617588043212890625">
        <ele>11</ele>
        <time>2026-08-09T14:27:29.000Z</time>
      </trkpt>
      <trkpt lat="57.47908028773963451385498046875" lon="-4.22134545631706714630126953125">
        <ele>10.80000019073486328125</ele>
        <time>2026-08-09T14:27:30.000Z</time>
      </trkpt>
      <trkpt lat="57.47903603129088878631591796875" lon="-4.22133808024227619171142578125">
        <ele>10.6000003814697265625</ele>
        <time>2026-08-09T14:27:32.000Z</time>
      </trkpt>
      <trkpt lat="57.478985823690891265869140625" lon="-4.22133405692875385284423828125">
        <ele>10.3999996185302734375</ele>
        <time>2026-08-09T14:27:33.000Z</time>
      </trkpt>
      <trkpt lat="57.47888289391994476318359375" lon="-4.22121268697082996368408203125">
        <ele>10.19999980926513671875</ele>
        <time>2026-08-09T14:27:37.000Z</time>
      </trkpt>
      <trkpt lat="57.4787482805550098419189453125" lon="-4.22096215188503265380859375">
        <ele>10.80000019073486328125</ele>
        <time>2026-08-09T14:27:41.000Z</time>
      </trkpt>
      <trkpt lat="57.47866605408489704132080078125" lon="-4.2208935879170894622802734375">
        <ele>11</ele>
        <time>2026-08-09T14:27:42.000Z</time>
      </trkpt>
      <trkpt lat="57.47860201634466648101806640625" lon="-4.22090892679989337921142578125">
        <ele>11.3999996185302734375</ele>
        <time>2026-08-09T14:27:44.000Z</time>
      </trkpt>
      <trkpt lat="57.478555999696254730224609375" lon="-4.2209641635417938232421875">
        <ele>11.3999996185302734375</ele>
        <time>2026-08-09T14:27:45.000Z</time>
      </trkpt>
      <trkpt lat="57.47847410850226879119873046875" lon="-4.22103985212743282318115234375">
        <ele>11.6000003814697265625</ele>
        <time>2026-08-09T14:27:48.000Z</time>
      </trkpt>
      <trkpt lat="57.47842985205352306365966796875" lon="-4.22111411578953266143798828125">
        <ele>11.3999996185302734375</ele>
        <time>2026-08-09T14:27:51.000Z</time>
      </trkpt>
      <trkpt lat="57.47840001247823238372802734375" lon="-4.22120816074311733245849609375">
        <ele>11.6000003814697265625</ele>
        <time>2026-08-09T14:27:53.000Z</time>
      </trkpt>
      <trkpt lat="57.47839062474668025970458984375" lon="-4.2212637327611446380615234375">
        <ele>11.80000019073486328125</ele>
        <time>2026-08-09T14:27:54.000Z</time>
      </trkpt>
      <trkpt lat="57.4783442728221416473388671875" lon="-4.221548549830913543701171875">
        <ele>12</ele>
        <time>2026-08-09T14:27:58.000Z</time>
      </trkpt>
      <trkpt lat="57.47825617901980876922607421875" lon="-4.22206965275108814239501953125">
        <ele>12</ele>
        <time>2026-08-09T14:28:04.000Z</time>
      </trkpt>
      <trkpt lat="57.47817168943583965301513671875" lon="-4.22266493551433086395263671875">
        <ele>12.19999980926513671875</ele>
        <time>2026-08-09T14:28:11.000Z</time>
      </trkpt>
      <trkpt lat="57.47815643437206745147705078125" lon="-4.22272880561649799346923828125">
        <ele>12.19999980926513671875</ele>
        <time>2026-08-09T14:28:12.000Z</time>
      </trkpt>
      <trkpt lat="57.47810999862849712371826171875" lon="-4.222891665995121002197265625">
        <ele>12.6000003814697265625</ele>
        <time>2026-08-09T14:28:16.000Z</time>
      </trkpt>
      <trkpt lat="57.47806859202682971954345703125" lon="-4.22314169816672801971435546875">
        <ele>13</ele>
        <time>2026-08-09T14:28:21.000Z</time>
      </trkpt>
      <trkpt lat="57.478036992251873016357421875" lon="-4.22331268899142742156982421875">
        <ele>13.6000003814697265625</ele>
        <time>2026-08-09T14:28:23.000Z</time>
      </trkpt>
      <trkpt lat="57.4780130200088024139404296875" lon="-4.22339047305285930633544921875">
        <ele>14</ele>
        <time>2026-08-09T14:28:24.000Z</time>
      </trkpt>
      <trkpt lat="57.4779975973069667816162109375" lon="-4.22347445972263813018798828125">
        <ele>14</ele>
        <time>2026-08-09T14:28:25.000Z</time>
      </trkpt>
      <trkpt lat="57.4779863655567169189453125" lon="-4.2235654033720493316650390625">
        <ele>14</ele>
        <time>2026-08-09T14:28:26.000Z</time>
      </trkpt>
      <trkpt lat="57.4779647402465343475341796875" lon="-4.22365131787955760955810546875">
        <ele>14</ele>
        <time>2026-08-09T14:28:27.000Z</time>
      </trkpt>
      <trkpt lat="57.47787111438810825347900390625" lon="-4.2239875160157680511474609375">
        <ele>13.3999996185302734375</ele>
        <time>2026-08-09T14:28:31.000Z</time>
      </trkpt>
      <trkpt lat="57.47780238278210163116455078125" lon="-4.22424978576600551605224609375">
        <ele>13.19999980926513671875</ele>
        <time>2026-08-09T14:28:34.000Z</time>
      </trkpt>
      <trkpt lat="57.47777438722550868988037109375" lon="-4.224332012236118316650390625">
        <ele>13.19999980926513671875</ele>
        <time>2026-08-09T14:28:35.000Z</time>
      </trkpt>
      <trkpt lat="57.47774907387793064117431640625" lon="-4.2244096286594867706298828125">
        <ele>13.19999980926513671875</ele>
        <time>2026-08-09T14:28:36.000Z</time>
      </trkpt>
      <trkpt lat="57.4777330644428730010986328125" lon="-4.22448280267417430877685546875">
        <ele>12.80000019073486328125</ele>
        <time>2026-08-09T14:28:37.000Z</time>
      </trkpt>
      <trkpt lat="57.47766408137977123260498046875" lon="-4.22466988675296306610107421875">
        <ele>12</ele>
        <time>2026-08-09T14:28:41.000Z</time>
      </trkpt>
      <trkpt lat="57.47760239057242870330810546875" lon="-4.22469402663409709930419921875">
        <ele>12.80000019073486328125</ele>
        <time>2026-08-09T14:28:46.000Z</time>
      </trkpt>
      <trkpt lat="57.4774849601089954376220703125" lon="-4.22459662891924381256103515625">
        <ele>12.6000003814697265625</ele>
        <time>2026-08-09T14:28:50.000Z</time>
      </trkpt>
      <trkpt lat="57.4772834591567516326904296875" lon="-4.2244706489145755767822265625">
        <ele>13.19999980926513671875</ele>
        <time>2026-08-09T14:28:54.000Z</time>
      </trkpt>
      <trkpt lat="57.4772219359874725341796875" lon="-4.22442429699003696441650390625">
        <ele>13.3999996185302734375</ele>
        <time>2026-08-09T14:28:55.000Z</time>
      </trkpt>
      <trkpt lat="57.47704985551536083221435546875" lon="-4.224317260086536407470703125">
        <ele>14</ele>
        <time>2026-08-09T14:28:58.000Z</time>
      </trkpt>
      <trkpt lat="57.47687785886228084564208984375" lon="-4.2242818884551525115966796875">
        <ele>15.19999980926513671875</ele>
        <time>2026-08-09T14:29:01.000Z</time>
      </trkpt>
      <trkpt lat="57.47676721774041652679443359375" lon="-4.22428616322576999664306640625">
        <ele>15.6000003814697265625</ele>
        <time>2026-08-09T14:29:03.000Z</time>
      </trkpt>
      <trkpt lat="57.47657644562423229217529296875" lon="-4.22433008439838886260986328125">
        <ele>16.200000762939453125</ele>
        <time>2026-08-09T14:29:07.000Z</time>
      </trkpt>
      <trkpt lat="57.4765352904796600341796875" lon="-4.224350452423095703125">
        <ele>16.3999996185302734375</ele>
        <time>2026-08-09T14:29:08.000Z</time>
      </trkpt>
      <trkpt lat="57.476455830037593841552734375" lon="-4.22435657121241092681884765625">
        <ele>16.799999237060546875</ele>
        <time>2026-08-09T14:29:10.000Z</time>
      </trkpt>
      <trkpt lat="57.47637527994811534881591796875" lon="-4.2243826389312744140625">
        <ele>17.200000762939453125</ele>
        <time>2026-08-09T14:29:12.000Z</time>
      </trkpt>
      <trkpt lat="57.47633253224194049835205078125" lon="-4.22439982183277606964111328125">
        <ele>17.6000003814697265625</ele>
        <time>2026-08-09T14:29:13.000Z</time>
      </trkpt>
      <trkpt lat="57.47628576122224330902099609375" lon="-4.22443334944546222686767578125">
        <ele>18</ele>
        <time>2026-08-09T14:29:14.000Z</time>
      </trkpt>
      <trkpt lat="57.47620110400021076202392578125" lon="-4.224493615329265594482421875">
        <ele>18.200000762939453125</ele>
        <time>2026-08-09T14:29:16.000Z</time>
      </trkpt>
      <trkpt lat="57.476117871701717376708984375" lon="-4.224566034972667694091796875">
        <ele>18.200000762939453125</ele>
        <time>2026-08-09T14:29:18.000Z</time>
      </trkpt>
      <trkpt lat="57.476036734879016876220703125" lon="-4.224630407989025115966796875">
        <ele>18.6000003814697265625</ele>
        <time>2026-08-09T14:29:20.000Z</time>
      </trkpt>
      <trkpt lat="57.475874461233615875244140625" lon="-4.22473199665546417236328125">
        <ele>19.3999996185302734375</ele>
        <time>2026-08-09T14:29:24.000Z</time>
      </trkpt>
      <trkpt lat="57.4756367504596710205078125" lon="-4.22486283816397190093994140625">
        <ele>19.6000003814697265625</ele>
        <time>2026-08-09T14:29:31.000Z</time>
      </trkpt>
      <trkpt lat="57.47554957866668701171875" lon="-4.2249135486781597137451171875">
        <ele>19.6000003814697265625</ele>
        <time>2026-08-09T14:29:34.000Z</time>
      </trkpt>
      <trkpt lat="57.47549551539123058319091796875" lon="-4.2249782569706439971923828125">
        <ele>19.799999237060546875</ele>
        <time>2026-08-09T14:29:36.000Z</time>
      </trkpt>
      <trkpt lat="57.47540197335183620452880859375" lon="-4.2251189053058624267578125">
        <ele>19.3999996185302734375</ele>
        <time>2026-08-09T14:29:40.000Z</time>
      </trkpt>
      <trkpt lat="57.475316561758518218994140625" lon="-4.225259386003017425537109375">
        <ele>19.799999237060546875</ele>
        <time>2026-08-09T14:29:44.000Z</time>
      </trkpt>
      <trkpt lat="57.47533592395484447479248046875" lon="-4.22540129162371158599853515625">
        <ele>20</ele>
        <time>2026-08-09T14:29:48.000Z</time>
      </trkpt>
      <trkpt lat="57.4753536097705364227294921875" lon="-4.22542207874357700347900390625">
        <ele>20</ele>
        <time>2026-08-09T14:29:49.000Z</time>
      </trkpt>
      <trkpt lat="57.4754488281905651092529296875" lon="-4.2254543490707874298095703125">
        <ele>20.799999237060546875</ele>
        <time>2026-08-09T14:29:53.000Z</time>
      </trkpt>
      <trkpt lat="57.4754763208329677581787109375" lon="-4.22545778565108776092529296875">
        <ele>21</ele>
        <time>2026-08-09T14:29:54.000Z</time>
      </trkpt>
      <trkpt lat="57.47558536939322948455810546875" lon="-4.22544370405375957489013671875">
        <ele>21.3999996185302734375</ele>
        <time>2026-08-09T14:29:58.000Z</time>
      </trkpt>
      <trkpt lat="57.4756355769932270050048828125" lon="-4.2254469729959964752197265625">
        <ele>22</ele>
        <time>2026-08-09T14:30:00.000Z</time>
      </trkpt>
      <trkpt lat="57.47569751925766468048095703125" lon="-4.225469939410686492919921875">
        <ele>23.200000762939453125</ele>
        <time>2026-08-09T14:30:03.000Z</time>
      </trkpt>
      <trkpt lat="57.47571788728237152099609375" lon="-4.22546013258397579193115234375">
        <ele>23.200000762939453125</ele>
        <time>2026-08-09T14:30:04.000Z</time>
      </trkpt>
      <trkpt lat="57.47575342655181884765625" lon="-4.225463233888149261474609375">
        <ele>23.200000762939453125</ele>
        <time>2026-08-09T14:30:07.000Z</time>
      </trkpt>
      <trkpt lat="57.475756108760833740234375" lon="-4.22544554807245731353759765625">
        <ele>23.200000762939453125</ele>
        <time>2026-08-09T14:30:08.000Z</time>
      </trkpt>
      <trkpt lat="57.4757566116750240325927734375" lon="-4.22547438181936740875244140625">
        <ele>23.200000762939453125</ele>
        <time>2026-08-09T14:30:10.000Z</time>
      </trkpt>
      <trkpt lat="57.4757572822272777557373046875" lon="-4.22545108012855052947998046875">
        <ele>23.200000762939453125</ele>
        <time>2026-08-09T14:30:11.000Z</time>
      </trkpt>
      <trkpt lat="57.47576004825532436370849609375" lon="-4.22546214424073696136474609375">
        <ele>23.200000762939453125</ele>
        <time>2026-08-09T14:30:13.000Z</time>
      </trkpt>
      <trkpt lat="57.4757586233317852020263671875" lon="-4.22547002322971820831298828125">
        <ele>24</ele>
        <time>2026-08-09T14:30:19.000Z</time>
      </trkpt>
      <trkpt lat="57.47575904242694377899169921875" lon="-4.22546968795359134674072265625">
        <ele>24</ele>
        <time>2026-08-09T14:30:21.000Z</time>
      </trkpt>
    </trkseg>
  </trk>
</gpx>
