<?xml version="1.0" encoding="UTF-8"?>
<gpx creator="nc500-visualise" version="1.1"
  xsi:schemaLocation="http://www.topografix.com/GPX/1/1 http://www.topografix.com/GPX/11.xsd"
  xmlns:ns3="http://www.garmin.com/xmlschemas/TrackPointExtension/v1"
  xmlns="http://www.topografix.com/GPX/1/1"
  xmlns:xsi="http://www.w3.org/2001/XMLSchema-instance" xmlns:ns2="http://www.garmin.com/xmlschemas/GpxExtensions/v3">
  <metadata>
    <time>2026-08-08T11:08:19.000Z</time>
  </metadata>
  <trk>
    <name>Highlands Cycling</name>
    <type>cycling</type>
    <trkseg>
      <trkpt lat="58.06361694820225238800048828125" lon="-4.42639547400176525115966796875">
        <ele>103.40000152587890625</ele>
        <time>2026-08-08T11:08:19.000Z</time>
      </trkpt>
      <trkpt lat="58.0636153556406497955322265625" lon="-4.42639245651662349700927734375">
        <ele>103.40000152587890625</ele>
        <time>2026-08-08T11:08:20.000Z</time>
      </trkpt>
      <trkpt lat="58.06360655464231967926025390625" lon="-4.4263960607349872589111328125">
        <ele>103.40000152587890625</ele>
        <time>2026-08-08T11:08:24.000Z</time>
      </trkpt>
      <trkpt lat="58.06359197013080120086669921875" lon="-4.426432438194751739501953125">
        <ele>103.1999969482421875</ele>
        <time>2026-08-08T11:08:26.000Z</time>
      </trkpt>
      <trkpt lat="58.06359247304499149322509765625" lon="-4.4264634512364864349365234375">
        <ele>103</ele>
        <time>2026-08-08T11:08:27.000Z</time>
      </trkpt>
      <trkpt lat="58.06359632872045040130615234375" lon="-4.42654701881110668182373046875">
        <ele>102.40000152587890625</ele>
        <time>2026-08-08T11:08:29.000Z</time>
      </trkpt>
      <trkpt lat="58.06361426599323749542236328125" lon="-4.4266398064792156219482421875">
        <ele>101.1999969482421875</ele>
        <time>2026-08-08T11:08:31.000Z</time>
      </trkpt>
      <trkpt lat="58.063626587390899658203125" lon="-4.42668867297470569610595703125">
        <ele>100.8000030517578125</ele>
        <time>2026-08-08T11:08:32.000Z</time>
      </trkpt>
      <trkpt lat="58.06364008225500583648681640625" lon="-4.4267340190708637237548828125">
        <ele>100.8000030517578125</ele>
        <time>2026-08-08T11:08:33.000Z</time>
      </trkpt>
      <trkpt lat="58.0636864341795444488525390625" lon="-4.4268671236932277679443359375">
        <ele>101</ele>
        <time>2026-08-08T11:08:36.000Z</time>
      </trkpt>
      <trkpt lat="58.06370629929006099700927734375" lon="-4.426896460354328155517578125">
        <ele>101.1999969482421875</ele>
        <time>2026-08-08T11:08:37.000Z</time>
      </trkpt>
      <trkpt lat="58.06381702423095703125" lon="-4.42693375982344150543212890625">
        <ele>101.8000030517578125</ele>
        <time>2026-08-08T11:08:42.000Z</time>
      </trkpt>
      <trkpt lat="58.0639229714870452880859375" lon="-4.42689570598304271697998046875">
        <ele>102</ele>
        <time>2026-08-08T11:08:47.000Z</time>
      </trkpt>
      <trkpt lat="58.0639388971030712127685546875" lon="-4.426875673234462738037109375">
        <ele>102.1999969482421875</ele>
        <time>2026-08-08T11:08:48.000Z</time>
      </trkpt>
      <trkpt lat="58.0639908649027347564697265625" lon="-4.42684650421142578125">
        <ele>102.40000152587890625</ele>
        <time>2026-08-08T11:08:51.000Z</time>
      </trkpt>
      <trkpt lat="58.06400871835649013519287109375" lon="-4.42686066962778568267822265625">
        <ele>102.59999847412109375</ele>
        <time>2026-08-08T11:08:52.000Z</time>
      </trkpt>
      <trkpt lat="58.064035288989543914794921875" lon="-4.42689411342144012451171875">
        <ele>102.59999847412109375</ele>
        <time>2026-08-08T11:08:54.000Z</time>
      </trkpt>
      <trkpt lat="58.06406579911708831787109375" lon="-4.4269982166588306427001953125">
        <ele>102.40000152587890625</ele>
        <time>2026-08-08T11:08:59.000Z</time>
      </trkpt>
      <trkpt lat="58.06398533284664154052734375" lon="-4.42706518806517124176025390625">
        <ele>103.1999969482421875</ele>
        <time>2026-08-08T11:09:04.000Z</time>
      </trkpt>
      <trkpt lat="58.0638547427952289581298828125" lon="-4.42714934237301349639892578125">
        <ele>103</ele>
        <time>2026-08-08T11:09:09.000Z</time>
      </trkpt>
      <trkpt lat="58.06379984132945537567138671875" lon="-4.42718387581408023834228515625">
        <ele>103</ele>
        <time>2026-08-08T11:09:11.000Z</time>
      </trkpt>
      <trkpt lat="58.063715435564517974853515625" lon="-4.42724891938269138336181640625">
        <ele>103.1999969482421875</ele>
        <time>2026-08-08T11:09:14.000Z</time>
      </trkpt>
      <trkpt lat="58.06358878500759601593017578125" lon="-4.42734782584011554718017578125">
        <ele>103</ele>
        <time>2026-08-08T11:09:18.000Z</time>
      </trkpt>
      <trkpt lat="58.0634629726409912109375" lon="-4.4274605624377727508544921875">
        <ele>103</ele>
        <time>2026-08-08T11:09:22.000Z</time>
      </trkpt>
      <trkpt lat="58.0633233301341533660888671875" lon="-4.427578411996364593505859375">
        <ele>103.40000152587890625</ele>
        <time>2026-08-08T11:09:26.000Z</time>
      </trkpt>
      <trkpt lat="58.06321143172681331634521484375" lon="-4.42767455242574214935302734375">
        <ele>103.40000152587890625</ele>
        <time>2026-08-08T11:09:29.000Z</time>
      </trkpt>
      <trkpt lat="58.06301973760128021240234375" lon="-4.42782173864543437957763671875">
        <ele>103.40000152587890625</ele>
        <time>2026-08-08T11:09:34.000Z</time>
      </trkpt>
      <trkpt lat="58.06298059411346912384033203125" lon="-4.42785727791488170623779296875">
        <ele>103.1999969482421875</ele>
        <time>2026-08-08T11:09:35.000Z</time>
      </trkpt>
      <trkpt lat="58.0625810287892818450927734375" lon="-4.4282031990587711334228515625">
        <ele>103</ele>
        <time>2026-08-08T11:09:45.000Z</time>
      </trkpt>
      <trkpt lat="58.06240794248878955841064453125" lon="-4.4283477030694484710693359375">
        <ele>102.59999847412109375</ele>
        <time>2026-08-08T11:09:49.000Z</time>
      </trkpt>
      <trkpt lat="58.0623657815158367156982421875" lon="-4.42838433198630809783935546875">
        <ele>102.59999847412109375</ele>
        <time>2026-08-08T11:09:50.000Z</time>
      </trkpt>
      <trkpt lat="58.06232294999063014984130859375" lon="-4.42841802723705768585205078125">
        <ele>102.40000152587890625</ele>
        <time>2026-08-08T11:09:51.000Z</time>
      </trkpt>
      <trkpt lat="58.06228053756058216094970703125" lon="-4.42845071665942668914794921875">
        <ele>102.40000152587890625</ele>
        <time>2026-08-08T11:09:52.000Z</time>
      </trkpt>
      <trkpt lat="58.0618871748447418212890625" lon="-4.4287776947021484375">
        <ele>102.1999969482421875</ele>
        <time>2026-08-08T11:10:01.000Z</time>
      </trkpt>
      <trkpt lat="58.06170654483139514923095703125" lon="-4.42891306243836879730224609375">
        <ele>101.1999969482421875</ele>
        <time>2026-08-08T11:10:05.000Z</time>
      </trkpt>
      <trkpt lat="58.06163647212088108062744140625" lon="-4.42894332110881805419921875">
        <ele>100.8000030517578125</ele>
        <time>2026-08-08T11:10:07.000Z</time>
      </trkpt>
      <trkpt lat="58.0615202151238918304443359375" lon="-4.4290822930634021759033203125">
        <ele>100.59999847412109375</ele>
        <time>2026-08-08T11:10:12.000Z</time>
      </trkpt>
      <trkpt lat="58.06142658926546573638916015625" lon="-4.42917675711214542388916015625">
        <ele>100.40000152587890625</ele>
        <time>2026-08-08T11:10:15.000Z</time>
      </trkpt>
      <trkpt lat="58.061318211257457733154296875" lon="-4.42926744930446147918701171875">
        <ele>100.40000152587890625</ele>
        <time>2026-08-08T11:10:18.000Z</time>
      </trkpt>
      <trkpt lat="58.0611571110785007476806640625" lon="-4.42939133383333683013916015625">
        <ele>100.1999969482421875</ele>
        <time>2026-08-08T11:10:22.000Z</time>
      </trkpt>
      <trkpt lat="58.06099073030054569244384765625" lon="-4.42952670156955718994140625">
        <ele>99.59999847412109375</ele>
        <time>2026-08-08T11:10:26.000Z</time>
      </trkpt>
      <trkpt lat="58.06068043224513530731201171875" lon="-4.42984412424266338348388671875">
        <ele>99.59999847412109375</ele>
        <time>2026-08-08T11:10:33.000Z</time>
      </trkpt>
      <trkpt lat="58.060638941824436187744140625" lon="-4.42989525385200977325439453125">
        <ele>99.8000030517578125</ele>
        <time>2026-08-08T11:10:34.000Z</time>
      </trkpt>
      <trkpt lat="58.06014264933764934539794921875" lon="-4.43047611974179744720458984375">
        <ele>99.8000030517578125</ele>
        <time>2026-08-08T11:10:46.000Z</time>
      </trkpt>
      <trkpt lat="58.0599893443286418914794921875" lon="-4.4306584261357784271240234375">
        <ele>100.40000152587890625</ele>
        <time>2026-08-08T11:10:50.000Z</time>
      </trkpt>
      <trkpt lat="58.05973897688090801239013671875" lon="-4.43096059374511241912841796875">
        <ele>100.8000030517578125</ele>
        <time>2026-08-08T11:10:57.000Z</time>
      </trkpt>
      <trkpt lat="58.05970528163015842437744140625" lon="-4.4310000725090503692626953125">
        <ele>100.8000030517578125</ele>
        <time>2026-08-08T11:10:58.000Z</time>
      </trkpt>
      <trkpt lat="58.0596716701984405517578125" lon="-4.43103904835879802703857421875">
        <ele>101</ele>
        <time>2026-08-08T11:10:59.000Z</time>
      </trkpt>
      <trkpt lat="58.05963881313800811767578125" lon="-4.43108112551271915435791015625">
        <ele>101</ele>
        <time>2026-08-08T11:11:00.000Z</time>
      </trkpt>
      <trkpt lat="58.05953781120479106903076171875" lon="-4.43120844662189483642578125">
        <ele>101</ele>
        <time>2026-08-08T11:11:03.000Z</time>
      </trkpt>
      <trkpt lat="58.05940504185855388641357421875" lon="-4.43135957233607769012451171875">
        <ele>101.1999969482421875</ele>
        <time>2026-08-08T11:11:07.000Z</time>
      </trkpt>
      <trkpt lat="58.0593744479119777679443359375" lon="-4.43139695562422275543212890625">
        <ele>101.59999847412109375</ele>
        <time>2026-08-08T11:11:08.000Z</time>
      </trkpt>
      <trkpt lat="58.059218041598796844482421875" lon="-4.43159191869199275970458984375">
        <ele>101.59999847412109375</ele>
        <time>2026-08-08T11:11:13.000Z</time>
      </trkpt>
      <trkpt lat="58.05905015207827091217041015625" lon="-4.43178822286427021026611328125">
        <ele>102.40000152587890625</ele>
        <time>2026-08-08T11:11:18.000Z</time>
      </trkpt>
      <trkpt lat="58.058794923126697540283203125" lon="-4.43207480013370513916015625">
        <ele>102.40000152587890625</ele>
        <time>2026-08-08T11:11:25.000Z</time>
      </trkpt>
      <trkpt lat="58.05854489095509052276611328125" lon="-4.4323892891407012939453125">
        <ele>101.8000030517578125</ele>
        <time>2026-08-08T11:11:31.000Z</time>
      </trkpt>
      <trkpt lat="58.05849409662187099456787109375" lon="-4.432444274425506591796875">
        <ele>101.59999847412109375</ele>
        <time>2026-08-08T11:11:32.000Z</time>
      </trkpt>
      <trkpt lat="58.05843626148998737335205078125" lon="-4.43248023279011249542236328125">
        <ele>101.40000152587890625</ele>
        <time>2026-08-08T11:11:33.000Z</time>
      </trkpt>
      <trkpt lat="58.058323524892330169677734375" lon="-4.43244217894971370697021484375">
        <ele>101</ele>
        <time>2026-08-08T11:11:35.000Z</time>
      </trkpt>
      <trkpt lat="58.058261163532733917236328125" lon="-4.4322967529296875">
        <ele>101</ele>
        <time>2026-08-08T11:11:37.000Z</time>
      </trkpt>
      <trkpt lat="58.05824138224124908447265625" lon="-4.43220832385122776031494140625">
        <ele>101</ele>
        <time>2026-08-08T11:11:38.000Z</time>
      </trkpt>
      <trkpt lat="58.058047927916049957275390625" lon="-4.43163148127496242523193359375">
        <ele>101</ele>
        <time>2026-08-08T11:11:45.000Z</time>
      </trkpt>
      <trkpt lat="58.05801515467464923858642578125" lon="-4.4315499253571033477783203125">
        <ele>101</ele>
        <time>2026-08-08T11:11:46.000Z</time>
      </trkpt>
      <trkpt lat="58.05797877721488475799560546875" lon="-4.43147130310535430908203125">
        <ele>101</ele>
        <time>2026-08-08T11:11:47.000Z</time>
      </trkpt>
      <trkpt lat="58.05786344222724437713623046875" lon="-4.431210793554782867431640625">
        <ele>100.40000152587890625</ele>
        <time>2026-08-08T11:11:50.000Z</time>
      </trkpt>
      <trkpt lat="58.05777895264327526092529296875" lon="-4.43103133700788021087646484375">
        <ele>100.59999847412109375</ele>
        <time>2026-08-08T11:11:52.000Z</time>
      </trkpt>
      <trkpt lat="58.05760159157216548919677734375" lon="-4.43067695014178752899169921875">
        <ele>100.1999969482421875</ele>
        <time>2026-08-08T11:11:56.000Z</time>
      </trkpt>
      <trkpt lat="58.057436048984527587890625" lon="-4.4303489662706851959228515625">
        <ele>99.40000152587890625</ele>
        <time>2026-08-08T11:12:00.000Z</time>
      </trkpt>
      <trkpt lat="58.0572013556957244873046875" lon="-4.429877735674381256103515625">
        <ele>99.1999969482421875</ele>
        <time>2026-08-08T11:12:06.000Z</time>
      </trkpt>
      <trkpt lat="58.0571262538433074951171875" lon="-4.4297163002192974090576171875">
        <ele>98.8000030517578125</ele>
        <time>2026-08-08T11:12:08.000Z</time>
      </trkpt>
      <trkpt lat="58.05705710314214229583740234375" lon="-4.42954237572848796844482421875">
        <ele>98.59999847412109375</ele>
        <time>2026-08-08T11:12:10.000Z</time>
      </trkpt>
      <trkpt lat="58.056923411786556243896484375" lon="-4.4290876574814319610595703125">
        <ele>98.59999847412109375</ele>
        <time>2026-08-08T11:12:15.000Z</time>
      </trkpt>
      <trkpt lat="58.05677555501461029052734375" lon="-4.4283446855843067169189453125">
        <ele>98.59999847412109375</ele>
        <time>2026-08-08T11:12:23.000Z</time>
      </trkpt>
      <trkpt lat="58.0566147901117801666259765625" lon="-4.4274622388184070587158203125">
        <ele>99.59999847412109375</ele>
        <time>2026-08-08T11:12:33.000Z</time>
      </trkpt>
      <trkpt lat="58.05658285506069660186767578125" lon="-4.42729015834629535675048828125">
        <ele>99.59999847412109375</ele>
        <time>2026-08-08T11:12:35.000Z</time>
      </trkpt>
      <trkpt lat="58.0564260296523571014404296875" lon="-4.426554478704929351806640625">
        <ele>100</ele>
        <time>2026-08-08T11:12:43.000Z</time>
      </trkpt>
      <trkpt lat="58.056315220892429351806640625" lon="-4.42595793865621089935302734375">
        <ele>99.59999847412109375</ele>
        <time>2026-08-08T11:12:49.000Z</time>
      </trkpt>
      <trkpt lat="58.0562808550894260406494140625" lon="-4.42576381377875804901123046875">
        <ele>99.59999847412109375</ele>
        <time>2026-08-08T11:12:51.000Z</time>
      </trkpt>
      <trkpt lat="58.05612721480429172515869140625" lon="-4.4250158965587615966796875">
        <ele>98.59999847412109375</ele>
        <time>2026-08-08T11:12:58.000Z</time>
      </trkpt>
      <trkpt lat="58.05610508657991886138916015625" lon="-4.42490282468497753143310546875">
        <ele>98.59999847412109375</ele>
        <time>2026-08-08T11:12:59.000Z</time>
      </trkpt>
      <trkpt lat="58.05596125312149524688720703125" lon="-4.42415750585496425628662109375">
        <ele>98.8000030517578125</ele>
        <time>2026-08-08T11:13:06.000Z</time>
      </trkpt>
      <trkpt lat="58.0559465847909450531005859375" lon="-4.4240524806082248687744140625">
        <ele>98.8000030517578125</ele>
        <time>2026-08-08T11:13:07.000Z</time>
      </trkpt>
      <trkpt lat="58.05592990480363368988037109375" lon="-4.4238389097154140472412109375">
        <ele>98.8000030517578125</ele>
        <time>2026-08-08T11:13:09.000Z</time>
      </trkpt>
      <trkpt lat="58.055892772972583770751953125" lon="-4.4233138673007488250732421875">
        <ele>98.59999847412109375</ele>
        <time>2026-08-08T11:13:14.000Z</time>
      </trkpt>
      <trkpt lat="58.05584893561899662017822265625" lon="-4.42257936112582683563232421875">
        <ele>98.59999847412109375</ele>
        <time>2026-08-08T11:13:21.000Z</time>
      </trkpt>
      <trkpt lat="58.0557920224964618682861328125" lon="-4.4216535799205303192138671875">
        <ele>98.59999847412109375</ele>
        <time>2026-08-08T11:13:30.000Z</time>
      </trkpt>
      <trkpt lat="58.05574692785739898681640625" lon="-4.42096584476530551910400390625">
        <ele>99.40000152587890625</ele>
        <time>2026-08-08T11:13:38.000Z</time>
      </trkpt>
      <trkpt lat="58.05573242716491222381591796875" lon="-4.42073534242808818817138671875">
        <ele>99.8000030517578125</ele>
        <time>2026-08-08T11:13:41.000Z</time>
      </trkpt>
      <trkpt lat="58.055723793804645538330078125" lon="-4.4205052591860294342041015625">
        <ele>100.1999969482421875</ele>
        <time>2026-08-08T11:13:44.000Z</time>
      </trkpt>
      <trkpt lat="58.05571465753018856048583984375" lon="-4.42036787979304790496826171875">
        <ele>100.40000152587890625</ele>
        <time>2026-08-08T11:13:46.000Z</time>
      </trkpt>
      <trkpt lat="58.05569420568645000457763671875" lon="-4.42002841271460056304931640625">
        <ele>100.40000152587890625</ele>
        <time>2026-08-08T11:13:51.000Z</time>
      </trkpt>
      <trkpt lat="58.05568682961165904998779296875" lon="-4.41996051929891109466552734375">
        <ele>100.40000152587890625</ele>
        <time>2026-08-08T11:13:52.000Z</time>
      </trkpt>
      <trkpt lat="58.05562597699463367462158203125" lon="-4.41939222626388072967529296875">
        <ele>100.40000152587890625</ele>
        <time>2026-08-08T11:14:00.000Z</time>
      </trkpt>
      <trkpt lat="58.055565543472766876220703125" lon="-4.4191480614244937896728515625">
        <ele>100.1999969482421875</ele>
        <time>2026-08-08T11:14:05.000Z</time>
      </trkpt>
      <trkpt lat="58.05545431561768054962158203125" lon="-4.41914780996739864349365234375">
        <ele>100.1999969482421875</ele>
        <time>2026-08-08T11:14:08.000Z</time>
      </trkpt>
      <trkpt lat="58.055234961211681365966796875" lon="-4.4192416034638881683349609375">
        <ele>100.1999969482421875</ele>
        <time>2026-08-08T11:14:13.000Z</time>
      </trkpt>
      <trkpt lat="58.05514669977128505706787109375" lon="-4.4192821718752384185791015625">
        <ele>100.40000152587890625</ele>
        <time>2026-08-08T11:14:15.000Z</time>
      </trkpt>
      <trkpt lat="58.054870180785655975341796875" lon="-4.41939197480678558349609375">
        <ele>100.8000030517578125</ele>
        <time>2026-08-08T11:14:21.000Z</time>
      </trkpt>
      <trkpt lat="58.0547766387462615966796875" lon="-4.4194261729717254638671875">
        <ele>101</ele>
        <time>2026-08-08T11:14:23.000Z</time>
      </trkpt>
      <trkpt lat="58.05458812974393367767333984375" lon="-4.4194803200662136077880859375">
        <ele>100.8000030517578125</ele>
        <time>2026-08-08T11:14:27.000Z</time>
      </trkpt>
      <trkpt lat="58.05444563739001750946044921875" lon="-4.4195302762091159820556640625">
        <ele>100.8000030517578125</ele>
        <time>2026-08-08T11:14:30.000Z</time>
      </trkpt>
      <trkpt lat="58.054268695414066314697265625" lon="-4.41958568058907985687255859375">
        <ele>101.1999969482421875</ele>
        <time>2026-08-08T11:14:34.000Z</time>
      </trkpt>
      <trkpt lat="58.05413885973393917083740234375" lon="-4.41963228397071361541748046875">
        <ele>101.40000152587890625</ele>
        <time>2026-08-08T11:14:37.000Z</time>
      </trkpt>
      <trkpt lat="58.05391891859471797943115234375" lon="-4.41971275024116039276123046875">
        <ele>101.8000030517578125</ele>
        <time>2026-08-08T11:14:42.000Z</time>
      </trkpt>
      <trkpt lat="58.05377894081175327301025390625" lon="-4.41976304166018962860107421875">
        <ele>101.59999847412109375</ele>
        <time>2026-08-08T11:14:45.000Z</time>
      </trkpt>
      <trkpt lat="58.05329740047454833984375" lon="-4.419899918138980865478515625">
        <ele>101.8000030517578125</ele>
        <time>2026-08-08T11:14:55.000Z</time>
      </trkpt>
      <trkpt lat="58.0531570874154567718505859375" lon="-4.41994911991059780120849609375">
        <ele>101.8000030517578125</ele>
        <time>2026-08-08T11:14:58.000Z</time>
      </trkpt>
      <trkpt lat="58.0529106594622135162353515625" lon="-4.42002472467720508575439453125">
        <ele>101.40000152587890625</ele>
        <time>2026-08-08T11:15:03.000Z</time>
      </trkpt>
      <trkpt lat="58.0523980222642421722412109375" lon="-4.42018247209489345550537109375">
        <ele>101.8000030517578125</ele>
        <time>2026-08-08T11:15:13.000Z</time>
      </trkpt>
      <trkpt lat="58.0520915798842906951904296875" lon="-4.4202806241810321807861328125">
        <ele>101.1999969482421875</ele>
        <time>2026-08-08T11:15:19.000Z</time>
      </trkpt>
      <trkpt lat="58.05194112472236156463623046875" lon="-4.42032731138169765472412109375">
        <ele>101.1999969482421875</ele>
        <time>2026-08-08T11:15:22.000Z</time>
      </trkpt>
      <trkpt lat="58.0516882427036762237548828125" lon="-4.420412890613079071044921875">
        <ele>100.8000030517578125</ele>
        <time>2026-08-08T11:15:27.000Z</time>
      </trkpt>
      <trkpt lat="58.05142588913440704345703125" lon="-4.4204915128648281097412109375">
        <ele>101</ele>
        <time>2026-08-08T11:15:32.000Z</time>
      </trkpt>
      <trkpt lat="58.05110930465161800384521484375" lon="-4.4205857254564762115478515625">
        <ele>100.1999969482421875</ele>
        <time>2026-08-08T11:15:38.000Z</time>
      </trkpt>
      <trkpt lat="58.05100821889936923980712890625" lon="-4.420620761811733245849609375">
        <ele>100.40000152587890625</ele>
        <time>2026-08-08T11:15:40.000Z</time>
      </trkpt>
      <trkpt lat="58.05063371546566486358642578125" lon="-4.42073299549520015716552734375">
        <ele>101</ele>
        <time>2026-08-08T11:15:48.000Z</time>
      </trkpt>
      <trkpt lat="58.05058845318853855133056640625" lon="-4.42074657417833805084228515625">
        <ele>101</ele>
        <time>2026-08-08T11:15:49.000Z</time>
      </trkpt>
      <trkpt lat="58.05018176324665546417236328125" lon="-4.42085780203342437744140625">
        <ele>100.40000152587890625</ele>
        <time>2026-08-08T11:15:58.000Z</time>
      </trkpt>
      <trkpt lat="58.0498234368860721588134765625" lon="-4.42097439430654048919677734375">
        <ele>101</ele>
        <time>2026-08-08T11:16:06.000Z</time>
      </trkpt>
      <trkpt lat="58.049525208771228790283203125" lon="-4.4210678525269031524658203125">
        <ele>101</ele>
        <time>2026-08-08T11:16:13.000Z</time>
      </trkpt>
      <trkpt lat="58.04939436726272106170654296875" lon="-4.42110012285411357879638671875">
        <ele>100.8000030517578125</ele>
        <time>2026-08-08T11:16:16.000Z</time>
      </trkpt>
      <trkpt lat="58.04930937476456165313720703125" lon="-4.42113398574292659759521484375">
        <ele>99.8000030517578125</ele>
        <time>2026-08-08T11:16:18.000Z</time>
      </trkpt>
      <trkpt lat="58.04912547580897808074951171875" lon="-4.42118704319000244140625">
        <ele>101</ele>
        <time>2026-08-08T11:16:22.000Z</time>
      </trkpt>
      <trkpt lat="58.04907904006540775299072265625" lon="-4.4211991131305694580078125">
        <ele>101.59999847412109375</ele>
        <time>2026-08-08T11:16:23.000Z</time>
      </trkpt>
      <trkpt lat="58.04894291795790195465087890625" lon="-4.4212442077696323394775390625">
        <ele>102</ele>
        <time>2026-08-08T11:16:26.000Z</time>
      </trkpt>
      <trkpt lat="58.0488974042236804962158203125" lon="-4.42126289941370487213134765625">
        <ele>102.1999969482421875</ele>
        <time>2026-08-08T11:16:27.000Z</time>
      </trkpt>
      <trkpt lat="58.0488504655659198760986328125" lon="-4.42127899266779422760009765625">
        <ele>102</ele>
        <time>2026-08-08T11:16:28.000Z</time>
      </trkpt>
      <trkpt lat="58.04880612529814243316650390625" lon="-4.42129760049283504486083984375">
        <ele>102</ele>
        <time>2026-08-08T11:16:29.000Z</time>
      </trkpt>
      <trkpt lat="58.04876136593520641326904296875" lon="-4.4213156215846538543701171875">
        <ele>102</ele>
        <time>2026-08-08T11:16:30.000Z</time>
      </trkpt>
      <trkpt lat="58.04841200821101665496826171875" lon="-4.421424083411693572998046875">
        <ele>102.59999847412109375</ele>
        <time>2026-08-08T11:16:38.000Z</time>
      </trkpt>
      <trkpt lat="58.04816340096294879913330078125" lon="-4.421499185264110565185546875">
        <ele>103.1999969482421875</ele>
        <time>2026-08-08T11:16:44.000Z</time>
      </trkpt>
      <trkpt lat="58.04812408983707427978515625" lon="-4.42151536233723163604736328125">
        <ele>103.1999969482421875</ele>
        <time>2026-08-08T11:16:45.000Z</time>
      </trkpt>
      <trkpt lat="58.04786718450486660003662109375" lon="-4.4216133467853069305419921875">
        <ele>104.59999847412109375</ele>
        <time>2026-08-08T11:16:52.000Z</time>
      </trkpt>
      <trkpt lat="58.04764573462307453155517578125" lon="-4.42168450914323329925537109375">
        <ele>103.8000030517578125</ele>
        <time>2026-08-08T11:16:58.000Z</time>
      </trkpt>
      <trkpt lat="58.04757700301706790924072265625" lon="-4.42171853967010974884033203125">
        <ele>103.40000152587890625</ele>
        <time>2026-08-08T11:17:00.000Z</time>
      </trkpt>
      <trkpt lat="58.0475107021629810333251953125" lon="-4.42174133844673633575439453125">
        <ele>104</ele>
        <time>2026-08-08T11:17:02.000Z</time>
      </trkpt>
      <trkpt lat="58.04741137661039829254150390625" lon="-4.42177704535424709320068359375">
        <ele>104.59999847412109375</ele>
        <time>2026-08-08T11:17:05.000Z</time>
      </trkpt>
      <trkpt lat="58.0471764318645000457763671875" lon="-4.42184460349380970001220703125">
        <ele>105.1999969482421875</ele>
        <time>2026-08-08T11:17:12.000Z</time>
      </trkpt>
      <trkpt lat="58.04710107855498790740966796875" lon="-4.4218664802610874176025390625">
        <ele>105.1999969482421875</ele>
        <time>2026-08-08T11:17:14.000Z</time>
      </trkpt>
      <trkpt lat="58.04688893258571624755859375" lon="-4.4219613634049892425537109375">
        <ele>105.40000152587890625</ele>
        <time>2026-08-08T11:17:20.000Z</time>
      </trkpt>
      <trkpt lat="58.0468560755252838134765625" lon="-4.42197955213487148284912109375">
        <ele>105.59999847412109375</ele>
        <time>2026-08-08T11:17:21.000Z</time>
      </trkpt>
      <trkpt lat="58.0467043630778789520263671875" lon="-4.42202330566942691802978515625">
        <ele>106.8000030517578125</ele>
        <time>2026-08-08T11:17:25.000Z</time>
      </trkpt>
      <trkpt lat="58.0466651357710361480712890625" lon="-4.42203797399997711181640625">
        <ele>107.1999969482421875</ele>
        <time>2026-08-08T11:17:26.000Z</time>
      </trkpt>
      <trkpt lat="58.04659866727888584136962890625" lon="-4.42206722684204578399658203125">
        <ele>107.40000152587890625</ele>
        <time>2026-08-08T11:17:28.000Z</time>
      </trkpt>
      <trkpt lat="58.04649590514600276947021484375" lon="-4.42210905253887176513671875">
        <ele>107.59999847412109375</ele>
        <time>2026-08-08T11:17:31.000Z</time>
      </trkpt>
      <trkpt lat="58.0464163608849048614501953125" lon="-4.42213344387710094451904296875">
        <ele>107.8000030517578125</ele>
        <time>2026-08-08T11:17:33.000Z</time>
      </trkpt>
      <trkpt lat="58.0462654866278171539306640625" lon="-4.42217887379229068756103515625">
        <ele>108.40000152587890625</ele>
        <time>2026-08-08T11:17:37.000Z</time>
      </trkpt>
      <trkpt lat="58.0460807494819164276123046875" lon="-4.4222223758697509765625">
        <ele>108.8000030517578125</ele>
        <time>2026-08-08T11:17:42.000Z</time>
      </trkpt>
      <trkpt lat="58.0460110120475292205810546875" lon="-4.4222698174417018890380859375">
        <ele>108.8000030517578125</ele>
        <time>2026-08-08T11:17:44.000Z</time>
      </trkpt>
      <trkpt lat="58.04590766318142414093017578125" lon="-4.4223144091665744781494140625">
        <ele>109</ele>
        <time>2026-08-08T11:17:47.000Z</time>
      </trkpt>
      <trkpt lat="58.0456009693443775177001953125" lon="-4.42247785627841949462890625">
        <ele>109.40000152587890625</ele>
        <time>2026-08-08T11:17:55.000Z</time>
      </trkpt>
      <trkpt lat="58.0454088561236858367919921875" lon="-4.42253694869577884674072265625">
        <ele>109.59999847412109375</ele>
        <time>2026-08-08T11:18:00.000Z</time>
      </trkpt>
      <trkpt lat="58.04520173929631710052490234375" lon="-4.42264826036989688873291015625">
        <ele>109.8000030517578125</ele>
        <time>2026-08-08T11:18:06.000Z</time>
      </trkpt>
      <trkpt lat="58.04506561718881130218505859375" lon="-4.4227184168994426727294921875">
        <ele>110</ele>
        <time>2026-08-08T11:18:10.000Z</time>
      </trkpt>
      <trkpt lat="58.04503074847161769866943359375" lon="-4.42274071276187896728515625">
        <ele>110</ele>
        <time>2026-08-08T11:18:11.000Z</time>
      </trkpt>
      <trkpt lat="58.04473352618515491485595703125" lon="-4.422897286713123321533203125">
        <ele>110.59999847412109375</ele>
        <time>2026-08-08T11:18:18.000Z</time>
      </trkpt>
      <trkpt lat="58.044555746018886566162109375" lon="-4.423022009432315826416015625">
        <ele>111</ele>
        <time>2026-08-08T11:18:23.000Z</time>
      </trkpt>
      <trkpt lat="58.04451995529234409332275390625" lon="-4.42304916679859161376953125">
        <ele>111</ele>
        <time>2026-08-08T11:18:24.000Z</time>
      </trkpt>
      <trkpt lat="58.04430839605629444122314453125" lon="-4.42322845570743083953857421875">
        <ele>111.59999847412109375</ele>
        <time>2026-08-08T11:18:30.000Z</time>
      </trkpt>
      <trkpt lat="58.0442377366125583648681640625" lon="-4.423276148736476898193359375">
        <ele>111.59999847412109375</ele>
        <time>2026-08-08T11:18:32.000Z</time>
      </trkpt>
      <trkpt lat="58.044126927852630615234375" lon="-4.4233718700706958770751953125">
        <ele>111.8000030517578125</ele>
        <time>2026-08-08T11:18:35.000Z</time>
      </trkpt>
      <trkpt lat="58.04408191703259944915771484375" lon="-4.42339257337152957916259765625">
        <ele>111.8000030517578125</ele>
        <time>2026-08-08T11:18:36.000Z</time>
      </trkpt>
      <trkpt lat="58.04392584599554538726806640625" lon="-4.4234929047524929046630859375">
        <ele>112</ele>
        <time>2026-08-08T11:18:40.000Z</time>
      </trkpt>
      <trkpt lat="58.04375954903662204742431640625" lon="-4.42358116619288921356201171875">
        <ele>112</ele>
        <time>2026-08-08T11:18:44.000Z</time>
      </trkpt>
      <trkpt lat="58.0436741374433040618896484375" lon="-4.4236290268599987030029296875">
        <ele>112</ele>
        <time>2026-08-08T11:18:46.000Z</time>
      </trkpt>
      <trkpt lat="58.0435722135007381439208984375" lon="-4.42367822863161563873291015625">
        <ele>111.8000030517578125</ele>
        <time>2026-08-08T11:18:48.000Z</time>
      </trkpt>
      <trkpt lat="58.04337113164365291595458984375" lon="-4.423764310777187347412109375">
        <ele>111.8000030517578125</ele>
        <time>2026-08-08T11:18:52.000Z</time>
      </trkpt>
      <trkpt lat="58.04299059323966503143310546875" lon="-4.4239267520606517791748046875">
        <ele>111.59999847412109375</ele>
        <time>2026-08-08T11:19:00.000Z</time>
      </trkpt>
      <trkpt lat="58.04264022968709468841552734375" lon="-4.42406983114778995513916015625">
        <ele>111</ele>
        <time>2026-08-08T11:19:07.000Z</time>
      </trkpt>
      <trkpt lat="58.0425891838967800140380859375" lon="-4.42408173345029354095458984375">
        <ele>111</ele>
        <time>2026-08-08T11:19:08.000Z</time>
      </trkpt>
      <trkpt lat="58.0423440970480442047119140625" lon="-4.42414996214210987091064453125">
        <ele>110.8000030517578125</ele>
        <time>2026-08-08T11:19:13.000Z</time>
      </trkpt>
      <trkpt lat="58.04224996827542781829833984375" lon="-4.42418097518384456634521484375">
        <ele>111</ele>
        <time>2026-08-08T11:19:15.000Z</time>
      </trkpt>
      <trkpt lat="58.04196037352085113525390625" lon="-4.424259848892688751220703125">
        <ele>110.59999847412109375</ele>
        <time>2026-08-08T11:19:21.000Z</time>
      </trkpt>
      <trkpt lat="58.04159936495125293731689453125" lon="-4.4243465177714824676513671875">
        <ele>110.40000152587890625</ele>
        <time>2026-08-08T11:19:28.000Z</time>
      </trkpt>
      <trkpt lat="58.0412770807743072509765625" lon="-4.42443276755511760711669921875">
        <ele>109.8000030517578125</ele>
        <time>2026-08-08T11:19:34.000Z</time>
      </trkpt>
      <trkpt lat="58.04091020487248897552490234375" lon="-4.4245235435664653778076171875">
        <ele>109.59999847412109375</ele>
        <time>2026-08-08T11:19:41.000Z</time>
      </trkpt>
      <trkpt lat="58.0406589992344379425048828125" lon="-4.4246055185794830322265625">
        <ele>109.59999847412109375</ele>
        <time>2026-08-08T11:19:46.000Z</time>
      </trkpt>
      <trkpt lat="58.04060812108218669891357421875" lon="-4.42461431957781314849853515625">
        <ele>109.40000152587890625</ele>
        <time>2026-08-08T11:19:47.000Z</time>
      </trkpt>
      <trkpt lat="58.04037108086049556732177734375" lon="-4.42465446889400482177734375">
        <ele>109.40000152587890625</ele>
        <time>2026-08-08T11:19:52.000Z</time>
      </trkpt>
      <trkpt lat="58.040319196879863739013671875" lon="-4.42466109059751033782958984375">
        <ele>109.40000152587890625</ele>
        <time>2026-08-08T11:19:53.000Z</time>
      </trkpt>
      <trkpt lat="58.03996841423213481903076171875" lon="-4.42474901676177978515625">
        <ele>110.1999969482421875</ele>
        <time>2026-08-08T11:20:00.000Z</time>
      </trkpt>
      <trkpt lat="58.0396005325019359588623046875" lon="-4.42486703395843505859375">
        <ele>110.1999969482421875</ele>
        <time>2026-08-08T11:20:08.000Z</time>
      </trkpt>
      <trkpt lat="58.0392696149647235870361328125" lon="-4.42496401257812976837158203125">
        <ele>109.8000030517578125</ele>
        <time>2026-08-08T11:20:15.000Z</time>
      </trkpt>
      <trkpt lat="58.038959316909313201904296875" lon="-4.42504548467695713043212890625">
        <ele>109.40000152587890625</ele>
        <time>2026-08-08T11:20:21.000Z</time>
      </trkpt>
      <trkpt lat="58.03864859975874423980712890625" lon="-4.42505604587495326995849609375">
        <ele>109.1999969482421875</ele>
        <time>2026-08-08T11:20:27.000Z</time>
      </trkpt>
      <trkpt lat="58.03848381154239177703857421875" lon="-4.425019584596157073974609375">
        <ele>108.8000030517578125</ele>
        <time>2026-08-08T11:20:30.000Z</time>
      </trkpt>
      <trkpt lat="58.0382657982409000396728515625" lon="-4.42494188435375690460205078125">
        <ele>108.8000030517578125</ele>
        <time>2026-08-08T11:20:34.000Z</time>
      </trkpt>
      <trkpt lat="58.0379875190556049346923828125" lon="-4.42482286132872104644775390625">
        <ele>109.1999969482421875</ele>
        <time>2026-08-08T11:20:39.000Z</time>
      </trkpt>
      <trkpt lat="58.0375731177628040313720703125" lon="-4.42462001927196979522705078125">
        <ele>108.8000030517578125</ele>
        <time>2026-08-08T11:20:46.000Z</time>
      </trkpt>
      <trkpt lat="58.037230968475341796875" lon="-4.42444785498082637786865234375">
        <ele>108.8000030517578125</ele>
        <time>2026-08-08T11:20:52.000Z</time>
      </trkpt>
      <trkpt lat="58.03711253218352794647216796875" lon="-4.42438147030770778656005859375">
        <ele>108.8000030517578125</ele>
        <time>2026-08-08T11:20:54.000Z</time>
      </trkpt>
      <trkpt lat="58.03684431128203868865966796875" lon="-4.4242382235825061798095703125">
        <ele>109</ele>
        <time>2026-08-08T11:20:59.000Z</time>
      </trkpt>
      <trkpt lat="58.03668488748371601104736328125" lon="-4.424141831696033477783203125">
        <ele>108.59999847412109375</ele>
        <time>2026-08-08T11:21:02.000Z</time>
      </trkpt>
      <trkpt lat="58.03652697242796421051025390625" lon="-4.42399841733276844024658203125">
        <ele>108.40000152587890625</ele>
        <time>2026-08-08T11:21:05.000Z</time>
      </trkpt>
      <trkpt lat="58.03633016534149646759033203125" lon="-4.42382038570940494537353515625">
        <ele>108.40000152587890625</ele>
        <time>2026-08-08T11:21:09.000Z</time>
      </trkpt>
      <trkpt lat="58.0362333543598651885986328125" lon="-4.42372315563261508941650390625">
        <ele>108.1999969482421875</ele>
        <time>2026-08-08T11:21:11.000Z</time>
      </trkpt>
      <trkpt lat="58.036051131784915924072265625" lon="-4.4235442019999027252197265625">
        <ele>108</ele>
        <time>2026-08-08T11:21:15.000Z</time>
      </trkpt>
      <trkpt lat="58.0359637923538684844970703125" lon="-4.42346063442528247833251953125">
        <ele>108</ele>
        <time>2026-08-08T11:21:17.000Z</time>
      </trkpt>
      <trkpt lat="58.03591660223901271820068359375" lon="-4.42342224530875682830810546875">
        <ele>107.8000030517578125</ele>
        <time>2026-08-08T11:21:18.000Z</time>
      </trkpt>
      <trkpt lat="58.03567185066640377044677734375" lon="-4.42318989895284175872802734375">
        <ele>108</ele>
        <time>2026-08-08T11:21:23.000Z</time>
      </trkpt>
      <trkpt lat="58.03541243076324462890625" lon="-4.4229554571211338043212890625">
        <ele>108</ele>
        <time>2026-08-08T11:21:28.000Z</time>
      </trkpt>
      <trkpt lat="58.03527253679931163787841796875" lon="-4.4228193350136280059814453125">
        <ele>108</ele>
        <time>2026-08-08T11:21:31.000Z</time>
      </trkpt>
      <trkpt lat="58.03517480380833148956298828125" lon="-4.42273308522999286651611328125">
        <ele>107.8000030517578125</ele>
        <time>2026-08-08T11:21:33.000Z</time>
      </trkpt>
      <trkpt lat="58.03489669226109981536865234375" lon="-4.422450363636016845703125">
        <ele>107</ele>
        <time>2026-08-08T11:21:39.000Z</time>
      </trkpt>
      <trkpt lat="58.03479359485208988189697265625" lon="-4.42237819544970989227294921875">
        <ele>106.59999847412109375</ele>
        <time>2026-08-08T11:21:41.000Z</time>
      </trkpt>
      <trkpt lat="58.03467155434191226959228515625" lon="-4.42226193845272064208984375">
        <ele>106.1999969482421875</ele>
        <time>2026-08-08T11:21:43.000Z</time>
      </trkpt>
      <trkpt lat="58.034463264048099517822265625" lon="-4.4220575876533985137939453125">
        <ele>105.59999847412109375</ele>
        <time>2026-08-08T11:21:46.000Z</time>
      </trkpt>
      <trkpt lat="58.034276850521564483642578125" lon="-4.42184678278863430023193359375">
        <ele>105.59999847412109375</ele>
        <time>2026-08-08T11:21:49.000Z</time>
      </trkpt>
      <trkpt lat="58.03408943116664886474609375" lon="-4.42162784747779369354248046875">
        <ele>105.59999847412109375</ele>
        <time>2026-08-08T11:21:52.000Z</time>
      </trkpt>
      <trkpt lat="58.0339833162724971771240234375" lon="-4.4214986823499202728271484375">
        <ele>105.59999847412109375</ele>
        <time>2026-08-08T11:21:54.000Z</time>
      </trkpt>
      <trkpt lat="58.0339367128908634185791015625" lon="-4.4214217364788055419921875">
        <ele>105.8000030517578125</ele>
        <time>2026-08-08T11:21:55.000Z</time>
      </trkpt>
      <trkpt lat="58.03379170596599578857421875" lon="-4.42121428437530994415283203125">
        <ele>105.59999847412109375</ele>
        <time>2026-08-08T11:21:58.000Z</time>
      </trkpt>
      <trkpt lat="58.03361275233328342437744140625" lon="-4.420952685177326202392578125">
        <ele>105.1999969482421875</ele>
        <time>2026-08-08T11:22:02.000Z</time>
      </trkpt>
      <trkpt lat="58.033530525863170623779296875" lon="-4.42083500325679779052734375">
        <ele>104.8000030517578125</ele>
        <time>2026-08-08T11:22:04.000Z</time>
      </trkpt>
      <trkpt lat="58.03339398466050624847412109375" lon="-4.42065705545246601104736328125">
        <ele>104.59999847412109375</ele>
        <time>2026-08-08T11:22:07.000Z</time>
      </trkpt>
      <trkpt lat="58.0332544259727001190185546875" lon="-4.42047131247818470001220703125">
        <ele>104.40000152587890625</ele>
        <time>2026-08-08T11:22:10.000Z</time>
      </trkpt>
      <trkpt lat="58.03299106657505035400390625" lon="-4.42010871134698390960693359375">
        <ele>103.8000030517578125</ele>
        <time>2026-08-08T11:22:16.000Z</time>
      </trkpt>
      <trkpt lat="58.03290548734366893768310546875" lon="-4.41999002359807491302490234375">
        <ele>103.40000152587890625</ele>
        <time>2026-08-08T11:22:18.000Z</time>
      </trkpt>
      <trkpt lat="58.03270951844751834869384765625" lon="-4.41969347186386585235595703125">
        <ele>104</ele>
        <time>2026-08-08T11:22:23.000Z</time>
      </trkpt>
      <trkpt lat="58.0324219353497028350830078125" lon="-4.419240765273571014404296875">
        <ele>103</ele>
        <time>2026-08-08T11:22:30.000Z</time>
      </trkpt>
      <trkpt lat="58.0322992242872714996337890625" lon="-4.4190042279660701751708984375">
        <ele>103</ele>
        <time>2026-08-08T11:22:33.000Z</time>
      </trkpt>
      <trkpt lat="58.0322281457483768463134765625" lon="-4.418817646801471710205078125">
        <ele>102.8000030517578125</ele>
        <time>2026-08-08T11:22:35.000Z</time>
      </trkpt>
      <trkpt lat="58.0321138165891170501708984375" lon="-4.4184580631554126739501953125">
        <ele>102.8000030517578125</ele>
        <time>2026-08-08T11:22:39.000Z</time>
      </trkpt>
      <trkpt lat="58.03207576274871826171875" lon="-4.41826687194406986236572265625">
        <ele>102.8000030517578125</ele>
        <time>2026-08-08T11:22:41.000Z</time>
      </trkpt>
      <trkpt lat="58.0319441668689250946044921875" lon="-4.41750713624060153961181640625">
        <ele>102.59999847412109375</ele>
        <time>2026-08-08T11:22:49.000Z</time>
      </trkpt>
      <trkpt lat="58.0317847430706024169921875" lon="-4.4168463908135890960693359375">
        <ele>102.59999847412109375</ele>
        <time>2026-08-08T11:22:56.000Z</time>
      </trkpt>
      <trkpt lat="58.03151224739849567413330078125" lon="-4.41621062345802783966064453125">
        <ele>102.59999847412109375</ele>
        <time>2026-08-08T11:23:04.000Z</time>
      </trkpt>
      <trkpt lat="58.03144569508731365203857421875" lon="-4.4160692207515239715576171875">
        <ele>102.40000152587890625</ele>
        <time>2026-08-08T11:23:06.000Z</time>
      </trkpt>
      <trkpt lat="58.03138299845159053802490234375" lon="-4.41594994626939296722412109375">
        <ele>101.59999847412109375</ele>
        <time>2026-08-08T11:23:08.000Z</time>
      </trkpt>
      <trkpt lat="58.031329102814197540283203125" lon="-4.4158301688730716705322265625">
        <ele>101.1999969482421875</ele>
        <time>2026-08-08T11:23:10.000Z</time>
      </trkpt>
      <trkpt lat="58.03124369122087955474853515625" lon="-4.4156442582607269287109375">
        <ele>102.1999969482421875</ele>
        <time>2026-08-08T11:23:13.000Z</time>
      </trkpt>
      <trkpt lat="58.03121049888432025909423828125" lon="-4.415580891072750091552734375">
        <ele>102.40000152587890625</ele>
        <time>2026-08-08T11:23:14.000Z</time>
      </trkpt>
      <trkpt lat="58.03112785331904888153076171875" lon="-4.4154043681919574737548828125">
        <ele>102.1999969482421875</ele>
        <time>2026-08-08T11:23:17.000Z</time>
      </trkpt>
      <trkpt lat="58.031035400927066802978515625" lon="-4.415157102048397064208984375">
        <ele>103</ele>
        <time>2026-08-08T11:23:21.000Z</time>
      </trkpt>
      <trkpt lat="58.030992485582828521728515625" lon="-4.415018968284130096435546875">
        <ele>103.40000152587890625</ele>
        <time>2026-08-08T11:23:23.000Z</time>
      </trkpt>
      <trkpt lat="58.03097010590136051177978515625" lon="-4.41494084894657135009765625">
        <ele>103.59999847412109375</ele>
        <time>2026-08-08T11:23:24.000Z</time>
      </trkpt>
      <trkpt lat="58.0308471433818340301513671875" lon="-4.41431145183742046356201171875">
        <ele>103.8000030517578125</ele>
        <time>2026-08-08T11:23:31.000Z</time>
      </trkpt>
      <trkpt lat="58.03074580617249011993408203125" lon="-4.41369085572659969329833984375">
        <ele>103.59999847412109375</ele>
        <time>2026-08-08T11:23:37.000Z</time>
      </trkpt>
      <trkpt lat="58.03071026690304279327392578125" lon="-4.41347225569188594818115234375">
        <ele>103.1999969482421875</ele>
        <time>2026-08-08T11:23:39.000Z</time>
      </trkpt>
      <trkpt lat="58.030608259141445159912109375" lon="-4.4129084050655364990234375">
        <ele>102.1999969482421875</ele>
        <time>2026-08-08T11:23:44.000Z</time>
      </trkpt>
      <trkpt lat="58.030528463423252105712890625" lon="-4.412567429244518280029296875">
        <ele>101.40000152587890625</ele>
        <time>2026-08-08T11:23:47.000Z</time>
      </trkpt>
      <trkpt lat="58.03032151423394680023193359375" lon="-4.41190148703753948211669921875">
        <ele>101.8000030517578125</ele>
        <time>2026-08-08T11:23:53.000Z</time>
      </trkpt>
      <trkpt lat="58.0300988070666790008544921875" lon="-4.41141583956778049468994140625">
        <ele>101.1999969482421875</ele>
        <time>2026-08-08T11:23:58.000Z</time>
      </trkpt>
      <trkpt lat="58.030051700770854949951171875" lon="-4.41132380627095699310302734375">
        <ele>101.1999969482421875</ele>
        <time>2026-08-08T11:23:59.000Z</time>
      </trkpt>
      <trkpt lat="58.0300037562847137451171875" lon="-4.41123127005994319915771484375">
        <ele>100.8000030517578125</ele>
        <time>2026-08-08T11:24:00.000Z</time>
      </trkpt>
      <trkpt lat="58.029959835112094879150390625" lon="-4.411140494048595428466796875">
        <ele>100.40000152587890625</ele>
        <time>2026-08-08T11:24:01.000Z</time>
      </trkpt>
      <trkpt lat="58.02987174130976200103759765625" lon="-4.4109757058322429656982421875">
        <ele>100</ele>
        <time>2026-08-08T11:24:03.000Z</time>
      </trkpt>
      <trkpt lat="58.0296847410500049591064453125" lon="-4.41063665784895420074462890625">
        <ele>99.8000030517578125</ele>
        <time>2026-08-08T11:24:07.000Z</time>
      </trkpt>
      <trkpt lat="58.02957803942263126373291015625" lon="-4.41046382300555706024169921875">
        <ele>99.59999847412109375</ele>
        <time>2026-08-08T11:24:09.000Z</time>
      </trkpt>
      <trkpt lat="58.029525987803936004638671875" lon="-4.41037698648869991302490234375">
        <ele>99.40000152587890625</ele>
        <time>2026-08-08T11:24:10.000Z</time>
      </trkpt>
      <trkpt lat="58.02942196838557720184326171875" lon="-4.4102032296359539031982421875">
        <ele>99.40000152587890625</ele>
        <time>2026-08-08T11:24:12.000Z</time>
      </trkpt>
      <trkpt lat="58.02936832420527935028076171875" lon="-4.41010843031108379364013671875">
        <ele>99.40000152587890625</ele>
        <time>2026-08-08T11:24:13.000Z</time>
      </trkpt>
      <trkpt lat="58.029211498796939849853515625" lon="-4.40981020219624042510986328125">
        <ele>99</ele>
        <time>2026-08-08T11:24:16.000Z</time>
      </trkpt>
      <trkpt lat="58.0290503986179828643798828125" lon="-4.4094924442470073699951171875">
        <ele>97.40000152587890625</ele>
        <time>2026-08-08T11:24:19.000Z</time>
      </trkpt>
      <trkpt lat="58.02890413440763950347900390625" lon="-4.40915540792047977447509765625">
        <ele>96.59999847412109375</ele>
        <time>2026-08-08T11:24:22.000Z</time>
      </trkpt>
      <trkpt lat="58.0288559384644031524658203125" lon="-4.40904040820896625518798828125">
        <ele>96.40000152587890625</ele>
        <time>2026-08-08T11:24:23.000Z</time>
      </trkpt>
      <trkpt lat="58.02881059236824512481689453125" lon="-4.4089186191558837890625">
        <ele>96.40000152587890625</ele>
        <time>2026-08-08T11:24:24.000Z</time>
      </trkpt>
      <trkpt lat="58.028690479695796966552734375" lon="-4.40854822285473346710205078125">
        <ele>95.8000030517578125</ele>
        <time>2026-08-08T11:24:27.000Z</time>
      </trkpt>
      <trkpt lat="58.0286188982427120208740234375" lon="-4.40829307772219181060791015625">
        <ele>95.1999969482421875</ele>
        <time>2026-08-08T11:24:29.000Z</time>
      </trkpt>
      <trkpt lat="58.02855930291116237640380859375" lon="-4.4080195762217044830322265625">
        <ele>94.1999969482421875</ele>
        <time>2026-08-08T11:24:31.000Z</time>
      </trkpt>
      <trkpt lat="58.0285256914794445037841796875" lon="-4.4078841246664524078369140625">
        <ele>93.59999847412109375</ele>
        <time>2026-08-08T11:24:32.000Z</time>
      </trkpt>
      <trkpt lat="58.0284492485225200653076171875" lon="-4.4074817933142185211181640625">
        <ele>92.8000030517578125</ele>
        <time>2026-08-08T11:24:35.000Z</time>
      </trkpt>
      <trkpt lat="58.02842368371784687042236328125" lon="-4.40735028125345706939697265625">
        <ele>92.59999847412109375</ele>
        <time>2026-08-08T11:24:36.000Z</time>
      </trkpt>
      <trkpt lat="58.02831488661468029022216796875" lon="-4.4065783917903900146484375">
        <ele>92.8000030517578125</ele>
        <time>2026-08-08T11:24:42.000Z</time>
      </trkpt>
      <trkpt lat="58.0281959474086761474609375" lon="-4.40595352090895175933837890625">
        <ele>93.40000152587890625</ele>
        <time>2026-08-08T11:24:48.000Z</time>
      </trkpt>
      <trkpt lat="58.02815102040767669677734375" lon="-4.40560835413634777069091796875">
        <ele>93</ele>
        <time>2026-08-08T11:24:51.000Z</time>
      </trkpt>
      <trkpt lat="58.028103075921535491943359375" lon="-4.405378438532352447509765625">
        <ele>92.59999847412109375</ele>
        <time>2026-08-08T11:24:53.000Z</time>
      </trkpt>
      <trkpt lat="58.02795362658798694610595703125" lon="-4.40477251075208187103271484375">
        <ele>92.40000152587890625</ele>
        <time>2026-08-08T11:24:58.000Z</time>
      </trkpt>
      <trkpt lat="58.027914650738239288330078125" lon="-4.40465734340250492095947265625">
        <ele>92.1999969482421875</ele>
        <time>2026-08-08T11:24:59.000Z</time>
      </trkpt>
      <trkpt lat="58.0278705619275569915771484375" lon="-4.40455022267997264862060546875">
        <ele>92</ele>
        <time>2026-08-08T11:25:00.000Z</time>
      </trkpt>
      <trkpt lat="58.02774793468415737152099609375" lon="-4.4042869471013545989990234375">
        <ele>93</ele>
        <time>2026-08-08T11:25:03.000Z</time>
      </trkpt>
      <trkpt lat="58.0276610143482685089111328125" lon="-4.4041193090379238128662109375">
        <ele>93.59999847412109375</ele>
        <time>2026-08-08T11:25:05.000Z</time>
      </trkpt>
      <trkpt lat="58.0276174284517765045166015625" lon="-4.404050745069980621337890625">
        <ele>93.8000030517578125</ele>
        <time>2026-08-08T11:25:06.000Z</time>
      </trkpt>
      <trkpt lat="58.02752195857465267181396484375" lon="-4.40390263684093952178955078125">
        <ele>91.8000030517578125</ele>
        <time>2026-08-08T11:25:08.000Z</time>
      </trkpt>
      <trkpt lat="58.02747870795428752899169921875" lon="-4.4038453884422779083251953125">
        <ele>90.8000030517578125</ele>
        <time>2026-08-08T11:25:09.000Z</time>
      </trkpt>
      <trkpt lat="58.02739790640771389007568359375" lon="-4.40373055636882781982421875">
        <ele>89</ele>
        <time>2026-08-08T11:25:11.000Z</time>
      </trkpt>
      <trkpt lat="58.02724032662808895111083984375" lon="-4.4034866429865360260009765625">
        <ele>89.59999847412109375</ele>
        <time>2026-08-08T11:25:15.000Z</time>
      </trkpt>
      <trkpt lat="58.02720428444445133209228515625" lon="-4.40342939458787441253662109375">
        <ele>90.40000152587890625</ele>
        <time>2026-08-08T11:25:16.000Z</time>
      </trkpt>
      <trkpt lat="58.0271285958588123321533203125" lon="-4.403315484523773193359375">
        <ele>92.40000152587890625</ele>
        <time>2026-08-08T11:25:18.000Z</time>
      </trkpt>
      <trkpt lat="58.02702927030622959136962890625" lon="-4.403117001056671142578125">
        <ele>91.8000030517578125</ele>
        <time>2026-08-08T11:25:21.000Z</time>
      </trkpt>
      <trkpt lat="58.0269653163850307464599609375" lon="-4.402950704097747802734375">
        <ele>91.59999847412109375</ele>
        <time>2026-08-08T11:25:23.000Z</time>
      </trkpt>
      <trkpt lat="58.0269089899957180023193359375" lon="-4.40276387147605419158935546875">
        <ele>91.1999969482421875</ele>
        <time>2026-08-08T11:25:25.000Z</time>
      </trkpt>
      <trkpt lat="58.0268570221960544586181640625" lon="-4.40255918540060520172119140625">
        <ele>90.8000030517578125</ele>
        <time>2026-08-08T11:25:27.000Z</time>
      </trkpt>
      <trkpt lat="58.0266930721700191497802734375" lon="-4.40186063759028911590576171875">
        <ele>90.40000152587890625</ele>
        <time>2026-08-08T11:25:33.000Z</time>
      </trkpt>
      <trkpt lat="58.026601709425449371337890625" lon="-4.40155251882970333099365234375">
        <ele>90.1999969482421875</ele>
        <time>2026-08-08T11:25:36.000Z</time>
      </trkpt>
      <trkpt lat="58.02655971609055995941162109375" lon="-4.40147087909281253814697265625">
        <ele>90.40000152587890625</ele>
        <time>2026-08-08T11:25:37.000Z</time>
      </trkpt>
      <trkpt lat="58.0265115201473236083984375" lon="-4.40140868537127971649169921875">
        <ele>90.59999847412109375</ele>
        <time>2026-08-08T11:25:38.000Z</time>
      </trkpt>
      <trkpt lat="58.02640833891928195953369140625" lon="-4.40133207477629184722900390625">
        <ele>91.1999969482421875</ele>
        <time>2026-08-08T11:25:40.000Z</time>
      </trkpt>
      <trkpt lat="58.02635251544415950775146484375" lon="-4.4013190828263759613037109375">
        <ele>91.1999969482421875</ele>
        <time>2026-08-08T11:25:41.000Z</time>
      </trkpt>
      <trkpt lat="58.0262957699596881866455078125" lon="-4.40132754854857921600341796875">
        <ele>91.1999969482421875</ele>
        <time>2026-08-08T11:25:42.000Z</time>
      </trkpt>
      <trkpt lat="58.0261361785233020782470703125" lon="-4.40137582831084728240966796875">
        <ele>90.8000030517578125</ele>
        <time>2026-08-08T11:25:45.000Z</time>
      </trkpt>
      <trkpt lat="58.02585764788091182708740234375" lon="-4.40143735148012638092041015625">
        <ele>90</ele>
        <time>2026-08-08T11:25:50.000Z</time>
      </trkpt>
      <trkpt lat="58.0257019959390163421630859375" lon="-4.4014766626060009002685546875">
        <ele>89.8000030517578125</ele>
        <time>2026-08-08T11:25:53.000Z</time>
      </trkpt>
      <trkpt lat="58.0254669673740863800048828125" lon="-4.40151865594089031219482421875">
        <ele>88.8000030517578125</ele>
        <time>2026-08-08T11:25:58.000Z</time>
      </trkpt>
      <trkpt lat="58.02537225186824798583984375" lon="-4.40153793431818485260009765625">
        <ele>88.8000030517578125</ele>
        <time>2026-08-08T11:26:00.000Z</time>
      </trkpt>
      <trkpt lat="58.02528164349496364593505859375" lon="-4.40155285410583019256591796875">
        <ele>89.40000152587890625</ele>
        <time>2026-08-08T11:26:02.000Z</time>
      </trkpt>
      <trkpt lat="58.0252347886562347412109375" lon="-4.4015601463615894317626953125">
        <ele>89.40000152587890625</ele>
        <time>2026-08-08T11:26:03.000Z</time>
      </trkpt>
      <trkpt lat="58.02514719776809215545654296875" lon="-4.40158453769981861114501953125">
        <ele>89.1999969482421875</ele>
        <time>2026-08-08T11:26:05.000Z</time>
      </trkpt>
      <trkpt lat="58.0250106565654277801513671875" lon="-4.401613287627696990966796875">
        <ele>88</ele>
        <time>2026-08-08T11:26:08.000Z</time>
      </trkpt>
      <trkpt lat="58.0249234847724437713623046875" lon="-4.40163549967110157012939453125">
        <ele>88.1999969482421875</ele>
        <time>2026-08-08T11:26:10.000Z</time>
      </trkpt>
      <trkpt lat="58.02475157193839550018310546875" lon="-4.40168260596692562103271484375">
        <ele>90</ele>
        <time>2026-08-08T11:26:14.000Z</time>
      </trkpt>
      <trkpt lat="58.024710752069950103759765625" lon="-4.401697106659412384033203125">
        <ele>90.8000030517578125</ele>
        <time>2026-08-08T11:26:15.000Z</time>
      </trkpt>
      <trkpt lat="58.02466976456344127655029296875" lon="-4.40171445719897747039794921875">
        <ele>91</ele>
        <time>2026-08-08T11:26:16.000Z</time>
      </trkpt>
      <trkpt lat="58.0245895497500896453857421875" lon="-4.40175779163837432861328125">
        <ele>91.40000152587890625</ele>
        <time>2026-08-08T11:26:18.000Z</time>
      </trkpt>
      <trkpt lat="58.0244722031056880950927734375" lon="-4.401813112199306488037109375">
        <ele>91.59999847412109375</ele>
        <time>2026-08-08T11:26:21.000Z</time>
      </trkpt>
      <trkpt lat="58.02439701743423938751220703125" lon="-4.40185368061065673828125">
        <ele>91.40000152587890625</ele>
        <time>2026-08-08T11:26:23.000Z</time>
      </trkpt>
      <trkpt lat="58.024298362433910369873046875" lon="-4.401923082768917083740234375">
        <ele>92.1999969482421875</ele>
        <time>2026-08-08T11:26:26.000Z</time>
      </trkpt>
      <trkpt lat="58.0241672694683074951171875" lon="-4.40203003585338592529296875">
        <ele>92.40000152587890625</ele>
        <time>2026-08-08T11:26:30.000Z</time>
      </trkpt>
      <trkpt lat="58.0240749008953571319580078125" lon="-4.402094744145870208740234375">
        <ele>93.40000152587890625</ele>
        <time>2026-08-08T11:26:33.000Z</time>
      </trkpt>
      <trkpt lat="58.02404531277716159820556640625" lon="-4.40212232060730457305908203125">
        <ele>93.59999847412109375</ele>
        <time>2026-08-08T11:26:34.000Z</time>
      </trkpt>
      <trkpt lat="58.02391354925930500030517578125" lon="-4.40223229117691516876220703125">
        <ele>92</ele>
        <time>2026-08-08T11:26:38.000Z</time>
      </trkpt>
      <trkpt lat="58.0238086916506290435791015625" lon="-4.40233287401497364044189453125">
        <ele>92</ele>
        <time>2026-08-08T11:26:41.000Z</time>
      </trkpt>
      <trkpt lat="58.023497052490711212158203125" lon="-4.40263428725302219390869140625">
        <ele>92.1999969482421875</ele>
        <time>2026-08-08T11:26:49.000Z</time>
      </trkpt>
      <trkpt lat="58.02319438196718692779541015625" lon="-4.40289697609841823577880859375">
        <ele>90.8000030517578125</ele>
        <time>2026-08-08T11:26:56.000Z</time>
      </trkpt>
      <trkpt lat="58.023064546287059783935546875" lon="-4.403002671897411346435546875">
        <ele>89.8000030517578125</ele>
        <time>2026-08-08T11:26:59.000Z</time>
      </trkpt>
      <trkpt lat="58.02298030816018581390380859375" lon="-4.40307366661727428436279296875">
        <ele>89.59999847412109375</ele>
        <time>2026-08-08T11:27:01.000Z</time>
      </trkpt>
      <trkpt lat="58.02290151827037334442138671875" lon="-4.40315262414515018463134765625">
        <ele>90.1999969482421875</ele>
        <time>2026-08-08T11:27:03.000Z</time>
      </trkpt>
      <trkpt lat="58.022825159132480621337890625" lon="-4.40321733243763446807861328125">
        <ele>91.1999969482421875</ele>
        <time>2026-08-08T11:27:05.000Z</time>
      </trkpt>
      <trkpt lat="58.02271510474383831024169921875" lon="-4.40332420170307159423828125">
        <ele>92.59999847412109375</ele>
        <time>2026-08-08T11:27:08.000Z</time>
      </trkpt>
      <trkpt lat="58.0226432718336582183837890625" lon="-4.40340374596416950225830078125">
        <ele>92.40000152587890625</ele>
        <time>2026-08-08T11:27:10.000Z</time>
      </trkpt>
      <trkpt lat="58.022470772266387939453125" lon="-4.4035754911601543426513671875">
        <ele>93</ele>
        <time>2026-08-08T11:27:15.000Z</time>
      </trkpt>
      <trkpt lat="58.0224337242543697357177734375" lon="-4.403602145612239837646484375">
        <ele>93</ele>
        <time>2026-08-08T11:27:16.000Z</time>
      </trkpt>
      <trkpt lat="58.02236080169677734375" lon="-4.40364581532776355743408203125">
        <ele>92.8000030517578125</ele>
        <time>2026-08-08T11:27:18.000Z</time>
      </trkpt>
      <trkpt lat="58.02211470901966094970703125" lon="-4.40378981642425060272216796875">
        <ele>92</ele>
        <time>2026-08-08T11:27:24.000Z</time>
      </trkpt>
      <trkpt lat="58.021766357123851776123046875" lon="-4.4040321372449398040771484375">
        <ele>93.40000152587890625</ele>
        <time>2026-08-08T11:27:33.000Z</time>
      </trkpt>
      <trkpt lat="58.02150224335491657257080078125" lon="-4.40414269454777240753173828125">
        <ele>93</ele>
        <time>2026-08-08T11:27:40.000Z</time>
      </trkpt>
      <trkpt lat="58.021461255848407745361328125" lon="-4.40414671786129474639892578125">
        <ele>93</ele>
        <time>2026-08-08T11:27:41.000Z</time>
      </trkpt>
      <trkpt lat="58.0211486108601093292236328125" lon="-4.4041134417057037353515625">
        <ele>93.1999969482421875</ele>
        <time>2026-08-08T11:27:49.000Z</time>
      </trkpt>
      <trkpt lat="58.02110888063907623291015625" lon="-4.4041092507541179656982421875">
        <ele>93</ele>
        <time>2026-08-08T11:27:50.000Z</time>
      </trkpt>
      <trkpt lat="58.02082247100770473480224609375" lon="-4.40405820496380329132080078125">
        <ele>93.1999969482421875</ele>
        <time>2026-08-08T11:27:57.000Z</time>
      </trkpt>
      <trkpt lat="58.0205752886831760406494140625" lon="-4.4040183909237384796142578125">
        <ele>93.1999969482421875</ele>
        <time>2026-08-08T11:28:03.000Z</time>
      </trkpt>
      <trkpt lat="58.0205042101442813873291015625" lon="-4.40404563210904598236083984375">
        <ele>93.8000030517578125</ele>
        <time>2026-08-08T11:28:05.000Z</time>
      </trkpt>
      <trkpt lat="58.02040957845747470855712890625" lon="-4.4041545130312442779541015625">
        <ele>94.1999969482421875</ele>
        <time>2026-08-08T11:28:08.000Z</time>
      </trkpt>
      <trkpt lat="58.02038208581507205963134765625" lon="-4.40428786911070346832275390625">
        <ele>93.8000030517578125</ele>
        <time>2026-08-08T11:28:10.000Z</time>
      </trkpt>
      <trkpt lat="58.02036129869520664215087890625" lon="-4.40443689934909343719482421875">
        <ele>93.40000152587890625</ele>
        <time>2026-08-08T11:28:12.000Z</time>
      </trkpt>
      <trkpt lat="58.0203476361930370330810546875" lon="-4.4045129232108592987060546875">
        <ele>93.8000030517578125</ele>
        <time>2026-08-08T11:28:13.000Z</time>
      </trkpt>
      <trkpt lat="58.02026708610355854034423828125" lon="-4.404865466058254241943359375">
        <ele>94</ele>
        <time>2026-08-08T11:28:18.000Z</time>
      </trkpt>
      <trkpt lat="58.02024093456566333770751953125" lon="-4.40492891706526279449462890625">
        <ele>93.59999847412109375</ele>
        <time>2026-08-08T11:28:19.000Z</time>
      </trkpt>
      <trkpt lat="58.0202088318765163421630859375" lon="-4.40498993732035160064697265625">
        <ele>93.59999847412109375</ele>
        <time>2026-08-08T11:28:20.000Z</time>
      </trkpt>
      <trkpt lat="58.02012878470122814178466796875" lon="-4.40506621263921260833740234375">
        <ele>93.59999847412109375</ele>
        <time>2026-08-08T11:28:22.000Z</time>
      </trkpt>
      <trkpt lat="58.02008436061441898345947265625" lon="-4.40508238971233367919921875">
        <ele>93.40000152587890625</ele>
        <time>2026-08-08T11:28:23.000Z</time>
      </trkpt>
      <trkpt lat="58.02003708668053150177001953125" lon="-4.405085407197475433349609375">
        <ele>93.40000152587890625</ele>
        <time>2026-08-08T11:28:24.000Z</time>
      </trkpt>
      <trkpt lat="58.01984287798404693603515625" lon="-4.40505263395607471466064453125">
        <ele>93</ele>
        <time>2026-08-08T11:28:28.000Z</time>
      </trkpt>
      <trkpt lat="58.01969829015433788299560546875" lon="-4.4050128199160099029541015625">
        <ele>92.59999847412109375</ele>
        <time>2026-08-08T11:28:31.000Z</time>
      </trkpt>
      <trkpt lat="58.019412048161029815673828125" lon="-4.40493679605424404144287109375">
        <ele>92.59999847412109375</ele>
        <time>2026-08-08T11:28:37.000Z</time>
      </trkpt>
      <trkpt lat="58.019001670181751251220703125" lon="-4.40482682548463344573974609375">
        <ele>92.40000152587890625</ele>
        <time>2026-08-08T11:28:46.000Z</time>
      </trkpt>
      <trkpt lat="58.01868357695639133453369140625" lon="-4.40479002892971038818359375">
        <ele>91.59999847412109375</ele>
        <time>2026-08-08T11:28:53.000Z</time>
      </trkpt>
      <trkpt lat="58.01841099746525287628173828125" lon="-4.40483772195875644683837890625">
        <ele>92.40000152587890625</ele>
        <time>2026-08-08T11:28:58.000Z</time>
      </trkpt>
      <trkpt lat="58.01814361475408077239990234375" lon="-4.4050037674605846405029296875">
        <ele>91.8000030517578125</ele>
        <time>2026-08-08T11:29:03.000Z</time>
      </trkpt>
      <trkpt lat="58.01783884875476360321044921875" lon="-4.40535672940313816070556640625">
        <ele>90.8000030517578125</ele>
        <time>2026-08-08T11:29:10.000Z</time>
      </trkpt>
      <trkpt lat="58.01762527786195278167724609375" lon="-4.4057308137416839599609375">
        <ele>92.59999847412109375</ele>
        <time>2026-08-08T11:29:17.000Z</time>
      </trkpt>
      <trkpt lat="58.01760197617113590240478515625" lon="-4.40577565692365169525146484375">
        <ele>93</ele>
        <time>2026-08-08T11:29:18.000Z</time>
      </trkpt>
      <trkpt lat="58.01754279993474483489990234375" lon="-4.4059123657643795013427734375">
        <ele>94.1999969482421875</ele>
        <time>2026-08-08T11:29:21.000Z</time>
      </trkpt>
      <trkpt lat="58.0175048299133777618408203125" lon="-4.40599509514868259429931640625">
        <ele>93.8000030517578125</ele>
        <time>2026-08-08T11:29:23.000Z</time>
      </trkpt>
      <trkpt lat="58.0174713023006916046142578125" lon="-4.406076483428478240966796875">
        <ele>93</ele>
        <time>2026-08-08T11:29:25.000Z</time>
      </trkpt>
      <trkpt lat="58.0173938535153865814208984375" lon="-4.40620078705251216888427734375">
        <ele>93.40000152587890625</ele>
        <time>2026-08-08T11:29:29.000Z</time>
      </trkpt>
      <trkpt lat="58.01732428371906280517578125" lon="-4.4063254259526729583740234375">
        <ele>94</ele>
        <time>2026-08-08T11:29:33.000Z</time>
      </trkpt>
      <trkpt lat="58.01722764037549495697021484375" lon="-4.4064243324100971221923828125">
        <ele>94.40000152587890625</ele>
        <time>2026-08-08T11:29:37.000Z</time>
      </trkpt>
      <trkpt lat="58.01713225431740283966064453125" lon="-4.4064876995980739593505859375">
        <ele>95.59999847412109375</ele>
        <time>2026-08-08T11:29:40.000Z</time>
      </trkpt>
      <trkpt lat="58.01700920797884464263916015625" lon="-4.40652416087687015533447265625">
        <ele>96.8000030517578125</ele>
        <time>2026-08-08T11:29:43.000Z</time>
      </trkpt>
      <trkpt lat="58.016919605433940887451171875" lon="-4.4065193831920623779296875">
        <ele>97</ele>
        <time>2026-08-08T11:29:45.000Z</time>
      </trkpt>
      <trkpt lat="58.01682698540389537811279296875" lon="-4.4064907170832157135009765625">
        <ele>97</ele>
        <time>2026-08-08T11:29:47.000Z</time>
      </trkpt>
      <trkpt lat="58.01674366928637027740478515625" lon="-4.40643749199807643890380859375">
        <ele>96.8000030517578125</ele>
        <time>2026-08-08T11:29:49.000Z</time>
      </trkpt>
      <trkpt lat="58.0164946429431438446044921875" lon="-4.406237415969371795654296875">
        <ele>96.1999969482421875</ele>
        <time>2026-08-08T11:29:55.000Z</time>
      </trkpt>
      <trkpt lat="58.0164497159421443939208984375" lon="-4.40620866604149341583251953125">
        <ele>96.1999969482421875</ele>
        <time>2026-08-08T11:29:56.000Z</time>
      </trkpt>
      <trkpt lat="58.0162847600877285003662109375" lon="-4.4060340709984302520751953125">
        <ele>96</ele>
        <time>2026-08-08T11:30:00.000Z</time>
      </trkpt>
      <trkpt lat="58.01619381643831729888916015625" lon="-4.405945725739002227783203125">
        <ele>95.59999847412109375</ele>
        <time>2026-08-08T11:30:02.000Z</time>
      </trkpt>
      <trkpt lat="58.01610429771244525909423828125" lon="-4.4058560393750667572021484375">
        <ele>95.40000152587890625</ele>
        <time>2026-08-08T11:30:04.000Z</time>
      </trkpt>
      <trkpt lat="58.015906400978565216064453125" lon="-4.40568915568292140960693359375">
        <ele>95.1999969482421875</ele>
        <time>2026-08-08T11:30:08.000Z</time>
      </trkpt>
      <trkpt lat="58.01575762219727039337158203125" lon="-4.4055556319653987884521484375">
        <ele>95</ele>
        <time>2026-08-08T11:30:11.000Z</time>
      </trkpt>
      <trkpt lat="58.0156567879021167755126953125" lon="-4.405466951429843902587890625">
        <ele>94.8000030517578125</ele>
        <time>2026-08-08T11:30:13.000Z</time>
      </trkpt>
      <trkpt lat="58.01555939018726348876953125" lon="-4.40537718124687671661376953125">
        <ele>94.59999847412109375</ele>
        <time>2026-08-08T11:30:15.000Z</time>
      </trkpt>
      <trkpt lat="58.015184216201305389404296875" lon="-4.40504022873938083648681640625">
        <ele>93.8000030517578125</ele>
        <time>2026-08-08T11:30:22.000Z</time>
      </trkpt>
      <trkpt lat="58.01500777713954448699951171875" lon="-4.40488751046359539031982421875">
        <ele>93.59999847412109375</ele>
        <time>2026-08-08T11:30:25.000Z</time>
      </trkpt>
      <trkpt lat="58.01483360119163990020751953125" lon="-4.40473713912069797515869140625">
        <ele>93.59999847412109375</ele>
        <time>2026-08-08T11:30:28.000Z</time>
      </trkpt>
      <trkpt lat="58.01455800421535968780517578125" lon="-4.40451267175376415252685546875">
        <ele>93.59999847412109375</ele>
        <time>2026-08-08T11:30:33.000Z</time>
      </trkpt>
      <trkpt lat="58.01450804807245731353759765625" lon="-4.40447545610368251800537109375">
        <ele>93.59999847412109375</ele>
        <time>2026-08-08T11:30:34.000Z</time>
      </trkpt>
      <trkpt lat="58.01440947689116001129150390625" lon="-4.40441720187664031982421875">
        <ele>93.40000152587890625</ele>
        <time>2026-08-08T11:30:36.000Z</time>
      </trkpt>
      <trkpt lat="58.01423546858131885528564453125" lon="-4.4043063931167125701904296875">
        <ele>93.1999969482421875</ele>
        <time>2026-08-08T11:30:40.000Z</time>
      </trkpt>
      <trkpt lat="58.014017455279827117919921875" lon="-4.40416348166763782501220703125">
        <ele>93.59999847412109375</ele>
        <time>2026-08-08T11:30:46.000Z</time>
      </trkpt>
      <trkpt lat="58.01375200040638446807861328125" lon="-4.40401931293308734893798828125">
        <ele>94</ele>
        <time>2026-08-08T11:30:54.000Z</time>
      </trkpt>
      <trkpt lat="58.01356793381273746490478515625" lon="-4.403934739530086517333984375">
        <ele>94.40000152587890625</ele>
        <time>2026-08-08T11:31:00.000Z</time>
      </trkpt>
      <trkpt lat="58.01336945034563541412353515625" lon="-4.4038215838372707366943359375">
        <ele>94</ele>
        <time>2026-08-08T11:31:06.000Z</time>
      </trkpt>
      <trkpt lat="58.01310659386217594146728515625" lon="-4.40369191579520702362060546875">
        <ele>94.59999847412109375</ele>
        <time>2026-08-08T11:31:14.000Z</time>
      </trkpt>
      <trkpt lat="58.01294968463480472564697265625" lon="-4.40358848311007022857666015625">
        <ele>92.59999847412109375</ele>
        <time>2026-08-08T11:31:19.000Z</time>
      </trkpt>
      <trkpt lat="58.0128116346895694732666015625" lon="-4.403531737625598907470703125">
        <ele>94.1999969482421875</ele>
        <time>2026-08-08T11:31:24.000Z</time>
      </trkpt>
      <trkpt lat="58.0127600021660327911376953125" lon="-4.40351103432476520538330078125">
        <ele>96</ele>
        <time>2026-08-08T11:31:26.000Z</time>
      </trkpt>
      <trkpt lat="58.01267291419208049774169921875" lon="-4.40345554612576961517333984375">
        <ele>96</ele>
        <time>2026-08-08T11:31:29.000Z</time>
      </trkpt>
      <trkpt lat="58.0125890113413333892822265625" lon="-4.40340391360223293304443359375">
        <ele>96.59999847412109375</ele>
        <time>2026-08-08T11:31:32.000Z</time>
      </trkpt>
      <trkpt lat="58.01253176294267177581787109375" lon="-4.4033689610660076141357421875">
        <ele>97.1999969482421875</ele>
        <time>2026-08-08T11:31:34.000Z</time>
      </trkpt>
      <trkpt lat="58.01250435411930084228515625" lon="-4.40334255807101726531982421875">
        <ele>97.40000152587890625</ele>
        <time>2026-08-08T11:31:35.000Z</time>
      </trkpt>
      <trkpt lat="58.01232070662081241607666015625" lon="-4.4032616727054119110107421875">
        <ele>97.1999969482421875</ele>
        <time>2026-08-08T11:31:41.000Z</time>
      </trkpt>
      <trkpt lat="58.0122936330735683441162109375" lon="-4.40324063412845134735107421875">
        <ele>97</ele>
        <time>2026-08-08T11:31:42.000Z</time>
      </trkpt>
      <trkpt lat="58.012239150702953338623046875" lon="-4.403213895857334136962890625">
        <ele>97.1999969482421875</ele>
        <time>2026-08-08T11:31:44.000Z</time>
      </trkpt>
      <trkpt lat="58.0121186189353466033935546875" lon="-4.403181709349155426025390625">
        <ele>97.8000030517578125</ele>
        <time>2026-08-08T11:31:48.000Z</time>
      </trkpt>
      <trkpt lat="58.01209204830229282379150390625" lon="-4.40317441709339618682861328125">
        <ele>98</ele>
        <time>2026-08-08T11:31:49.000Z</time>
      </trkpt>
      <trkpt lat="58.012068159878253936767578125" lon="-4.4031679630279541015625">
        <ele>98.1999969482421875</ele>
        <time>2026-08-08T11:31:50.000Z</time>
      </trkpt>
      <trkpt lat="58.0119975842535495758056640625" lon="-4.4031734950840473175048828125">
        <ele>99.40000152587890625</ele>
        <time>2026-08-08T11:31:53.000Z</time>
      </trkpt>
      <trkpt lat="58.0119471251964569091796875" lon="-4.40319679677486419677734375">
        <ele>98.8000030517578125</ele>
        <time>2026-08-08T11:31:55.000Z</time>
      </trkpt>
      <trkpt lat="58.01189507357776165008544921875" lon="-4.40322319976985454559326171875">
        <ele>98.1999969482421875</ele>
        <time>2026-08-08T11:31:57.000Z</time>
      </trkpt>
      <trkpt lat="58.011838160455226898193359375" lon="-4.40327181480824947357177734375">
        <ele>96.1999969482421875</ele>
        <time>2026-08-08T11:31:59.000Z</time>
      </trkpt>
      <trkpt lat="58.011807315051555633544921875" lon="-4.40327466465532779693603515625">
        <ele>96.1999969482421875</ele>
        <time>2026-08-08T11:32:00.000Z</time>
      </trkpt>
      <trkpt lat="58.01174528896808624267578125" lon="-4.403271563351154327392578125">
        <ele>97.1999969482421875</ele>
        <time>2026-08-08T11:32:02.000Z</time>
      </trkpt>
      <trkpt lat="58.01169424317777156829833984375" lon="-4.40323946066200733184814453125">
        <ele>98.8000030517578125</ele>
        <time>2026-08-08T11:32:04.000Z</time>
      </trkpt>
      <trkpt lat="58.01167328841984272003173828125" lon="-4.40321112982928752899169921875">
        <ele>99.59999847412109375</ele>
        <time>2026-08-08T11:32:05.000Z</time>
      </trkpt>
      <trkpt lat="58.01165501587092876434326171875" lon="-4.4031758420169353485107421875">
        <ele>100</ele>
        <time>2026-08-08T11:32:06.000Z</time>
      </trkpt>
      <trkpt lat="58.01157362759113311767578125" lon="-4.402983896434307098388671875">
        <ele>99.40000152587890625</ele>
        <time>2026-08-08T11:32:10.000Z</time>
      </trkpt>
      <trkpt lat="58.01153666339814662933349609375" lon="-4.40293687395751476287841796875">
        <ele>99.40000152587890625</ele>
        <time>2026-08-08T11:32:11.000Z</time>
      </trkpt>
      <trkpt lat="58.01144085824489593505859375" lon="-4.4028769433498382568359375">
        <ele>99</ele>
        <time>2026-08-08T11:32:13.000Z</time>
      </trkpt>
      <trkpt lat="58.011388890445232391357421875" lon="-4.4028688967227935791015625">
        <ele>98.59999847412109375</ele>
        <time>2026-08-08T11:32:14.000Z</time>
      </trkpt>
      <trkpt lat="58.01133583299815654754638671875" lon="-4.40287585370242595672607421875">
        <ele>98.40000152587890625</ele>
        <time>2026-08-08T11:32:15.000Z</time>
      </trkpt>
      <trkpt lat="58.01122569479048252105712890625" lon="-4.40287099219858646392822265625">
        <ele>97.8000030517578125</ele>
        <time>2026-08-08T11:32:17.000Z</time>
      </trkpt>
      <trkpt lat="58.011110611259937286376953125" lon="-4.402866549789905548095703125">
        <ele>97.59999847412109375</ele>
        <time>2026-08-08T11:32:19.000Z</time>
      </trkpt>
      <trkpt lat="58.01087784580886363983154296875" lon="-4.40286261029541492462158203125">
        <ele>96.40000152587890625</ele>
        <time>2026-08-08T11:32:23.000Z</time>
      </trkpt>
      <trkpt lat="58.01081934012472629547119140625" lon="-4.40286428667604923248291015625">
        <ele>96.1999969482421875</ele>
        <time>2026-08-08T11:32:24.000Z</time>
      </trkpt>
      <trkpt lat="58.01066092215478420257568359375" lon="-4.40287753008306026458740234375">
        <ele>96.1999969482421875</ele>
        <time>2026-08-08T11:32:27.000Z</time>
      </trkpt>
      <trkpt lat="58.01057039760053157806396484375" lon="-4.402879960834980010986328125">
        <ele>96.8000030517578125</ele>
        <time>2026-08-08T11:32:29.000Z</time>
      </trkpt>
      <trkpt lat="58.010481633245944976806640625" lon="-4.4028942100703716278076171875">
        <ele>96.8000030517578125</ele>
        <time>2026-08-08T11:32:31.000Z</time>
      </trkpt>
      <trkpt lat="58.0104402266442775726318359375" lon="-4.4029086269438266754150390625">
        <ele>97</ele>
        <time>2026-08-08T11:32:32.000Z</time>
      </trkpt>
      <trkpt lat="58.0101260729134082794189453125" lon="-4.40297794528305530548095703125">
        <ele>95.40000152587890625</ele>
        <time>2026-08-08T11:32:39.000Z</time>
      </trkpt>
      <trkpt lat="58.01003672182559967041015625" lon="-4.4029976427555084228515625">
        <ele>95.1999969482421875</ele>
        <time>2026-08-08T11:32:41.000Z</time>
      </trkpt>
      <trkpt lat="58.00999372266232967376708984375" lon="-4.40300744958221912384033203125">
        <ele>95.1999969482421875</ele>
        <time>2026-08-08T11:32:42.000Z</time>
      </trkpt>
      <trkpt lat="58.0099515616893768310546875" lon="-4.40301029942929744720458984375">
        <ele>95</ele>
        <time>2026-08-08T11:32:43.000Z</time>
      </trkpt>
      <trkpt lat="58.009911663830280303955078125" lon="-4.4030249677598476409912109375">
        <ele>95</ele>
        <time>2026-08-08T11:32:44.000Z</time>
      </trkpt>
      <trkpt lat="58.0097973346710205078125" lon="-4.4030712358653545379638671875">
        <ele>95</ele>
        <time>2026-08-08T11:32:47.000Z</time>
      </trkpt>
      <trkpt lat="58.0097153596580028533935546875" lon="-4.40310417674481868743896484375">
        <ele>94.8000030517578125</ele>
        <time>2026-08-08T11:32:49.000Z</time>
      </trkpt>
      <trkpt lat="58.00953741185367107391357421875" lon="-4.40319939516484737396240234375">
        <ele>94.40000152587890625</ele>
        <time>2026-08-08T11:32:53.000Z</time>
      </trkpt>
      <trkpt lat="58.0093668401241302490234375" lon="-4.403273575007915496826171875">
        <ele>94.40000152587890625</ele>
        <time>2026-08-08T11:32:57.000Z</time>
      </trkpt>
      <trkpt lat="58.00918336026370525360107421875" lon="-4.40336418338119983673095703125">
        <ele>93</ele>
        <time>2026-08-08T11:33:01.000Z</time>
      </trkpt>
      <trkpt lat="58.0090342462062835693359375" lon="-4.40343610011041164398193359375">
        <ele>92.59999847412109375</ele>
        <time>2026-08-08T11:33:04.000Z</time>
      </trkpt>
      <trkpt lat="58.00893190316855907440185546875" lon="-4.40349049866199493408203125">
        <ele>91.8000030517578125</ele>
        <time>2026-08-08T11:33:06.000Z</time>
      </trkpt>
      <trkpt lat="58.00869318656623363494873046875" lon="-4.403600804507732391357421875">
        <ele>91.1999969482421875</ele>
        <time>2026-08-08T11:33:11.000Z</time>
      </trkpt>
      <trkpt lat="58.00839680247008800506591796875" lon="-4.40372225828468799591064453125">
        <ele>91.8000030517578125</ele>
        <time>2026-08-08T11:33:18.000Z</time>
      </trkpt>
      <trkpt lat="58.008072338998317718505859375" lon="-4.40388972871005535125732421875">
        <ele>92.1999969482421875</ele>
        <time>2026-08-08T11:33:26.000Z</time>
      </trkpt>
      <trkpt lat="58.0077788047492504119873046875" lon="-4.40408787690103054046630859375">
        <ele>92.1999969482421875</ele>
        <time>2026-08-08T11:33:34.000Z</time>
      </trkpt>
      <trkpt lat="58.00749490968883037567138671875" lon="-4.404291473329067230224609375">
        <ele>92</ele>
        <time>2026-08-08T11:33:41.000Z</time>
      </trkpt>
      <trkpt lat="58.007417209446430206298828125" lon="-4.40435090102255344390869140625">
        <ele>91.8000030517578125</ele>
        <time>2026-08-08T11:33:43.000Z</time>
      </trkpt>
      <trkpt lat="58.007136248052120208740234375" lon="-4.404582493007183074951171875">
        <ele>92.1999969482421875</ele>
        <time>2026-08-08T11:33:51.000Z</time>
      </trkpt>
      <trkpt lat="58.00690951757133007049560546875" lon="-4.4047432579100131988525390625">
        <ele>92</ele>
        <time>2026-08-08T11:33:58.000Z</time>
      </trkpt>
      <trkpt lat="58.00658262334764003753662109375" lon="-4.40501131117343902587890625">
        <ele>91.59999847412109375</ele>
        <time>2026-08-08T11:34:08.000Z</time>
      </trkpt>
      <trkpt lat="58.00632345490157604217529296875" lon="-4.40522815100848674774169921875">
        <ele>90.8000030517578125</ele>
        <time>2026-08-08T11:34:14.000Z</time>
      </trkpt>
      <trkpt lat="58.0062703974545001983642578125" lon="-4.4052667915821075439453125">
        <ele>90.40000152587890625</ele>
        <time>2026-08-08T11:34:15.000Z</time>
      </trkpt>
      <trkpt lat="58.00604634918272495269775390625" lon="-4.40543686039745807647705078125">
        <ele>90</ele>
        <time>2026-08-08T11:34:19.000Z</time>
      </trkpt>
      <trkpt lat="58.00593101419508457183837890625" lon="-4.405517578125">
        <ele>89.8000030517578125</ele>
        <time>2026-08-08T11:34:21.000Z</time>
      </trkpt>
      <trkpt lat="58.00582758150994777679443359375" lon="-4.40559511072933673858642578125">
        <ele>89.40000152587890625</ele>
        <time>2026-08-08T11:34:23.000Z</time>
      </trkpt>
      <trkpt lat="58.00560730509459972381591796875" lon="-4.40575084649026393890380859375">
        <ele>90.1999969482421875</ele>
        <time>2026-08-08T11:34:28.000Z</time>
      </trkpt>
      <trkpt lat="58.00556925125420093536376953125" lon="-4.4057762436568737030029296875">
        <ele>90.40000152587890625</ele>
        <time>2026-08-08T11:34:29.000Z</time>
      </trkpt>
      <trkpt lat="58.00549649633467197418212890625" lon="-4.40583986230194568634033203125">
        <ele>90.8000030517578125</ele>
        <time>2026-08-08T11:34:31.000Z</time>
      </trkpt>
      <trkpt lat="58.0053614638745784759521484375" lon="-4.4059525988996028900146484375">
        <ele>90.40000152587890625</ele>
        <time>2026-08-08T11:34:35.000Z</time>
      </trkpt>
      <trkpt lat="58.005135320127010345458984375" lon="-4.40612618811428546905517578125">
        <ele>90.8000030517578125</ele>
        <time>2026-08-08T11:34:41.000Z</time>
      </trkpt>
      <trkpt lat="58.00499006174504756927490234375" lon="-4.40624923445284366607666015625">
        <ele>91.1999969482421875</ele>
        <time>2026-08-08T11:34:45.000Z</time>
      </trkpt>
      <trkpt lat="58.00495318137109279632568359375" lon="-4.40627907402813434600830078125">
        <ele>91.1999969482421875</ele>
        <time>2026-08-08T11:34:46.000Z</time>
      </trkpt>
      <trkpt lat="58.0049175582826137542724609375" lon="-4.40630891360342502593994140625">
        <ele>91.1999969482421875</ele>
        <time>2026-08-08T11:34:47.000Z</time>
      </trkpt>
      <trkpt lat="58.004881180822849273681640625" lon="-4.40634076483547687530517578125">
        <ele>90.8000030517578125</ele>
        <time>2026-08-08T11:34:48.000Z</time>
      </trkpt>
      <trkpt lat="58.00477422773838043212890625" lon="-4.40648711286485195159912109375">
        <ele>90.40000152587890625</ele>
        <time>2026-08-08T11:34:51.000Z</time>
      </trkpt>
      <trkpt lat="58.0046972818672657012939453125" lon="-4.406600855290889739990234375">
        <ele>89.8000030517578125</ele>
        <time>2026-08-08T11:34:53.000Z</time>
      </trkpt>
      <trkpt lat="58.0046104453504085540771484375" lon="-4.40670873038470745086669921875">
        <ele>89.1999969482421875</ele>
        <time>2026-08-08T11:34:55.000Z</time>
      </trkpt>
      <trkpt lat="58.00436653196811676025390625" lon="-4.40697334706783294677734375">
        <ele>88.59999847412109375</ele>
        <time>2026-08-08T11:35:00.000Z</time>
      </trkpt>
      <trkpt lat="58.00417609512805938720703125" lon="-4.407155402004718780517578125">
        <ele>88.8000030517578125</ele>
        <time>2026-08-08T11:35:04.000Z</time>
      </trkpt>
      <trkpt lat="58.0040867440402507781982421875" lon="-4.4072189368307590484619140625">
        <ele>89</ele>
        <time>2026-08-08T11:35:06.000Z</time>
      </trkpt>
      <trkpt lat="58.00389437936246395111083984375" lon="-4.40734215080738067626953125">
        <ele>92</ele>
        <time>2026-08-08T11:35:11.000Z</time>
      </trkpt>
      <trkpt lat="58.003853224217891693115234375" lon="-4.40736302174627780914306640625">
        <ele>86.59999847412109375</ele>
        <time>2026-08-08T11:35:12.000Z</time>
      </trkpt>
      <trkpt lat="58.0036019347608089447021484375" lon="-4.4074982218444347381591796875">
        <ele>87.40000152587890625</ele>
        <time>2026-08-08T11:35:18.000Z</time>
      </trkpt>
      <trkpt lat="58.00356052815914154052734375" lon="-4.40753350965678691864013671875">
        <ele>87.40000152587890625</ele>
        <time>2026-08-08T11:35:19.000Z</time>
      </trkpt>
      <trkpt lat="58.0034735240042209625244140625" lon="-4.4075869023799896240234375">
        <ele>87.59999847412109375</ele>
        <time>2026-08-08T11:35:21.000Z</time>
      </trkpt>
      <trkpt lat="58.00329901278018951416015625" lon="-4.4076893292367458343505859375">
        <ele>87.59999847412109375</ele>
        <time>2026-08-08T11:35:25.000Z</time>
      </trkpt>
      <trkpt lat="58.00301603972911834716796875" lon="-4.4077982939779758453369140625">
        <ele>87</ele>
        <time>2026-08-08T11:35:32.000Z</time>
      </trkpt>
      <trkpt lat="58.00290900282561779022216796875" lon="-4.407890327274799346923828125">
        <ele>86.1999969482421875</ele>
        <time>2026-08-08T11:35:35.000Z</time>
      </trkpt>
      <trkpt lat="58.0028264410793781280517578125" lon="-4.4079313986003398895263671875">
        <ele>86.1999969482421875</ele>
        <time>2026-08-08T11:35:37.000Z</time>
      </trkpt>
      <trkpt lat="58.002780340611934661865234375" lon="-4.407947994768619537353515625">
        <ele>86</ele>
        <time>2026-08-08T11:35:38.000Z</time>
      </trkpt>
      <trkpt lat="58.0024841241538524627685546875" lon="-4.40802636556327342987060546875">
        <ele>85.59999847412109375</ele>
        <time>2026-08-08T11:35:44.000Z</time>
      </trkpt>
      <trkpt lat="58.00227901898324489593505859375" lon="-4.40810046158730983734130859375">
        <ele>85.59999847412109375</ele>
        <time>2026-08-08T11:35:48.000Z</time>
      </trkpt>
      <trkpt lat="58.002133928239345550537109375" lon="-4.40815561451017856597900390625">
        <ele>85.59999847412109375</ele>
        <time>2026-08-08T11:35:51.000Z</time>
      </trkpt>
      <trkpt lat="58.00186445005238056182861328125" lon="-4.40825887955725193023681640625">
        <ele>86.59999847412109375</ele>
        <time>2026-08-08T11:35:57.000Z</time>
      </trkpt>
      <trkpt lat="58.0018229596316814422607421875" lon="-4.40827958285808563232421875">
        <ele>86.40000152587890625</ele>
        <time>2026-08-08T11:35:58.000Z</time>
      </trkpt>
      <trkpt lat="58.001536466181278228759765625" lon="-4.40841369330883026123046875">
        <ele>86.1999969482421875</ele>
        <time>2026-08-08T11:36:05.000Z</time>
      </trkpt>
      <trkpt lat="58.001458346843719482421875" lon="-4.40844462253153324127197265625">
        <ele>86.1999969482421875</ele>
        <time>2026-08-08T11:36:07.000Z</time>
      </trkpt>
      <trkpt lat="58.00129615701735019683837890625" lon="-4.40851561725139617919921875">
        <ele>86.1999969482421875</ele>
        <time>2026-08-08T11:36:11.000Z</time>
      </trkpt>
      <trkpt lat="58.00114075653254985809326171875" lon="-4.40860102884471416473388671875">
        <ele>85</ele>
        <time>2026-08-08T11:36:15.000Z</time>
      </trkpt>
      <trkpt lat="58.00106473267078399658203125" lon="-4.4086468778550624847412109375">
        <ele>85.1999969482421875</ele>
        <time>2026-08-08T11:36:17.000Z</time>
      </trkpt>
      <trkpt lat="58.00077413208782672882080078125" lon="-4.4087729416787624359130859375">
        <ele>85.1999969482421875</ele>
        <time>2026-08-08T11:36:24.000Z</time>
      </trkpt>
      <trkpt lat="58.00073155201971530914306640625" lon="-4.40879733301699161529541015625">
        <ele>84.8000030517578125</ele>
        <time>2026-08-08T11:36:25.000Z</time>
      </trkpt>
      <trkpt lat="58.00060498528182506561279296875" lon="-4.40884175710380077362060546875">
        <ele>84</ele>
        <time>2026-08-08T11:36:28.000Z</time>
      </trkpt>
      <trkpt lat="58.00038370303809642791748046875" lon="-4.40890814177691936492919921875">
        <ele>85</ele>
        <time>2026-08-08T11:36:33.000Z</time>
      </trkpt>
      <trkpt lat="58.00024800002574920654296875" lon="-4.40895088948309421539306640625">
        <ele>85</ele>
        <time>2026-08-08T11:36:36.000Z</time>
      </trkpt>
      <trkpt lat="58.00010986626148223876953125" lon="-4.4090153463184833526611328125">
        <ele>84.40000152587890625</ele>
        <time>2026-08-08T11:36:39.000Z</time>
      </trkpt>
      <trkpt lat="58.0000590719282627105712890625" lon="-4.40903370268642902374267578125">
        <ele>84</ele>
        <time>2026-08-08T11:36:40.000Z</time>
      </trkpt>
      <trkpt lat="58.00000660121440887451171875" lon="-4.40905331633985042572021484375">
        <ele>83.8000030517578125</ele>
        <time>2026-08-08T11:36:41.000Z</time>
      </trkpt>
      <trkpt lat="57.9995947144925594329833984375" lon="-4.4091813080012798309326171875">
        <ele>83</ele>
        <time>2026-08-08T11:36:49.000Z</time>
      </trkpt>
      <trkpt lat="57.999337054789066314697265625" lon="-4.40925565548241138458251953125">
        <ele>84</ele>
        <time>2026-08-08T11:36:54.000Z</time>
      </trkpt>
      <trkpt lat="57.9992849193513393402099609375" lon="-4.40928633324801921844482421875">
        <ele>84.1999969482421875</ele>
        <time>2026-08-08T11:36:55.000Z</time>
      </trkpt>
      <trkpt lat="57.9992275871336460113525390625" lon="-4.40930276177823543548583984375">
        <ele>84.40000152587890625</ele>
        <time>2026-08-08T11:36:56.000Z</time>
      </trkpt>
      <trkpt lat="57.99917511641979217529296875" lon="-4.40932120196521282196044921875">
        <ele>83.40000152587890625</ele>
        <time>2026-08-08T11:36:57.000Z</time>
      </trkpt>
      <trkpt lat="57.9991256631910800933837890625" lon="-4.4093415699899196624755859375">
        <ele>81.59999847412109375</ele>
        <time>2026-08-08T11:36:58.000Z</time>
      </trkpt>
      <trkpt lat="57.99908098764717578887939453125" lon="-4.40936612896621227264404296875">
        <ele>80.8000030517578125</ele>
        <time>2026-08-08T11:36:59.000Z</time>
      </trkpt>
      <trkpt lat="57.99899029545485973358154296875" lon="-4.4093932025134563446044921875">
        <ele>80.8000030517578125</ele>
        <time>2026-08-08T11:37:01.000Z</time>
      </trkpt>
      <trkpt lat="57.99880254082381725311279296875" lon="-4.40947182476520538330078125">
        <ele>80.40000152587890625</ele>
        <time>2026-08-08T11:37:05.000Z</time>
      </trkpt>
      <trkpt lat="57.9986643232405185699462890625" lon="-4.4095194339752197265625">
        <ele>81</ele>
        <time>2026-08-08T11:37:08.000Z</time>
      </trkpt>
      <trkpt lat="57.99839987419545650482177734375" lon="-4.409603588283061981201171875">
        <ele>81</ele>
        <time>2026-08-08T11:37:14.000Z</time>
      </trkpt>
      <trkpt lat="57.99832510761916637420654296875" lon="-4.40964172594249248504638671875">
        <ele>81.8000030517578125</ele>
        <time>2026-08-08T11:37:16.000Z</time>
      </trkpt>
      <trkpt lat="57.99812595359981060028076171875" lon="-4.4097304902970790863037109375">
        <ele>82.1999969482421875</ele>
        <time>2026-08-08T11:37:21.000Z</time>
      </trkpt>
      <trkpt lat="57.99790148623287677764892578125" lon="-4.4097874872386455535888671875">
        <ele>82.1999969482421875</ele>
        <time>2026-08-08T11:37:26.000Z</time>
      </trkpt>
      <trkpt lat="57.99780073575675487518310546875" lon="-4.40978589467704296112060546875">
        <ele>81.8000030517578125</ele>
        <time>2026-08-08T11:37:28.000Z</time>
      </trkpt>
      <trkpt lat="57.99769663251936435699462890625" lon="-4.409791342914104461669921875">
        <ele>80.59999847412109375</ele>
        <time>2026-08-08T11:37:30.000Z</time>
      </trkpt>
      <trkpt lat="57.99754542298614978790283203125" lon="-4.4097616709768772125244140625">
        <ele>80.1999969482421875</ele>
        <time>2026-08-08T11:37:33.000Z</time>
      </trkpt>
      <trkpt lat="57.99744685180485248565673828125" lon="-4.4097392074763774871826171875">
        <ele>80.1999969482421875</ele>
        <time>2026-08-08T11:37:35.000Z</time>
      </trkpt>
      <trkpt lat="57.99734626896679401397705078125" lon="-4.4097382016479969024658203125">
        <ele>79</ele>
        <time>2026-08-08T11:37:37.000Z</time>
      </trkpt>
      <trkpt lat="57.99724132753908634185791015625" lon="-4.40974247641861438751220703125">
        <ele>77.59999847412109375</ele>
        <time>2026-08-08T11:37:39.000Z</time>
      </trkpt>
      <trkpt lat="57.9970831610262393951416015625" lon="-4.4097512774169445037841796875">
        <ele>76.8000030517578125</ele>
        <time>2026-08-08T11:37:42.000Z</time>
      </trkpt>
      <trkpt lat="57.99702926538884639739990234375" lon="-4.40975521691143512725830078125">
        <ele>76.1999969482421875</ele>
        <time>2026-08-08T11:37:43.000Z</time>
      </trkpt>
      <trkpt lat="57.99692750908434391021728515625" lon="-4.40976778976619243621826171875">
        <ele>75</ele>
        <time>2026-08-08T11:37:45.000Z</time>
      </trkpt>
      <trkpt lat="57.99672466702759265899658203125" lon="-4.409784972667694091796875">
        <ele>75.59999847412109375</ele>
        <time>2026-08-08T11:37:49.000Z</time>
      </trkpt>
      <trkpt lat="57.99667454324662685394287109375" lon="-4.40978874452412128448486328125">
        <ele>76.40000152587890625</ele>
        <time>2026-08-08T11:37:50.000Z</time>
      </trkpt>
      <trkpt lat="57.996574379503726959228515625" lon="-4.40978505648672580718994140625">
        <ele>77.8000030517578125</ele>
        <time>2026-08-08T11:37:52.000Z</time>
      </trkpt>
      <trkpt lat="57.9964250139892101287841796875" lon="-4.4097737409174442291259765625">
        <ele>78.59999847412109375</ele>
        <time>2026-08-08T11:37:55.000Z</time>
      </trkpt>
      <trkpt lat="57.9963743872940540313720703125" lon="-4.409762509167194366455078125">
        <ele>78.59999847412109375</ele>
        <time>2026-08-08T11:37:56.000Z</time>
      </trkpt>
      <trkpt lat="57.9962852038443088531494140625" lon="-4.4097442366182804107666015625">
        <ele>78.8000030517578125</ele>
        <time>2026-08-08T11:37:58.000Z</time>
      </trkpt>
      <trkpt lat="57.99623851664364337921142578125" lon="-4.40973895601928234100341796875">
        <ele>79</ele>
        <time>2026-08-08T11:37:59.000Z</time>
      </trkpt>
      <trkpt lat="57.99619543366134166717529296875" lon="-4.4097304902970790863037109375">
        <ele>78.8000030517578125</ele>
        <time>2026-08-08T11:38:00.000Z</time>
      </trkpt>
      <trkpt lat="57.9960684478282928466796875" lon="-4.409699141979217529296875">
        <ele>77.8000030517578125</ele>
        <time>2026-08-08T11:38:03.000Z</time>
      </trkpt>
      <trkpt lat="57.99602762795984745025634765625" lon="-4.40969017334282398223876953125">
        <ele>76.40000152587890625</ele>
        <time>2026-08-08T11:38:04.000Z</time>
      </trkpt>
      <trkpt lat="57.995940037071704864501953125" lon="-4.40968715585768222808837890625">
        <ele>76.8000030517578125</ele>
        <time>2026-08-08T11:38:06.000Z</time>
      </trkpt>
      <trkpt lat="57.99574633128941059112548828125" lon="-4.4096664525568485260009765625">
        <ele>77.59999847412109375</ele>
        <time>2026-08-08T11:38:10.000Z</time>
      </trkpt>
      <trkpt lat="57.99563669599592685699462890625" lon="-4.40968531183898448944091796875">
        <ele>77.59999847412109375</ele>
        <time>2026-08-08T11:38:12.000Z</time>
      </trkpt>
      <trkpt lat="57.9952958039939403533935546875" lon="-4.40979192964732646942138671875">
        <ele>78.40000152587890625</ele>
        <time>2026-08-08T11:38:18.000Z</time>
      </trkpt>
      <trkpt lat="57.99524702131748199462890625" lon="-4.409823529422283172607421875">
        <ele>78.40000152587890625</ele>
        <time>2026-08-08T11:38:19.000Z</time>
      </trkpt>
      <trkpt lat="57.99507309682667255401611328125" lon="-4.40987977199256420135498046875">
        <ele>77</ele>
        <time>2026-08-08T11:38:22.000Z</time>
      </trkpt>
      <trkpt lat="57.99501107074320316314697265625" lon="-4.40990642644464969635009765625">
        <ele>75.8000030517578125</ele>
        <time>2026-08-08T11:38:23.000Z</time>
      </trkpt>
      <trkpt lat="57.9948936402797698974609375" lon="-4.40994749777019023895263671875">
        <ele>74</ele>
        <time>2026-08-08T11:38:25.000Z</time>
      </trkpt>
      <trkpt lat="57.99470923840999603271484375" lon="-4.410011284053325653076171875">
        <ele>73.8000030517578125</ele>
        <time>2026-08-08T11:38:28.000Z</time>
      </trkpt>
      <trkpt lat="57.99435828812420368194580078125" lon="-4.4101281277835369110107421875">
        <ele>72.59999847412109375</ele>
        <time>2026-08-08T11:38:34.000Z</time>
      </trkpt>
      <trkpt lat="57.9943013750016689300537109375" lon="-4.4101428799331188201904296875">
        <ele>72.40000152587890625</ele>
        <time>2026-08-08T11:38:35.000Z</time>
      </trkpt>
      <trkpt lat="57.99418411217629909515380859375" lon="-4.41017213277518749237060546875">
        <ele>72.1999969482421875</ele>
        <time>2026-08-08T11:38:37.000Z</time>
      </trkpt>
      <trkpt lat="57.99403172917664051055908203125" lon="-4.4102382659912109375">
        <ele>73</ele>
        <time>2026-08-08T11:38:40.000Z</time>
      </trkpt>
      <trkpt lat="57.9939315654337406158447265625" lon="-4.41027573309838771820068359375">
        <ele>73.8000030517578125</ele>
        <time>2026-08-08T11:38:42.000Z</time>
      </trkpt>
      <trkpt lat="57.9937816970050334930419921875" lon="-4.41030875779688358306884765625">
        <ele>75</ele>
        <time>2026-08-08T11:38:45.000Z</time>
      </trkpt>
      <trkpt lat="57.993732579052448272705078125" lon="-4.41033457405865192413330078125">
        <ele>75.40000152587890625</ele>
        <time>2026-08-08T11:38:46.000Z</time>
      </trkpt>
      <trkpt lat="57.9936361871659755706787109375" lon="-4.4103594683110713958740234375">
        <ele>75.8000030517578125</ele>
        <time>2026-08-08T11:38:48.000Z</time>
      </trkpt>
      <trkpt lat="57.99358748830854892730712890625" lon="-4.4103795848786830902099609375">
        <ele>76.1999969482421875</ele>
        <time>2026-08-08T11:38:49.000Z</time>
      </trkpt>
      <trkpt lat="57.9934893362224102020263671875" lon="-4.41041252575814723968505859375">
        <ele>76.1999969482421875</ele>
        <time>2026-08-08T11:38:51.000Z</time>
      </trkpt>
      <trkpt lat="57.993336282670497894287109375" lon="-4.41044705919921398162841796875">
        <ele>76.59999847412109375</ele>
        <time>2026-08-08T11:38:54.000Z</time>
      </trkpt>
      <trkpt lat="57.99317233264446258544921875" lon="-4.41050045192241668701171875">
        <ele>76.8000030517578125</ele>
        <time>2026-08-08T11:38:57.000Z</time>
      </trkpt>
      <trkpt lat="57.99290335737168788909912109375" lon="-4.41057178191840648651123046875">
        <ele>75.59999847412109375</ele>
        <time>2026-08-08T11:39:02.000Z</time>
      </trkpt>
      <trkpt lat="57.9927969910204410552978515625" lon="-4.410612769424915313720703125">
        <ele>74.8000030517578125</ele>
        <time>2026-08-08T11:39:04.000Z</time>
      </trkpt>
      <trkpt lat="57.992632202804088592529296875" lon="-4.410665743052959442138671875">
        <ele>73.59999847412109375</ele>
        <time>2026-08-08T11:39:07.000Z</time>
      </trkpt>
      <trkpt lat="57.992308996617794036865234375" lon="-4.41074528731405735015869140625">
        <ele>73.1999969482421875</ele>
        <time>2026-08-08T11:39:13.000Z</time>
      </trkpt>
      <trkpt lat="57.9919745586812496185302734375" lon="-4.41082742996513843536376953125">
        <ele>72.8000030517578125</ele>
        <time>2026-08-08T11:39:19.000Z</time>
      </trkpt>
      <trkpt lat="57.99191865138709545135498046875" lon="-4.4108392484486103057861328125">
        <ele>72.40000152587890625</ele>
        <time>2026-08-08T11:39:20.000Z</time>
      </trkpt>
      <trkpt lat="57.9916964471340179443359375" lon="-4.4109126739203929901123046875">
        <ele>72.8000030517578125</ele>
        <time>2026-08-08T11:39:24.000Z</time>
      </trkpt>
      <trkpt lat="57.99134314991533756256103515625" lon="-4.4110109098255634307861328125">
        <ele>72.8000030517578125</ele>
        <time>2026-08-08T11:39:30.000Z</time>
      </trkpt>
      <trkpt lat="57.990928329527378082275390625" lon="-4.41111543215811252593994140625">
        <ele>72.1999969482421875</ele>
        <time>2026-08-08T11:39:37.000Z</time>
      </trkpt>
      <trkpt lat="57.99055005423724651336669921875" lon="-4.41117175854742527008056640625">
        <ele>71.40000152587890625</ele>
        <time>2026-08-08T11:39:43.000Z</time>
      </trkpt>
      <trkpt lat="57.99048836342990398406982421875" lon="-4.411182403564453125">
        <ele>70.8000030517578125</ele>
        <time>2026-08-08T11:39:44.000Z</time>
      </trkpt>
      <trkpt lat="57.99031351692974567413330078125" lon="-4.4112181104719638824462890625">
        <ele>70.1999969482421875</ele>
        <time>2026-08-08T11:39:47.000Z</time>
      </trkpt>
      <trkpt lat="57.99025769345462322235107421875" lon="-4.411226995289325714111328125">
        <ele>70.1999969482421875</ele>
        <time>2026-08-08T11:39:48.000Z</time>
      </trkpt>
      <trkpt lat="57.99003817141056060791015625" lon="-4.41125675104558467864990234375">
        <ele>70.40000152587890625</ele>
        <time>2026-08-08T11:39:52.000Z</time>
      </trkpt>
      <trkpt lat="57.98983055166900157928466796875" lon="-4.41127921454608440399169921875">
        <ele>70.40000152587890625</ele>
        <time>2026-08-08T11:39:56.000Z</time>
      </trkpt>
      <trkpt lat="57.989717312157154083251953125" lon="-4.41130151040852069854736328125">
        <ele>70.59999847412109375</ele>
        <time>2026-08-08T11:39:58.000Z</time>
      </trkpt>
      <trkpt lat="57.98960767686367034912109375" lon="-4.4113253988325595855712890625">
        <ele>68.8000030517578125</ele>
        <time>2026-08-08T11:40:00.000Z</time>
      </trkpt>
      <trkpt lat="57.9895565472543239593505859375" lon="-4.41133067943155765533447265625">
        <ele>67.40000152587890625</ele>
        <time>2026-08-08T11:40:01.000Z</time>
      </trkpt>
      <trkpt lat="57.98939418978989124298095703125" lon="-4.4113579206168651580810546875">
        <ele>67.1999969482421875</ele>
        <time>2026-08-08T11:40:04.000Z</time>
      </trkpt>
      <trkpt lat="57.9892775975167751312255859375" lon="-4.4113663025200366973876953125">
        <ele>68.8000030517578125</ele>
        <time>2026-08-08T11:40:06.000Z</time>
      </trkpt>
      <trkpt lat="57.98921783454716205596923828125" lon="-4.4113746844232082366943359375">
        <ele>69.1999969482421875</ele>
        <time>2026-08-08T11:40:07.000Z</time>
      </trkpt>
      <trkpt lat="57.98916134051978588104248046875" lon="-4.41139404661953449249267578125">
        <ele>69.59999847412109375</ele>
        <time>2026-08-08T11:40:08.000Z</time>
      </trkpt>
      <trkpt lat="57.989045418798923492431640625" lon="-4.4113998301327228546142578125">
        <ele>69.1999969482421875</ele>
        <time>2026-08-08T11:40:10.000Z</time>
      </trkpt>
      <trkpt lat="57.9888162575662136077880859375" lon="-4.41140477545559406280517578125">
        <ele>69.1999969482421875</ele>
        <time>2026-08-08T11:40:14.000Z</time>
      </trkpt>
      <trkpt lat="57.9887703247368335723876953125" lon="-4.41140242852270603179931640625">
        <ele>69.8000030517578125</ele>
        <time>2026-08-08T11:40:15.000Z</time>
      </trkpt>
      <trkpt lat="57.98873453401029109954833984375" lon="-4.41141265444457530975341796875">
        <ele>70.59999847412109375</ele>
        <time>2026-08-08T11:40:16.000Z</time>
      </trkpt>
      <trkpt lat="57.988694719970226287841796875" lon="-4.4114077091217041015625">
        <ele>70.59999847412109375</ele>
        <time>2026-08-08T11:40:18.000Z</time>
      </trkpt>
      <trkpt lat="57.98869572579860687255859375" lon="-4.41138650290668010711669921875">
        <ele>70.1999969482421875</ele>
        <time>2026-08-08T11:40:23.000Z</time>
      </trkpt>
      <trkpt lat="57.988687343895435333251953125" lon="-4.4113937951624393463134765625">
        <ele>70</ele>
        <time>2026-08-08T11:40:27.000Z</time>
      </trkpt>
      <trkpt lat="57.9886687360703945159912109375" lon="-4.41141366027295589447021484375">
        <ele>69.8000030517578125</ele>
        <time>2026-08-08T11:40:29.000Z</time>
      </trkpt>
      <trkpt lat="57.9885607771575450897216796875" lon="-4.4114729203283786773681640625">
        <ele>69.1999969482421875</ele>
        <time>2026-08-08T11:40:35.000Z</time>
      </trkpt>
      <trkpt lat="57.9884950630366802215576171875" lon="-4.41148155368864536285400390625">
        <ele>68.8000030517578125</ele>
        <time>2026-08-08T11:40:37.000Z</time>
      </trkpt>
      <trkpt lat="57.98845843411982059478759765625" lon="-4.41150351427495479583740234375">
        <ele>68.59999847412109375</ele>
        <time>2026-08-08T11:40:38.000Z</time>
      </trkpt>
      <trkpt lat="57.98837629146873950958251953125" lon="-4.41154810599982738494873046875">
        <ele>68</ele>
        <time>2026-08-08T11:40:40.000Z</time>
      </trkpt>
      <trkpt lat="57.98833228647708892822265625" lon="-4.4115579128265380859375">
        <ele>67.8000030517578125</ele>
        <time>2026-08-08T11:40:41.000Z</time>
      </trkpt>
      <trkpt lat="57.98825047910213470458984375" lon="-4.4116144068539142608642578125">
        <ele>67.8000030517578125</ele>
        <time>2026-08-08T11:40:43.000Z</time>
      </trkpt>
      <trkpt lat="57.9881728626787662506103515625" lon="-4.41168691031634807586669921875">
        <ele>67.59999847412109375</ele>
        <time>2026-08-08T11:40:45.000Z</time>
      </trkpt>
      <trkpt lat="57.98790254630148410797119140625" lon="-4.4119347631931304931640625">
        <ele>66.8000030517578125</ele>
        <time>2026-08-08T11:40:51.000Z</time>
      </trkpt>
      <trkpt lat="57.98753776587545871734619140625" lon="-4.4123704545199871063232421875">
        <ele>66.8000030517578125</ele>
        <time>2026-08-08T11:40:58.000Z</time>
      </trkpt>
      <trkpt lat="57.98738169483840465545654296875" lon="-4.41259617917239665985107421875">
        <ele>66.8000030517578125</ele>
        <time>2026-08-08T11:41:01.000Z</time>
      </trkpt>
      <trkpt lat="57.9873286373913288116455078125" lon="-4.41266155801713466644287109375">
        <ele>66.40000152587890625</ele>
        <time>2026-08-08T11:41:02.000Z</time>
      </trkpt>
      <trkpt lat="57.98727289773523807525634765625" lon="-4.4127278588712215423583984375">
        <ele>66.40000152587890625</ele>
        <time>2026-08-08T11:41:03.000Z</time>
      </trkpt>
      <trkpt lat="57.9872267134487628936767578125" lon="-4.4128059782087802886962890625">
        <ele>66.1999969482421875</ele>
        <time>2026-08-08T11:41:04.000Z</time>
      </trkpt>
      <trkpt lat="57.987082712352275848388671875" lon="-4.4130312837660312652587890625">
        <ele>66.1999969482421875</ele>
        <time>2026-08-08T11:41:07.000Z</time>
      </trkpt>
      <trkpt lat="57.98687316477298736572265625" lon="-4.41338240168988704681396484375">
        <ele>67</ele>
        <time>2026-08-08T11:41:12.000Z</time>
      </trkpt>
      <trkpt lat="57.986759841442108154296875" lon="-4.41358205862343311309814453125">
        <ele>67.40000152587890625</ele>
        <time>2026-08-08T11:41:15.000Z</time>
      </trkpt>
      <trkpt lat="57.986689768731594085693359375" lon="-4.41372723318636417388916015625">
        <ele>67.1999969482421875</ele>
        <time>2026-08-08T11:41:17.000Z</time>
      </trkpt>
      <trkpt lat="57.98658021725714206695556640625" lon="-4.41394616849720478057861328125">
        <ele>67.40000152587890625</ele>
        <time>2026-08-08T11:41:20.000Z</time>
      </trkpt>
      <trkpt lat="57.986544258892536163330078125" lon="-4.4140233658254146575927734375">
        <ele>67.40000152587890625</ele>
        <time>2026-08-08T11:41:21.000Z</time>
      </trkpt>
      <trkpt lat="57.986504696309566497802734375" lon="-4.4140910916030406951904296875">
        <ele>67.59999847412109375</ele>
        <time>2026-08-08T11:41:22.000Z</time>
      </trkpt>
      <trkpt lat="57.98625332303345203399658203125" lon="-4.414653517305850982666015625">
        <ele>67</ele>
        <time>2026-08-08T11:41:29.000Z</time>
      </trkpt>
      <trkpt lat="57.98621543683111667633056640625" lon="-4.4147375039756298065185546875">
        <ele>67.1999969482421875</ele>
        <time>2026-08-08T11:41:30.000Z</time>
      </trkpt>
      <trkpt lat="57.986090295016765594482421875" lon="-4.4150851853191852569580078125">
        <ele>67.1999969482421875</ele>
        <time>2026-08-08T11:41:34.000Z</time>
      </trkpt>
      <trkpt lat="57.985928021371364593505859375" lon="-4.4155897758901119232177734375">
        <ele>68.1999969482421875</ele>
        <time>2026-08-08T11:41:40.000Z</time>
      </trkpt>
      <trkpt lat="57.9859136044979095458984375" lon="-4.41567418165504932403564453125">
        <ele>68.1999969482421875</ele>
        <time>2026-08-08T11:41:41.000Z</time>
      </trkpt>
      <trkpt lat="57.9858333058655261993408203125" lon="-4.4160304963588714599609375">
        <ele>66.59999847412109375</ele>
        <time>2026-08-08T11:41:45.000Z</time>
      </trkpt>
      <trkpt lat="57.9858118481934070587158203125" lon="-4.4161322526633739471435546875">
        <ele>66</ele>
        <time>2026-08-08T11:41:46.000Z</time>
      </trkpt>
      <trkpt lat="57.98577019013464450836181640625" lon="-4.4163263775408267974853515625">
        <ele>65.59999847412109375</ele>
        <time>2026-08-08T11:41:48.000Z</time>
      </trkpt>
      <trkpt lat="57.9857199825346469879150390625" lon="-4.4165106117725372314453125">
        <ele>65.40000152587890625</ele>
        <time>2026-08-08T11:41:50.000Z</time>
      </trkpt>
      <trkpt lat="57.98567681573331356048583984375" lon="-4.41668872721493244171142578125">
        <ele>64.59999847412109375</ele>
        <time>2026-08-08T11:41:52.000Z</time>
      </trkpt>
      <trkpt lat="57.98558729700744152069091796875" lon="-4.417021237313747406005859375">
        <ele>64.8000030517578125</ele>
        <time>2026-08-08T11:41:56.000Z</time>
      </trkpt>
      <trkpt lat="57.98556567169725894927978515625" lon="-4.41710396669805049896240234375">
        <ele>65.8000030517578125</ele>
        <time>2026-08-08T11:41:57.000Z</time>
      </trkpt>
      <trkpt lat="57.98551806248724460601806640625" lon="-4.41725718788802623748779296875">
        <ele>67.1999969482421875</ele>
        <time>2026-08-08T11:41:59.000Z</time>
      </trkpt>
      <trkpt lat="57.98544145189225673675537109375" lon="-4.417481906712055206298828125">
        <ele>67.59999847412109375</ele>
        <time>2026-08-08T11:42:02.000Z</time>
      </trkpt>
      <trkpt lat="57.98541932366788387298583984375" lon="-4.41755139268934726715087890625">
        <ele>67.40000152587890625</ele>
        <time>2026-08-08T11:42:03.000Z</time>
      </trkpt>
      <trkpt lat="57.98525604419410228729248046875" lon="-4.41805757582187652587890625">
        <ele>67.59999847412109375</ele>
        <time>2026-08-08T11:42:10.000Z</time>
      </trkpt>
      <trkpt lat="57.98517222516238689422607421875" lon="-4.41834725439548492431640625">
        <ele>68.1999969482421875</ele>
        <time>2026-08-08T11:42:14.000Z</time>
      </trkpt>
      <trkpt lat="57.98511975444853305816650390625" lon="-4.41855386830866336822509765625">
        <ele>69.59999847412109375</ele>
        <time>2026-08-08T11:42:17.000Z</time>
      </trkpt>
      <trkpt lat="57.98509427346289157867431640625" lon="-4.4186230190098285675048828125">
        <ele>69.8000030517578125</ele>
        <time>2026-08-08T11:42:18.000Z</time>
      </trkpt>
      <trkpt lat="57.98499025404453277587890625" lon="-4.41885746084153652191162109375">
        <ele>70.1999969482421875</ele>
        <time>2026-08-08T11:42:22.000Z</time>
      </trkpt>
      <trkpt lat="57.9849545471370220184326171875" lon="-4.4188962690532207489013671875">
        <ele>70.59999847412109375</ele>
        <time>2026-08-08T11:42:23.000Z</time>
      </trkpt>
      <trkpt lat="57.98491557128727436065673828125" lon="-4.41892518661916255950927734375">
        <ele>70.8000030517578125</ele>
        <time>2026-08-08T11:42:24.000Z</time>
      </trkpt>
      <trkpt lat="57.98480459488928318023681640625" lon="-4.41898721270263195037841796875">
        <ele>71.40000152587890625</ele>
        <time>2026-08-08T11:42:27.000Z</time>
      </trkpt>
      <trkpt lat="57.98473988659679889678955078125" lon="-4.41897883079946041107177734375">
        <ele>71.8000030517578125</ele>
        <time>2026-08-08T11:42:29.000Z</time>
      </trkpt>
      <trkpt lat="57.984708286821842193603515625" lon="-4.41897296346724033355712890625">
        <ele>72</ele>
        <time>2026-08-08T11:42:30.000Z</time>
      </trkpt>
      <trkpt lat="57.98462723381817340850830078125" lon="-4.41895536147058010101318359375">
        <ele>72.40000152587890625</ele>
        <time>2026-08-08T11:42:33.000Z</time>
      </trkpt>
      <trkpt lat="57.98451055772602558135986328125" lon="-4.41895569674670696258544921875">
        <ele>72.1999969482421875</ele>
        <time>2026-08-08T11:42:36.000Z</time>
      </trkpt>
      <trkpt lat="57.98422641120851039886474609375" lon="-4.41899810917675495147705078125">
        <ele>71</ele>
        <time>2026-08-08T11:42:41.000Z</time>
      </trkpt>
      <trkpt lat="57.98409037292003631591796875" lon="-4.41902006976306438446044921875">
        <ele>70.59999847412109375</ele>
        <time>2026-08-08T11:42:43.000Z</time>
      </trkpt>
      <trkpt lat="57.9838348925113677978515625" lon="-4.41904420964419841766357421875">
        <ele>70.40000152587890625</ele>
        <time>2026-08-08T11:42:47.000Z</time>
      </trkpt>
      <trkpt lat="57.983588464558124542236328125" lon="-4.41906583495438098907470703125">
        <ele>70</ele>
        <time>2026-08-08T11:42:52.000Z</time>
      </trkpt>
      <trkpt lat="57.98342124558985233306884765625" lon="-4.41905695013701915740966796875">
        <ele>69.59999847412109375</ele>
        <time>2026-08-08T11:42:56.000Z</time>
      </trkpt>
      <trkpt lat="57.983339019119739532470703125" lon="-4.41901378333568572998046875">
        <ele>69.40000152587890625</ele>
        <time>2026-08-08T11:42:58.000Z</time>
      </trkpt>
      <trkpt lat="57.983251847326755523681640625" lon="-4.4189499132335186004638671875">
        <ele>69.1999969482421875</ele>
        <time>2026-08-08T11:43:00.000Z</time>
      </trkpt>
      <trkpt lat="57.98316358588635921478271484375" lon="-4.4188784994184970855712890625">
        <ele>69.1999969482421875</ele>
        <time>2026-08-08T11:43:02.000Z</time>
      </trkpt>
      <trkpt lat="57.98307574354112148284912109375" lon="-4.418804906308650970458984375">
        <ele>69.40000152587890625</ele>
        <time>2026-08-08T11:43:04.000Z</time>
      </trkpt>
      <trkpt lat="57.98276142217218875885009765625" lon="-4.4184801913797855377197265625">
        <ele>68.59999847412109375</ele>
        <time>2026-08-08T11:43:11.000Z</time>
      </trkpt>
      <trkpt lat="57.9827138967812061309814453125" lon="-4.4184262119233608245849609375">
        <ele>68.40000152587890625</ele>
        <time>2026-08-08T11:43:12.000Z</time>
      </trkpt>
      <trkpt lat="57.9825593344867229461669921875" lon="-4.41825916059315204620361328125">
        <ele>68</ele>
        <time>2026-08-08T11:43:15.000Z</time>
      </trkpt>
      <trkpt lat="57.9824014194309711456298828125" lon="-4.41807677038013935089111328125">
        <ele>67.8000030517578125</ele>
        <time>2026-08-08T11:43:18.000Z</time>
      </trkpt>
      <trkpt lat="57.98224258236587047576904296875" lon="-4.41788247786462306976318359375">
        <ele>67.40000152587890625</ele>
        <time>2026-08-08T11:43:21.000Z</time>
      </trkpt>
      <trkpt lat="57.98199716024100780487060546875" lon="-4.4175347127020359039306640625">
        <ele>66.40000152587890625</ele>
        <time>2026-08-08T11:43:26.000Z</time>
      </trkpt>
      <trkpt lat="57.98195072449743747711181640625" lon="-4.41746589727699756622314453125">
        <ele>66.59999847412109375</ele>
        <time>2026-08-08T11:43:27.000Z</time>
      </trkpt>
      <trkpt lat="57.98174805007874965667724609375" lon="-4.4171551801264286041259765625">
        <ele>67.1999969482421875</ele>
        <time>2026-08-08T11:43:32.000Z</time>
      </trkpt>
      <trkpt lat="57.98167244531214237213134765625" lon="-4.41701679490506649017333984375">
        <ele>67.40000152587890625</ele>
        <time>2026-08-08T11:43:34.000Z</time>
      </trkpt>
      <trkpt lat="57.9815944097936153411865234375" lon="-4.4168834388256072998046875">
        <ele>67.59999847412109375</ele>
        <time>2026-08-08T11:43:36.000Z</time>
      </trkpt>
      <trkpt lat="57.98138075508177280426025390625" lon="-4.4166334904730319976806640625">
        <ele>67.59999847412109375</ele>
        <time>2026-08-08T11:43:41.000Z</time>
      </trkpt>
      <trkpt lat="57.98133373260498046875" lon="-4.41658504307270050048828125">
        <ele>67.40000152587890625</ele>
        <time>2026-08-08T11:43:42.000Z</time>
      </trkpt>
      <trkpt lat="57.981234490871429443359375" lon="-4.41649141721427440643310546875">
        <ele>67</ele>
        <time>2026-08-08T11:43:44.000Z</time>
      </trkpt>
      <trkpt lat="57.98108638264238834381103515625" lon="-4.41634909249842166900634765625">
        <ele>66.59999847412109375</ele>
        <time>2026-08-08T11:43:47.000Z</time>
      </trkpt>
      <trkpt lat="57.980923354625701904296875" lon="-4.4162103720009326934814453125">
        <ele>67</ele>
        <time>2026-08-08T11:43:50.000Z</time>
      </trkpt>
      <trkpt lat="57.9808065108954906463623046875" lon="-4.416109621524810791015625">
        <ele>67</ele>
        <time>2026-08-08T11:43:52.000Z</time>
      </trkpt>
      <trkpt lat="57.9806056804955005645751953125" lon="-4.41594935953617095947265625">
        <ele>66.1999969482421875</ele>
        <time>2026-08-08T11:43:55.000Z</time>
      </trkpt>
      <trkpt lat="57.9804675467312335968017578125" lon="-4.41587132401764392852783203125">
        <ele>65.8000030517578125</ele>
        <time>2026-08-08T11:43:57.000Z</time>
      </trkpt>
      <trkpt lat="57.98033167608082294464111328125" lon="-4.41579513251781463623046875">
        <ele>65.1999969482421875</ele>
        <time>2026-08-08T11:43:59.000Z</time>
      </trkpt>
      <trkpt lat="57.980111651122570037841796875" lon="-4.41568038426339626312255859375">
        <ele>65</ele>
        <time>2026-08-08T11:44:02.000Z</time>
      </trkpt>
      <trkpt lat="57.97974930144846439361572265625" lon="-4.4155478663742542266845703125">
        <ele>64.8000030517578125</ele>
        <time>2026-08-08T11:44:07.000Z</time>
      </trkpt>
      <trkpt lat="57.9796746186912059783935546875" lon="-4.415518529713153839111328125">
        <ele>64.8000030517578125</ele>
        <time>2026-08-08T11:44:08.000Z</time>
      </trkpt>
      <trkpt lat="57.9795244149863719940185546875" lon="-4.41548273898661136627197265625">
        <ele>64.40000152587890625</ele>
        <time>2026-08-08T11:44:10.000Z</time>
      </trkpt>
      <trkpt lat="57.979452498257160186767578125" lon="-4.41547469235956668853759765625">
        <ele>63.799999237060546875</ele>
        <time>2026-08-08T11:44:11.000Z</time>
      </trkpt>
      <trkpt lat="57.97929684631526470184326171875" lon="-4.41544300876557826995849609375">
        <ele>62.799999237060546875</ele>
        <time>2026-08-08T11:44:13.000Z</time>
      </trkpt>
      <trkpt lat="57.97881136648356914520263671875" lon="-4.4153252430260181427001953125">
        <ele>62.40000152587890625</ele>
        <time>2026-08-08T11:44:19.000Z</time>
      </trkpt>
      <trkpt lat="57.9786624200642108917236328125" lon="-4.41529263742268085479736328125">
        <ele>62.40000152587890625</ele>
        <time>2026-08-08T11:44:21.000Z</time>
      </trkpt>
      <trkpt lat="57.9785289801657199859619140625" lon="-4.41526916809380054473876953125">
        <ele>62</ele>
        <time>2026-08-08T11:44:23.000Z</time>
      </trkpt>
      <trkpt lat="57.97815732657909393310546875" lon="-4.41520831547677516937255859375">
        <ele>62.59999847412109375</ele>
        <time>2026-08-08T11:44:28.000Z</time>
      </trkpt>
      <trkpt lat="57.9780850745737552642822265625" lon="-4.41517529077827930450439453125">
        <ele>62.40000152587890625</ele>
        <time>2026-08-08T11:44:29.000Z</time>
      </trkpt>
      <trkpt lat="57.977809645235538482666015625" lon="-4.41507755778729915618896484375">
        <ele>61.799999237060546875</ele>
        <time>2026-08-08T11:44:33.000Z</time>
      </trkpt>
      <trkpt lat="57.977592051029205322265625" lon="-4.41504419781267642974853515625">
        <ele>61.59999847412109375</ele>
        <time>2026-08-08T11:44:36.000Z</time>
      </trkpt>
      <trkpt lat="57.97744897194206714630126953125" lon="-4.41503682173788547515869140625">
        <ele>61.40000152587890625</ele>
        <time>2026-08-08T11:44:38.000Z</time>
      </trkpt>
      <trkpt lat="57.97720246016979217529296875" lon="-4.41504470072686672210693359375">
        <ele>60.40000152587890625</ele>
        <time>2026-08-08T11:44:41.000Z</time>
      </trkpt>
      <trkpt lat="57.97702602110803127288818359375" lon="-4.41505861468613147735595703125">
        <ele>59.200000762939453125</ele>
        <time>2026-08-08T11:44:43.000Z</time>
      </trkpt>
      <trkpt lat="57.976761572062969207763671875" lon="-4.41506984643638134002685546875">
        <ele>58.200000762939453125</ele>
        <time>2026-08-08T11:44:46.000Z</time>
      </trkpt>
      <trkpt lat="57.97669191844761371612548828125" lon="-4.41508568823337554931640625">
        <ele>58.200000762939453125</ele>
        <time>2026-08-08T11:44:47.000Z</time>
      </trkpt>
      <trkpt lat="57.976555712521076202392578125" lon="-4.41508359275758266448974609375">
        <ele>58.200000762939453125</ele>
        <time>2026-08-08T11:44:49.000Z</time>
      </trkpt>
      <trkpt lat="57.97641715966165065765380859375" lon="-4.415111839771270751953125">
        <ele>58</ele>
        <time>2026-08-08T11:44:51.000Z</time>
      </trkpt>
      <trkpt lat="57.97604751773178577423095703125" lon="-4.41512952558696269989013671875">
        <ele>57.200000762939453125</ele>
        <time>2026-08-08T11:44:56.000Z</time>
      </trkpt>
      <trkpt lat="57.97577661462128162384033203125" lon="-4.4151143543422222137451171875">
        <ele>57.200000762939453125</ele>
        <time>2026-08-08T11:45:00.000Z</time>
      </trkpt>
      <trkpt lat="57.975537814199924468994140625" lon="-4.4150704331696033477783203125">
        <ele>58.200000762939453125</ele>
        <time>2026-08-08T11:45:04.000Z</time>
      </trkpt>
      <trkpt lat="57.9754824936389923095703125" lon="-4.41506464965641498565673828125">
        <ele>58.59999847412109375</ele>
        <time>2026-08-08T11:45:05.000Z</time>
      </trkpt>
      <trkpt lat="57.97537193633615970611572265625" lon="-4.41504118032753467559814453125">
        <ele>59</ele>
        <time>2026-08-08T11:45:07.000Z</time>
      </trkpt>
      <trkpt lat="57.9752114228904247283935546875" lon="-4.41498653031885623931884765625">
        <ele>59.40000152587890625</ele>
        <time>2026-08-08T11:45:10.000Z</time>
      </trkpt>
      <trkpt lat="57.97515786252915859222412109375" lon="-4.41496876068413257598876953125">
        <ele>59.59999847412109375</ele>
        <time>2026-08-08T11:45:11.000Z</time>
      </trkpt>
      <trkpt lat="57.97510220669209957122802734375" lon="-4.414961300790309906005859375">
        <ele>59.59999847412109375</ele>
        <time>2026-08-08T11:45:12.000Z</time>
      </trkpt>
      <trkpt lat="57.974880672991275787353515625" lon="-4.4149252586066722869873046875">
        <ele>59.40000152587890625</ele>
        <time>2026-08-08T11:45:16.000Z</time>
      </trkpt>
      <trkpt lat="57.9748265258967876434326171875" lon="-4.41492668353021144866943359375">
        <ele>59.200000762939453125</ele>
        <time>2026-08-08T11:45:17.000Z</time>
      </trkpt>
      <trkpt lat="57.974700294435024261474609375" lon="-4.4149034656584262847900390625">
        <ele>58.59999847412109375</ele>
        <time>2026-08-08T11:45:19.000Z</time>
      </trkpt>
      <trkpt lat="57.97463885508477687835693359375" lon="-4.41489030607044696807861328125">
        <ele>58.40000152587890625</ele>
        <time>2026-08-08T11:45:20.000Z</time>
      </trkpt>
      <trkpt lat="57.974578253924846649169921875" lon="-4.414875805377960205078125">
        <ele>58.200000762939453125</ele>
        <time>2026-08-08T11:45:21.000Z</time>
      </trkpt>
      <trkpt lat="57.97446920536458492279052734375" lon="-4.41484504379332065582275390625">
        <ele>58</ele>
        <time>2026-08-08T11:45:23.000Z</time>
      </trkpt>
      <trkpt lat="57.9743028245866298675537109375" lon="-4.414792321622371673583984375">
        <ele>56.59999847412109375</ele>
        <time>2026-08-08T11:45:26.000Z</time>
      </trkpt>
      <trkpt lat="57.97419947572052478790283203125" lon="-4.41474772989749908447265625">
        <ele>55.59999847412109375</ele>
        <time>2026-08-08T11:45:28.000Z</time>
      </trkpt>
      <trkpt lat="57.97415069304406642913818359375" lon="-4.41472333855926990509033203125">
        <ele>55.59999847412109375</ele>
        <time>2026-08-08T11:45:29.000Z</time>
      </trkpt>
      <trkpt lat="57.97400048933923244476318359375" lon="-4.4146510027348995208740234375">
        <ele>56.40000152587890625</ele>
        <time>2026-08-08T11:45:32.000Z</time>
      </trkpt>
      <trkpt lat="57.9739470966160297393798828125" lon="-4.4146265275776386260986328125">
        <ele>56.59999847412109375</ele>
        <time>2026-08-08T11:45:33.000Z</time>
      </trkpt>
      <trkpt lat="57.97378172166645526885986328125" lon="-4.41453373990952968597412109375">
        <ele>56.40000152587890625</ele>
        <time>2026-08-08T11:45:36.000Z</time>
      </trkpt>
      <trkpt lat="57.9736064560711383819580078125" lon="-4.41445897333323955535888671875">
        <ele>56.59999847412109375</ele>
        <time>2026-08-08T11:45:39.000Z</time>
      </trkpt>
      <trkpt lat="57.97355071641504764556884765625" lon="-4.41441924311220645904541015625">
        <ele>56.40000152587890625</ele>
        <time>2026-08-08T11:45:40.000Z</time>
      </trkpt>
      <trkpt lat="57.97349874861538410186767578125" lon="-4.41439074464142322540283203125">
        <ele>56.40000152587890625</ele>
        <time>2026-08-08T11:45:41.000Z</time>
      </trkpt>
      <trkpt lat="57.97318316996097564697265625" lon="-4.41424875520169734954833984375">
        <ele>57.799999237060546875</ele>
        <time>2026-08-08T11:45:47.000Z</time>
      </trkpt>
      <trkpt lat="57.97312776558101177215576171875" lon="-4.41423081792891025543212890625">
        <ele>58</ele>
        <time>2026-08-08T11:45:48.000Z</time>
      </trkpt>
      <trkpt lat="57.972748316824436187744140625" lon="-4.4140367768704891204833984375">
        <ele>58.200000762939453125</ele>
        <time>2026-08-08T11:45:55.000Z</time>
      </trkpt>
      <trkpt lat="57.97269442118704319000244140625" lon="-4.41402026452124118804931640625">
        <ele>57.59999847412109375</ele>
        <time>2026-08-08T11:45:56.000Z</time>
      </trkpt>
      <trkpt lat="57.9724470712244510650634765625" lon="-4.41392202861607074737548828125">
        <ele>57.40000152587890625</ele>
        <time>2026-08-08T11:46:01.000Z</time>
      </trkpt>
      <trkpt lat="57.9723454825580120086669921875" lon="-4.4138617627322673797607421875">
        <ele>57.200000762939453125</ele>
        <time>2026-08-08T11:46:03.000Z</time>
      </trkpt>
      <trkpt lat="57.9722355119884014129638671875" lon="-4.413808621466159820556640625">
        <ele>56.59999847412109375</ele>
        <time>2026-08-08T11:46:05.000Z</time>
      </trkpt>
      <trkpt lat="57.9721825383603572845458984375" lon="-4.41378138028085231781005859375">
        <ele>56.59999847412109375</ele>
        <time>2026-08-08T11:46:06.000Z</time>
      </trkpt>
      <trkpt lat="57.97202487476170063018798828125" lon="-4.41371264867484569549560546875">
        <ele>54.59999847412109375</ele>
        <time>2026-08-08T11:46:09.000Z</time>
      </trkpt>
      <trkpt lat="57.971877939999103546142578125" lon="-4.41362028010189533233642578125">
        <ele>54</ele>
        <time>2026-08-08T11:46:12.000Z</time>
      </trkpt>
      <trkpt lat="57.97178708016872406005859375" lon="-4.41356462426483631134033203125">
        <ele>55.59999847412109375</ele>
        <time>2026-08-08T11:46:14.000Z</time>
      </trkpt>
      <trkpt lat="57.9717389680445194244384765625" lon="-4.41353847272694110870361328125">
        <ele>56.59999847412109375</ele>
        <time>2026-08-08T11:46:15.000Z</time>
      </trkpt>
      <trkpt lat="57.97164232470095157623291015625" lon="-4.41347745247185230255126953125">
        <ele>56.59999847412109375</ele>
        <time>2026-08-08T11:46:17.000Z</time>
      </trkpt>
      <trkpt lat="57.97159387730062007904052734375" lon="-4.41344082355499267578125">
        <ele>56.200000762939453125</ele>
        <time>2026-08-08T11:46:18.000Z</time>
      </trkpt>
      <trkpt lat="57.97149731777608394622802734375" lon="-4.41337108612060546875">
        <ele>55.40000152587890625</ele>
        <time>2026-08-08T11:46:20.000Z</time>
      </trkpt>
      <trkpt lat="57.971452139317989349365234375" lon="-4.41332221962511539459228515625">
        <ele>55.200000762939453125</ele>
        <time>2026-08-08T11:46:21.000Z</time>
      </trkpt>
      <trkpt lat="57.97131098806858062744140625" lon="-4.41320822574198246002197265625">
        <ele>55.40000152587890625</ele>
        <time>2026-08-08T11:46:24.000Z</time>
      </trkpt>
      <trkpt lat="57.97120830975472927093505859375" lon="-4.4131442718207836151123046875">
        <ele>56.59999847412109375</ele>
        <time>2026-08-08T11:46:26.000Z</time>
      </trkpt>
      <trkpt lat="57.97104603610932826995849609375" lon="-4.413015358150005340576171875">
        <ele>58</ele>
        <time>2026-08-08T11:46:29.000Z</time>
      </trkpt>
      <trkpt lat="57.97099180519580841064453125" lon="-4.41296900622546672821044921875">
        <ele>58.200000762939453125</ele>
        <time>2026-08-08T11:46:30.000Z</time>
      </trkpt>
      <trkpt lat="57.97086833976209163665771484375" lon="-4.4128783978521823883056640625">
        <ele>57</ele>
        <time>2026-08-08T11:46:32.000Z</time>
      </trkpt>
      <trkpt lat="57.97067304141819477081298828125" lon="-4.4127727858722209930419921875">
        <ele>56.200000762939453125</ele>
        <time>2026-08-08T11:46:35.000Z</time>
      </trkpt>
      <trkpt lat="57.97047154046595096588134765625" lon="-4.41265870817005634307861328125">
        <ele>55.59999847412109375</ele>
        <time>2026-08-08T11:46:38.000Z</time>
      </trkpt>
      <trkpt lat="57.97026568092405796051025390625" lon="-4.41253549419343471527099609375">
        <ele>54.799999237060546875</ele>
        <time>2026-08-08T11:46:41.000Z</time>
      </trkpt>
      <trkpt lat="57.97020013444125652313232421875" lon="-4.412504732608795166015625">
        <ele>54.40000152587890625</ele>
        <time>2026-08-08T11:46:42.000Z</time>
      </trkpt>
      <trkpt lat="57.970067448914051055908203125" lon="-4.4124663434922695159912109375">
        <ele>54.200000762939453125</ele>
        <time>2026-08-08T11:46:44.000Z</time>
      </trkpt>
      <trkpt lat="57.969938032329082489013671875" lon="-4.41248436458408832550048828125">
        <ele>54.40000152587890625</ele>
        <time>2026-08-08T11:46:46.000Z</time>
      </trkpt>
      <trkpt lat="57.96987122856080532073974609375" lon="-4.41251621581614017486572265625">
        <ele>54.200000762939453125</ele>
        <time>2026-08-08T11:46:47.000Z</time>
      </trkpt>
      <trkpt lat="57.969725131988525390625" lon="-4.412543959915637969970703125">
        <ele>53.799999237060546875</ele>
        <time>2026-08-08T11:46:49.000Z</time>
      </trkpt>
      <trkpt lat="57.9696505330502986907958984375" lon="-4.412543289363384246826171875">
        <ele>53.40000152587890625</ele>
        <time>2026-08-08T11:46:50.000Z</time>
      </trkpt>
      <trkpt lat="57.9694180190563201904296875" lon="-4.4124710373580455780029296875">
        <ele>52.40000152587890625</ele>
        <time>2026-08-08T11:46:53.000Z</time>
      </trkpt>
      <trkpt lat="57.96926471404731273651123046875" lon="-4.412393085658550262451171875">
        <ele>51.40000152587890625</ele>
        <time>2026-08-08T11:46:55.000Z</time>
      </trkpt>
      <trkpt lat="57.96910830773413181304931640625" lon="-4.412288479506969451904296875">
        <ele>51</ele>
        <time>2026-08-08T11:46:57.000Z</time>
      </trkpt>
      <trkpt lat="57.9689568467438220977783203125" lon="-4.4121709652245044708251953125">
        <ele>51.200000762939453125</ele>
        <time>2026-08-08T11:46:59.000Z</time>
      </trkpt>
      <trkpt lat="57.96887830831110477447509765625" lon="-4.41211924888193607330322265625">
        <ele>51.200000762939453125</ele>
        <time>2026-08-08T11:47:00.000Z</time>
      </trkpt>
      <trkpt lat="57.9688009433448314666748046875" lon="-4.41208723001182079315185546875">
        <ele>50.799999237060546875</ele>
        <time>2026-08-08T11:47:01.000Z</time>
      </trkpt>
      <trkpt lat="57.96872802078723907470703125" lon="-4.41207013092935085296630859375">
        <ele>51</ele>
        <time>2026-08-08T11:47:02.000Z</time>
      </trkpt>
      <trkpt lat="57.9686514101922512054443359375" lon="-4.41205688752233982086181640625">
        <ele>51</ele>
        <time>2026-08-08T11:47:03.000Z</time>
      </trkpt>
      <trkpt lat="57.9681847058236598968505859375" lon="-4.411938451230525970458984375">
        <ele>50.200000762939453125</ele>
        <time>2026-08-08T11:47:10.000Z</time>
      </trkpt>
      <trkpt lat="57.96812175773084163665771484375" lon="-4.41193367354571819305419921875">
        <ele>50.200000762939453125</ele>
        <time>2026-08-08T11:47:11.000Z</time>
      </trkpt>
      <trkpt lat="57.96806526370346546173095703125" lon="-4.41193015314638614654541015625">
        <ele>50</ele>
        <time>2026-08-08T11:47:12.000Z</time>
      </trkpt>
      <trkpt lat="57.9678812809288501739501953125" lon="-4.411891512572765350341796875">
        <ele>49.59999847412109375</ele>
        <time>2026-08-08T11:47:15.000Z</time>
      </trkpt>
      <trkpt lat="57.96760694123804569244384765625" lon="-4.41184717230498790740966796875">
        <ele>49.40000152587890625</ele>
        <time>2026-08-08T11:47:20.000Z</time>
      </trkpt>
      <trkpt lat="57.96730108559131622314453125" lon="-4.4117937795817852020263671875">
        <ele>49.59999847412109375</ele>
        <time>2026-08-08T11:47:26.000Z</time>
      </trkpt>
      <trkpt lat="57.96724165789783000946044921875" lon="-4.411782883107662200927734375">
        <ele>49.40000152587890625</ele>
        <time>2026-08-08T11:47:27.000Z</time>
      </trkpt>
      <trkpt lat="57.9668605327606201171875" lon="-4.41165874712169170379638671875">
        <ele>49</ele>
        <time>2026-08-08T11:47:33.000Z</time>
      </trkpt>
      <trkpt lat="57.96658284030854701995849609375" lon="-4.41155053675174713134765625">
        <ele>48.200000762939453125</ele>
        <time>2026-08-08T11:47:37.000Z</time>
      </trkpt>
      <trkpt lat="57.96650874428451061248779296875" lon="-4.41150452010333538055419921875">
        <ele>48.200000762939453125</ele>
        <time>2026-08-08T11:47:38.000Z</time>
      </trkpt>
      <trkpt lat="57.96623918227851390838623046875" lon="-4.41136186011135578155517578125">
        <ele>49.200000762939453125</ele>
        <time>2026-08-08T11:47:42.000Z</time>
      </trkpt>
      <trkpt lat="57.96602343209087848663330078125" lon="-4.41127317957580089569091796875">
        <ele>47.200000762939453125</ele>
        <time>2026-08-08T11:47:45.000Z</time>
      </trkpt>
      <trkpt lat="57.96587876044213771820068359375" lon="-4.41120595671236515045166015625">
        <ele>45.799999237060546875</ele>
        <time>2026-08-08T11:47:47.000Z</time>
      </trkpt>
      <trkpt lat="57.96550777740776538848876953125" lon="-4.4110826589167118072509765625">
        <ele>45.40000152587890625</ele>
        <time>2026-08-08T11:47:52.000Z</time>
      </trkpt>
      <trkpt lat="57.965437956154346466064453125" lon="-4.41106145270168781280517578125">
        <ele>45.40000152587890625</ele>
        <time>2026-08-08T11:47:53.000Z</time>
      </trkpt>
      <trkpt lat="57.96536763198673725128173828125" lon="-4.41103781573474407196044921875">
        <ele>45.59999847412109375</ele>
        <time>2026-08-08T11:47:54.000Z</time>
      </trkpt>
      <trkpt lat="57.965150289237499237060546875" lon="-4.4109659828245639801025390625">
        <ele>45.40000152587890625</ele>
        <time>2026-08-08T11:47:57.000Z</time>
      </trkpt>
      <trkpt lat="57.96500301919877529144287109375" lon="-4.41096782684326171875">
        <ele>45.200000762939453125</ele>
        <time>2026-08-08T11:47:59.000Z</time>
      </trkpt>
      <trkpt lat="57.9649335332214832305908203125" lon="-4.41094645299017429351806640625">
        <ele>45.200000762939453125</ele>
        <time>2026-08-08T11:48:00.000Z</time>
      </trkpt>
      <trkpt lat="57.96473077498376369476318359375" lon="-4.4108881987631320953369140625">
        <ele>45.40000152587890625</ele>
        <time>2026-08-08T11:48:03.000Z</time>
      </trkpt>
      <trkpt lat="57.96466648578643798828125" lon="-4.41085156984627246856689453125">
        <ele>45.59999847412109375</ele>
        <time>2026-08-08T11:48:04.000Z</time>
      </trkpt>
      <trkpt lat="57.96455106697976589202880859375" lon="-4.41071645356714725494384765625">
        <ele>45.40000152587890625</ele>
        <time>2026-08-08T11:48:06.000Z</time>
      </trkpt>
      <trkpt lat="57.96449792571365833282470703125" lon="-4.41064453683793544769287109375">
        <ele>45.40000152587890625</ele>
        <time>2026-08-08T11:48:07.000Z</time>
      </trkpt>
      <trkpt lat="57.964283265173435211181640625" lon="-4.41028981469571590423583984375">
        <ele>45.59999847412109375</ele>
        <time>2026-08-08T11:48:12.000Z</time>
      </trkpt>
      <trkpt lat="57.9640589654445648193359375" lon="-4.40988999791443347930908203125">
        <ele>46.200000762939453125</ele>
        <time>2026-08-08T11:48:18.000Z</time>
      </trkpt>
      <trkpt lat="57.96401764266192913055419921875" lon="-4.40982277505099773406982421875">
        <ele>46</ele>
        <time>2026-08-08T11:48:19.000Z</time>
      </trkpt>
      <trkpt lat="57.96381848864257335662841796875" lon="-4.40950711257755756378173828125">
        <ele>45.40000152587890625</ele>
        <time>2026-08-08T11:48:24.000Z</time>
      </trkpt>
      <trkpt lat="57.96377875842154026031494140625" lon="-4.4094505347311496734619140625">
        <ele>45.40000152587890625</ele>
        <time>2026-08-08T11:48:25.000Z</time>
      </trkpt>
      <trkpt lat="57.96362302266061305999755859375" lon="-4.40927023999392986297607421875">
        <ele>47.200000762939453125</ele>
        <time>2026-08-08T11:48:29.000Z</time>
      </trkpt>
      <trkpt lat="57.96358983032405376434326171875" lon="-4.40920067019760608673095703125">
        <ele>47.59999847412109375</ele>
        <time>2026-08-08T11:48:30.000Z</time>
      </trkpt>
      <trkpt lat="57.9635407961905002593994140625" lon="-4.4091531448066234588623046875">
        <ele>47.40000152587890625</ele>
        <time>2026-08-08T11:48:31.000Z</time>
      </trkpt>
      <trkpt lat="57.96336100436747074127197265625" lon="-4.408937059342861175537109375">
        <ele>46</ele>
        <time>2026-08-08T11:48:35.000Z</time>
      </trkpt>
      <trkpt lat="57.963266037404537200927734375" lon="-4.40883119590580463409423828125">
        <ele>45.59999847412109375</ele>
        <time>2026-08-08T11:48:37.000Z</time>
      </trkpt>
      <trkpt lat="57.96313025057315826416015625" lon="-4.40867160446941852569580078125">
        <ele>46</ele>
        <time>2026-08-08T11:48:40.000Z</time>
      </trkpt>
      <trkpt lat="57.96308138407766819000244140625" lon="-4.4086244143545627593994140625">
        <ele>46.200000762939453125</ele>
        <time>2026-08-08T11:48:41.000Z</time>
      </trkpt>
      <trkpt lat="57.963028661906719207763671875" lon="-4.4085724465548992156982421875">
        <ele>46.40000152587890625</ele>
        <time>2026-08-08T11:48:42.000Z</time>
      </trkpt>
      <trkpt lat="57.962977029383182525634765625" lon="-4.40853464417159557342529296875">
        <ele>46.200000762939453125</ele>
        <time>2026-08-08T11:48:43.000Z</time>
      </trkpt>
      <trkpt lat="57.962930761277675628662109375" lon="-4.408482424914836883544921875">
        <ele>46.200000762939453125</ele>
        <time>2026-08-08T11:48:44.000Z</time>
      </trkpt>
      <trkpt lat="57.96283881179988384246826171875" lon="-4.40840707160532474517822265625">
        <ele>46.200000762939453125</ele>
        <time>2026-08-08T11:48:46.000Z</time>
      </trkpt>
      <trkpt lat="57.96279966831207275390625" lon="-4.40838812850415706634521484375">
        <ele>46.200000762939453125</ele>
        <time>2026-08-08T11:48:47.000Z</time>
      </trkpt>
      <trkpt lat="57.96272045932710170745849609375" lon="-4.40832057036459445953369140625">
        <ele>46.59999847412109375</ele>
        <time>2026-08-08T11:48:49.000Z</time>
      </trkpt>
      <trkpt lat="57.96268232166767120361328125" lon="-4.4082847796380519866943359375">
        <ele>47</ele>
        <time>2026-08-08T11:48:50.000Z</time>
      </trkpt>
      <trkpt lat="57.9625904560089111328125" lon="-4.4082294590771198272705078125">
        <ele>48</ele>
        <time>2026-08-08T11:48:52.000Z</time>
      </trkpt>
      <trkpt lat="57.9625475406646728515625" lon="-4.40821412019431591033935546875">
        <ele>48.40000152587890625</ele>
        <time>2026-08-08T11:48:53.000Z</time>
      </trkpt>
      <trkpt lat="57.9625086486339569091796875" lon="-4.4081976078450679779052734375">
        <ele>49</ele>
        <time>2026-08-08T11:48:54.000Z</time>
      </trkpt>
      <trkpt lat="57.96246179379522800445556640625" lon="-4.4081841967999935150146484375">
        <ele>49.40000152587890625</ele>
        <time>2026-08-08T11:48:55.000Z</time>
      </trkpt>
      <trkpt lat="57.9624196328222751617431640625" lon="-4.408171288669109344482421875">
        <ele>49.59999847412109375</ele>
        <time>2026-08-08T11:48:56.000Z</time>
      </trkpt>
      <trkpt lat="57.96224151737987995147705078125" lon="-4.40811806358397006988525390625">
        <ele>50.40000152587890625</ele>
        <time>2026-08-08T11:49:01.000Z</time>
      </trkpt>
      <trkpt lat="57.9621827602386474609375" lon="-4.4081007130444049835205078125">
        <ele>50.59999847412109375</ele>
        <time>2026-08-08T11:49:03.000Z</time>
      </trkpt>
      <trkpt lat="57.96206549741327762603759765625" lon="-4.40806089900434017181396484375">
        <ele>51.799999237060546875</ele>
        <time>2026-08-08T11:49:08.000Z</time>
      </trkpt>
      <trkpt lat="57.96193239279091358184814453125" lon="-4.40802636556327342987060546875">
        <ele>52.799999237060546875</ele>
        <time>2026-08-08T11:49:14.000Z</time>
      </trkpt>
      <trkpt lat="57.96185620129108428955078125" lon="-4.40804027952253818511962890625">
        <ele>53.200000762939453125</ele>
        <time>2026-08-08T11:49:17.000Z</time>
      </trkpt>
      <trkpt lat="57.96177648939192295074462890625" lon="-4.40806559287011623382568359375">
        <ele>53.40000152587890625</ele>
        <time>2026-08-08T11:49:20.000Z</time>
      </trkpt>
      <trkpt lat="57.96172284521162509918212890625" lon="-4.40807431004941463470458984375">
        <ele>53.799999237060546875</ele>
        <time>2026-08-08T11:49:23.000Z</time>
      </trkpt>
      <trkpt lat="57.96170390211045742034912109375" lon="-4.40807866863906383514404296875">
        <ele>53.799999237060546875</ele>
        <time>2026-08-08T11:49:24.000Z</time>
      </trkpt>
      <trkpt lat="57.96166987158358097076416015625" lon="-4.40810934640467166900634765625">
        <ele>54</ele>
        <time>2026-08-08T11:49:26.000Z</time>
      </trkpt>
      <trkpt lat="57.9615589790046215057373046875" lon="-4.4081251882016658782958984375">
        <ele>54</ele>
        <time>2026-08-08T11:49:31.000Z</time>
      </trkpt>
      <trkpt lat="57.9614262096583843231201171875" lon="-4.40812669694423675537109375">
        <ele>54.59999847412109375</ele>
        <time>2026-08-08T11:49:37.000Z</time>
      </trkpt>
      <trkpt lat="57.961400561034679412841796875" lon="-4.40814907662570476531982421875">
        <ele>54.799999237060546875</ele>
        <time>2026-08-08T11:49:39.000Z</time>
      </trkpt>
      <trkpt lat="57.96138421632349491119384765625" lon="-4.4081630744040012359619140625">
        <ele>54.799999237060546875</ele>
        <time>2026-08-08T11:49:40.000Z</time>
      </trkpt>
      <trkpt lat="57.96137474477291107177734375" lon="-4.40816617570817470550537109375">
        <ele>55</ele>
        <time>2026-08-08T11:49:41.000Z</time>
      </trkpt>
      <trkpt lat="57.9612870700657367706298828125" lon="-4.4081781618297100067138671875">
        <ele>55.59999847412109375</ele>
        <time>2026-08-08T11:49:46.000Z</time>
      </trkpt>
      <trkpt lat="57.96125580556690692901611328125" lon="-4.4081784971058368682861328125">
        <ele>56</ele>
        <time>2026-08-08T11:49:47.000Z</time>
      </trkpt>
      <trkpt lat="57.96115136705338954925537109375" lon="-4.40815444104373455047607421875">
        <ele>56.59999847412109375</ele>
        <time>2026-08-08T11:49:51.000Z</time>
      </trkpt>
      <trkpt lat="57.96106067486107349395751953125" lon="-4.408255778253078460693359375">
        <ele>56.59999847412109375</ele>
        <time>2026-08-08T11:49:56.000Z</time>
      </trkpt>
      <trkpt lat="57.96105153858661651611328125" lon="-4.40828226506710052490234375">
        <ele>56.59999847412109375</ele>
        <time>2026-08-08T11:49:57.000Z</time>
      </trkpt>
      <trkpt lat="57.96103569678962230682373046875" lon="-4.4082921557128429412841796875">
        <ele>56.799999237060546875</ele>
        <time>2026-08-08T11:49:58.000Z</time>
      </trkpt>
      <trkpt lat="57.9609932005405426025390625" lon="-4.4083486497402191162109375">
        <ele>57</ele>
        <time>2026-08-08T11:50:01.000Z</time>
      </trkpt>
      <trkpt lat="57.96094802208244800567626953125" lon="-4.40843640826642513275146484375">
        <ele>56.799999237060546875</ele>
        <time>2026-08-08T11:50:05.000Z</time>
      </trkpt>
      <trkpt lat="57.96093611977994441986083984375" lon="-4.40846222452819347381591796875">
        <ele>56.799999237060546875</ele>
        <time>2026-08-08T11:50:06.000Z</time>
      </trkpt>
      <trkpt lat="57.9608964733779430389404296875" lon="-4.408506564795970916748046875">
        <ele>56.59999847412109375</ele>
        <time>2026-08-08T11:50:09.000Z</time>
      </trkpt>
      <trkpt lat="57.96087560243904590606689453125" lon="-4.40853917039930820465087890625">
        <ele>56.59999847412109375</ele>
        <time>2026-08-08T11:50:11.000Z</time>
      </trkpt>
      <trkpt lat="57.96086336486041545867919921875" lon="-4.40852693282067775726318359375">
        <ele>56.59999847412109375</ele>
        <time>2026-08-08T11:50:12.000Z</time>
      </trkpt>
      <trkpt lat="57.96082849614322185516357421875" lon="-4.40850379876792430877685546875">
        <ele>57</ele>
        <time>2026-08-08T11:50:14.000Z</time>
      </trkpt>
      <trkpt lat="57.96079848892986774444580078125" lon="-4.40851821564137935638427734375">
        <ele>57.200000762939453125</ele>
        <time>2026-08-08T11:50:15.000Z</time>
      </trkpt>
      <trkpt lat="57.96075507067143917083740234375" lon="-4.4085980951786041259765625">
        <ele>57</ele>
        <time>2026-08-08T11:50:19.000Z</time>
      </trkpt>
      <trkpt lat="57.9607437551021575927734375" lon="-4.40859985537827014923095703125">
        <ele>56.40000152587890625</ele>
        <time>2026-08-08T11:50:24.000Z</time>
      </trkpt>
      <trkpt lat="57.960741408169269561767578125" lon="-4.408610165119171142578125">
        <ele>56.40000152587890625</ele>
        <time>2026-08-08T11:50:25.000Z</time>
      </trkpt>
      <trkpt lat="57.9607429169118404388427734375" lon="-4.40856113098561763763427734375">
        <ele>56</ele>
        <time>2026-08-08T11:50:29.000Z</time>
      </trkpt>
      <trkpt lat="57.96075389720499515533447265625" lon="-4.4085526652634143829345703125">
        <ele>55.799999237060546875</ele>
        <time>2026-08-08T11:50:30.000Z</time>
      </trkpt>
      <trkpt lat="57.96076831407845020294189453125" lon="-4.408551156520843505859375">
        <ele>56</ele>
        <time>2026-08-08T11:50:33.000Z</time>
      </trkpt>
      <trkpt lat="57.96078440733253955841064453125" lon="-4.4085613824427127838134765625">
        <ele>56.200000762939453125</ele>
        <time>2026-08-08T11:50:34.000Z</time>
      </trkpt>
      <trkpt lat="57.96080016531050205230712890625" lon="-4.4085778109729290008544921875">
        <ele>56.200000762939453125</ele>
        <time>2026-08-08T11:50:38.000Z</time>
      </trkpt>
      <trkpt lat="57.96078675426542758941650390625" lon="-4.4085878692567348480224609375">
        <ele>55.40000152587890625</ele>
        <time>2026-08-08T11:50:46.000Z</time>
      </trkpt>
      <trkpt lat="57.96078491024672985076904296875" lon="-4.4085871987044811248779296875">
        <ele>55.40000152587890625</ele>
        <time>2026-08-08T11:50:47.000Z</time>
      </trkpt>
      <trkpt lat="57.9608056135475635528564453125" lon="-4.40862500108778476715087890625">
        <ele>55.59999847412109375</ele>
        <time>2026-08-08T11:50:53.000Z</time>
      </trkpt>
      <trkpt lat="57.9608364589512348175048828125" lon="-4.40863288007676601409912109375">
        <ele>56</ele>
        <time>2026-08-08T11:50:57.000Z</time>
      </trkpt>
      <trkpt lat="57.95703752897679805755615234375" lon="-4.40869155339896678924560546875">
        <ele>26.6000003814697265625</ele>
        <time>2026-08-08T13:03:54.000Z</time>
      </trkpt>
      <trkpt lat="57.95695312321186065673828125" lon="-4.40863095223903656005859375">
        <ele>25.3999996185302734375</ele>
        <time>2026-08-08T13:03:55.000Z</time>
      </trkpt>
      <trkpt lat="57.9567293263971805572509765625" lon="-4.4084773957729339599609375">
        <ele>26.6000003814697265625</ele>
        <time>2026-08-08T13:03:58.000Z</time>
      </trkpt>
      <trkpt lat="57.95665212906897068023681640625" lon="-4.40845753066241741180419921875">
        <ele>27.3999996185302734375</ele>
        <time>2026-08-08T13:03:59.000Z</time>
      </trkpt>
      <trkpt lat="57.95657434500753879547119140625" lon="-4.4084452092647552490234375">
        <ele>28.3999996185302734375</ele>
        <time>2026-08-08T13:04:00.000Z</time>
      </trkpt>
      <trkpt lat="57.95641190372407436370849609375" lon="-4.40845660865306854248046875">
        <ele>27.799999237060546875</ele>
        <time>2026-08-08T13:04:02.000Z</time>
      </trkpt>
      <trkpt lat="57.95632942579686641693115234375" lon="-4.40849189646542072296142578125">
        <ele>27.799999237060546875</ele>
        <time>2026-08-08T13:04:03.000Z</time>
      </trkpt>
      <trkpt lat="57.9560627974569797515869140625" lon="-4.408563561737537384033203125">
        <ele>27.799999237060546875</ele>
        <time>2026-08-08T13:04:06.000Z</time>
      </trkpt>
      <trkpt lat="57.955883927643299102783203125" lon="-4.4086146913468837738037109375">
        <ele>27.799999237060546875</ele>
        <time>2026-08-08T13:04:08.000Z</time>
      </trkpt>
      <trkpt lat="57.95561545528471469879150390625" lon="-4.4086140207946300506591796875">
        <ele>28.200000762939453125</ele>
        <time>2026-08-08T13:04:11.000Z</time>
      </trkpt>
      <trkpt lat="57.95553633011877536773681640625" lon="-4.40859717316925525665283203125">
        <ele>28.6000003814697265625</ele>
        <time>2026-08-08T13:04:12.000Z</time>
      </trkpt>
      <trkpt lat="57.95541428960859775543212890625" lon="-4.40854646265506744384765625">
        <ele>29.799999237060546875</ele>
        <time>2026-08-08T13:04:14.000Z</time>
      </trkpt>
      <trkpt lat="57.95535695739090442657470703125" lon="-4.4084990210831165313720703125">
        <ele>30.6000003814697265625</ele>
        <time>2026-08-08T13:04:15.000Z</time>
      </trkpt>
      <trkpt lat="57.95530951581895351409912109375" lon="-4.40846088342368602752685546875">
        <ele>31.6000003814697265625</ele>
        <time>2026-08-08T13:04:16.000Z</time>
      </trkpt>
      <trkpt lat="57.95520968735218048095703125" lon="-4.40832291729748249053955078125">
        <ele>32.40000152587890625</ele>
        <time>2026-08-08T13:04:19.000Z</time>
      </trkpt>
      <trkpt lat="57.9551531933248043060302734375" lon="-4.40823591314256191253662109375">
        <ele>32.799999237060546875</ele>
        <time>2026-08-08T13:04:22.000Z</time>
      </trkpt>
      <trkpt lat="57.95511606149375438690185546875" lon="-4.40818696282804012298583984375">
        <ele>33.59999847412109375</ele>
        <time>2026-08-08T13:04:24.000Z</time>
      </trkpt>
      <trkpt lat="57.95509728603065013885498046875" lon="-4.40815410576760768890380859375">
        <ele>33.799999237060546875</ele>
        <time>2026-08-08T13:04:25.000Z</time>
      </trkpt>
      <trkpt lat="57.95502520166337490081787109375" lon="-4.40806710161268711090087890625">
        <ele>34.40000152587890625</ele>
        <time>2026-08-08T13:04:28.000Z</time>
      </trkpt>
      <trkpt lat="57.95493266545236110687255859375" lon="-4.407973475754261016845703125">
        <ele>34.799999237060546875</ele>
        <time>2026-08-08T13:04:31.000Z</time>
      </trkpt>
      <trkpt lat="57.95489880256354808807373046875" lon="-4.40793902613222599029541015625">
        <ele>35</ele>
        <time>2026-08-08T13:04:32.000Z</time>
      </trkpt>
      <trkpt lat="57.95482437126338481903076171875" lon="-4.40788018517196178436279296875">
        <ele>35</ele>
        <time>2026-08-08T13:04:34.000Z</time>
      </trkpt>
      <trkpt lat="57.95471691526472568511962890625" lon="-4.4078086875379085540771484375">
        <ele>35</ele>
        <time>2026-08-08T13:04:37.000Z</time>
      </trkpt>
      <trkpt lat="57.954594790935516357421875" lon="-4.40775378607213497161865234375">
        <ele>34.799999237060546875</ele>
        <time>2026-08-08T13:04:40.000Z</time>
      </trkpt>
      <trkpt lat="57.9545020870864391326904296875" lon="-4.40770584158599376678466796875">
        <ele>34.40000152587890625</ele>
        <time>2026-08-08T13:04:42.000Z</time>
      </trkpt>
      <trkpt lat="57.9544514603912830352783203125" lon="-4.407693184912204742431640625">
        <ele>33.799999237060546875</ele>
        <time>2026-08-08T13:04:43.000Z</time>
      </trkpt>
      <trkpt lat="57.954335622489452362060546875" lon="-4.40767348743975162506103515625">
        <ele>32.59999847412109375</ele>
        <time>2026-08-08T13:04:45.000Z</time>
      </trkpt>
      <trkpt lat="57.9541969858109951019287109375" lon="-4.40765035338699817657470703125">
        <ele>31</ele>
        <time>2026-08-08T13:04:47.000Z</time>
      </trkpt>
      <trkpt lat="57.95411392115056514739990234375" lon="-4.40764725208282470703125">
        <ele>30.6000003814697265625</ele>
        <time>2026-08-08T13:04:48.000Z</time>
      </trkpt>
      <trkpt lat="57.95374947600066661834716796875" lon="-4.40766560845077037811279296875">
        <ele>29.799999237060546875</ele>
        <time>2026-08-08T13:04:52.000Z</time>
      </trkpt>
      <trkpt lat="57.9533658362925052642822265625" lon="-4.4076604954898357391357421875">
        <ele>28.3999996185302734375</ele>
        <time>2026-08-08T13:04:56.000Z</time>
      </trkpt>
      <trkpt lat="57.95329056680202484130859375" lon="-4.40763878636062145233154296875">
        <ele>28.6000003814697265625</ele>
        <time>2026-08-08T13:04:57.000Z</time>
      </trkpt>
      <trkpt lat="57.9532417841255664825439453125" lon="-4.40761649049818515777587890625">
        <ele>28.6000003814697265625</ele>
        <time>2026-08-08T13:04:58.000Z</time>
      </trkpt>
      <trkpt lat="57.9531884752213954925537109375" lon="-4.40757776610553264617919921875">
        <ele>29</ele>
        <time>2026-08-08T13:05:00.000Z</time>
      </trkpt>
      <trkpt lat="57.95318302698433399200439453125" lon="-4.40759360790252685546875">
        <ele>29.3999996185302734375</ele>
        <time>2026-08-08T13:05:01.000Z</time>
      </trkpt>
      <trkpt lat="57.9531398601830005645751953125" lon="-4.4076098687946796417236328125">
        <ele>30</ele>
        <time>2026-08-08T13:05:04.000Z</time>
      </trkpt>
      <trkpt lat="57.9530399478971958160400390625" lon="-4.4075676240026950836181640625">
        <ele>30.6000003814697265625</ele>
        <time>2026-08-08T13:05:08.000Z</time>
      </trkpt>
      <trkpt lat="57.9529846273362636566162109375" lon="-4.40752646885812282562255859375">
        <ele>30.799999237060546875</ele>
        <time>2026-08-08T13:05:10.000Z</time>
      </trkpt>
      <trkpt lat="57.95285127125680446624755859375" lon="-4.40741934813559055328369140625">
        <ele>31</ele>
        <time>2026-08-08T13:05:15.000Z</time>
      </trkpt>
      <trkpt lat="57.95268028043210506439208984375" lon="-4.40730459988117218017578125">
        <ele>31.200000762939453125</ele>
        <time>2026-08-08T13:05:21.000Z</time>
      </trkpt>
      <trkpt lat="57.95247509144246578216552734375" lon="-4.40718985162675380706787109375">
        <ele>31</ele>
        <time>2026-08-08T13:05:26.000Z</time>
      </trkpt>
      <trkpt lat="57.9521963931620121002197265625" lon="-4.40694845281541347503662109375">
        <ele>29</ele>
        <time>2026-08-08T13:05:31.000Z</time>
      </trkpt>
      <trkpt lat="57.952022887766361236572265625" lon="-4.40667620860040187835693359375">
        <ele>27.6000003814697265625</ele>
        <time>2026-08-08T13:05:34.000Z</time>
      </trkpt>
      <trkpt lat="57.95196278952062129974365234375" lon="-4.4065634720027446746826171875">
        <ele>27.200000762939453125</ele>
        <time>2026-08-08T13:05:35.000Z</time>
      </trkpt>
      <trkpt lat="57.9517947323620319366455078125" lon="-4.40619508735835552215576171875">
        <ele>26.6000003814697265625</ele>
        <time>2026-08-08T13:05:38.000Z</time>
      </trkpt>
      <trkpt lat="57.9517368972301483154296875" lon="-4.40608612261712551116943359375">
        <ele>26.3999996185302734375</ele>
        <time>2026-08-08T13:05:39.000Z</time>
      </trkpt>
      <trkpt lat="57.95168098993599414825439453125" lon="-4.405972547829151153564453125">
        <ele>26.3999996185302734375</ele>
        <time>2026-08-08T13:05:40.000Z</time>
      </trkpt>
      <trkpt lat="57.95140639878809452056884765625" lon="-4.40551615320146083831787109375">
        <ele>27.799999237060546875</ele>
        <time>2026-08-08T13:05:45.000Z</time>
      </trkpt>
      <trkpt lat="57.95134940184652805328369140625" lon="-4.4054550491273403167724609375">
        <ele>28.200000762939453125</ele>
        <time>2026-08-08T13:05:46.000Z</time>
      </trkpt>
      <trkpt lat="57.95117522589862346649169921875" lon="-4.4052659533917903900146484375">
        <ele>28.3999996185302734375</ele>
        <time>2026-08-08T13:05:49.000Z</time>
      </trkpt>
      <trkpt lat="57.951000966131687164306640625" lon="-4.40508549101650714874267578125">
        <ele>28.799999237060546875</ele>
        <time>2026-08-08T13:05:52.000Z</time>
      </trkpt>
      <trkpt lat="57.9509483277797698974609375" lon="-4.40503955818712711334228515625">
        <ele>28.799999237060546875</ele>
        <time>2026-08-08T13:05:53.000Z</time>
      </trkpt>
      <trkpt lat="57.9508479125797748565673828125" lon="-4.4049611873924732208251953125">
        <ele>28.799999237060546875</ele>
        <time>2026-08-08T13:05:55.000Z</time>
      </trkpt>
      <trkpt lat="57.95075462199747562408447265625" lon="-4.40487309359014034271240234375">
        <ele>29</ele>
        <time>2026-08-08T13:05:57.000Z</time>
      </trkpt>
      <trkpt lat="57.95043577440083026885986328125" lon="-4.404491297900676727294921875">
        <ele>29.799999237060546875</ele>
        <time>2026-08-08T13:06:04.000Z</time>
      </trkpt>
      <trkpt lat="57.95034709386527538299560546875" lon="-4.40436783246695995330810546875">
        <ele>30.200000762939453125</ele>
        <time>2026-08-08T13:06:06.000Z</time>
      </trkpt>
      <trkpt lat="57.9502558149397373199462890625" lon="-4.4042567722499370574951171875">
        <ele>30.3999996185302734375</ele>
        <time>2026-08-08T13:06:08.000Z</time>
      </trkpt>
      <trkpt lat="57.95020468533039093017578125" lon="-4.40420388244092464447021484375">
        <ele>30.3999996185302734375</ele>
        <time>2026-08-08T13:06:09.000Z</time>
      </trkpt>
      <trkpt lat="57.95004886575043201446533203125" lon="-4.40402920357882976531982421875">
        <ele>29.799999237060546875</ele>
        <time>2026-08-08T13:06:12.000Z</time>
      </trkpt>
      <trkpt lat="57.94988977722823619842529296875" lon="-4.40385469235479831695556640625">
        <ele>29.200000762939453125</ele>
        <time>2026-08-08T13:06:15.000Z</time>
      </trkpt>
      <trkpt lat="57.94977687299251556396484375" lon="-4.40370599739253520965576171875">
        <ele>29</ele>
        <time>2026-08-08T13:06:19.000Z</time>
      </trkpt>
      <trkpt lat="57.94973127543926239013671875" lon="-4.40367280505597591400146484375">
        <ele>29.3999996185302734375</ele>
        <time>2026-08-08T13:06:23.000Z</time>
      </trkpt>
      <trkpt lat="57.94964812695980072021484375" lon="-4.40355621278285980224609375">
        <ele>29.3999996185302734375</ele>
        <time>2026-08-08T13:06:29.000Z</time>
      </trkpt>
      <trkpt lat="57.94959490187466144561767578125" lon="-4.40347733907401561737060546875">
        <ele>29.6000003814697265625</ele>
        <time>2026-08-08T13:06:31.000Z</time>
      </trkpt>
      <trkpt lat="57.94952684082090854644775390625" lon="-4.4033704698085784912109375">
        <ele>29.799999237060546875</ele>
        <time>2026-08-08T13:06:34.000Z</time>
      </trkpt>
      <trkpt lat="57.949411086738109588623046875" lon="-4.40323946066200733184814453125">
        <ele>30.200000762939453125</ele>
        <time>2026-08-08T13:06:38.000Z</time>
      </trkpt>
      <trkpt lat="57.94916826300323009490966796875" lon="-4.402989260852336883544921875">
        <ele>30.3999996185302734375</ele>
        <time>2026-08-08T13:06:45.000Z</time>
      </trkpt>
      <trkpt lat="57.94909064657986164093017578125" lon="-4.40295464359223842620849609375">
        <ele>30.6000003814697265625</ele>
        <time>2026-08-08T13:06:47.000Z</time>
      </trkpt>
      <trkpt lat="57.9490062408149242401123046875" lon="-4.40298900939524173736572265625">
        <ele>30.799999237060546875</ele>
        <time>2026-08-08T13:06:49.000Z</time>
      </trkpt>
      <trkpt lat="57.9488640837371349334716796875" lon="-4.403142146766185760498046875">
        <ele>30.200000762939453125</ele>
        <time>2026-08-08T13:06:52.000Z</time>
      </trkpt>
      <trkpt lat="57.94881504960358142852783203125" lon="-4.4032140634953975677490234375">
        <ele>29.799999237060546875</ele>
        <time>2026-08-08T13:06:53.000Z</time>
      </trkpt>
      <trkpt lat="57.94869082979857921600341796875" lon="-4.40339804627001285552978515625">
        <ele>28.3999996185302734375</ele>
        <time>2026-08-08T13:06:55.000Z</time>
      </trkpt>
      <trkpt lat="57.94857096858322620391845703125" lon="-4.40360843203961849212646484375">
        <ele>26.799999237060546875</ele>
        <time>2026-08-08T13:06:57.000Z</time>
      </trkpt>
      <trkpt lat="57.94844155199825763702392578125" lon="-4.4038105197250843048095703125">
        <ele>25.799999237060546875</ele>
        <time>2026-08-08T13:06:59.000Z</time>
      </trkpt>
      <trkpt lat="57.94837701134383678436279296875" lon="-4.403927028179168701171875">
        <ele>25.6000003814697265625</ele>
        <time>2026-08-08T13:07:00.000Z</time>
      </trkpt>
      <trkpt lat="57.9482352733612060546875" lon="-4.404156692326068878173828125">
        <ele>24.799999237060546875</ele>
        <time>2026-08-08T13:07:02.000Z</time>
      </trkpt>
      <trkpt lat="57.94810543768107891082763671875" lon="-4.40439465455710887908935546875">
        <ele>24.3999996185302734375</ele>
        <time>2026-08-08T13:07:04.000Z</time>
      </trkpt>
      <trkpt lat="57.947947271168231964111328125" lon="-4.40473697148263454437255859375">
        <ele>23.3999996185302734375</ele>
        <time>2026-08-08T13:07:07.000Z</time>
      </trkpt>
      <trkpt lat="57.94789622537791728973388671875" lon="-4.40485230647027492523193359375">
        <ele>23</ele>
        <time>2026-08-08T13:07:08.000Z</time>
      </trkpt>
      <trkpt lat="57.947795391082763671875" lon="-4.40509202890098094940185546875">
        <ele>22.3999996185302734375</ele>
        <time>2026-08-08T13:07:10.000Z</time>
      </trkpt>
      <trkpt lat="57.94761761091649532318115234375" lon="-4.4054191745817661285400390625">
        <ele>22.3999996185302734375</ele>
        <time>2026-08-08T13:07:13.000Z</time>
      </trkpt>
      <trkpt lat="57.94755575247108936309814453125" lon="-4.40551548264920711517333984375">
        <ele>22.6000003814697265625</ele>
        <time>2026-08-08T13:07:14.000Z</time>
      </trkpt>
      <trkpt lat="57.9473154433071613311767578125" lon="-4.40581169910728931427001953125">
        <ele>21.799999237060546875</ele>
        <time>2026-08-08T13:07:18.000Z</time>
      </trkpt>
      <trkpt lat="57.947217039763927459716796875" lon="-4.40593139268457889556884765625">
        <ele>22</ele>
        <time>2026-08-08T13:07:20.000Z</time>
      </trkpt>
      <trkpt lat="57.94708200730383396148681640625" lon="-4.40606852062046527862548828125">
        <ele>21.799999237060546875</ele>
        <time>2026-08-08T13:07:23.000Z</time>
      </trkpt>
      <trkpt lat="57.94693046249449253082275390625" lon="-4.40625610761344432830810546875">
        <ele>20.799999237060546875</ele>
        <time>2026-08-08T13:07:26.000Z</time>
      </trkpt>
      <trkpt lat="57.94682099483907222747802734375" lon="-4.4063844345510005950927734375">
        <ele>20.799999237060546875</ele>
        <time>2026-08-08T13:07:28.000Z</time>
      </trkpt>
      <trkpt lat="57.946451939642429351806640625" lon="-4.4068752788007259368896484375">
        <ele>21.799999237060546875</ele>
        <time>2026-08-08T13:07:35.000Z</time>
      </trkpt>
      <trkpt lat="57.9460719041526317596435546875" lon="-4.40724886022508144378662109375">
        <ele>21.200000762939453125</ele>
        <time>2026-08-08T13:07:42.000Z</time>
      </trkpt>
      <trkpt lat="57.94597081840038299560546875" lon="-4.40737173892557621002197265625">
        <ele>21.3999996185302734375</ele>
        <time>2026-08-08T13:07:44.000Z</time>
      </trkpt>
      <trkpt lat="57.94586881063878536224365234375" lon="-4.40750174224376678466796875">
        <ele>21</ele>
        <time>2026-08-08T13:07:46.000Z</time>
      </trkpt>
      <trkpt lat="57.9458191059529781341552734375" lon="-4.40755832009017467498779296875">
        <ele>20.799999237060546875</ele>
        <time>2026-08-08T13:07:47.000Z</time>
      </trkpt>
      <trkpt lat="57.9456816427409648895263671875" lon="-4.4077371060848236083984375">
        <ele>20.200000762939453125</ele>
        <time>2026-08-08T13:07:51.000Z</time>
      </trkpt>
      <trkpt lat="57.94550872407853603363037109375" lon="-4.40802343189716339111328125">
        <ele>20.6000003814697265625</ele>
        <time>2026-08-08T13:07:56.000Z</time>
      </trkpt>
      <trkpt lat="57.94546664692461490631103515625" lon="-4.40807447768747806549072265625">
        <ele>21</ele>
        <time>2026-08-08T13:07:57.000Z</time>
      </trkpt>
      <trkpt lat="57.9452084004878997802734375" lon="-4.408465661108493804931640625">
        <ele>21.3999996185302734375</ele>
        <time>2026-08-08T13:08:03.000Z</time>
      </trkpt>
      <trkpt lat="57.945071943104267120361328125" lon="-4.40866892226040363311767578125">
        <ele>20.799999237060546875</ele>
        <time>2026-08-08T13:08:06.000Z</time>
      </trkpt>
      <trkpt lat="57.94502844102680683135986328125" lon="-4.40873765386641025543212890625">
        <ele>20.6000003814697265625</ele>
        <time>2026-08-08T13:08:07.000Z</time>
      </trkpt>
      <trkpt lat="57.94486365281045436859130859375" lon="-4.40900168381631374359130859375">
        <ele>20.3999996185302734375</ele>
        <time>2026-08-08T13:08:11.000Z</time>
      </trkpt>
      <trkpt lat="57.94482224620878696441650390625" lon="-4.4090723432600498199462890625">
        <ele>20.3999996185302734375</ele>
        <time>2026-08-08T13:08:12.000Z</time>
      </trkpt>
      <trkpt lat="57.944555617868900299072265625" lon="-4.4094491936266422271728515625">
        <ele>20.799999237060546875</ele>
        <time>2026-08-08T13:08:18.000Z</time>
      </trkpt>
      <trkpt lat="57.944511361420154571533203125" lon="-4.40949135459959506988525390625">
        <ele>21</ele>
        <time>2026-08-08T13:08:19.000Z</time>
      </trkpt>
      <trkpt lat="57.94442452490329742431640625" lon="-4.40949336625635623931884765625">
        <ele>21.200000762939453125</ele>
        <time>2026-08-08T13:08:21.000Z</time>
      </trkpt>
      <trkpt lat="57.94438638724386692047119140625" lon="-4.40945832990109920501708984375">
        <ele>20.799999237060546875</ele>
        <time>2026-08-08T13:08:22.000Z</time>
      </trkpt>
      <trkpt lat="57.944325618445873260498046875" lon="-4.40933712758123874664306640625">
        <ele>20.799999237060546875</ele>
        <time>2026-08-08T13:08:24.000Z</time>
      </trkpt>
      <trkpt lat="57.94413073919713497161865234375" lon="-4.40876145847141742706298828125">
        <ele>20.6000003814697265625</ele>
        <time>2026-08-08T13:08:31.000Z</time>
      </trkpt>
      <trkpt lat="57.94407860375940799713134765625" lon="-4.40859046764671802520751953125">
        <ele>19.3999996185302734375</ele>
        <time>2026-08-08T13:08:33.000Z</time>
      </trkpt>
      <trkpt lat="57.94396460987627506256103515625" lon="-4.40827446989715099334716796875">
        <ele>19.3999996185302734375</ele>
        <time>2026-08-08T13:08:37.000Z</time>
      </trkpt>
      <trkpt lat="57.943937368690967559814453125" lon="-4.40820456482470035552978515625">
        <ele>19.799999237060546875</ele>
        <time>2026-08-08T13:08:38.000Z</time>
      </trkpt>
      <trkpt lat="57.9438671283423900604248046875" lon="-4.40802686847746372222900390625">
        <ele>20.6000003814697265625</ele>
        <time>2026-08-08T13:08:41.000Z</time>
      </trkpt>
      <trkpt lat="57.943811304867267608642578125" lon="-4.40790398977696895599365234375">
        <ele>21.200000762939453125</ele>
        <time>2026-08-08T13:08:43.000Z</time>
      </trkpt>
      <trkpt lat="57.9437823034822940826416015625" lon="-4.40784917213022708892822265625">
        <ele>21.3999996185302734375</ele>
        <time>2026-08-08T13:08:44.000Z</time>
      </trkpt>
      <trkpt lat="57.94372044503688812255859375" lon="-4.4077424705028533935546875">
        <ele>21.799999237060546875</ele>
        <time>2026-08-08T13:08:46.000Z</time>
      </trkpt>
      <trkpt lat="57.94361139647662639617919921875" lon="-4.40761246718466281890869140625">
        <ele>22.3999996185302734375</ele>
        <time>2026-08-08T13:08:49.000Z</time>
      </trkpt>
      <trkpt lat="57.9435347020626068115234375" lon="-4.4075394608080387115478515625">
        <ele>22.799999237060546875</ele>
        <time>2026-08-08T13:08:51.000Z</time>
      </trkpt>
      <trkpt lat="57.94341626577079296112060546875" lon="-4.40745606087148189544677734375">
        <ele>23.3999996185302734375</ele>
        <time>2026-08-08T13:08:54.000Z</time>
      </trkpt>
      <trkpt lat="57.9433387331664562225341796875" lon="-4.40740409307181835174560546875">
        <ele>23.6000003814697265625</ele>
        <time>2026-08-08T13:08:56.000Z</time>
      </trkpt>
      <trkpt lat="57.94329824857413768768310546875" lon="-4.407381378114223480224609375">
        <ele>23.799999237060546875</ele>
        <time>2026-08-08T13:08:57.000Z</time>
      </trkpt>
      <trkpt lat="57.9432555846869945526123046875" lon="-4.40735765732824802398681640625">
        <ele>24</ele>
        <time>2026-08-08T13:08:58.000Z</time>
      </trkpt>
      <trkpt lat="57.94321208260953426361083984375" lon="-4.4073382951319217681884765625">
        <ele>24</ele>
        <time>2026-08-08T13:08:59.000Z</time>
      </trkpt>
      <trkpt lat="57.9431670717895030975341796875" lon="-4.407325051724910736083984375">
        <ele>24</ele>
        <time>2026-08-08T13:09:00.000Z</time>
      </trkpt>
      <trkpt lat="57.943081744015216827392578125" lon="-4.40728775225579738616943359375">
        <ele>24</ele>
        <time>2026-08-08T13:09:02.000Z</time>
      </trkpt>
      <trkpt lat="57.94303807429969310760498046875" lon="-4.4072678871452808380126953125">
        <ele>23.799999237060546875</ele>
        <time>2026-08-08T13:09:03.000Z</time>
      </trkpt>
      <trkpt lat="57.942777313292026519775390625" lon="-4.4071914441883563995361328125">
        <ele>24.200000762939453125</ele>
        <time>2026-08-08T13:09:09.000Z</time>
      </trkpt>
      <trkpt lat="57.94264697469770908355712890625" lon="-4.4071652926504611968994140625">
        <ele>24</ele>
        <time>2026-08-08T13:09:12.000Z</time>
      </trkpt>
      <trkpt lat="57.9425196535885334014892578125" lon="-4.407152719795703887939453125">
        <ele>23.799999237060546875</ele>
        <time>2026-08-08T13:09:15.000Z</time>
      </trkpt>
      <trkpt lat="57.94247296638786792755126953125" lon="-4.407147355377674102783203125">
        <ele>23.799999237060546875</ele>
        <time>2026-08-08T13:09:16.000Z</time>
      </trkpt>
      <trkpt lat="57.9423211701214313507080078125" lon="-4.40712623298168182373046875">
        <ele>23.3999996185302734375</ele>
        <time>2026-08-08T13:09:19.000Z</time>
      </trkpt>
      <trkpt lat="57.94221279211342334747314453125" lon="-4.407098405063152313232421875">
        <ele>23</ele>
        <time>2026-08-08T13:09:21.000Z</time>
      </trkpt>
      <trkpt lat="57.94210751540958881378173828125" lon="-4.40707468427717685699462890625">
        <ele>22.799999237060546875</ele>
        <time>2026-08-08T13:09:23.000Z</time>
      </trkpt>
      <trkpt lat="57.94171054847538471221923828125" lon="-4.4069887697696685791015625">
        <ele>23.3999996185302734375</ele>
        <time>2026-08-08T13:09:31.000Z</time>
      </trkpt>
      <trkpt lat="57.94151156209409236907958984375" lon="-4.40695784054696559906005859375">
        <ele>22.799999237060546875</ele>
        <time>2026-08-08T13:09:35.000Z</time>
      </trkpt>
      <trkpt lat="57.9414618574082851409912109375" lon="-4.406932778656482696533203125">
        <ele>23</ele>
        <time>2026-08-08T13:09:36.000Z</time>
      </trkpt>
      <trkpt lat="57.94141148217022418975830078125" lon="-4.406927414238452911376953125">
        <ele>23.200000762939453125</ele>
        <time>2026-08-08T13:09:37.000Z</time>
      </trkpt>
      <trkpt lat="57.94117502868175506591796875" lon="-4.4068772904574871063232421875">
        <ele>24.200000762939453125</ele>
        <time>2026-08-08T13:09:42.000Z</time>
      </trkpt>
      <trkpt lat="57.9407721944153308868408203125" lon="-4.4067508913576602935791015625">
        <ele>25</ele>
        <time>2026-08-08T13:09:51.000Z</time>
      </trkpt>
      <trkpt lat="57.9407250881195068359375" lon="-4.40673530101776123046875">
        <ele>25.200000762939453125</ele>
        <time>2026-08-08T13:09:52.000Z</time>
      </trkpt>
      <trkpt lat="57.94033390469849109649658203125" lon="-4.40656204707920551300048828125">
        <ele>25.200000762939453125</ele>
        <time>2026-08-08T13:10:00.000Z</time>
      </trkpt>
      <trkpt lat="57.93998504988849163055419921875" lon="-4.4063787348568439483642578125">
        <ele>25.200000762939453125</ele>
        <time>2026-08-08T13:10:08.000Z</time>
      </trkpt>
      <trkpt lat="57.939813137054443359375" lon="-4.4062811695039272308349609375">
        <ele>26.3999996185302734375</ele>
        <time>2026-08-08T13:10:12.000Z</time>
      </trkpt>
      <trkpt lat="57.93972370214760303497314453125" lon="-4.4062238372862339019775390625">
        <ele>27</ele>
        <time>2026-08-08T13:10:14.000Z</time>
      </trkpt>
      <trkpt lat="57.93959495611488819122314453125" lon="-4.40614228136837482452392578125">
        <ele>27.3999996185302734375</ele>
        <time>2026-08-08T13:10:17.000Z</time>
      </trkpt>
      <trkpt lat="57.939390353858470916748046875" lon="-4.40601873211562633514404296875">
        <ele>26.799999237060546875</ele>
        <time>2026-08-08T13:10:22.000Z</time>
      </trkpt>
      <trkpt lat="57.9389722645282745361328125" lon="-4.4057745672762393951416015625">
        <ele>27.799999237060546875</ele>
        <time>2026-08-08T13:10:32.000Z</time>
      </trkpt>
      <trkpt lat="57.93868820182979106903076171875" lon="-4.4056126289069652557373046875">
        <ele>28.3999996185302734375</ele>
        <time>2026-08-08T13:10:39.000Z</time>
      </trkpt>
      <trkpt lat="57.93864595703780651092529296875" lon="-4.40559594891965389251708984375">
        <ele>28.3999996185302734375</ele>
        <time>2026-08-08T13:10:40.000Z</time>
      </trkpt>
      <trkpt lat="57.9384413547813892364501953125" lon="-4.40547374077141284942626953125">
        <ele>29</ele>
        <time>2026-08-08T13:10:45.000Z</time>
      </trkpt>
      <trkpt lat="57.9384021274745464324951171875" lon="-4.40545412711799144744873046875">
        <ele>29.6000003814697265625</ele>
        <time>2026-08-08T13:10:46.000Z</time>
      </trkpt>
      <trkpt lat="57.9383231699466705322265625" lon="-4.40540014766156673431396484375">
        <ele>30</ele>
        <time>2026-08-08T13:10:48.000Z</time>
      </trkpt>
      <trkpt lat="57.93820473365485668182373046875" lon="-4.405338875949382781982421875">
        <ele>30.200000762939453125</ele>
        <time>2026-08-08T13:10:51.000Z</time>
      </trkpt>
      <trkpt lat="57.93791069649159908294677734375" lon="-4.40516511909663677215576171875">
        <ele>29</ele>
        <time>2026-08-08T13:10:58.000Z</time>
      </trkpt>
      <trkpt lat="57.937697879970073699951171875" lon="-4.40503117628395557403564453125">
        <ele>29</ele>
        <time>2026-08-08T13:11:03.000Z</time>
      </trkpt>
      <trkpt lat="57.937560416758060455322265625" lon="-4.40496294759213924407958984375">
        <ele>29.3999996185302734375</ele>
        <time>2026-08-08T13:11:06.000Z</time>
      </trkpt>
      <trkpt lat="57.93751113116741180419921875" lon="-4.4049460999667644500732421875">
        <ele>29.3999996185302734375</ele>
        <time>2026-08-08T13:11:07.000Z</time>
      </trkpt>
      <trkpt lat="57.937409542500972747802734375" lon="-4.404915757477283477783203125">
        <ele>28.799999237060546875</ele>
        <time>2026-08-08T13:11:09.000Z</time>
      </trkpt>
      <trkpt lat="57.93730334378778934478759765625" lon="-4.4048867560923099517822265625">
        <ele>28.3999996185302734375</ele>
        <time>2026-08-08T13:11:11.000Z</time>
      </trkpt>
      <trkpt lat="57.937249280512332916259765625" lon="-4.40487544052302837371826171875">
        <ele>28.200000762939453125</ele>
        <time>2026-08-08T13:11:12.000Z</time>
      </trkpt>
      <trkpt lat="57.9370814748108386993408203125" lon="-4.40486135892570018768310546875">
        <ele>28.200000762939453125</ele>
        <time>2026-08-08T13:11:15.000Z</time>
      </trkpt>
      <trkpt lat="57.9369671456515789031982421875" lon="-4.40486102364957332611083984375">
        <ele>28</ele>
        <time>2026-08-08T13:11:17.000Z</time>
      </trkpt>
      <trkpt lat="57.9367223940789699554443359375" lon="-4.40489220432937145233154296875">
        <ele>27.200000762939453125</ele>
        <time>2026-08-08T13:11:21.000Z</time>
      </trkpt>
      <trkpt lat="57.936599515378475189208984375" lon="-4.404914081096649169921875">
        <ele>26.799999237060546875</ele>
        <time>2026-08-08T13:11:23.000Z</time>
      </trkpt>
      <trkpt lat="57.9364199750125408172607421875" lon="-4.4049397297203540802001953125">
        <ele>25.799999237060546875</ele>
        <time>2026-08-08T13:11:26.000Z</time>
      </trkpt>
      <trkpt lat="57.936132811009883880615234375" lon="-4.40498323179781436920166015625">
        <ele>25.799999237060546875</ele>
        <time>2026-08-08T13:11:31.000Z</time>
      </trkpt>
      <trkpt lat="57.935829050838947296142578125" lon="-4.40502530895173549652099609375">
        <ele>24.6000003814697265625</ele>
        <time>2026-08-08T13:11:36.000Z</time>
      </trkpt>
      <trkpt lat="57.93569670058786869049072265625" lon="-4.4050119817256927490234375">
        <ele>23.799999237060546875</ele>
        <time>2026-08-08T13:11:38.000Z</time>
      </trkpt>
      <trkpt lat="57.9356273822486400604248046875" lon="-4.40499781630933284759521484375">
        <ele>23.6000003814697265625</ele>
        <time>2026-08-08T13:11:39.000Z</time>
      </trkpt>
      <trkpt lat="57.9354972951114177703857421875" lon="-4.4049544818699359893798828125">
        <ele>24</ele>
        <time>2026-08-08T13:11:41.000Z</time>
      </trkpt>
      <trkpt lat="57.93537584133446216583251953125" lon="-4.40487208776175975799560546875">
        <ele>24.6000003814697265625</ele>
        <time>2026-08-08T13:11:43.000Z</time>
      </trkpt>
      <trkpt lat="57.93531884439289569854736328125" lon="-4.40481710247695446014404296875">
        <ele>24.799999237060546875</ele>
        <time>2026-08-08T13:11:44.000Z</time>
      </trkpt>
      <trkpt lat="57.9352144896984100341796875" lon="-4.40467628650367259979248046875">
        <ele>24.3999996185302734375</ele>
        <time>2026-08-08T13:11:46.000Z</time>
      </trkpt>
      <trkpt lat="57.935175597667694091796875" lon="-4.404587857425212860107421875">
        <ele>24</ele>
        <time>2026-08-08T13:11:47.000Z</time>
      </trkpt>
      <trkpt lat="57.9351554811000823974609375" lon="-4.4044941477477550506591796875">
        <ele>23.799999237060546875</ele>
        <time>2026-08-08T13:11:48.000Z</time>
      </trkpt>
      <trkpt lat="57.93514533899724483489990234375" lon="-4.4044004380702972412109375">
        <ele>23.6000003814697265625</ele>
        <time>2026-08-08T13:11:49.000Z</time>
      </trkpt>
      <trkpt lat="57.9351340234279632568359375" lon="-4.40431234426796436309814453125">
        <ele>23.3999996185302734375</ele>
        <time>2026-08-08T13:11:50.000Z</time>
      </trkpt>
      <trkpt lat="57.93511801399290561676025390625" lon="-4.4041639007627964019775390625">
        <ele>23.799999237060546875</ele>
        <time>2026-08-08T13:11:53.000Z</time>
      </trkpt>
      <trkpt lat="57.9351197741925716400146484375" lon="-4.404149986803531646728515625">
        <ele>23.6000003814697265625</ele>
        <time>2026-08-08T13:11:57.000Z</time>
      </trkpt>
      <trkpt lat="57.93510694988071918487548828125" lon="-4.404123835265636444091796875">
        <ele>23.6000003814697265625</ele>
        <time>2026-08-08T13:11:58.000Z</time>
      </trkpt>
      <trkpt lat="57.93500058352947235107421875" lon="-4.40406356938183307647705078125">
        <ele>23.200000762939453125</ele>
        <time>2026-08-08T13:12:02.000Z</time>
      </trkpt>
      <trkpt lat="57.934795059263706207275390625" lon="-4.40403993241488933563232421875">
        <ele>22.3999996185302734375</ele>
        <time>2026-08-08T13:12:06.000Z</time>
      </trkpt>
      <trkpt lat="57.9347375594079494476318359375" lon="-4.40403557382524013519287109375">
        <ele>22</ele>
        <time>2026-08-08T13:12:07.000Z</time>
      </trkpt>
      <trkpt lat="57.93450227938592433929443359375" lon="-4.40401931293308734893798828125">
        <ele>21.6000003814697265625</ele>
        <time>2026-08-08T13:12:11.000Z</time>
      </trkpt>
      <trkpt lat="57.934442348778247833251953125" lon="-4.404013194143772125244140625">
        <ele>21.3999996185302734375</ele>
        <time>2026-08-08T13:12:12.000Z</time>
      </trkpt>
      <trkpt lat="57.9342607967555522918701171875" lon="-4.404018558561801910400390625">
        <ele>20.799999237060546875</ele>
        <time>2026-08-08T13:12:15.000Z</time>
      </trkpt>
      <trkpt lat="57.93390062637627124786376953125" lon="-4.40401981584727764129638671875">
        <ele>21.200000762939453125</ele>
        <time>2026-08-08T13:12:21.000Z</time>
      </trkpt>
      <trkpt lat="57.93353567831218242645263671875" lon="-4.40399617888033390045166015625">
        <ele>21</ele>
        <time>2026-08-08T13:12:27.000Z</time>
      </trkpt>
      <trkpt lat="57.93328288011252880096435546875" lon="-4.4039888866245746612548828125">
        <ele>20.3999996185302734375</ele>
        <time>2026-08-08T13:12:31.000Z</time>
      </trkpt>
      <trkpt lat="57.93316729366779327392578125" lon="-4.40397270955145359039306640625">
        <ele>20.200000762939453125</ele>
        <time>2026-08-08T13:12:33.000Z</time>
      </trkpt>
      <trkpt lat="57.9331081174314022064208984375" lon="-4.40395393408834934234619140625">
        <ele>20.3999996185302734375</ele>
        <time>2026-08-08T13:12:34.000Z</time>
      </trkpt>
      <trkpt lat="57.9328834824264049530029296875" lon="-4.4038852863013744354248046875">
        <ele>21</ele>
        <time>2026-08-08T13:12:38.000Z</time>
      </trkpt>
      <trkpt lat="57.93250302784144878387451171875" lon="-4.40367364324629306793212890625">
        <ele>19.799999237060546875</ele>
        <time>2026-08-08T13:12:45.000Z</time>
      </trkpt>
      <trkpt lat="57.93245206587016582489013671875" lon="-4.403641708195209503173828125">
        <ele>19.200000762939453125</ele>
        <time>2026-08-08T13:12:46.000Z</time>
      </trkpt>
      <trkpt lat="57.93235165067017078399658203125" lon="-4.403562583029270172119140625">
        <ele>18.200000762939453125</ele>
        <time>2026-08-08T13:12:48.000Z</time>
      </trkpt>
      <trkpt lat="57.93225039727985858917236328125" lon="-4.4034789316356182098388671875">
        <ele>18.3999996185302734375</ele>
        <time>2026-08-08T13:12:50.000Z</time>
      </trkpt>
      <trkpt lat="57.93204478919506072998046875" lon="-4.4032972119748592376708984375">
        <ele>18.200000762939453125</ele>
        <time>2026-08-08T13:12:54.000Z</time>
      </trkpt>
      <trkpt lat="57.93194152414798736572265625" lon="-4.403185062110424041748046875">
        <ele>18.200000762939453125</ele>
        <time>2026-08-08T13:12:56.000Z</time>
      </trkpt>
      <trkpt lat="57.93170004151761531829833984375" lon="-4.40289513207972049713134765625">
        <ele>17</ele>
        <time>2026-08-08T13:13:01.000Z</time>
      </trkpt>
      <trkpt lat="57.931656204164028167724609375" lon="-4.40283495001494884490966796875">
        <ele>17.3999996185302734375</ele>
        <time>2026-08-08T13:13:02.000Z</time>
      </trkpt>
      <trkpt lat="57.93161161243915557861328125" lon="-4.40277166664600372314453125">
        <ele>17.6000003814697265625</ele>
        <time>2026-08-08T13:13:03.000Z</time>
      </trkpt>
      <trkpt lat="57.93152200989425182342529296875" lon="-4.40265658311545848846435546875">
        <ele>18.200000762939453125</ele>
        <time>2026-08-08T13:13:05.000Z</time>
      </trkpt>
      <trkpt lat="57.93129184283316135406494140625" lon="-4.40237344242632389068603515625">
        <ele>19.200000762939453125</ele>
        <time>2026-08-08T13:13:10.000Z</time>
      </trkpt>
      <trkpt lat="57.93119184672832489013671875" lon="-4.40227009356021881103515625">
        <ele>20.200000762939453125</ele>
        <time>2026-08-08T13:13:12.000Z</time>
      </trkpt>
      <trkpt lat="57.930913902819156646728515625" lon="-4.40200262703001499176025390625">
        <ele>20.6000003814697265625</ele>
        <time>2026-08-08T13:13:17.000Z</time>
      </trkpt>
      <trkpt lat="57.9306099750101566314697265625" lon="-4.4017841108143329620361328125">
        <ele>20.6000003814697265625</ele>
        <time>2026-08-08T13:13:22.000Z</time>
      </trkpt>
      <trkpt lat="57.9304892756044864654541015625" lon="-4.401697777211666107177734375">
        <ele>20.3999996185302734375</ele>
        <time>2026-08-08T13:13:24.000Z</time>
      </trkpt>
      <trkpt lat="57.9303065501153469085693359375" lon="-4.4015966914594173431396484375">
        <ele>19</ele>
        <time>2026-08-08T13:13:27.000Z</time>
      </trkpt>
      <trkpt lat="57.93006054125726222991943359375" lon="-4.4014619104564189910888671875">
        <ele>19</ele>
        <time>2026-08-08T13:13:31.000Z</time>
      </trkpt>
      <trkpt lat="57.92999667115509510040283203125" lon="-4.40142611972987651824951171875">
        <ele>18.6000003814697265625</ele>
        <time>2026-08-08T13:13:32.000Z</time>
      </trkpt>
      <trkpt lat="57.92980522848665714263916015625" lon="-4.401324279606342315673828125">
        <ele>18</ele>
        <time>2026-08-08T13:13:35.000Z</time>
      </trkpt>
      <trkpt lat="57.92955310083925724029541015625" lon="-4.4011886604130268096923828125">
        <ele>19.200000762939453125</ele>
        <time>2026-08-08T13:13:39.000Z</time>
      </trkpt>
      <trkpt lat="57.92948738671839237213134765625" lon="-4.40115689300000667572021484375">
        <ele>19.200000762939453125</ele>
        <time>2026-08-08T13:13:40.000Z</time>
      </trkpt>
      <trkpt lat="57.9292956925928592681884765625" lon="-4.40105178393423557281494140625">
        <ele>17.3999996185302734375</ele>
        <time>2026-08-08T13:13:43.000Z</time>
      </trkpt>
      <trkpt lat="57.92899486608803272247314453125" lon="-4.4009030051529407501220703125">
        <ele>18.6000003814697265625</ele>
        <time>2026-08-08T13:13:48.000Z</time>
      </trkpt>
      <trkpt lat="57.92857644148170948028564453125" lon="-4.4006783701479434967041015625">
        <ele>17.200000762939453125</ele>
        <time>2026-08-08T13:13:55.000Z</time>
      </trkpt>
      <trkpt lat="57.92839924804866313934326171875" lon="-4.40058558247983455657958984375">
        <ele>17.200000762939453125</ele>
        <time>2026-08-08T13:13:58.000Z</time>
      </trkpt>
      <trkpt lat="57.927915863692760467529296875" lon="-4.40040721558034420013427734375">
        <ele>17.200000762939453125</ele>
        <time>2026-08-08T13:14:06.000Z</time>
      </trkpt>
      <trkpt lat="57.92780128307640552520751953125" lon="-4.40038173459470272064208984375">
        <ele>16</ele>
        <time>2026-08-08T13:14:08.000Z</time>
      </trkpt>
      <trkpt lat="57.92768913321197032928466796875" lon="-4.400358013808727264404296875">
        <ele>15.80000019073486328125</ele>
        <time>2026-08-08T13:14:10.000Z</time>
      </trkpt>
      <trkpt lat="57.927461564540863037109375" lon="-4.400348626077175140380859375">
        <ele>16.799999237060546875</ele>
        <time>2026-08-08T13:14:14.000Z</time>
      </trkpt>
      <trkpt lat="57.927354276180267333984375" lon="-4.40035290084779262542724609375">
        <ele>17.200000762939453125</ele>
        <time>2026-08-08T13:14:16.000Z</time>
      </trkpt>
      <trkpt lat="57.92702662758529186248779296875" lon="-4.40041777677834033966064453125">
        <ele>17.200000762939453125</ele>
        <time>2026-08-08T13:14:22.000Z</time>
      </trkpt>
      <trkpt lat="57.92679226957261562347412109375" lon="-4.40049941651523113250732421875">
        <ele>18.3999996185302734375</ele>
        <time>2026-08-08T13:14:27.000Z</time>
      </trkpt>
      <trkpt lat="57.9267469234764575958251953125" lon="-4.4005197845399379730224609375">
        <ele>19</ele>
        <time>2026-08-08T13:14:28.000Z</time>
      </trkpt>
      <trkpt lat="57.926697470247745513916015625" lon="-4.40053914673626422882080078125">
        <ele>19.6000003814697265625</ele>
        <time>2026-08-08T13:14:29.000Z</time>
      </trkpt>
      <trkpt lat="57.92664743028581142425537109375" lon="-4.400561861693859100341796875">
        <ele>20.200000762939453125</ele>
        <time>2026-08-08T13:14:30.000Z</time>
      </trkpt>
      <trkpt lat="57.92660082690417766571044921875" lon="-4.40058692358434200286865234375">
        <ele>20.6000003814697265625</ele>
        <time>2026-08-08T13:14:31.000Z</time>
      </trkpt>
      <trkpt lat="57.9265055246651172637939453125" lon="-4.400638304650783538818359375">
        <ele>19.6000003814697265625</ele>
        <time>2026-08-08T13:14:33.000Z</time>
      </trkpt>
      <trkpt lat="57.92641458101570606231689453125" lon="-4.400681555271148681640625">
        <ele>18.200000762939453125</ele>
        <time>2026-08-08T13:14:35.000Z</time>
      </trkpt>
      <trkpt lat="57.926369570195674896240234375" lon="-4.4007082097232341766357421875">
        <ele>18.200000762939453125</ele>
        <time>2026-08-08T13:14:36.000Z</time>
      </trkpt>
      <trkpt lat="57.9262832365930080413818359375" lon="-4.4007432460784912109375">
        <ele>18.6000003814697265625</ele>
        <time>2026-08-08T13:14:38.000Z</time>
      </trkpt>
      <trkpt lat="57.926240824162960052490234375" lon="-4.400755651295185089111328125">
        <ele>19.799999237060546875</ele>
        <time>2026-08-08T13:14:39.000Z</time>
      </trkpt>
      <trkpt lat="57.92607142589986324310302734375" lon="-4.40082077868282794952392578125">
        <ele>20.799999237060546875</ele>
        <time>2026-08-08T13:14:43.000Z</time>
      </trkpt>
      <trkpt lat="57.9260279238224029541015625" lon="-4.400837123394012451171875">
        <ele>21.200000762939453125</ele>
        <time>2026-08-08T13:14:44.000Z</time>
      </trkpt>
      <trkpt lat="57.92565233074128627777099609375" lon="-4.4008916057646274566650390625">
        <ele>21</ele>
        <time>2026-08-08T13:14:52.000Z</time>
      </trkpt>
      <trkpt lat="57.92519769631326198577880859375" lon="-4.400802589952945709228515625">
        <ele>20.3999996185302734375</ele>
        <time>2026-08-08T13:15:01.000Z</time>
      </trkpt>
      <trkpt lat="57.925053276121616363525390625" lon="-4.40074014477431774139404296875">
        <ele>19.200000762939453125</ele>
        <time>2026-08-08T13:15:04.000Z</time>
      </trkpt>
      <trkpt lat="57.9250054992735385894775390625" lon="-4.40071281976997852325439453125">
        <ele>18.200000762939453125</ele>
        <time>2026-08-08T13:15:05.000Z</time>
      </trkpt>
      <trkpt lat="57.9249039106070995330810546875" lon="-4.40065205097198486328125">
        <ele>17</ele>
        <time>2026-08-08T13:15:07.000Z</time>
      </trkpt>
      <trkpt lat="57.924804501235485076904296875" lon="-4.40057761967182159423828125">
        <ele>16.6000003814697265625</ele>
        <time>2026-08-08T13:15:09.000Z</time>
      </trkpt>
      <trkpt lat="57.924548685550689697265625" lon="-4.4003454409539699554443359375">
        <ele>17.200000762939453125</ele>
        <time>2026-08-08T13:15:14.000Z</time>
      </trkpt>
      <trkpt lat="57.92445220984518527984619140625" lon="-4.40024343319237232208251953125">
        <ele>17.3999996185302734375</ele>
        <time>2026-08-08T13:15:16.000Z</time>
      </trkpt>
      <trkpt lat="57.92428356595337390899658203125" lon="-4.400043524801731109619140625">
        <ele>17.3999996185302734375</ele>
        <time>2026-08-08T13:15:19.000Z</time>
      </trkpt>
      <trkpt lat="57.9241196997463703155517578125" lon="-4.399864487349987030029296875">
        <ele>16.6000003814697265625</ele>
        <time>2026-08-08T13:15:22.000Z</time>
      </trkpt>
      <trkpt lat="57.9239386506378650665283203125" lon="-4.3996839411556720733642578125">
        <ele>15.80000019073486328125</ele>
        <time>2026-08-08T13:15:26.000Z</time>
      </trkpt>
      <trkpt lat="57.9238883592188358306884765625" lon="-4.39964697696268558502197265625">
        <ele>15.6000003814697265625</ele>
        <time>2026-08-08T13:15:27.000Z</time>
      </trkpt>
      <trkpt lat="57.92372331954538822174072265625" lon="-4.39951973967254161834716796875">
        <ele>15.6000003814697265625</ele>
        <time>2026-08-08T13:15:31.000Z</time>
      </trkpt>
      <trkpt lat="57.92370035313069820404052734375" lon="-4.3994720466434955596923828125">
        <ele>15.3999996185302734375</ele>
        <time>2026-08-08T13:15:32.000Z</time>
      </trkpt>
      <trkpt lat="57.9236905463039875030517578125" lon="-4.399390406906604766845703125">
        <ele>14.6000003814697265625</ele>
        <time>2026-08-08T13:15:34.000Z</time>
      </trkpt>
      <trkpt lat="57.92370085604488849639892578125" lon="-4.39933449961245059967041015625">
        <ele>14</ele>
        <time>2026-08-08T13:15:36.000Z</time>
      </trkpt>
      <trkpt lat="57.92372214607894420623779296875" lon="-4.3993377685546875">
        <ele>14.19999980926513671875</ele>
        <time>2026-08-08T13:15:38.000Z</time>
      </trkpt>
      <trkpt lat="57.923742346465587615966796875" lon="-4.39931957982480525970458984375">
        <ele>14.3999996185302734375</ele>
        <time>2026-08-08T13:15:40.000Z</time>
      </trkpt>
      <trkpt lat="57.923738323152065277099609375" lon="-4.3993295542895793914794921875">
        <ele>14.80000019073486328125</ele>
        <time>2026-08-08T13:15:42.000Z</time>
      </trkpt>
      <trkpt lat="57.92373153381049633026123046875" lon="-4.3993241898715496063232421875">
        <ele>15</ele>
        <time>2026-08-08T13:15:45.000Z</time>
      </trkpt>
      <trkpt lat="57.92373153381049633026123046875" lon="-4.3993241898715496063232421875">
        <ele>14.6000003814697265625</ele>
        <time>2026-08-08T13:15:49.000Z</time>
      </trkpt>
      <trkpt lat="57.9237319529056549072265625" lon="-4.39931161701679229736328125">
        <ele>14</ele>
        <time>2026-08-08T13:15:59.000Z</time>
      </trkpt>
      <trkpt lat="57.9237250797450542449951171875" lon="-4.39933978021144866943359375">
        <ele>13.80000019073486328125</ele>
        <time>2026-08-08T13:16:06.000Z</time>
      </trkpt>
      <trkpt lat="57.92371560819447040557861328125" lon="-4.39932980574667453765869140625">
        <ele>13.6000003814697265625</ele>
        <time>2026-08-08T13:16:07.000Z</time>
      </trkpt>
      <trkpt lat="57.923681996762752532958984375" lon="-4.39934221096336841583251953125">
        <ele>13.19999980926513671875</ele>
        <time>2026-08-08T13:16:09.000Z</time>
      </trkpt>
      <trkpt lat="57.92366556823253631591796875" lon="-4.39937062561511993408203125">
        <ele>13</ele>
        <time>2026-08-08T13:16:10.000Z</time>
      </trkpt>
      <trkpt lat="57.92366162873804569244384765625" lon="-4.3994116969406604766845703125">
        <ele>12.6000003814697265625</ele>
        <time>2026-08-08T13:16:11.000Z</time>
      </trkpt>
      <trkpt lat="57.923681326210498809814453125" lon="-4.3995625711977481842041015625">
        <ele>11.80000019073486328125</ele>
        <time>2026-08-08T13:16:14.000Z</time>
      </trkpt>
      <trkpt lat="57.92379188351333141326904296875" lon="-4.39966826699674129486083984375">
        <ele>13</ele>
        <time>2026-08-08T13:16:18.000Z</time>
      </trkpt>
      <trkpt lat="57.923829853534698486328125" lon="-4.39975082874298095703125">
        <ele>13.3999996185302734375</ele>
        <time>2026-08-08T13:16:21.000Z</time>
      </trkpt>
      <trkpt lat="57.92383697815239429473876953125" lon="-4.39979307353496551513671875">
        <ele>13.19999980926513671875</ele>
        <time>2026-08-08T13:16:22.000Z</time>
      </trkpt>
      <trkpt lat="57.9238561727106571197509765625" lon="-4.39981595613062381744384765625">
        <ele>13</ele>
        <time>2026-08-08T13:16:23.000Z</time>
      </trkpt>
      <trkpt lat="57.92391845025122165679931640625" lon="-4.39986239187419414520263671875">
        <ele>12.80000019073486328125</ele>
        <time>2026-08-08T13:16:26.000Z</time>
      </trkpt>
      <trkpt lat="57.92396287433803081512451171875" lon="-4.39990228973329067230224609375">
        <ele>13</ele>
        <time>2026-08-08T13:16:28.000Z</time>
      </trkpt>
      <trkpt lat="57.924079634249210357666015625" lon="-4.4000091589987277984619140625">
        <ele>13.6000003814697265625</ele>
        <time>2026-08-08T13:16:34.000Z</time>
      </trkpt>
      <trkpt lat="57.92409296147525310516357421875" lon="-4.40002298913896083831787109375">
        <ele>13.6000003814697265625</ele>
        <time>2026-08-08T13:16:38.000Z</time>
      </trkpt>
      <trkpt lat="57.9241163469851016998291015625" lon="-4.400045871734619140625">
        <ele>13.19999980926513671875</ele>
        <time>2026-08-08T13:16:45.000Z</time>
      </trkpt>
      <trkpt lat="57.92413118295371532440185546875" lon="-4.40005618147552013397216796875">
        <ele>12.80000019073486328125</ele>
        <time>2026-08-08T13:16:50.000Z</time>
      </trkpt>
      <trkpt lat="57.92413897812366485595703125" lon="-4.40006825141608715057373046875">
        <ele>12.6000003814697265625</ele>
        <time>2026-08-08T13:16:51.000Z</time>
      </trkpt>
      <trkpt lat="57.92415565811097621917724609375" lon="-4.40007914789021015167236328125">
        <ele>12.3999996185302734375</ele>
        <time>2026-08-08T13:16:53.000Z</time>
      </trkpt>
      <trkpt lat="57.92417879216372966766357421875" lon="-4.40009658224880695343017578125">
        <ele>12.19999980926513671875</ele>
        <time>2026-08-08T13:16:55.000Z</time>
      </trkpt>
      <trkpt lat="57.92419069446623325347900390625" lon="-4.40011762082576751708984375">
        <ele>12.80000019073486328125</ele>
        <time>2026-08-08T13:16:57.000Z</time>
      </trkpt>
      <trkpt lat="57.92419220320880413055419921875" lon="-4.400125332176685333251953125">
        <ele>13.19999980926513671875</ele>
        <time>2026-08-08T13:16:58.000Z</time>
      </trkpt>
      <trkpt lat="57.924195639789104461669921875" lon="-4.40013815648853778839111328125">
        <ele>13.6000003814697265625</ele>
        <time>2026-08-08T13:16:59.000Z</time>
      </trkpt>
      <trkpt lat="57.92419823817908763885498046875" lon="-4.400143437087535858154296875">
        <ele>13.80000019073486328125</ele>
        <time>2026-08-08T13:17:00.000Z</time>
      </trkpt>
      <trkpt lat="57.924205027520656585693359375" lon="-4.400152154266834259033203125">
        <ele>13.80000019073486328125</ele>
        <time>2026-08-08T13:17:01.000Z</time>
      </trkpt>
      <trkpt lat="57.92426629923284053802490234375" lon="-4.40023253671824932098388671875">
        <ele>14.6000003814697265625</ele>
        <time>2026-08-08T13:17:08.000Z</time>
      </trkpt>
      <trkpt lat="57.9243362881243228912353515625" lon="-4.40031568519771099090576171875">
        <ele>14.6000003814697265625</ele>
        <time>2026-08-08T13:17:16.000Z</time>
      </trkpt>
      <trkpt lat="57.92435129173099994659423828125" lon="-4.40035155974328517913818359375">
        <ele>14.80000019073486328125</ele>
        <time>2026-08-08T13:17:19.000Z</time>
      </trkpt>
      <trkpt lat="57.92438213713467121124267578125" lon="-4.40037637017667293548583984375">
        <ele>15</ele>
        <time>2026-08-08T13:17:23.000Z</time>
      </trkpt>
      <trkpt lat="57.924398481845855712890625" lon="-4.4003618694841861724853515625">
        <ele>14.6000003814697265625</ele>
        <time>2026-08-08T13:17:29.000Z</time>
      </trkpt>
      <trkpt lat="57.92439806275069713592529296875" lon="-4.40037201158702373504638671875">
        <ele>15</ele>
        <time>2026-08-08T13:17:35.000Z</time>
      </trkpt>
      <trkpt lat="57.92440225370228290557861328125" lon="-4.4003702513873577117919921875">
        <ele>15</ele>
        <time>2026-08-08T13:17:37.000Z</time>
      </trkpt>
      <trkpt lat="57.92440996505320072174072265625" lon="-4.40036765299737453460693359375">
        <ele>15</ele>
        <time>2026-08-08T13:17:42.000Z</time>
      </trkpt>
      <trkpt lat="57.92439320124685764312744140625" lon="-4.40036497078835964202880859375">
        <ele>14.80000019073486328125</ele>
        <time>2026-08-08T13:17:47.000Z</time>
      </trkpt>
      <trkpt lat="57.92438884265720844268798828125" lon="-4.40039413981139659881591796875">
        <ele>14.3999996185302734375</ele>
        <time>2026-08-08T13:17:51.000Z</time>
      </trkpt>
      <trkpt lat="57.92438163422048091888427734375" lon="-4.40039866603910923004150390625">
        <ele>14.3999996185302734375</ele>
        <time>2026-08-08T13:17:52.000Z</time>
      </trkpt>
      <trkpt lat="57.9243698157370090484619140625" lon="-4.40046966075897216796875">
        <ele>15.6000003814697265625</ele>
        <time>2026-08-08T13:17:58.000Z</time>
      </trkpt>
      <trkpt lat="57.924377359449863433837890625" lon="-4.40045868046581745147705078125">
        <ele>16</ele>
        <time>2026-08-08T13:17:59.000Z</time>
      </trkpt>
      <trkpt lat="57.9243822209537029266357421875" lon="-4.40043747425079345703125">
        <ele>17.200000762939453125</ele>
        <time>2026-08-08T13:18:02.000Z</time>
      </trkpt>
      <trkpt lat="57.92438800446689128875732421875" lon="-4.400437138974666595458984375">
        <ele>17.3999996185302734375</ele>
        <time>2026-08-08T13:18:05.000Z</time>
      </trkpt>
      <trkpt lat="57.924392111599445343017578125" lon="-4.4004446826875209808349609375">
        <ele>16</ele>
        <time>2026-08-08T13:18:09.000Z</time>
      </trkpt>
      <trkpt lat="57.924404181540012359619140625" lon="-4.400423727929592132568359375">
        <ele>15.3999996185302734375</ele>
        <time>2026-08-08T13:18:11.000Z</time>
      </trkpt>
      <trkpt lat="57.92442069388926029205322265625" lon="-4.40039061941206455230712890625">
        <ele>14.80000019073486328125</ele>
        <time>2026-08-08T13:18:13.000Z</time>
      </trkpt>
      <trkpt lat="57.92441734112799167633056640625" lon="-4.4003682397305965423583984375">
        <ele>14.6000003814697265625</ele>
        <time>2026-08-08T13:18:14.000Z</time>
      </trkpt>
      <trkpt lat="57.924423627555370330810546875" lon="-4.4003662280738353729248046875">
        <ele>14.3999996185302734375</ele>
        <time>2026-08-08T13:18:17.000Z</time>
      </trkpt>
      <trkpt lat="57.92440778575837612152099609375" lon="-4.40039455890655517578125">
        <ele>14.3999996185302734375</ele>
        <time>2026-08-08T13:18:18.000Z</time>
      </trkpt>
      <trkpt lat="57.92438917793333530426025390625" lon="-4.400407634675502777099609375">
        <ele>14.3999996185302734375</ele>
        <time>2026-08-08T13:18:20.000Z</time>
      </trkpt>
      <trkpt lat="57.92435833252966403961181640625" lon="-4.40045532770454883575439453125">
        <ele>16.200000762939453125</ele>
        <time>2026-08-08T13:18:25.000Z</time>
      </trkpt>
      <trkpt lat="57.92435430921614170074462890625" lon="-4.400464631617069244384765625">
        <ele>16.6000003814697265625</ele>
        <time>2026-08-08T13:18:26.000Z</time>
      </trkpt>
      <trkpt lat="57.92434307746589183807373046875" lon="-4.4004852510988712310791015625">
        <ele>17.3999996185302734375</ele>
        <time>2026-08-08T13:18:30.000Z</time>
      </trkpt>
      <trkpt lat="57.92434391565620899200439453125" lon="-4.40049287863075733184814453125">
        <ele>17.3999996185302734375</ele>
        <time>2026-08-08T13:18:31.000Z</time>
      </trkpt>
      <trkpt lat="57.924338467419147491455078125" lon="-4.400515258312225341796875">
        <ele>17.200000762939453125</ele>
        <time>2026-08-08T13:18:37.000Z</time>
      </trkpt>
      <trkpt lat="57.92434961535036563873291015625" lon="-4.4005268253386020660400390625">
        <ele>17.200000762939453125</ele>
        <time>2026-08-08T13:18:38.000Z</time>
      </trkpt>
      <trkpt lat="57.92434257455170154571533203125" lon="-4.40052741207182407379150390625">
        <ele>17.3999996185302734375</ele>
        <time>2026-08-08T13:18:40.000Z</time>
      </trkpt>
      <trkpt lat="57.92434592731297016143798828125" lon="-4.40050595439970493316650390625">
        <ele>17.3999996185302734375</ele>
        <time>2026-08-08T13:18:41.000Z</time>
      </trkpt>
      <trkpt lat="57.924347855150699615478515625" lon="-4.40052171237766742706298828125">
        <ele>17.200000762939453125</ele>
        <time>2026-08-08T13:18:43.000Z</time>
      </trkpt>
      <trkpt lat="57.9243584163486957550048828125" lon="-4.4005100615322589874267578125">
        <ele>17</ele>
        <time>2026-08-08T13:18:49.000Z</time>
      </trkpt>
      <trkpt lat="57.9243569076061248779296875" lon="-4.40050075761973857879638671875">
        <ele>16.3999996185302734375</ele>
        <time>2026-08-08T13:18:54.000Z</time>
      </trkpt>
      <trkpt lat="57.924355231225490570068359375" lon="-4.40049556083977222442626953125">
        <ele>16.200000762939453125</ele>
        <time>2026-08-08T13:18:55.000Z</time>
      </trkpt>
      <trkpt lat="57.92435028590261936187744140625" lon="-4.40050276927649974822998046875">
        <ele>16.200000762939453125</ele>
        <time>2026-08-08T13:18:59.000Z</time>
      </trkpt>
      <trkpt lat="57.92436202056705951690673828125" lon="-4.40050159581005573272705078125">
        <ele>16.200000762939453125</ele>
        <time>2026-08-08T13:19:00.000Z</time>
      </trkpt>
      <trkpt lat="57.92434659786522388458251953125" lon="-4.400508888065814971923828125">
        <ele>16</ele>
        <time>2026-08-08T13:19:02.000Z</time>
      </trkpt>
      <trkpt lat="57.92434374801814556121826171875" lon="-4.400526992976665496826171875">
        <ele>15.80000019073486328125</ele>
        <time>2026-08-08T13:19:07.000Z</time>
      </trkpt>
      <trkpt lat="57.9243567399680614471435546875" lon="-4.40053914673626422882080078125">
        <ele>15.80000019073486328125</ele>
        <time>2026-08-08T13:19:10.000Z</time>
      </trkpt>
      <trkpt lat="57.92435615323483943939208984375" lon="-4.40055507235229015350341796875">
        <ele>15.80000019073486328125</ele>
        <time>2026-08-08T13:19:12.000Z</time>
      </trkpt>
      <trkpt lat="57.92435514740645885467529296875" lon="-4.40056529827415943145751953125">
        <ele>15.80000019073486328125</ele>
        <time>2026-08-08T13:19:18.000Z</time>
      </trkpt>
      <trkpt lat="57.92436235584318637847900390625" lon="-4.4005633704364299774169921875">
        <ele>15.80000019073486328125</ele>
        <time>2026-08-08T13:19:19.000Z</time>
      </trkpt>
      <trkpt lat="57.92435665614902973175048828125" lon="-4.400570578873157501220703125">
        <ele>15.6000003814697265625</ele>
        <time>2026-08-08T13:19:22.000Z</time>
      </trkpt>
      <trkpt lat="57.92434827424585819244384765625" lon="-4.40055884420871734619140625">
        <ele>15.19999980926513671875</ele>
        <time>2026-08-08T13:19:28.000Z</time>
      </trkpt>
      <trkpt lat="57.92431290261447429656982421875" lon="-4.40060913562774658203125">
        <ele>14.6000003814697265625</ele>
        <time>2026-08-08T13:19:34.000Z</time>
      </trkpt>
      <trkpt lat="57.92427551932632923126220703125" lon="-4.40067040733993053436279296875">
        <ele>14.3999996185302734375</ele>
        <time>2026-08-08T13:19:40.000Z</time>
      </trkpt>
      <trkpt lat="57.92422723956406116485595703125" lon="-4.40079756081104278564453125">
        <ele>14.19999980926513671875</ele>
        <time>2026-08-08T13:19:47.000Z</time>
      </trkpt>
      <trkpt lat="57.92422824539244174957275390625" lon="-4.4008305855095386505126953125">
        <ele>14.6000003814697265625</ele>
        <time>2026-08-08T13:19:52.000Z</time>
      </trkpt>
      <trkpt lat="57.92422271333634853363037109375" lon="-4.400843493640422821044921875">
        <ele>14.6000003814697265625</ele>
        <time>2026-08-08T13:19:54.000Z</time>
      </trkpt>
      <trkpt lat="57.92422271333634853363037109375" lon="-4.400843493640422821044921875">
        <ele>14.6000003814697265625</ele>
        <time>2026-08-08T13:19:58.000Z</time>
      </trkpt>
      <trkpt lat="57.92422271333634853363037109375" lon="-4.400843493640422821044921875">
        <ele>14.80000019073486328125</ele>
        <time>2026-08-08T13:20:02.000Z</time>
      </trkpt>
      <trkpt lat="57.92422271333634853363037109375" lon="-4.400843493640422821044921875">
        <ele>15.3999996185302734375</ele>
        <time>2026-08-08T13:20:05.000Z</time>
      </trkpt>
      <trkpt lat="57.9242013394832611083984375" lon="-4.40086235292255878448486328125">
        <ele>15.19999980926513671875</ele>
        <time>2026-08-08T13:20:09.000Z</time>
      </trkpt>
      <trkpt lat="57.924194633960723876953125" lon="-4.40089554525911808013916015625">
        <ele>15</ele>
        <time>2026-08-08T13:20:10.000Z</time>
      </trkpt>
      <trkpt lat="57.9241636209189891815185546875" lon="-4.40096653997898101806640625">
        <ele>15.19999980926513671875</ele>
        <time>2026-08-08T13:20:13.000Z</time>
      </trkpt>
      <trkpt lat="57.9241316020488739013671875" lon="-4.40105262212455272674560546875">
        <ele>15</ele>
        <time>2026-08-08T13:20:17.000Z</time>
      </trkpt>
      <trkpt lat="57.92410519905388355255126953125" lon="-4.40114163793623447418212890625">
        <ele>15.19999980926513671875</ele>
        <time>2026-08-08T13:20:22.000Z</time>
      </trkpt>
      <trkpt lat="57.92410972528159618377685546875" lon="-4.401158988475799560546875">
        <ele>15.3999996185302734375</ele>
        <time>2026-08-08T13:20:23.000Z</time>
      </trkpt>
      <trkpt lat="57.92407686822116374969482421875" lon="-4.4012295641005039215087890625">
        <ele>15.6000003814697265625</ele>
        <time>2026-08-08T13:20:27.000Z</time>
      </trkpt>
      <trkpt lat="57.92404535226523876190185546875" lon="-4.40137197263538837432861328125">
        <ele>15.6000003814697265625</ele>
        <time>2026-08-08T13:20:33.000Z</time>
      </trkpt>
      <trkpt lat="57.92404451407492160797119140625" lon="-4.40137364901602268218994140625">
        <ele>15.6000003814697265625</ele>
        <time>2026-08-08T13:20:39.000Z</time>
      </trkpt>
      <trkpt lat="57.92404451407492160797119140625" lon="-4.40137364901602268218994140625">
        <ele>15.3999996185302734375</ele>
        <time>2026-08-08T13:20:41.000Z</time>
      </trkpt>
      <trkpt lat="57.9240197874605655670166015625" lon="-4.40146618522703647613525390625">
        <ele>15</ele>
        <time>2026-08-08T13:20:46.000Z</time>
      </trkpt>
      <trkpt lat="57.92396974749863147735595703125" lon="-4.4015101902186870574951171875">
        <ele>15</ele>
        <time>2026-08-08T13:20:52.000Z</time>
      </trkpt>
      <trkpt lat="57.92390353046357631683349609375" lon="-4.40156207419931888580322265625">
        <ele>15</ele>
        <time>2026-08-08T13:20:58.000Z</time>
      </trkpt>
      <trkpt lat="57.92382507584989070892333984375" lon="-4.40164505504071712493896484375">
        <ele>14.80000019073486328125</ele>
        <time>2026-08-08T13:21:06.000Z</time>
      </trkpt>
      <trkpt lat="57.923810742795467376708984375" lon="-4.4016751460731029510498046875">
        <ele>14.80000019073486328125</ele>
        <time>2026-08-08T13:21:07.000Z</time>
      </trkpt>
      <trkpt lat="57.923787944018840789794921875" lon="-4.4017113558948040008544921875">
        <ele>14.19999980926513671875</ele>
        <time>2026-08-08T13:21:10.000Z</time>
      </trkpt>
      <trkpt lat="57.92374108918011188507080078125" lon="-4.40179542638361454010009765625">
        <ele>14</ele>
        <time>2026-08-08T13:21:16.000Z</time>
      </trkpt>
      <trkpt lat="57.92372633703052997589111328125" lon="-4.40181788988411426544189453125">
        <ele>14.19999980926513671875</ele>
        <time>2026-08-08T13:21:21.000Z</time>
      </trkpt>
      <trkpt lat="57.92369599454104900360107421875" lon="-4.4018898904323577880859375">
        <ele>13.80000019073486328125</ele>
        <time>2026-08-08T13:21:27.000Z</time>
      </trkpt>
      <trkpt lat="57.9236932285130023956298828125" lon="-4.4019071571528911590576171875">
        <ele>13.6000003814697265625</ele>
        <time>2026-08-08T13:21:29.000Z</time>
      </trkpt>
      <trkpt lat="57.9236952401697635650634765625" lon="-4.40192417241632938385009765625">
        <ele>13.6000003814697265625</ele>
        <time>2026-08-08T13:21:33.000Z</time>
      </trkpt>
      <trkpt lat="57.9236824996769428253173828125" lon="-4.40195317380130290985107421875">
        <ele>13.6000003814697265625</ele>
        <time>2026-08-08T13:21:39.000Z</time>
      </trkpt>
      <trkpt lat="57.92367990128695964813232421875" lon="-4.4019688479602336883544921875">
        <ele>15.19999980926513671875</ele>
        <time>2026-08-08T13:21:44.000Z</time>
      </trkpt>
      <trkpt lat="57.92367420159280300140380859375" lon="-4.401980079710483551025390625">
        <ele>15.80000019073486328125</ele>
        <time>2026-08-08T13:21:46.000Z</time>
      </trkpt>
      <trkpt lat="57.92366112582385540008544921875" lon="-4.40201737917959690093994140625">
        <ele>16.200000762939453125</ele>
        <time>2026-08-08T13:21:49.000Z</time>
      </trkpt>
      <trkpt lat="57.92365291155874729156494140625" lon="-4.4020405970513820648193359375">
        <ele>16.799999237060546875</ele>
        <time>2026-08-08T13:21:52.000Z</time>
      </trkpt>
      <trkpt lat="57.9236506484448909759521484375" lon="-4.40205543301999568939208984375">
        <ele>17.3999996185302734375</ele>
        <time>2026-08-08T13:21:54.000Z</time>
      </trkpt>
      <trkpt lat="57.92365056462585926055908203125" lon="-4.40206549130380153656005859375">
        <ele>18.6000003814697265625</ele>
        <time>2026-08-08T13:21:58.000Z</time>
      </trkpt>
      <trkpt lat="57.923650480806827545166015625" lon="-4.40206549130380153656005859375">
        <ele>18.799999237060546875</ele>
        <time>2026-08-08T13:21:59.000Z</time>
      </trkpt>
      <trkpt lat="57.92364033870398998260498046875" lon="-4.4020721130073070526123046875">
        <ele>19.6000003814697265625</ele>
        <time>2026-08-08T13:22:02.000Z</time>
      </trkpt>
      <trkpt lat="57.9236315377056598663330078125" lon="-4.40206490457057952880859375">
        <ele>20.200000762939453125</ele>
        <time>2026-08-08T13:22:04.000Z</time>
      </trkpt>
      <trkpt lat="57.92360848747193813323974609375" lon="-4.40205627121031284332275390625">
        <ele>20</ele>
        <time>2026-08-08T13:22:09.000Z</time>
      </trkpt>
      <trkpt lat="57.9235943220555782318115234375" lon="-4.402090050280094146728515625">
        <ele>19.3999996185302734375</ele>
        <time>2026-08-08T13:22:13.000Z</time>
      </trkpt>
      <trkpt lat="57.92358652688562870025634765625" lon="-4.40211293287575244903564453125">
        <ele>19.3999996185302734375</ele>
        <time>2026-08-08T13:22:15.000Z</time>
      </trkpt>
      <trkpt lat="57.9235859401524066925048828125" lon="-4.402130953967571258544921875">
        <ele>19.200000762939453125</ele>
        <time>2026-08-08T13:22:21.000Z</time>
      </trkpt>
      <trkpt lat="57.92357127182185649871826171875" lon="-4.402187950909137725830078125">
        <ele>19.200000762939453125</ele>
        <time>2026-08-08T13:22:28.000Z</time>
      </trkpt>
      <trkpt lat="57.9235527478158473968505859375" lon="-4.402210414409637451171875">
        <ele>19.6000003814697265625</ele>
        <time>2026-08-08T13:22:33.000Z</time>
      </trkpt>
      <trkpt lat="57.9234997741878032684326171875" lon="-4.40230873413383960723876953125">
        <ele>19.200000762939453125</ele>
        <time>2026-08-08T13:22:37.000Z</time>
      </trkpt>
      <trkpt lat="57.9233579523861408233642578125" lon="-4.40257561393082141876220703125">
        <ele>19.200000762939453125</ele>
        <time>2026-08-08T13:22:44.000Z</time>
      </trkpt>
      <trkpt lat="57.923336327075958251953125" lon="-4.40261584706604480743408203125">
        <ele>19.200000762939453125</ele>
        <time>2026-08-08T13:22:45.000Z</time>
      </trkpt>
      <trkpt lat="57.92325384914875030517578125" lon="-4.40275414846837520599365234375">
        <ele>18.3999996185302734375</ele>
        <time>2026-08-08T13:22:49.000Z</time>
      </trkpt>
      <trkpt lat="57.92323096655309200286865234375" lon="-4.4027899391949176788330078125">
        <ele>18.3999996185302734375</ele>
        <time>2026-08-08T13:22:50.000Z</time>
      </trkpt>
      <trkpt lat="57.92308889329433441162109375" lon="-4.40300828777253627777099609375">
        <ele>18.799999237060546875</ele>
        <time>2026-08-08T13:22:56.000Z</time>
      </trkpt>
      <trkpt lat="57.9229928366839885711669921875" lon="-4.40311742015182971954345703125">
        <ele>19.6000003814697265625</ele>
        <time>2026-08-08T13:23:01.000Z</time>
      </trkpt>
      <trkpt lat="57.92298185639083385467529296875" lon="-4.40314038656651973724365234375">
        <ele>19.799999237060546875</ele>
        <time>2026-08-08T13:23:02.000Z</time>
      </trkpt>
      <trkpt lat="57.92294631712138652801513671875" lon="-4.40316461026668548583984375">
        <ele>20.200000762939453125</ele>
        <time>2026-08-08T13:23:04.000Z</time>
      </trkpt>
      <trkpt lat="57.9228902421891689300537109375" lon="-4.403221271932125091552734375">
        <ele>20.799999237060546875</ele>
        <time>2026-08-08T13:23:07.000Z</time>
      </trkpt>
      <trkpt lat="57.92281907983124256134033203125" lon="-4.40330517478287220001220703125">
        <ele>22</ele>
        <time>2026-08-08T13:23:11.000Z</time>
      </trkpt>
      <trkpt lat="57.9227583110332489013671875" lon="-4.4033689610660076141357421875">
        <ele>22.200000762939453125</ele>
        <time>2026-08-08T13:23:14.000Z</time>
      </trkpt>
      <trkpt lat="57.92274557054042816162109375" lon="-4.403380192816257476806640625">
        <ele>22.200000762939453125</ele>
        <time>2026-08-08T13:23:15.000Z</time>
      </trkpt>
      <trkpt lat="57.9227326624095439910888671875" lon="-4.40339435823261737823486328125">
        <ele>22</ele>
        <time>2026-08-08T13:23:16.000Z</time>
      </trkpt>
      <trkpt lat="57.9227189160883426666259765625" lon="-4.4034128822386264801025390625">
        <ele>22</ele>
        <time>2026-08-08T13:23:17.000Z</time>
      </trkpt>
      <trkpt lat="57.92269133962690830230712890625" lon="-4.40344397909939289093017578125">
        <ele>22</ele>
        <time>2026-08-08T13:23:19.000Z</time>
      </trkpt>
      <trkpt lat="57.9225992225110530853271484375" lon="-4.40355696715414524078369140625">
        <ele>21.3999996185302734375</ele>
        <time>2026-08-08T13:23:24.000Z</time>
      </trkpt>
      <trkpt lat="57.9224879108369350433349609375" lon="-4.4036703743040561676025390625">
        <ele>21.200000762939453125</ele>
        <time>2026-08-08T13:23:30.000Z</time>
      </trkpt>
      <trkpt lat="57.922397889196872711181640625" lon="-4.4037754833698272705078125">
        <ele>21.200000762939453125</ele>
        <time>2026-08-08T13:23:35.000Z</time>
      </trkpt>
      <trkpt lat="57.92227844707667827606201171875" lon="-4.40387899987399578094482421875">
        <ele>21.200000762939453125</ele>
        <time>2026-08-08T13:23:40.000Z</time>
      </trkpt>
      <trkpt lat="57.92212304659187793731689453125" lon="-4.403978995978832244873046875">
        <ele>21</ele>
        <time>2026-08-08T13:23:46.000Z</time>
      </trkpt>
      <trkpt lat="57.92209622450172901153564453125" lon="-4.404002130031585693359375">
        <ele>20.799999237060546875</ele>
        <time>2026-08-08T13:23:47.000Z</time>
      </trkpt>
      <trkpt lat="57.92196236550807952880859375" lon="-4.404111765325069427490234375">
        <ele>20.799999237060546875</ele>
        <time>2026-08-08T13:23:53.000Z</time>
      </trkpt>
      <trkpt lat="57.9218264110386371612548828125" lon="-4.4042158685624599456787109375">
        <ele>21</ele>
        <time>2026-08-08T13:23:58.000Z</time>
      </trkpt>
      <trkpt lat="57.92173261754214763641357421875" lon="-4.40428418107330799102783203125">
        <ele>21.799999237060546875</ele>
        <time>2026-08-08T13:24:02.000Z</time>
      </trkpt>
      <trkpt lat="57.921707890927791595458984375" lon="-4.4043020345270633697509765625">
        <ele>22</ele>
        <time>2026-08-08T13:24:03.000Z</time>
      </trkpt>
      <trkpt lat="57.92164963670074939727783203125" lon="-4.404337070882320404052734375">
        <ele>21.799999237060546875</ele>
        <time>2026-08-08T13:24:05.000Z</time>
      </trkpt>
      <trkpt lat="57.92154083959758281707763671875" lon="-4.40439247526228427886962890625">
        <ele>21.6000003814697265625</ele>
        <time>2026-08-08T13:24:09.000Z</time>
      </trkpt>
      <trkpt lat="57.92142868973314762115478515625" lon="-4.40445031039416790008544921875">
        <ele>21.3999996185302734375</ele>
        <time>2026-08-08T13:24:14.000Z</time>
      </trkpt>
      <trkpt lat="57.921251915395259857177734375" lon="-4.40449892543256282806396484375">
        <ele>21.3999996185302734375</ele>
        <time>2026-08-08T13:24:20.000Z</time>
      </trkpt>
      <trkpt lat="57.9210525937378406524658203125" lon="-4.40454871393740177154541015625">
        <ele>21.3999996185302734375</ele>
        <time>2026-08-08T13:24:26.000Z</time>
      </trkpt>
      <trkpt lat="57.92081572115421295166015625" lon="-4.40460906364023685455322265625">
        <ele>21</ele>
        <time>2026-08-08T13:24:33.000Z</time>
      </trkpt>
      <trkpt lat="57.9207863844931125640869140625" lon="-4.40461878664791584014892578125">
        <ele>20.799999237060546875</ele>
        <time>2026-08-08T13:24:34.000Z</time>
      </trkpt>
      <trkpt lat="57.92070365510880947113037109375" lon="-4.40466153435409069061279296875">
        <ele>20.200000762939453125</ele>
        <time>2026-08-08T13:24:39.000Z</time>
      </trkpt>
      <trkpt lat="57.92061396874487400054931640625" lon="-4.40470679663121700286865234375">
        <ele>19.799999237060546875</ele>
        <time>2026-08-08T13:24:44.000Z</time>
      </trkpt>
      <trkpt lat="57.9205855540931224822998046875" lon="-4.40472255460917949676513671875">
        <ele>19.799999237060546875</ele>
        <time>2026-08-08T13:24:46.000Z</time>
      </trkpt>
      <trkpt lat="57.92047441005706787109375" lon="-4.4047912023961544036865234375">
        <ele>20</ele>
        <time>2026-08-08T13:24:54.000Z</time>
      </trkpt>
      <trkpt lat="57.920373491942882537841796875" lon="-4.40484459511935710906982421875">
        <ele>19.6000003814697265625</ele>
        <time>2026-08-08T13:25:00.000Z</time>
      </trkpt>
      <trkpt lat="57.920351363718509674072265625" lon="-4.40485901199281215667724609375">
        <ele>19.6000003814697265625</ele>
        <time>2026-08-08T13:25:01.000Z</time>
      </trkpt>
      <trkpt lat="57.920250780880451202392578125" lon="-4.404920451343059539794921875">
        <ele>18.799999237060546875</ele>
        <time>2026-08-08T13:25:05.000Z</time>
      </trkpt>
      <trkpt lat="57.9202251322567462921142578125" lon="-4.404933191835880279541015625">
        <ele>18.6000003814697265625</ele>
        <time>2026-08-08T13:25:06.000Z</time>
      </trkpt>
      <trkpt lat="57.9202030040323734283447265625" lon="-4.40492556430399417877197265625">
        <ele>18.3999996185302734375</ele>
        <time>2026-08-08T13:25:07.000Z</time>
      </trkpt>
      <trkpt lat="57.92004282586276531219482421875" lon="-4.40490695647895336151123046875">
        <ele>19.6000003814697265625</ele>
        <time>2026-08-08T13:25:13.000Z</time>
      </trkpt>
      <trkpt lat="57.919862531125545501708984375" lon="-4.4048911146819591522216796875">
        <ele>19.799999237060546875</ele>
        <time>2026-08-08T13:25:20.000Z</time>
      </trkpt>
      <trkpt lat="57.919755242764949798583984375" lon="-4.4049065373837947845458984375">
        <ele>19.799999237060546875</ele>
        <time>2026-08-08T13:25:24.000Z</time>
      </trkpt>
      <trkpt lat="57.91965977288782596588134765625" lon="-4.40494148992002010345458984375">
        <ele>19.3999996185302734375</ele>
        <time>2026-08-08T13:25:27.000Z</time>
      </trkpt>
      <trkpt lat="57.91948174126446247100830078125" lon="-4.4049688987433910369873046875">
        <ele>19.6000003814697265625</ele>
        <time>2026-08-08T13:25:33.000Z</time>
      </trkpt>
      <trkpt lat="57.919303290545940399169921875" lon="-4.405008964240550994873046875">
        <ele>19.3999996185302734375</ele>
        <time>2026-08-08T13:25:38.000Z</time>
      </trkpt>
      <trkpt lat="57.91909583844244480133056640625" lon="-4.4050084613263607025146484375">
        <ele>19.799999237060546875</ele>
        <time>2026-08-08T13:25:44.000Z</time>
      </trkpt>
      <trkpt lat="57.91895887814462184906005859375" lon="-4.40487661398947238922119140625">
        <ele>20.200000762939453125</ele>
        <time>2026-08-08T13:25:48.000Z</time>
      </trkpt>
      <trkpt lat="57.91888947598636150360107421875" lon="-4.4047437608242034912109375">
        <ele>20.6000003814697265625</ele>
        <time>2026-08-08T13:25:51.000Z</time>
      </trkpt>
      <trkpt lat="57.91885108686983585357666015625" lon="-4.40470025874674320220947265625">
        <ele>20.6000003814697265625</ele>
        <time>2026-08-08T13:25:53.000Z</time>
      </trkpt>
      <trkpt lat="57.9188342392444610595703125" lon="-4.4046678207814693450927734375">
        <ele>20.799999237060546875</ele>
        <time>2026-08-08T13:25:54.000Z</time>
      </trkpt>
      <trkpt lat="57.9187646694481372833251953125" lon="-4.40447864122688770294189453125">
        <ele>21.799999237060546875</ele>
        <time>2026-08-08T13:25:59.000Z</time>
      </trkpt>
      <trkpt lat="57.91873407550156116485595703125" lon="-4.40438157878816127777099609375">
        <ele>22.200000762939453125</ele>
        <time>2026-08-08T13:26:02.000Z</time>
      </trkpt>
      <trkpt lat="57.918709851801395416259765625" lon="-4.40431988798081874847412109375">
        <ele>22.3999996185302734375</ele>
        <time>2026-08-08T13:26:04.000Z</time>
      </trkpt>
      <trkpt lat="57.918680347502231597900390625" lon="-4.40421528182923793792724609375">
        <ele>22.6000003814697265625</ele>
        <time>2026-08-08T13:26:07.000Z</time>
      </trkpt>
      <trkpt lat="57.91866886429488658905029296875" lon="-4.40417739562690258026123046875">
        <ele>22.799999237060546875</ele>
        <time>2026-08-08T13:26:08.000Z</time>
      </trkpt>
      <trkpt lat="57.91866199113428592681884765625" lon="-4.40414093434810638427734375">
        <ele>23</ele>
        <time>2026-08-08T13:26:09.000Z</time>
      </trkpt>
      <trkpt lat="57.9186637513339519500732421875" lon="-4.40410698764026165008544921875">
        <ele>23.200000762939453125</ele>
        <time>2026-08-08T13:26:10.000Z</time>
      </trkpt>
      <trkpt lat="57.9186666011810302734375" lon="-4.4039912335574626922607421875">
        <ele>23.799999237060546875</ele>
        <time>2026-08-08T13:26:13.000Z</time>
      </trkpt>
      <trkpt lat="57.9186677746474742889404296875" lon="-4.4038339890539646148681640625">
        <ele>23.799999237060546875</ele>
        <time>2026-08-08T13:26:17.000Z</time>
      </trkpt>
      <trkpt lat="57.91862293146550655364990234375" lon="-4.40370381809771060943603515625">
        <ele>23.3999996185302734375</ele>
        <time>2026-08-08T13:26:19.000Z</time>
      </trkpt>
      <trkpt lat="57.91858269833028316497802734375" lon="-4.40365922637283802032470703125">
        <ele>23</ele>
        <time>2026-08-08T13:26:20.000Z</time>
      </trkpt>
      <trkpt lat="57.91853173635900020599365234375" lon="-4.40362988971173763275146484375">
        <ele>22.799999237060546875</ele>
        <time>2026-08-08T13:26:21.000Z</time>
      </trkpt>
      <trkpt lat="57.91836527176201343536376953125" lon="-4.40355679951608180999755859375">
        <ele>22.200000762939453125</ele>
        <time>2026-08-08T13:26:24.000Z</time>
      </trkpt>
      <trkpt lat="57.91830156929790973663330078125" lon="-4.40353768877685070037841796875">
        <ele>21.799999237060546875</ele>
        <time>2026-08-08T13:26:25.000Z</time>
      </trkpt>
      <trkpt lat="57.9181591607630252838134765625" lon="-4.40349477343261241912841796875">
        <ele>20.6000003814697265625</ele>
        <time>2026-08-08T13:26:27.000Z</time>
      </trkpt>
      <trkpt lat="57.91800920851528644561767578125" lon="-4.40340936183929443359375">
        <ele>19.3999996185302734375</ele>
        <time>2026-08-08T13:26:29.000Z</time>
      </trkpt>
      <trkpt lat="57.9179362021386623382568359375" lon="-4.4033555500209331512451171875">
        <ele>19</ele>
        <time>2026-08-08T13:26:30.000Z</time>
      </trkpt>
      <trkpt lat="57.917727492749691009521484375" lon="-4.40317441709339618682861328125">
        <ele>19.799999237060546875</ele>
        <time>2026-08-08T13:26:33.000Z</time>
      </trkpt>
      <trkpt lat="57.91759648360311985015869140625" lon="-4.4030593335628509521484375">
        <ele>20.200000762939453125</ele>
        <time>2026-08-08T13:26:35.000Z</time>
      </trkpt>
      <trkpt lat="57.91753613390028476715087890625" lon="-4.4029934518039226531982421875">
        <ele>20</ele>
        <time>2026-08-08T13:26:36.000Z</time>
      </trkpt>
      <trkpt lat="57.917362712323665618896484375" lon="-4.40281818620860576629638671875">
        <ele>19.3999996185302734375</ele>
        <time>2026-08-08T13:26:39.000Z</time>
      </trkpt>
      <trkpt lat="57.91708820499479770660400390625" lon="-4.4025606103241443634033203125">
        <ele>18.799999237060546875</ele>
        <time>2026-08-08T13:26:44.000Z</time>
      </trkpt>
      <trkpt lat="57.91674085892736911773681640625" lon="-4.40221535973250865936279296875">
        <ele>19.3999996185302734375</ele>
        <time>2026-08-08T13:26:51.000Z</time>
      </trkpt>
      <trkpt lat="57.91642787866294384002685546875" lon="-4.40189517103135585784912109375">
        <ele>18.6000003814697265625</ele>
        <time>2026-08-08T13:26:58.000Z</time>
      </trkpt>
      <trkpt lat="57.91638378985226154327392578125" lon="-4.40184228122234344482421875">
        <ele>18.799999237060546875</ele>
        <time>2026-08-08T13:26:59.000Z</time>
      </trkpt>
      <trkpt lat="57.91633886285126209259033203125" lon="-4.40179039724171161651611328125">
        <ele>19</ele>
        <time>2026-08-08T13:27:00.000Z</time>
      </trkpt>
      <trkpt lat="57.91610903106629848480224609375" lon="-4.4014243595302104949951171875">
        <ele>18.200000762939453125</ele>
        <time>2026-08-08T13:27:06.000Z</time>
      </trkpt>
      <trkpt lat="57.9159433208405971527099609375" lon="-4.40111137926578521728515625">
        <ele>17.6000003814697265625</ele>
        <time>2026-08-08T13:27:10.000Z</time>
      </trkpt>
      <trkpt lat="57.91583351790904998779296875" lon="-4.400891102850437164306640625">
        <ele>18.200000762939453125</ele>
        <time>2026-08-08T13:27:13.000Z</time>
      </trkpt>
      <trkpt lat="57.91570753790438175201416015625" lon="-4.4006669707596302032470703125">
        <ele>16.200000762939453125</ele>
        <time>2026-08-08T13:27:16.000Z</time>
      </trkpt>
      <trkpt lat="57.91566562838852405548095703125" lon="-4.4006077945232391357421875">
        <ele>15.19999980926513671875</ele>
        <time>2026-08-08T13:27:17.000Z</time>
      </trkpt>
      <trkpt lat="57.91558675467967987060546875" lon="-4.40048382617533206939697265625">
        <ele>14</ele>
        <time>2026-08-08T13:27:19.000Z</time>
      </trkpt>
      <trkpt lat="57.91554409079253673553466796875" lon="-4.4004361331462860107421875">
        <ele>14.6000003814697265625</ele>
        <time>2026-08-08T13:27:20.000Z</time>
      </trkpt>
      <trkpt lat="57.91546446271240711212158203125" lon="-4.40035860054194927215576171875">
        <ele>15.19999980926513671875</ele>
        <time>2026-08-08T13:27:22.000Z</time>
      </trkpt>
      <trkpt lat="57.91538097895681858062744140625" lon="-4.40027377568185329437255859375">
        <ele>15.6000003814697265625</ele>
        <time>2026-08-08T13:27:24.000Z</time>
      </trkpt>
      <trkpt lat="57.91529766283929347991943359375" lon="-4.4001764617860317230224609375">
        <ele>16.3999996185302734375</ele>
        <time>2026-08-08T13:27:26.000Z</time>
      </trkpt>
      <trkpt lat="57.91520630009472370147705078125" lon="-4.4000976718962192535400390625">
        <ele>16.799999237060546875</ele>
        <time>2026-08-08T13:27:28.000Z</time>
      </trkpt>
      <trkpt lat="57.91489868424832820892333984375" lon="-4.399832971394062042236328125">
        <ele>17.3999996185302734375</ele>
        <time>2026-08-08T13:27:35.000Z</time>
      </trkpt>
      <trkpt lat="57.91477463208138942718505859375" lon="-4.39975040964782238006591796875">
        <ele>18</ele>
        <time>2026-08-08T13:27:38.000Z</time>
      </trkpt>
      <trkpt lat="57.9146924056112766265869140625" lon="-4.39969844184815883636474609375">
        <ele>18.3999996185302734375</ele>
        <time>2026-08-08T13:27:40.000Z</time>
      </trkpt>
      <trkpt lat="57.9146501608192920684814453125" lon="-4.39967631362378597259521484375">
        <ele>18.3999996185302734375</ele>
        <time>2026-08-08T13:27:41.000Z</time>
      </trkpt>
      <trkpt lat="57.91435302235186100006103515625" lon="-4.39952057786285877227783203125">
        <ele>18.799999237060546875</ele>
        <time>2026-08-08T13:27:48.000Z</time>
      </trkpt>
      <trkpt lat="57.91431027464568614959716796875" lon="-4.39949844963848590850830078125">
        <ele>19</ele>
        <time>2026-08-08T13:27:49.000Z</time>
      </trkpt>
      <trkpt lat="57.91394650004804134368896484375" lon="-4.39934648573398590087890625">
        <ele>18.6000003814697265625</ele>
        <time>2026-08-08T13:27:57.000Z</time>
      </trkpt>
      <trkpt lat="57.9135930351912975311279296875" lon="-4.39920994453132152557373046875">
        <ele>17.799999237060546875</ele>
        <time>2026-08-08T13:28:04.000Z</time>
      </trkpt>
      <trkpt lat="57.9135414026677608489990234375" lon="-4.3991920910775661468505859375">
        <ele>17.6000003814697265625</ele>
        <time>2026-08-08T13:28:05.000Z</time>
      </trkpt>
      <trkpt lat="57.91314066387712955474853515625" lon="-4.39902730286121368408203125">
        <ele>17.200000762939453125</ele>
        <time>2026-08-08T13:28:13.000Z</time>
      </trkpt>
      <trkpt lat="57.91305332444608211517333984375" lon="-4.3989845551550388336181640625">
        <ele>17</ele>
        <time>2026-08-08T13:28:15.000Z</time>
      </trkpt>
      <trkpt lat="57.9129767976701259613037109375" lon="-4.3989329226315021514892578125">
        <ele>16.6000003814697265625</ele>
        <time>2026-08-08T13:28:17.000Z</time>
      </trkpt>
      <trkpt lat="57.91290245018899440765380859375" lon="-4.39887634478509426116943359375">
        <ele>16</ele>
        <time>2026-08-08T13:28:19.000Z</time>
      </trkpt>
      <trkpt lat="57.9128242470324039459228515625" lon="-4.398794956505298614501953125">
        <ele>15.19999980926513671875</ele>
        <time>2026-08-08T13:28:21.000Z</time>
      </trkpt>
      <trkpt lat="57.91272726841270923614501953125" lon="-4.3986774422228336334228515625">
        <ele>14.19999980926513671875</ele>
        <time>2026-08-08T13:28:23.000Z</time>
      </trkpt>
      <trkpt lat="57.91267446242272853851318359375" lon="-4.39861415885388851165771484375">
        <ele>13.80000019073486328125</ele>
        <time>2026-08-08T13:28:24.000Z</time>
      </trkpt>
      <trkpt lat="57.91256524622440338134765625" lon="-4.3984849937260150909423828125">
        <ele>12.80000019073486328125</ele>
        <time>2026-08-08T13:28:26.000Z</time>
      </trkpt>
      <trkpt lat="57.9124249331653118133544921875" lon="-4.39836186356842517852783203125">
        <ele>11.6000003814697265625</ele>
        <time>2026-08-08T13:28:28.000Z</time>
      </trkpt>
      <trkpt lat="57.91234002448618412017822265625" lon="-4.3983103148639202117919921875">
        <ele>10.80000019073486328125</ele>
        <time>2026-08-08T13:28:29.000Z</time>
      </trkpt>
      <trkpt lat="57.9122526012361049652099609375" lon="-4.39823948778212070465087890625">
        <ele>10.19999980926513671875</ele>
        <time>2026-08-08T13:28:30.000Z</time>
      </trkpt>
      <trkpt lat="57.91206912137567996978759765625" lon="-4.39815332181751728057861328125">
        <ele>9.19999980926513671875</ele>
        <time>2026-08-08T13:28:32.000Z</time>
      </trkpt>
      <trkpt lat="57.91197918355464935302734375" lon="-4.39812339842319488525390625">
        <ele>9</ele>
        <time>2026-08-08T13:28:33.000Z</time>
      </trkpt>
      <trkpt lat="57.911714650690555572509765625" lon="-4.3980370648205280303955078125">
        <ele>8</ele>
        <time>2026-08-08T13:28:36.000Z</time>
      </trkpt>
      <trkpt lat="57.91154466569423675537109375" lon="-4.397984929382801055908203125">
        <ele>8</ele>
        <time>2026-08-08T13:28:38.000Z</time>
      </trkpt>
      <trkpt lat="57.91138566099107265472412109375" lon="-4.3979270942509174346923828125">
        <ele>8</ele>
        <time>2026-08-08T13:28:40.000Z</time>
      </trkpt>
      <trkpt lat="57.9109855927526950836181640625" lon="-4.3977835960686206817626953125">
        <ele>8</ele>
        <time>2026-08-08T13:28:46.000Z</time>
      </trkpt>
      <trkpt lat="57.91069666855037212371826171875" lon="-4.39774797298014163970947265625">
        <ele>7.80000019073486328125</ele>
        <time>2026-08-08T13:28:51.000Z</time>
      </trkpt>
      <trkpt lat="57.9105825908482074737548828125" lon="-4.39781494438648223876953125">
        <ele>7.19999980926513671875</ele>
        <time>2026-08-08T13:28:53.000Z</time>
      </trkpt>
      <trkpt lat="57.9104898869991302490234375" lon="-4.39795349724590778350830078125">
        <ele>7.599999904632568359375</ele>
        <time>2026-08-08T13:28:55.000Z</time>
      </trkpt>
      <trkpt lat="57.91041738353669643402099609375" lon="-4.39810370095074176788330078125">
        <ele>8</ele>
        <time>2026-08-08T13:28:57.000Z</time>
      </trkpt>
      <trkpt lat="57.9103341512382030487060546875" lon="-4.39833856187760829925537109375">
        <ele>9.19999980926513671875</ele>
        <time>2026-08-08T13:29:00.000Z</time>
      </trkpt>
      <trkpt lat="57.9103023000061511993408203125" lon="-4.3983922898769378662109375">
        <ele>9.3999996185302734375</ele>
        <time>2026-08-08T13:29:01.000Z</time>
      </trkpt>
      <trkpt lat="57.9102121107280254364013671875" lon="-4.39845909364521503448486328125">
        <ele>10.19999980926513671875</ele>
        <time>2026-08-08T13:29:04.000Z</time>
      </trkpt>
      <trkpt lat="57.91018319316208362579345703125" lon="-4.3984564952552318572998046875">
        <ele>10.3999996185302734375</ele>
        <time>2026-08-08T13:29:05.000Z</time>
      </trkpt>
      <trkpt lat="57.910161316394805908203125" lon="-4.39845976419746875762939453125">
        <ele>10.80000019073486328125</ele>
        <time>2026-08-08T13:29:06.000Z</time>
      </trkpt>
      <trkpt lat="57.91011379100382328033447265625" lon="-4.39842388965189456939697265625">
        <ele>11.6000003814697265625</ele>
        <time>2026-08-08T13:29:08.000Z</time>
      </trkpt>
      <trkpt lat="57.9100736416876316070556640625" lon="-4.398376531898975372314453125">
        <ele>12</ele>
        <time>2026-08-08T13:29:10.000Z</time>
      </trkpt>
      <trkpt lat="57.91003768332302570343017578125" lon="-4.398320876061916351318359375">
        <ele>12.19999980926513671875</ele>
        <time>2026-08-08T13:29:12.000Z</time>
      </trkpt>
      <trkpt lat="57.9100049100816249847412109375" lon="-4.39825491048395633697509765625">
        <ele>12.6000003814697265625</ele>
        <time>2026-08-08T13:29:14.000Z</time>
      </trkpt>
      <trkpt lat="57.90996056981384754180908203125" lon="-4.398154579102993011474609375">
        <ele>13.19999980926513671875</ele>
        <time>2026-08-08T13:29:17.000Z</time>
      </trkpt>
      <trkpt lat="57.90994514711201190948486328125" lon="-4.3981267511844635009765625">
        <ele>13.3999996185302734375</ele>
        <time>2026-08-08T13:29:18.000Z</time>
      </trkpt>
      <trkpt lat="57.90993240661919116973876953125" lon="-4.39809280447661876678466796875">
        <ele>13.6000003814697265625</ele>
        <time>2026-08-08T13:29:19.000Z</time>
      </trkpt>
      <trkpt lat="57.90991648100316524505615234375" lon="-4.3980591930449008941650390625">
        <ele>13.80000019073486328125</ele>
        <time>2026-08-08T13:29:20.000Z</time>
      </trkpt>
      <trkpt lat="57.909882031381130218505859375" lon="-4.397996999323368072509765625">
        <ele>14</ele>
        <time>2026-08-08T13:29:22.000Z</time>
      </trkpt>
      <trkpt lat="57.90986333973705768585205078125" lon="-4.3979656510055065155029296875">
        <ele>14</ele>
        <time>2026-08-08T13:29:23.000Z</time>
      </trkpt>
      <trkpt lat="57.90984414517879486083984375" lon="-4.3979287706315517425537109375">
        <ele>14</ele>
        <time>2026-08-08T13:29:24.000Z</time>
      </trkpt>
      <trkpt lat="57.9097946919500827789306640625" lon="-4.39783640205860137939453125">
        <ele>14.19999980926513671875</ele>
        <time>2026-08-08T13:29:27.000Z</time>
      </trkpt>
      <trkpt lat="57.90972755290567874908447265625" lon="-4.39773405902087688446044921875">
        <ele>14.19999980926513671875</ele>
        <time>2026-08-08T13:29:31.000Z</time>
      </trkpt>
      <trkpt lat="57.9096713103353977203369140625" lon="-4.39766230992972850799560546875">
        <ele>14.19999980926513671875</ele>
        <time>2026-08-08T13:29:34.000Z</time>
      </trkpt>
      <trkpt lat="57.90963250212371349334716796875" lon="-4.3976105935871601104736328125">
        <ele>14.6000003814697265625</ele>
        <time>2026-08-08T13:29:36.000Z</time>
      </trkpt>
      <trkpt lat="57.90961372666060924530029296875" lon="-4.39759693108499050140380859375">
        <ele>14.80000019073486328125</ele>
        <time>2026-08-08T13:29:37.000Z</time>
      </trkpt>
      <trkpt lat="57.90949922986328601837158203125" lon="-4.39743750728666782379150390625">
        <ele>15</ele>
        <time>2026-08-08T13:29:43.000Z</time>
      </trkpt>
      <trkpt lat="57.90935925208032131195068359375" lon="-4.39725595526397228240966796875">
        <ele>15.19999980926513671875</ele>
        <time>2026-08-08T13:29:49.000Z</time>
      </trkpt>
      <trkpt lat="57.90923050604760646820068359375" lon="-4.39707892946898937225341796875">
        <ele>15.3999996185302734375</ele>
        <time>2026-08-08T13:29:54.000Z</time>
      </trkpt>
      <trkpt lat="57.90916395373642444610595703125" lon="-4.39699477516114711761474609375">
        <ele>15.80000019073486328125</ele>
        <time>2026-08-08T13:29:57.000Z</time>
      </trkpt>
      <trkpt lat="57.909093461930751800537109375" lon="-4.396905340254306793212890625">
        <ele>16</ele>
        <time>2026-08-08T13:30:00.000Z</time>
      </trkpt>
      <trkpt lat="57.90898525156080722808837890625" lon="-4.39674675464630126953125">
        <ele>16.799999237060546875</ele>
        <time>2026-08-08T13:30:05.000Z</time>
      </trkpt>
      <trkpt lat="57.9089638777077198028564453125" lon="-4.39671213738620281219482421875">
        <ele>17</ele>
        <time>2026-08-08T13:30:06.000Z</time>
      </trkpt>
      <trkpt lat="57.90880956687033176422119140625" lon="-4.39646101556718349456787109375">
        <ele>17</ele>
        <time>2026-08-08T13:30:13.000Z</time>
      </trkpt>
      <trkpt lat="57.9087177850306034088134765625" lon="-4.396300502121448516845703125">
        <ele>17.200000762939453125</ele>
        <time>2026-08-08T13:30:17.000Z</time>
      </trkpt>
      <trkpt lat="57.908694483339786529541015625" lon="-4.3962604366242885589599609375">
        <ele>17.3999996185302734375</ele>
        <time>2026-08-08T13:30:18.000Z</time>
      </trkpt>
      <trkpt lat="57.90848300792276859283447265625" lon="-4.39596111886203289031982421875">
        <ele>17.6000003814697265625</ele>
        <time>2026-08-08T13:30:26.000Z</time>
      </trkpt>
      <trkpt lat="57.9083798266947269439697265625" lon="-4.3958336301147937774658203125">
        <ele>17.799999237060546875</ele>
        <time>2026-08-08T13:30:30.000Z</time>
      </trkpt>
      <trkpt lat="57.90832609869539737701416015625" lon="-4.39573279581964015960693359375">
        <ele>17.799999237060546875</ele>
        <time>2026-08-08T13:30:32.000Z</time>
      </trkpt>
      <trkpt lat="57.9081857018172740936279296875" lon="-4.39549617469310760498046875">
        <ele>17.200000762939453125</ele>
        <time>2026-08-08T13:30:36.000Z</time>
      </trkpt>
      <trkpt lat="57.9081494919955730438232421875" lon="-4.39542585052549839019775390625">
        <ele>17.200000762939453125</ele>
        <time>2026-08-08T13:30:37.000Z</time>
      </trkpt>
      <trkpt lat="57.9080395214259624481201171875" lon="-4.39522719942033290863037109375">
        <ele>16.799999237060546875</ele>
        <time>2026-08-08T13:30:40.000Z</time>
      </trkpt>
      <trkpt lat="57.90789141319692134857177734375" lon="-4.39495042897760868072509765625">
        <ele>16.799999237060546875</ele>
        <time>2026-08-08T13:30:44.000Z</time>
      </trkpt>
      <trkpt lat="57.9078111983835697174072265625" lon="-4.3948090262711048126220703125">
        <ele>17</ele>
        <time>2026-08-08T13:30:46.000Z</time>
      </trkpt>
      <trkpt lat="57.90773190557956695556640625" lon="-4.39468187279999256134033203125">
        <ele>17</ele>
        <time>2026-08-08T13:30:48.000Z</time>
      </trkpt>
      <trkpt lat="57.90766024030745029449462890625" lon="-4.3945540487766265869140625">
        <ele>17</ele>
        <time>2026-08-08T13:30:50.000Z</time>
      </trkpt>
      <trkpt lat="57.90742320008575916290283203125" lon="-4.39415565691888332366943359375">
        <ele>17.200000762939453125</ele>
        <time>2026-08-08T13:30:57.000Z</time>
      </trkpt>
      <trkpt lat="57.90717677213251590728759765625" lon="-4.39371191896498203277587890625">
        <ele>17.3999996185302734375</ele>
        <time>2026-08-08T13:31:05.000Z</time>
      </trkpt>
      <trkpt lat="57.90694467723369598388671875" lon="-4.39329450018703937530517578125">
        <ele>18</ele>
        <time>2026-08-08T13:31:12.000Z</time>
      </trkpt>
      <trkpt lat="57.90677159093320369720458984375" lon="-4.3929608166217803955078125">
        <ele>17</ele>
        <time>2026-08-08T13:31:17.000Z</time>
      </trkpt>
      <trkpt lat="57.906695902347564697265625" lon="-4.3928037397563457489013671875">
        <ele>16.3999996185302734375</ele>
        <time>2026-08-08T13:31:19.000Z</time>
      </trkpt>
      <trkpt lat="57.9066534899175167083740234375" lon="-4.39273727126419544219970703125">
        <ele>16.200000762939453125</ele>
        <time>2026-08-08T13:31:20.000Z</time>
      </trkpt>
      <trkpt lat="57.90655307471752166748046875" lon="-4.39264004118740558624267578125">
        <ele>16.200000762939453125</ele>
        <time>2026-08-08T13:31:22.000Z</time>
      </trkpt>
      <trkpt lat="57.90649699978530406951904296875" lon="-4.39260349608957767486572265625">
        <ele>16</ele>
        <time>2026-08-08T13:31:23.000Z</time>
      </trkpt>
      <trkpt lat="57.906196005642414093017578125" lon="-4.39237852580845355987548828125">
        <ele>16.200000762939453125</ele>
        <time>2026-08-08T13:31:29.000Z</time>
      </trkpt>
      <trkpt lat="57.90612014941871166229248046875" lon="-4.392243325710296630859375">
        <ele>16.200000762939453125</ele>
        <time>2026-08-08T13:31:31.000Z</time>
      </trkpt>
      <trkpt lat="57.90601168759167194366455078125" lon="-4.392019696533679962158203125">
        <ele>16.3999996185302734375</ele>
        <time>2026-08-08T13:31:34.000Z</time>
      </trkpt>
      <trkpt lat="57.90580096654593944549560546875" lon="-4.39161208458244800567626953125">
        <ele>15.80000019073486328125</ele>
        <time>2026-08-08T13:31:39.000Z</time>
      </trkpt>
      <trkpt lat="57.90572318248450756072998046875" lon="-4.39145349897444248199462890625">
        <ele>16</ele>
        <time>2026-08-08T13:31:41.000Z</time>
      </trkpt>
      <trkpt lat="57.90554992854595184326171875" lon="-4.391121156513690948486328125">
        <ele>16.799999237060546875</ele>
        <time>2026-08-08T13:31:45.000Z</time>
      </trkpt>
      <trkpt lat="57.90525077842175960540771484375" lon="-4.39054087735712528228759765625">
        <ele>15</ele>
        <time>2026-08-08T13:31:52.000Z</time>
      </trkpt>
      <trkpt lat="57.9052139818668365478515625" lon="-4.39044532366096973419189453125">
        <ele>14.80000019073486328125</ele>
        <time>2026-08-08T13:31:53.000Z</time>
      </trkpt>
      <trkpt lat="57.90504760108888149261474609375" lon="-4.38991575501859188079833984375">
        <ele>14.3999996185302734375</ele>
        <time>2026-08-08T13:31:58.000Z</time>
      </trkpt>
      <trkpt lat="57.90496713481843471527099609375" lon="-4.38970863819122314453125">
        <ele>14.19999980926513671875</ele>
        <time>2026-08-08T13:32:00.000Z</time>
      </trkpt>
      <trkpt lat="57.90484325028955936431884765625" lon="-4.389446116983890533447265625">
        <ele>14.80000019073486328125</ele>
        <time>2026-08-08T13:32:03.000Z</time>
      </trkpt>
      <trkpt lat="57.9047246463596820831298828125" lon="-4.3892283551394939422607421875">
        <ele>15</ele>
        <time>2026-08-08T13:32:06.000Z</time>
      </trkpt>
      <trkpt lat="57.9045593552291393280029296875" lon="-4.38894546590745449066162109375">
        <ele>15</ele>
        <time>2026-08-08T13:32:10.000Z</time>
      </trkpt>
      <trkpt lat="57.9042093269526958465576171875" lon="-4.388379938900470733642578125">
        <ele>14.3999996185302734375</ele>
        <time>2026-08-08T13:32:18.000Z</time>
      </trkpt>
      <trkpt lat="57.904035486280918121337890625" lon="-4.3881527893245220184326171875">
        <ele>15.19999980926513671875</ele>
        <time>2026-08-08T13:32:22.000Z</time>
      </trkpt>
      <trkpt lat="57.9039514996111392974853515625" lon="-4.38804809935390949249267578125">
        <ele>15.3999996185302734375</ele>
        <time>2026-08-08T13:32:24.000Z</time>
      </trkpt>
      <trkpt lat="57.9036314785480499267578125" lon="-4.3876634538173675537109375">
        <ele>15.3999996185302734375</ele>
        <time>2026-08-08T13:32:32.000Z</time>
      </trkpt>
      <trkpt lat="57.90356467477977275848388671875" lon="-4.38757820986211299896240234375">
        <ele>16</ele>
        <time>2026-08-08T13:32:34.000Z</time>
      </trkpt>
      <trkpt lat="57.9034757427871227264404296875" lon="-4.38747142441570758819580078125">
        <ele>16.3999996185302734375</ele>
        <time>2026-08-08T13:32:37.000Z</time>
      </trkpt>
      <trkpt lat="57.90339753963053226470947265625" lon="-4.3873534910380840301513671875">
        <ele>17</ele>
        <time>2026-08-08T13:32:40.000Z</time>
      </trkpt>
      <trkpt lat="57.9033225215971469879150390625" lon="-4.38724326901137828826904296875">
        <ele>17.200000762939453125</ele>
        <time>2026-08-08T13:32:43.000Z</time>
      </trkpt>
      <trkpt lat="57.903175167739391326904296875" lon="-4.38705484382808208465576171875">
        <ele>17.799999237060546875</ele>
        <time>2026-08-08T13:32:49.000Z</time>
      </trkpt>
      <trkpt lat="57.903108112514019012451171875" lon="-4.38695912249386310577392578125">
        <ele>18.3999996185302734375</ele>
        <time>2026-08-08T13:32:52.000Z</time>
      </trkpt>
      <trkpt lat="57.9030519537627696990966796875" lon="-4.38687681220471858978271484375">
        <ele>19</ele>
        <time>2026-08-08T13:32:55.000Z</time>
      </trkpt>
      <trkpt lat="57.9030328430235385894775390625" lon="-4.3868646584451198577880859375">
        <ele>19.200000762939453125</ele>
        <time>2026-08-08T13:32:56.000Z</time>
      </trkpt>
      <trkpt lat="57.9030016623437404632568359375" lon="-4.38683104701340198516845703125">
        <ele>19.3999996185302734375</ele>
        <time>2026-08-08T13:32:58.000Z</time>
      </trkpt>
      <trkpt lat="57.902973331511020660400390625" lon="-4.3867888860404491424560546875">
        <ele>20</ele>
        <time>2026-08-08T13:33:02.000Z</time>
      </trkpt>
      <trkpt lat="57.90297341533005237579345703125" lon="-4.38678896985948085784912109375">
        <ele>20</ele>
        <time>2026-08-08T13:33:04.000Z</time>
      </trkpt>
      <trkpt lat="57.902971319854259490966796875" lon="-4.38681654632091522216796875">
        <ele>20</ele>
        <time>2026-08-08T13:33:09.000Z</time>
      </trkpt>
      <trkpt lat="57.9028843156993389129638671875" lon="-4.3867650814354419708251953125">
        <ele>20.3999996185302734375</ele>
        <time>2026-08-08T13:33:14.000Z</time>
      </trkpt>
      <trkpt lat="57.9028321802616119384765625" lon="-4.38670364208519458770751953125">
        <ele>20.6000003814697265625</ele>
        <time>2026-08-08T13:33:16.000Z</time>
      </trkpt>
      <trkpt lat="57.90274039842188358306884765625" lon="-4.38660574145615100860595703125">
        <ele>21</ele>
        <time>2026-08-08T13:33:20.000Z</time>
      </trkpt>
      <trkpt lat="57.90272195823490619659423828125" lon="-4.386584870517253875732421875">
        <ele>21</ele>
        <time>2026-08-08T13:33:21.000Z</time>
      </trkpt>
      <trkpt lat="57.90263042785227298736572265625" lon="-4.3864777497947216033935546875">
        <ele>21.6000003814697265625</ele>
        <time>2026-08-08T13:33:26.000Z</time>
      </trkpt>
      <trkpt lat="57.902549207210540771484375" lon="-4.3863590620458126068115234375">
        <ele>22.6000003814697265625</ele>
        <time>2026-08-08T13:33:31.000Z</time>
      </trkpt>
      <trkpt lat="57.90253252722322940826416015625" lon="-4.386335425078868865966796875">
        <ele>23</ele>
        <time>2026-08-08T13:33:32.000Z</time>
      </trkpt>
      <trkpt lat="57.9024137556552886962890625" lon="-4.38614825718104839324951171875">
        <ele>23.3999996185302734375</ele>
        <time>2026-08-08T13:33:39.000Z</time>
      </trkpt>
      <trkpt lat="57.90234074927866458892822265625" lon="-4.38605655916035175323486328125">
        <ele>23.799999237060546875</ele>
        <time>2026-08-08T13:33:43.000Z</time>
      </trkpt>
      <trkpt lat="57.9022982530295848846435546875" lon="-4.3859848938882350921630859375">
        <ele>23.799999237060546875</ele>
        <time>2026-08-08T13:33:45.000Z</time>
      </trkpt>
      <trkpt lat="57.90212064050137996673583984375" lon="-4.3857575766742229461669921875">
        <ele>24.3999996185302734375</ele>
        <time>2026-08-08T13:33:52.000Z</time>
      </trkpt>
      <trkpt lat="57.90202877484261989593505859375" lon="-4.38563712872564792633056640625">
        <ele>24.799999237060546875</ele>
        <time>2026-08-08T13:33:56.000Z</time>
      </trkpt>
      <trkpt lat="57.90196222253143787384033203125" lon="-4.3855342827737331390380859375">
        <ele>25</ele>
        <time>2026-08-08T13:33:59.000Z</time>
      </trkpt>
      <trkpt lat="57.9018258489668369293212890625" lon="-4.38535415567457675933837890625">
        <ele>25.799999237060546875</ele>
        <time>2026-08-08T13:34:05.000Z</time>
      </trkpt>
      <trkpt lat="57.901807241141796112060546875" lon="-4.38532766886055469512939453125">
        <ele>25.799999237060546875</ele>
        <time>2026-08-08T13:34:06.000Z</time>
      </trkpt>
      <trkpt lat="57.901732139289379119873046875" lon="-4.38521032221615314483642578125">
        <ele>26.3999996185302734375</ele>
        <time>2026-08-08T13:34:10.000Z</time>
      </trkpt>
      <trkpt lat="57.90169819258153438568115234375" lon="-4.38515885733067989349365234375">
        <ele>26.3999996185302734375</ele>
        <time>2026-08-08T13:34:12.000Z</time>
      </trkpt>
      <trkpt lat="57.90161621756851673126220703125" lon="-4.3850025348365306854248046875">
        <ele>26.3999996185302734375</ele>
        <time>2026-08-08T13:34:18.000Z</time>
      </trkpt>
      <trkpt lat="57.9015800915658473968505859375" lon="-4.38496372662484645843505859375">
        <ele>26.3999996185302734375</ele>
        <time>2026-08-08T13:34:20.000Z</time>
      </trkpt>
      <trkpt lat="57.901543714106082916259765625" lon="-4.38491762615740299224853515625">
        <ele>26.200000762939453125</ele>
        <time>2026-08-08T13:34:22.000Z</time>
      </trkpt>
      <trkpt lat="57.90152468718588352203369140625" lon="-4.384880326688289642333984375">
        <ele>26.200000762939453125</ele>
        <time>2026-08-08T13:34:23.000Z</time>
      </trkpt>
      <trkpt lat="57.90151320397853851318359375" lon="-4.38482944853603839874267578125">
        <ele>25.799999237060546875</ele>
        <time>2026-08-08T13:34:24.000Z</time>
      </trkpt>
      <trkpt lat="57.90150113403797149658203125" lon="-4.38477597199380397796630859375">
        <ele>25.6000003814697265625</ele>
        <time>2026-08-08T13:34:25.000Z</time>
      </trkpt>
      <trkpt lat="57.90146064944565296173095703125" lon="-4.38461017794907093048095703125">
        <ele>24.799999237060546875</ele>
        <time>2026-08-08T13:34:28.000Z</time>
      </trkpt>
      <trkpt lat="57.90142142213881015777587890625" lon="-4.38449936918914318084716796875">
        <ele>24.6000003814697265625</ele>
        <time>2026-08-08T13:34:30.000Z</time>
      </trkpt>
      <trkpt lat="57.90129502303898334503173828125" lon="-4.384178258478641510009765625">
        <ele>24.3999996185302734375</ele>
        <time>2026-08-08T13:34:35.000Z</time>
      </trkpt>
      <trkpt lat="57.90125914849340915679931640625" lon="-4.38410324044525623321533203125">
        <ele>23.799999237060546875</ele>
        <time>2026-08-08T13:34:36.000Z</time>
      </trkpt>
      <trkpt lat="57.9012220166623592376708984375" lon="-4.38402813859283924102783203125">
        <ele>23.200000762939453125</ele>
        <time>2026-08-08T13:34:37.000Z</time>
      </trkpt>
      <trkpt lat="57.90119343437254428863525390625" lon="-4.38395504839718341827392578125">
        <ele>22.799999237060546875</ele>
        <time>2026-08-08T13:34:38.000Z</time>
      </trkpt>
      <trkpt lat="57.9011477530002593994140625" lon="-4.3838163278996944427490234375">
        <ele>22</ele>
        <time>2026-08-08T13:34:40.000Z</time>
      </trkpt>
      <trkpt lat="57.90111715905368328094482421875" lon="-4.3837509490549564361572265625">
        <ele>22.200000762939453125</ele>
        <time>2026-08-08T13:34:41.000Z</time>
      </trkpt>
      <trkpt lat="57.9010426439344882965087890625" lon="-4.3835340254008769989013671875">
        <ele>23.200000762939453125</ele>
        <time>2026-08-08T13:34:44.000Z</time>
      </trkpt>
      <trkpt lat="57.90088430978357791900634765625" lon="-4.38319019973278045654296875">
        <ele>23.200000762939453125</ele>
        <time>2026-08-08T13:34:50.000Z</time>
      </trkpt>
      <trkpt lat="57.9007720761001110076904296875" lon="-4.382967911660671234130859375">
        <ele>23.799999237060546875</ele>
        <time>2026-08-08T13:34:54.000Z</time>
      </trkpt>
      <trkpt lat="57.900709547102451324462890625" lon="-4.38284394331276416778564453125">
        <ele>23.799999237060546875</ele>
        <time>2026-08-08T13:34:56.000Z</time>
      </trkpt>
      <trkpt lat="57.9004994966089725494384765625" lon="-4.3824567832052707672119140625">
        <ele>23.200000762939453125</ele>
        <time>2026-08-08T13:35:02.000Z</time>
      </trkpt>
      <trkpt lat="57.90046404115855693817138671875" lon="-4.3823920749127864837646484375">
        <ele>23.200000762939453125</ele>
        <time>2026-08-08T13:35:03.000Z</time>
      </trkpt>
      <trkpt lat="57.90028332732617855072021484375" lon="-4.38208722509443759918212890625">
        <ele>23.6000003814697265625</ele>
        <time>2026-08-08T13:35:08.000Z</time>
      </trkpt>
      <trkpt lat="57.9001890309154987335205078125" lon="-4.38195076771080493927001953125">
        <ele>24</ele>
        <time>2026-08-08T13:35:11.000Z</time>
      </trkpt>
      <trkpt lat="57.90008484385907649993896484375" lon="-4.381829313933849334716796875">
        <ele>24.799999237060546875</ele>
        <time>2026-08-08T13:35:15.000Z</time>
      </trkpt>
      <trkpt lat="57.9000448621809482574462890625" lon="-4.38177189789712429046630859375">
        <ele>25.3999996185302734375</ele>
        <time>2026-08-08T13:35:17.000Z</time>
      </trkpt>
      <trkpt lat="57.89998241700232028961181640625" lon="-4.3817248754203319549560546875">
        <ele>26</ele>
        <time>2026-08-08T13:35:20.000Z</time>
      </trkpt>
      <trkpt lat="57.89994084276258945465087890625" lon="-4.38167332671582698822021484375">
        <ele>26.200000762939453125</ele>
        <time>2026-08-08T13:35:22.000Z</time>
      </trkpt>
      <trkpt lat="57.89989206008613109588623046875" lon="-4.38162504695355892181396484375">
        <ele>26.3999996185302734375</ele>
        <time>2026-08-08T13:35:24.000Z</time>
      </trkpt>
      <trkpt lat="57.8998245857656002044677734375" lon="-4.38156452961266040802001953125">
        <ele>26.799999237060546875</ele>
        <time>2026-08-08T13:35:27.000Z</time>
      </trkpt>
      <trkpt lat="57.89975501596927642822265625" lon="-4.38144005835056304931640625">
        <ele>26.799999237060546875</ele>
        <time>2026-08-08T13:35:31.000Z</time>
      </trkpt>
      <trkpt lat="57.899713777005672454833984375" lon="-4.38138063065707683563232421875">
        <ele>27</ele>
        <time>2026-08-08T13:35:33.000Z</time>
      </trkpt>
      <trkpt lat="57.899655438959598541259765625" lon="-4.38129479996860027313232421875">
        <ele>27.200000762939453125</ele>
        <time>2026-08-08T13:35:36.000Z</time>
      </trkpt>
      <trkpt lat="57.89963808842003345489501953125" lon="-4.3812662176787853240966796875">
        <ele>27.200000762939453125</ele>
        <time>2026-08-08T13:35:37.000Z</time>
      </trkpt>
      <trkpt lat="57.89961227215826511383056640625" lon="-4.38124450854957103729248046875">
        <ele>27.200000762939453125</ele>
        <time>2026-08-08T13:35:38.000Z</time>
      </trkpt>
      <trkpt lat="57.89958746172487735748291015625" lon="-4.38122875057160854339599609375">
        <ele>27.200000762939453125</ele>
        <time>2026-08-08T13:35:39.000Z</time>
      </trkpt>
      <trkpt lat="57.8995276987552642822265625" lon="-4.38113956712186336517333984375">
        <ele>27.200000762939453125</ele>
        <time>2026-08-08T13:35:42.000Z</time>
      </trkpt>
      <trkpt lat="57.8994695283472537994384765625" lon="-4.3810412473976612091064453125">
        <ele>27</ele>
        <time>2026-08-08T13:35:45.000Z</time>
      </trkpt>
      <trkpt lat="57.89942250587046146392822265625" lon="-4.380980394780635833740234375">
        <ele>26.799999237060546875</ele>
        <time>2026-08-08T13:35:47.000Z</time>
      </trkpt>
      <trkpt lat="57.89929191581904888153076171875" lon="-4.38079456798732280731201171875">
        <ele>26.799999237060546875</ele>
        <time>2026-08-08T13:35:53.000Z</time>
      </trkpt>
      <trkpt lat="57.89918504655361175537109375" lon="-4.38062458299100399017333984375">
        <ele>26.6000003814697265625</ele>
        <time>2026-08-08T13:35:58.000Z</time>
      </trkpt>
      <trkpt lat="57.899099886417388916015625" lon="-4.38046247698366641998291015625">
        <ele>26</ele>
        <time>2026-08-08T13:36:01.000Z</time>
      </trkpt>
      <trkpt lat="57.899034507572650909423828125" lon="-4.38032702542841434478759765625">
        <ele>25.6000003814697265625</ele>
        <time>2026-08-08T13:36:03.000Z</time>
      </trkpt>
      <trkpt lat="57.89889536798000335693359375" lon="-4.3800796754658222198486328125">
        <ele>25.200000762939453125</ele>
        <time>2026-08-08T13:36:07.000Z</time>
      </trkpt>
      <trkpt lat="57.89882294833660125732421875" lon="-4.37997112981975078582763671875">
        <ele>25.200000762939453125</ele>
        <time>2026-08-08T13:36:09.000Z</time>
      </trkpt>
      <trkpt lat="57.8987579047679901123046875" lon="-4.3798563815653324127197265625">
        <ele>25.200000762939453125</ele>
        <time>2026-08-08T13:36:11.000Z</time>
      </trkpt>
      <trkpt lat="57.89872814901173114776611328125" lon="-4.37980399467051029205322265625">
        <ele>25.200000762939453125</ele>
        <time>2026-08-08T13:36:12.000Z</time>
      </trkpt>
      <trkpt lat="57.89869956672191619873046875" lon="-4.3797417171299457550048828125">
        <ele>25.200000762939453125</ele>
        <time>2026-08-08T13:36:13.000Z</time>
      </trkpt>
      <trkpt lat="57.8986296616494655609130859375" lon="-4.3796307407319545745849609375">
        <ele>25</ele>
        <time>2026-08-08T13:36:15.000Z</time>
      </trkpt>
      <trkpt lat="57.898593954741954803466796875" lon="-4.37956879846751689910888671875">
        <ele>25</ele>
        <time>2026-08-08T13:36:16.000Z</time>
      </trkpt>
      <trkpt lat="57.89840058423578739166259765625" lon="-4.3791831471025943756103515625">
        <ele>23.799999237060546875</ele>
        <time>2026-08-08T13:36:21.000Z</time>
      </trkpt>
      <trkpt lat="57.8982665576040744781494140625" lon="-4.3789092265069484710693359375">
        <ele>22.6000003814697265625</ele>
        <time>2026-08-08T13:36:24.000Z</time>
      </trkpt>
      <trkpt lat="57.8981785476207733154296875" lon="-4.378698170185089111328125">
        <ele>21.6000003814697265625</ele>
        <time>2026-08-08T13:36:26.000Z</time>
      </trkpt>
      <trkpt lat="57.89813756011426448822021484375" lon="-4.37858945690095424652099609375">
        <ele>21.3999996185302734375</ele>
        <time>2026-08-08T13:36:27.000Z</time>
      </trkpt>
      <trkpt lat="57.89796522818505764007568359375" lon="-4.3781300447881221771240234375">
        <ele>20.200000762939453125</ele>
        <time>2026-08-08T13:36:31.000Z</time>
      </trkpt>
      <trkpt lat="57.89789951406419277191162109375" lon="-4.378016889095306396484375">
        <ele>19.799999237060546875</ele>
        <time>2026-08-08T13:36:32.000Z</time>
      </trkpt>
      <trkpt lat="57.89771175943315029144287109375" lon="-4.37766753137111663818359375">
        <ele>19</ele>
        <time>2026-08-08T13:36:35.000Z</time>
      </trkpt>
      <trkpt lat="57.89757161401212215423583984375" lon="-4.377496205270290374755859375">
        <ele>18.6000003814697265625</ele>
        <time>2026-08-08T13:36:37.000Z</time>
      </trkpt>
      <trkpt lat="57.89735988713800907135009765625" lon="-4.377239048480987548828125">
        <ele>17.799999237060546875</ele>
        <time>2026-08-08T13:36:40.000Z</time>
      </trkpt>
      <trkpt lat="57.89722041226923465728759765625" lon="-4.37707233242690563201904296875">
        <ele>17</ele>
        <time>2026-08-08T13:36:42.000Z</time>
      </trkpt>
      <trkpt lat="57.897160314023494720458984375" lon="-4.37697443179786205291748046875">
        <ele>17</ele>
        <time>2026-08-08T13:36:43.000Z</time>
      </trkpt>
      <trkpt lat="57.897099293768405914306640625" lon="-4.3768834881484508514404296875">
        <ele>16.6000003814697265625</ele>
        <time>2026-08-08T13:36:44.000Z</time>
      </trkpt>
      <trkpt lat="57.89703123271465301513671875" lon="-4.37680897302925586700439453125">
        <ele>16.3999996185302734375</ele>
        <time>2026-08-08T13:36:45.000Z</time>
      </trkpt>
      <trkpt lat="57.89696342311799526214599609375" lon="-4.3767406605184078216552734375">
        <ele>16.6000003814697265625</ele>
        <time>2026-08-08T13:36:46.000Z</time>
      </trkpt>
      <trkpt lat="57.8968392871320247650146484375" lon="-4.3766320310533046722412109375">
        <ele>17.799999237060546875</ele>
        <time>2026-08-08T13:36:48.000Z</time>
      </trkpt>
      <trkpt lat="57.8967749141156673431396484375" lon="-4.37658718787133693695068359375">
        <ele>17.799999237060546875</ele>
        <time>2026-08-08T13:36:49.000Z</time>
      </trkpt>
      <trkpt lat="57.89663854055106639862060546875" lon="-4.3764838390052318572998046875">
        <ele>18</ele>
        <time>2026-08-08T13:36:51.000Z</time>
      </trkpt>
      <trkpt lat="57.89657550863921642303466796875" lon="-4.376442097127437591552734375">
        <ele>16.799999237060546875</ele>
        <time>2026-08-08T13:36:52.000Z</time>
      </trkpt>
      <trkpt lat="57.8965187631547451019287109375" lon="-4.3763933144509792327880859375">
        <ele>15.80000019073486328125</ele>
        <time>2026-08-08T13:36:53.000Z</time>
      </trkpt>
      <trkpt lat="57.89646117947995662689208984375" lon="-4.37636791728436946868896484375">
        <ele>15.6000003814697265625</ele>
        <time>2026-08-08T13:36:54.000Z</time>
      </trkpt>
      <trkpt lat="57.89630946703255176544189453125" lon="-4.37629817984998226165771484375">
        <ele>17.3999996185302734375</ele>
        <time>2026-08-08T13:36:57.000Z</time>
      </trkpt>
      <trkpt lat="57.89621961303055286407470703125" lon="-4.3762695975601673126220703125">
        <ele>18.799999237060546875</ele>
        <time>2026-08-08T13:36:59.000Z</time>
      </trkpt>
      <trkpt lat="57.8960963152348995208740234375" lon="-4.37622458674013614654541015625">
        <ele>20</ele>
        <time>2026-08-08T13:37:02.000Z</time>
      </trkpt>
      <trkpt lat="57.8959270007908344268798828125" lon="-4.376143701374530792236328125">
        <ele>21</ele>
        <time>2026-08-08T13:37:07.000Z</time>
      </trkpt>
      <trkpt lat="57.89576481096446514129638671875" lon="-4.37606348656117916107177734375">
        <ele>22</ele>
        <time>2026-08-08T13:37:12.000Z</time>
      </trkpt>
      <trkpt lat="57.89570479653775691986083984375" lon="-4.37604018487036228179931640625">
        <ele>22.200000762939453125</ele>
        <time>2026-08-08T13:37:14.000Z</time>
      </trkpt>
      <trkpt lat="57.8956197202205657958984375" lon="-4.37600322067737579345703125">
        <ele>22.6000003814697265625</ele>
        <time>2026-08-08T13:37:17.000Z</time>
      </trkpt>
      <trkpt lat="57.8955897130072116851806640625" lon="-4.375988133251667022705078125">
        <ele>22.799999237060546875</ele>
        <time>2026-08-08T13:37:18.000Z</time>
      </trkpt>
      <trkpt lat="57.8955622203648090362548828125" lon="-4.37597497366368770599365234375">
        <ele>23</ele>
        <time>2026-08-08T13:37:19.000Z</time>
      </trkpt>
      <trkpt lat="57.8955377452075481414794921875" lon="-4.375965334475040435791015625">
        <ele>23.200000762939453125</ele>
        <time>2026-08-08T13:37:20.000Z</time>
      </trkpt>
      <trkpt lat="57.8955102525651454925537109375" lon="-4.3759564496576786041259765625">
        <ele>23.3999996185302734375</ele>
        <time>2026-08-08T13:37:21.000Z</time>
      </trkpt>
      <trkpt lat="57.89548628032207489013671875" lon="-4.37594597227871417999267578125">
        <ele>23.6000003814697265625</ele>
        <time>2026-08-08T13:37:22.000Z</time>
      </trkpt>
      <trkpt lat="57.8954668343067169189453125" lon="-4.3759353272616863250732421875">
        <ele>23.799999237060546875</ele>
        <time>2026-08-08T13:37:23.000Z</time>
      </trkpt>
      <trkpt lat="57.895442359149456024169921875" lon="-4.3759306333959102630615234375">
        <ele>23.799999237060546875</ele>
        <time>2026-08-08T13:37:24.000Z</time>
      </trkpt>
      <trkpt lat="57.8954009525477886199951171875" lon="-4.3759048171341419219970703125">
        <ele>24.200000762939453125</ele>
        <time>2026-08-08T13:37:26.000Z</time>
      </trkpt>
      <trkpt lat="57.8953365795314311981201171875" lon="-4.37588176690042018890380859375">
        <ele>25</ele>
        <time>2026-08-08T13:37:29.000Z</time>
      </trkpt>
      <trkpt lat="57.89519366808235645294189453125" lon="-4.3758161365985870361328125">
        <ele>25</ele>
        <time>2026-08-08T13:37:35.000Z</time>
      </trkpt>
      <trkpt lat="57.89507682435214519500732421875" lon="-4.37577129341661930084228515625">
        <ele>25.200000762939453125</ele>
        <time>2026-08-08T13:37:40.000Z</time>
      </trkpt>
      <trkpt lat="57.89505084045231342315673828125" lon="-4.37576718628406524658203125">
        <ele>25.200000762939453125</ele>
        <time>2026-08-08T13:37:41.000Z</time>
      </trkpt>
      <trkpt lat="57.8949573822319507598876953125" lon="-4.3757301382720470428466796875">
        <ele>25.3999996185302734375</ele>
        <time>2026-08-08T13:37:45.000Z</time>
      </trkpt>
      <trkpt lat="57.89481229148805141448974609375" lon="-4.3756751529872417449951171875">
        <ele>25.799999237060546875</ele>
        <time>2026-08-08T13:37:51.000Z</time>
      </trkpt>
      <trkpt lat="57.8946455754339694976806640625" lon="-4.37561321072280406951904296875">
        <ele>26.3999996185302734375</ele>
        <time>2026-08-08T13:37:57.000Z</time>
      </trkpt>
      <trkpt lat="57.89448849856853485107421875" lon="-4.3755494244396686553955078125">
        <ele>27</ele>
        <time>2026-08-08T13:38:03.000Z</time>
      </trkpt>
      <trkpt lat="57.89432446472346782684326171875" lon="-4.3754937686026096343994140625">
        <ele>27.3999996185302734375</ele>
        <time>2026-08-08T13:38:08.000Z</time>
      </trkpt>
      <trkpt lat="57.89428892545402050018310546875" lon="-4.37548077665269374847412109375">
        <ele>27.6000003814697265625</ele>
        <time>2026-08-08T13:38:09.000Z</time>
      </trkpt>
      <trkpt lat="57.89425070397555828094482421875" lon="-4.37545512802898883819580078125">
        <ele>27.799999237060546875</ele>
        <time>2026-08-08T13:38:10.000Z</time>
      </trkpt>
      <trkpt lat="57.894085161387920379638671875" lon="-4.3753941915929317474365234375">
        <ele>28</ele>
        <time>2026-08-08T13:38:14.000Z</time>
      </trkpt>
      <trkpt lat="57.89383328519761562347412109375" lon="-4.3752848915755748748779296875">
        <ele>28</ele>
        <time>2026-08-08T13:38:20.000Z</time>
      </trkpt>
      <trkpt lat="57.89364871568977832794189453125" lon="-4.37518355436623096466064453125">
        <ele>28.3999996185302734375</ele>
        <time>2026-08-08T13:38:24.000Z</time>
      </trkpt>
      <trkpt lat="57.893603704869747161865234375" lon="-4.3751611746847629547119140625">
        <ele>28.6000003814697265625</ele>
        <time>2026-08-08T13:38:25.000Z</time>
      </trkpt>
      <trkpt lat="57.893467247486114501953125" lon="-4.37507928349077701568603515625">
        <ele>28.6000003814697265625</ele>
        <time>2026-08-08T13:38:28.000Z</time>
      </trkpt>
      <trkpt lat="57.8933212347328662872314453125" lon="-4.37499948777258396148681640625">
        <ele>28.200000762939453125</ele>
        <time>2026-08-08T13:38:31.000Z</time>
      </trkpt>
      <trkpt lat="57.893036417663097381591796875" lon="-4.3748225457966327667236328125">
        <ele>27.3999996185302734375</ele>
        <time>2026-08-08T13:38:36.000Z</time>
      </trkpt>
      <trkpt lat="57.89290658198297023773193359375" lon="-4.3747347034513950347900390625">
        <ele>26.799999237060546875</ele>
        <time>2026-08-08T13:38:38.000Z</time>
      </trkpt>
      <trkpt lat="57.89283550344407558441162109375" lon="-4.3746951408684253692626953125">
        <ele>26.200000762939453125</ele>
        <time>2026-08-08T13:38:39.000Z</time>
      </trkpt>
      <trkpt lat="57.89276408962905406951904296875" lon="-4.374661780893802642822265625">
        <ele>25.6000003814697265625</ele>
        <time>2026-08-08T13:38:40.000Z</time>
      </trkpt>
      <trkpt lat="57.89260449819266796112060546875" lon="-4.37463906593620777130126953125">
        <ele>24.799999237060546875</ele>
        <time>2026-08-08T13:38:42.000Z</time>
      </trkpt>
      <trkpt lat="57.8925249539315700531005859375" lon="-4.37466454692184925079345703125">
        <ele>24.6000003814697265625</ele>
        <time>2026-08-08T13:38:43.000Z</time>
      </trkpt>
      <trkpt lat="57.89245161227881908416748046875" lon="-4.37471173703670501708984375">
        <ele>24.3999996185302734375</ele>
        <time>2026-08-08T13:38:44.000Z</time>
      </trkpt>
      <trkpt lat="57.892336361110210418701171875" lon="-4.37487375922501087188720703125">
        <ele>24.3999996185302734375</ele>
        <time>2026-08-08T13:38:46.000Z</time>
      </trkpt>
      <trkpt lat="57.89228246547281742095947265625" lon="-4.37496881000697612762451171875">
        <ele>24.3999996185302734375</ele>
        <time>2026-08-08T13:38:47.000Z</time>
      </trkpt>
      <trkpt lat="57.89208046160638332366943359375" lon="-4.37536007724702358245849609375">
        <ele>24.3999996185302734375</ele>
        <time>2026-08-08T13:38:51.000Z</time>
      </trkpt>
      <trkpt lat="57.89184174500405788421630859375" lon="-4.37584036029875278472900390625">
        <ele>25</ele>
        <time>2026-08-08T13:38:56.000Z</time>
      </trkpt>
      <trkpt lat="57.8916720114648342132568359375" lon="-4.37620765529572963714599609375">
        <ele>25.200000762939453125</ele>
        <time>2026-08-08T13:39:00.000Z</time>
      </trkpt>
      <trkpt lat="57.8916311077773571014404296875" lon="-4.3762883730232715606689453125">
        <ele>25.200000762939453125</ele>
        <time>2026-08-08T13:39:01.000Z</time>
      </trkpt>
      <trkpt lat="57.89140035398304462432861328125" lon="-4.3768181093037128448486328125">
        <ele>25.6000003814697265625</ele>
        <time>2026-08-08T13:39:07.000Z</time>
      </trkpt>
      <trkpt lat="57.8913595341145992279052734375" lon="-4.37689513899385929107666015625">
        <ele>25.799999237060546875</ele>
        <time>2026-08-08T13:39:08.000Z</time>
      </trkpt>
      <trkpt lat="57.89132173173129558563232421875" lon="-4.37697929330170154571533203125">
        <ele>25.799999237060546875</ele>
        <time>2026-08-08T13:39:09.000Z</time>
      </trkpt>
      <trkpt lat="57.89125199429690837860107421875" lon="-4.3771537207067012786865234375">
        <ele>25.6000003814697265625</ele>
        <time>2026-08-08T13:39:11.000Z</time>
      </trkpt>
      <trkpt lat="57.8912150301039218902587890625" lon="-4.37724248506128787994384765625">
        <ele>25.200000762939453125</ele>
        <time>2026-08-08T13:39:12.000Z</time>
      </trkpt>
      <trkpt lat="57.8910329751670360565185546875" lon="-4.37766342423856258392333984375">
        <ele>25.799999237060546875</ele>
        <time>2026-08-08T13:39:17.000Z</time>
      </trkpt>
      <trkpt lat="57.89093046449124813079833984375" lon="-4.377903901040554046630859375">
        <ele>26.799999237060546875</ele>
        <time>2026-08-08T13:39:20.000Z</time>
      </trkpt>
      <trkpt lat="57.89085821248590946197509765625" lon="-4.37806290574371814727783203125">
        <ele>27</ele>
        <time>2026-08-08T13:39:22.000Z</time>
      </trkpt>
      <trkpt lat="57.89082669652998447418212890625" lon="-4.37814990989863872528076171875">
        <ele>27</ele>
        <time>2026-08-08T13:39:23.000Z</time>
      </trkpt>
      <trkpt lat="57.8907945938408374786376953125" lon="-4.37823121435940265655517578125">
        <ele>27</ele>
        <time>2026-08-08T13:39:24.000Z</time>
      </trkpt>
      <trkpt lat="57.8907436318695545196533203125" lon="-4.37839315272867679595947265625">
        <ele>27.200000762939453125</ele>
        <time>2026-08-08T13:39:26.000Z</time>
      </trkpt>
      <trkpt lat="57.89068110287189483642578125" lon="-4.37853899784386157989501953125">
        <ele>27.200000762939453125</ele>
        <time>2026-08-08T13:39:28.000Z</time>
      </trkpt>
      <trkpt lat="57.89060122333467006683349609375" lon="-4.37877452932298183441162109375">
        <ele>27.200000762939453125</ele>
        <time>2026-08-08T13:39:31.000Z</time>
      </trkpt>
      <trkpt lat="57.89049695245921611785888671875" lon="-4.37910058535635471343994140625">
        <ele>27.200000762939453125</ele>
        <time>2026-08-08T13:39:35.000Z</time>
      </trkpt>
      <trkpt lat="57.8904801048338413238525390625" lon="-4.37918624840676784515380859375">
        <ele>27.200000762939453125</ele>
        <time>2026-08-08T13:39:36.000Z</time>
      </trkpt>
      <trkpt lat="57.89040424861013889312744140625" lon="-4.37946151010692119598388671875">
        <ele>27</ele>
        <time>2026-08-08T13:39:39.000Z</time>
      </trkpt>
      <trkpt lat="57.8903852216899394989013671875" lon="-4.3795643560588359832763671875">
        <ele>26.799999237060546875</ele>
        <time>2026-08-08T13:39:40.000Z</time>
      </trkpt>
      <trkpt lat="57.8903577290475368499755859375" lon="-4.379872977733612060546875">
        <ele>27</ele>
        <time>2026-08-08T13:39:43.000Z</time>
      </trkpt>
      <trkpt lat="57.8903533704578876495361328125" lon="-4.38042006455361843109130859375">
        <ele>26.799999237060546875</ele>
        <time>2026-08-08T13:39:48.000Z</time>
      </trkpt>
      <trkpt lat="57.89035663940012454986572265625" lon="-4.380710162222385406494140625">
        <ele>27</ele>
        <time>2026-08-08T13:39:51.000Z</time>
      </trkpt>
      <trkpt lat="57.8903706371784210205078125" lon="-4.38125875778496265411376953125">
        <ele>26.6000003814697265625</ele>
        <time>2026-08-08T13:39:57.000Z</time>
      </trkpt>
      <trkpt lat="57.89038664661347866058349609375" lon="-4.38211329281330108642578125">
        <ele>27.3999996185302734375</ele>
        <time>2026-08-08T13:40:06.000Z</time>
      </trkpt>
      <trkpt lat="57.89040349423885345458984375" lon="-4.38255443237721920013427734375">
        <ele>28</ele>
        <time>2026-08-08T13:40:11.000Z</time>
      </trkpt>
      <trkpt lat="57.8904234431684017181396484375" lon="-4.3828624673187732696533203125">
        <ele>29.200000762939453125</ele>
        <time>2026-08-08T13:40:15.000Z</time>
      </trkpt>
      <trkpt lat="57.89042788557708263397216796875" lon="-4.38300236128270626068115234375">
        <ele>29.3999996185302734375</ele>
        <time>2026-08-08T13:40:17.000Z</time>
      </trkpt>
      <trkpt lat="57.89043459109961986541748046875" lon="-4.38314401544630527496337890625">
        <ele>29.6000003814697265625</ele>
        <time>2026-08-08T13:40:20.000Z</time>
      </trkpt>
      <trkpt lat="57.89043023250997066497802734375" lon="-4.3832041136920452117919921875">
        <ele>29.3999996185302734375</ele>
        <time>2026-08-08T13:40:22.000Z</time>
      </trkpt>
      <trkpt lat="57.89040911011397838592529296875" lon="-4.38329346477985382080078125">
        <ele>29.200000762939453125</ele>
        <time>2026-08-08T13:40:25.000Z</time>
      </trkpt>
      <trkpt lat="57.89038228802382946014404296875" lon="-4.383385665714740753173828125">
        <ele>29</ele>
        <time>2026-08-08T13:40:27.000Z</time>
      </trkpt>
      <trkpt lat="57.8903017379343509674072265625" lon="-4.38376058824360370635986328125">
        <ele>29.3999996185302734375</ele>
        <time>2026-08-08T13:40:33.000Z</time>
      </trkpt>
      <trkpt lat="57.890234850347042083740234375" lon="-4.38396175391972064971923828125">
        <ele>29.3999996185302734375</ele>
        <time>2026-08-08T13:40:36.000Z</time>
      </trkpt>
      <trkpt lat="57.89021599106490612030029296875" lon="-4.38403048552572727203369140625">
        <ele>29.3999996185302734375</ele>
        <time>2026-08-08T13:40:37.000Z</time>
      </trkpt>
      <trkpt lat="57.8902045078575611114501953125" lon="-4.3840987980365753173828125">
        <ele>29.6000003814697265625</ele>
        <time>2026-08-08T13:40:38.000Z</time>
      </trkpt>
      <trkpt lat="57.8901414759457111358642578125" lon="-4.38435872085392475128173828125">
        <ele>29.799999237060546875</ele>
        <time>2026-08-08T13:40:42.000Z</time>
      </trkpt>
      <trkpt lat="57.8900680504739284515380859375" lon="-4.384640268981456756591796875">
        <ele>29.799999237060546875</ele>
        <time>2026-08-08T13:40:46.000Z</time>
      </trkpt>
      <trkpt lat="57.8900492750108242034912109375" lon="-4.384729452431201934814453125">
        <ele>29.799999237060546875</ele>
        <time>2026-08-08T13:40:47.000Z</time>
      </trkpt>
      <trkpt lat="57.8899602591991424560546875" lon="-4.38494394533336162567138671875">
        <ele>29.799999237060546875</ele>
        <time>2026-08-08T13:40:50.000Z</time>
      </trkpt>
      <trkpt lat="57.88983193226158618927001953125" lon="-4.38536471687257289886474609375">
        <ele>29.799999237060546875</ele>
        <time>2026-08-08T13:40:55.000Z</time>
      </trkpt>
      <trkpt lat="57.8897790424525737762451171875" lon="-4.38553805463016033172607421875">
        <ele>29.799999237060546875</ele>
        <time>2026-08-08T13:40:57.000Z</time>
      </trkpt>
      <trkpt lat="57.88971072994172573089599609375" lon="-4.3857119791209697723388671875">
        <ele>29.799999237060546875</ele>
        <time>2026-08-08T13:40:59.000Z</time>
      </trkpt>
      <trkpt lat="57.88967954926192760467529296875" lon="-4.38578146509826183319091796875">
        <ele>29.799999237060546875</ele>
        <time>2026-08-08T13:41:00.000Z</time>
      </trkpt>
      <trkpt lat="57.88964769802987575531005859375" lon="-4.38587031327188014984130859375">
        <ele>30</ele>
        <time>2026-08-08T13:41:01.000Z</time>
      </trkpt>
      <trkpt lat="57.8895265795290470123291015625" lon="-4.3860797770321369171142578125">
        <ele>30.200000762939453125</ele>
        <time>2026-08-08T13:41:04.000Z</time>
      </trkpt>
      <trkpt lat="57.8894913755357265472412109375" lon="-4.3861558847129344940185546875">
        <ele>30.3999996185302734375</ele>
        <time>2026-08-08T13:41:05.000Z</time>
      </trkpt>
      <trkpt lat="57.88938350044190883636474609375" lon="-4.3863982893526554107666015625">
        <ele>30.3999996185302734375</ele>
        <time>2026-08-08T13:41:08.000Z</time>
      </trkpt>
      <trkpt lat="57.8891607932746410369873046875" lon="-4.38702584244310855865478515625">
        <ele>30.6000003814697265625</ele>
        <time>2026-08-08T13:41:15.000Z</time>
      </trkpt>
      <trkpt lat="57.88912885822355747222900390625" lon="-4.3871137686073780059814453125">
        <ele>30.3999996185302734375</ele>
        <time>2026-08-08T13:41:16.000Z</time>
      </trkpt>
      <trkpt lat="57.88897144608199596405029296875" lon="-4.38743454404175281524658203125">
        <ele>29.799999237060546875</ele>
        <time>2026-08-08T13:41:20.000Z</time>
      </trkpt>
      <trkpt lat="57.88887505419552326202392578125" lon="-4.38752355985343456268310546875">
        <ele>30.200000762939453125</ele>
        <time>2026-08-08T13:41:22.000Z</time>
      </trkpt>
      <trkpt lat="57.88876726292073726654052734375" lon="-4.387581311166286468505859375">
        <ele>30.6000003814697265625</ele>
        <time>2026-08-08T13:41:24.000Z</time>
      </trkpt>
      <trkpt lat="57.88866081275045871734619140625" lon="-4.38763654790818691253662109375">
        <ele>30.6000003814697265625</ele>
        <time>2026-08-08T13:41:26.000Z</time>
      </trkpt>
      <trkpt lat="57.88860314525663852691650390625" lon="-4.38765029422938823699951171875">
        <ele>30.799999237060546875</ele>
        <time>2026-08-08T13:41:27.000Z</time>
      </trkpt>
      <trkpt lat="57.888440787792205810546875" lon="-4.38770678825676441192626953125">
        <ele>30.799999237060546875</ele>
        <time>2026-08-08T13:41:30.000Z</time>
      </trkpt>
      <trkpt lat="57.88821690715849399566650390625" lon="-4.3878118135035037994384765625">
        <ele>31.3999996185302734375</ele>
        <time>2026-08-08T13:41:34.000Z</time>
      </trkpt>
      <trkpt lat="57.88816192187368869781494140625" lon="-4.38786738552153110504150390625">
        <ele>31.6000003814697265625</ele>
        <time>2026-08-08T13:41:35.000Z</time>
      </trkpt>
      <trkpt lat="57.8880620934069156646728515625" lon="-4.388014487922191619873046875">
        <ele>31.3999996185302734375</ele>
        <time>2026-08-08T13:41:37.000Z</time>
      </trkpt>
      <trkpt lat="57.88796846754848957061767578125" lon="-4.38818220980465412139892578125">
        <ele>31</ele>
        <time>2026-08-08T13:41:39.000Z</time>
      </trkpt>
      <trkpt lat="57.88779797963798046112060546875" lon="-4.3885289691388607025146484375">
        <ele>31</ele>
        <time>2026-08-08T13:41:43.000Z</time>
      </trkpt>
      <trkpt lat="57.88775556720793247222900390625" lon="-4.38860566355288028717041015625">
        <ele>31.200000762939453125</ele>
        <time>2026-08-08T13:41:44.000Z</time>
      </trkpt>
      <trkpt lat="57.8876014240086078643798828125" lon="-4.388831891119480133056640625">
        <ele>30.200000762939453125</ele>
        <time>2026-08-08T13:41:47.000Z</time>
      </trkpt>
      <trkpt lat="57.8875491209328174591064453125" lon="-4.3888712860643863677978515625">
        <ele>29.3999996185302734375</ele>
        <time>2026-08-08T13:41:48.000Z</time>
      </trkpt>
      <trkpt lat="57.88750536739826202392578125" lon="-4.3888954259455204010009765625">
        <ele>28.6000003814697265625</ele>
        <time>2026-08-08T13:41:49.000Z</time>
      </trkpt>
      <trkpt lat="57.88744032382965087890625" lon="-4.3888561986386775970458984375">
        <ele>28.200000762939453125</ele>
        <time>2026-08-08T13:41:51.000Z</time>
      </trkpt>
      <trkpt lat="57.8873209655284881591796875" lon="-4.38872066326439380645751953125">
        <ele>27.799999237060546875</ele>
        <time>2026-08-08T13:41:54.000Z</time>
      </trkpt>
      <trkpt lat="57.88727880455553531646728515625" lon="-4.38865561969578266143798828125">
        <ele>27.3999996185302734375</ele>
        <time>2026-08-08T13:41:55.000Z</time>
      </trkpt>
      <trkpt lat="57.8871021978557109832763671875" lon="-4.38842427916824817657470703125">
        <ele>27</ele>
        <time>2026-08-08T13:41:59.000Z</time>
      </trkpt>
      <trkpt lat="57.88695526309311389923095703125" lon="-4.38827223144471645355224609375">
        <ele>26.799999237060546875</ele>
        <time>2026-08-08T13:42:02.000Z</time>
      </trkpt>
      <trkpt lat="57.88679466582834720611572265625" lon="-4.38816058449447154998779296875">
        <ele>26.799999237060546875</ele>
        <time>2026-08-08T13:42:05.000Z</time>
      </trkpt>
      <trkpt lat="57.88674093782901763916015625" lon="-4.3881360255181789398193359375">
        <ele>27</ele>
        <time>2026-08-08T13:42:06.000Z</time>
      </trkpt>
      <trkpt lat="57.8864064998924732208251953125" lon="-4.3878681398928165435791015625">
        <ele>26.3999996185302734375</ele>
        <time>2026-08-08T13:42:12.000Z</time>
      </trkpt>
      <trkpt lat="57.88612528704106807708740234375" lon="-4.38760469667613506317138671875">
        <ele>25.3999996185302734375</ele>
        <time>2026-08-08T13:42:17.000Z</time>
      </trkpt>
      <trkpt lat="57.88607348687946796417236328125" lon="-4.387554824352264404296875">
        <ele>25.3999996185302734375</ele>
        <time>2026-08-08T13:42:18.000Z</time>
      </trkpt>
      <trkpt lat="57.88589537143707275390625" lon="-4.3873447738587856292724609375">
        <ele>25</ele>
        <time>2026-08-08T13:42:21.000Z</time>
      </trkpt>
      <trkpt lat="57.885855473577976226806640625" lon="-4.38723287545144557952880859375">
        <ele>24.799999237060546875</ele>
        <time>2026-08-08T13:42:22.000Z</time>
      </trkpt>
      <trkpt lat="57.88583393208682537078857421875" lon="-4.3870983459055423736572265625">
        <ele>24.200000762939453125</ele>
        <time>2026-08-08T13:42:23.000Z</time>
      </trkpt>
      <trkpt lat="57.885837368667125701904296875" lon="-4.3869548477232456207275390625">
        <ele>23.799999237060546875</ele>
        <time>2026-08-08T13:42:24.000Z</time>
      </trkpt>
      <trkpt lat="57.88585069589316844940185546875" lon="-4.386822916567325592041015625">
        <ele>23.6000003814697265625</ele>
        <time>2026-08-08T13:42:25.000Z</time>
      </trkpt>
      <trkpt lat="57.885908782482147216796875" lon="-4.3864403665065765380859375">
        <ele>23.799999237060546875</ele>
        <time>2026-08-08T13:42:28.000Z</time>
      </trkpt>
      <trkpt lat="57.886052615940570831298828125" lon="-4.3856663815677165985107421875">
        <ele>24.6000003814697265625</ele>
        <time>2026-08-08T13:42:35.000Z</time>
      </trkpt>
      <trkpt lat="57.88612126372754573822021484375" lon="-4.385028518736362457275390625">
        <ele>24.6000003814697265625</ele>
        <time>2026-08-08T13:42:41.000Z</time>
      </trkpt>
      <trkpt lat="57.8861429728567600250244140625" lon="-4.384261406958103179931640625">
        <ele>25</ele>
        <time>2026-08-08T13:42:48.000Z</time>
      </trkpt>
      <trkpt lat="57.88615311495959758758544921875" lon="-4.3839212693274021148681640625">
        <ele>25</ele>
        <time>2026-08-08T13:42:51.000Z</time>
      </trkpt>
      <trkpt lat="57.88614640943706035614013671875" lon="-4.38358657993376255035400390625">
        <ele>25.200000762939453125</ele>
        <time>2026-08-08T13:42:54.000Z</time>
      </trkpt>
      <trkpt lat="57.88613081909716129302978515625" lon="-4.38294972293078899383544921875">
        <ele>25.200000762939453125</ele>
        <time>2026-08-08T13:43:00.000Z</time>
      </trkpt>
      <trkpt lat="57.886123359203338623046875" lon="-4.3828457035124301910400390625">
        <ele>25.200000762939453125</ele>
        <time>2026-08-08T13:43:01.000Z</time>
      </trkpt>
      <trkpt lat="57.88607197813689708709716796875" lon="-4.3822110258042812347412109375">
        <ele>25.200000762939453125</ele>
        <time>2026-08-08T13:43:07.000Z</time>
      </trkpt>
      <trkpt lat="57.88605018518865108489990234375" lon="-4.3820061720907688140869140625">
        <ele>25</ele>
        <time>2026-08-08T13:43:09.000Z</time>
      </trkpt>
      <trkpt lat="57.88593367673456668853759765625" lon="-4.38126596622169017791748046875">
        <ele>25.200000762939453125</ele>
        <time>2026-08-08T13:43:16.000Z</time>
      </trkpt>
      <trkpt lat="57.88574022240936756134033203125" lon="-4.38045241869986057281494140625">
        <ele>25.3999996185302734375</ele>
        <time>2026-08-08T13:43:24.000Z</time>
      </trkpt>
      <trkpt lat="57.8855964727699756622314453125" lon="-4.3799479119479656219482421875">
        <ele>25.200000762939453125</ele>
        <time>2026-08-08T13:43:29.000Z</time>
      </trkpt>
      <trkpt lat="57.88551793433725833892822265625" lon="-4.379646666347980499267578125">
        <ele>23.6000003814697265625</ele>
        <time>2026-08-08T13:43:32.000Z</time>
      </trkpt>
      <trkpt lat="57.885485999286174774169921875" lon="-4.37955354340374469757080078125">
        <ele>22.799999237060546875</ele>
        <time>2026-08-08T13:43:33.000Z</time>
      </trkpt>
      <trkpt lat="57.88545775227248668670654296875" lon="-4.379464276134967803955078125">
        <ele>22.3999996185302734375</ele>
        <time>2026-08-08T13:43:34.000Z</time>
      </trkpt>
      <trkpt lat="57.885435707867145538330078125" lon="-4.37936863861978054046630859375">
        <ele>22.3999996185302734375</ele>
        <time>2026-08-08T13:43:35.000Z</time>
      </trkpt>
      <trkpt lat="57.88538835011422634124755859375" lon="-4.37917300499975681304931640625">
        <ele>23.3999996185302734375</ele>
        <time>2026-08-08T13:43:37.000Z</time>
      </trkpt>
      <trkpt lat="57.88537435233592987060546875" lon="-4.37907543964684009552001953125">
        <ele>24.200000762939453125</ele>
        <time>2026-08-08T13:43:38.000Z</time>
      </trkpt>
      <trkpt lat="57.8853715024888515472412109375" lon="-4.37897150404751300811767578125">
        <ele>24.3999996185302734375</ele>
        <time>2026-08-08T13:43:39.000Z</time>
      </trkpt>
      <trkpt lat="57.8854067064821720123291015625" lon="-4.37875994481146335601806640625">
        <ele>24.200000762939453125</ele>
        <time>2026-08-08T13:43:41.000Z</time>
      </trkpt>
      <trkpt lat="57.88542740978300571441650390625" lon="-4.3786539137363433837890625">
        <ele>24.200000762939453125</ele>
        <time>2026-08-08T13:43:42.000Z</time>
      </trkpt>
      <trkpt lat="57.88549044169485569000244140625" lon="-4.37832877971231937408447265625">
        <ele>25.200000762939453125</ele>
        <time>2026-08-08T13:43:45.000Z</time>
      </trkpt>
      <trkpt lat="57.88557828404009342193603515625" lon="-4.37787632457911968231201171875">
        <ele>24.799999237060546875</ele>
        <time>2026-08-08T13:43:49.000Z</time>
      </trkpt>
      <trkpt lat="57.88572530262172222137451171875" lon="-4.37717610038816928863525390625">
        <ele>25</ele>
        <time>2026-08-08T13:43:55.000Z</time>
      </trkpt>
      <trkpt lat="57.8858717344701290130615234375" lon="-4.3764687515795230865478515625">
        <ele>24.200000762939453125</ele>
        <time>2026-08-08T13:44:01.000Z</time>
      </trkpt>
      <trkpt lat="57.88590886630117893218994140625" lon="-4.37621234916150569915771484375">
        <ele>24.200000762939453125</ele>
        <time>2026-08-08T13:44:03.000Z</time>
      </trkpt>
      <trkpt lat="57.8859240375459194183349609375" lon="-4.37581689096987247467041015625">
        <ele>24.200000762939453125</ele>
        <time>2026-08-08T13:44:06.000Z</time>
      </trkpt>
      <trkpt lat="57.88591003976762294769287109375" lon="-4.37555286101996898651123046875">
        <ele>23.799999237060546875</ele>
        <time>2026-08-08T13:44:08.000Z</time>
      </trkpt>
      <trkpt lat="57.88584868423640727996826171875" lon="-4.37505765818059444427490234375">
        <ele>23</ele>
        <time>2026-08-08T13:44:12.000Z</time>
      </trkpt>
      <trkpt lat="57.8858130611479282379150390625" lon="-4.37470008619129657745361328125">
        <ele>22.799999237060546875</ele>
        <time>2026-08-08T13:44:15.000Z</time>
      </trkpt>
      <trkpt lat="57.88578146137297153472900390625" lon="-4.37434301711618900299072265625">
        <ele>23.3999996185302734375</ele>
        <time>2026-08-08T13:44:18.000Z</time>
      </trkpt>
      <trkpt lat="57.88576536811888217926025390625" lon="-4.374117292463779449462890625">
        <ele>23</ele>
        <time>2026-08-08T13:44:20.000Z</time>
      </trkpt>
      <trkpt lat="57.88573703728616237640380859375" lon="-4.37375678680837154388427734375">
        <ele>22.6000003814697265625</ele>
        <time>2026-08-08T13:44:23.000Z</time>
      </trkpt>
      <trkpt lat="57.8856893442571163177490234375" lon="-4.373182542622089385986328125">
        <ele>22.200000762939453125</ele>
        <time>2026-08-08T13:44:28.000Z</time>
      </trkpt>
      <trkpt lat="57.88563511334359645843505859375" lon="-4.37254719436168670654296875">
        <ele>22</ele>
        <time>2026-08-08T13:44:33.000Z</time>
      </trkpt>
      <trkpt lat="57.8856155835092067718505859375" lon="-4.37230034731328487396240234375">
        <ele>21.799999237060546875</ele>
        <time>2026-08-08T13:44:35.000Z</time>
      </trkpt>
      <trkpt lat="57.8855870850384235382080078125" lon="-4.37191662378609180450439453125">
        <ele>21.6000003814697265625</ele>
        <time>2026-08-08T13:44:38.000Z</time>
      </trkpt>
      <trkpt lat="57.88550552912056446075439453125" lon="-4.37107105739414691925048828125">
        <ele>21.799999237060546875</ele>
        <time>2026-08-08T13:44:45.000Z</time>
      </trkpt>
      <trkpt lat="57.8854167647659778594970703125" lon="-4.3701565079391002655029296875">
        <ele>21.3999996185302734375</ele>
        <time>2026-08-08T13:44:53.000Z</time>
      </trkpt>
      <trkpt lat="57.88538902066648006439208984375" lon="-4.3697964213788509368896484375">
        <ele>20.799999237060546875</ele>
        <time>2026-08-08T13:44:56.000Z</time>
      </trkpt>
      <trkpt lat="57.885329760611057281494140625" lon="-4.369067363440990447998046875">
        <ele>20.6000003814697265625</ele>
        <time>2026-08-08T13:45:02.000Z</time>
      </trkpt>
      <trkpt lat="57.88526865653693675994873046875" lon="-4.3683473579585552215576171875">
        <ele>19.799999237060546875</ele>
        <time>2026-08-08T13:45:08.000Z</time>
      </trkpt>
      <trkpt lat="57.8852315247058868408203125" lon="-4.36796992085874080657958984375">
        <ele>19.6000003814697265625</ele>
        <time>2026-08-08T13:45:11.000Z</time>
      </trkpt>
      <trkpt lat="57.8851995058357715606689453125" lon="-4.36747916042804718017578125">
        <ele>19.3999996185302734375</ele>
        <time>2026-08-08T13:45:15.000Z</time>
      </trkpt>
      <trkpt lat="57.88516036234796047210693359375" lon="-4.36711614020168781280517578125">
        <ele>19.200000762939453125</ele>
        <time>2026-08-08T13:45:18.000Z</time>
      </trkpt>
      <trkpt lat="57.88514309562742710113525390625" lon="-4.366999380290508270263671875">
        <ele>19.200000762939453125</ele>
        <time>2026-08-08T13:45:19.000Z</time>
      </trkpt>
      <trkpt lat="57.8850878588855266571044921875" lon="-4.366768710315227508544921875">
        <ele>19</ele>
        <time>2026-08-08T13:45:21.000Z</time>
      </trkpt>
      <trkpt lat="57.88500286638736724853515625" lon="-4.36656997539103031158447265625">
        <ele>19</ele>
        <time>2026-08-08T13:45:23.000Z</time>
      </trkpt>
      <trkpt lat="57.88475744426250457763671875" lon="-4.36618373729288578033447265625">
        <ele>19.6000003814697265625</ele>
        <time>2026-08-08T13:45:28.000Z</time>
      </trkpt>
      <trkpt lat="57.8843552805483341217041015625" lon="-4.36568132601678371429443359375">
        <ele>18.799999237060546875</ele>
        <time>2026-08-08T13:45:36.000Z</time>
      </trkpt>
      <trkpt lat="57.8839438967406749725341796875" lon="-4.3651887215673923492431640625">
        <ele>18.799999237060546875</ele>
        <time>2026-08-08T13:45:44.000Z</time>
      </trkpt>
      <trkpt lat="57.88388815708458423614501953125" lon="-4.36512560583651065826416015625">
        <ele>18.3999996185302734375</ele>
        <time>2026-08-08T13:45:45.000Z</time>
      </trkpt>
      <trkpt lat="57.88344307802617549896240234375" lon="-4.3646056763827800750732421875">
        <ele>17.799999237060546875</ele>
        <time>2026-08-08T13:45:53.000Z</time>
      </trkpt>
      <trkpt lat="57.8833873383700847625732421875" lon="-4.3645402975380420684814453125">
        <ele>17.200000762939453125</ele>
        <time>2026-08-08T13:45:54.000Z</time>
      </trkpt>
      <trkpt lat="57.8832171857357025146484375" lon="-4.36434642411768436431884765625">
        <ele>16.6000003814697265625</ele>
        <time>2026-08-08T13:45:57.000Z</time>
      </trkpt>
      <trkpt lat="57.88316161371767520904541015625" lon="-4.3642838113009929656982421875">
        <ele>16.200000762939453125</ele>
        <time>2026-08-08T13:45:58.000Z</time>
      </trkpt>
      <trkpt lat="57.882934547960758209228515625" lon="-4.364024139940738677978515625">
        <ele>16.6000003814697265625</ele>
        <time>2026-08-08T13:46:02.000Z</time>
      </trkpt>
      <trkpt lat="57.8828767128288745880126953125" lon="-4.363952390849590301513671875">
        <ele>16.799999237060546875</ele>
        <time>2026-08-08T13:46:03.000Z</time>
      </trkpt>
      <trkpt lat="57.88264042697846889495849609375" lon="-4.363698922097682952880859375">
        <ele>16.6000003814697265625</ele>
        <time>2026-08-08T13:46:07.000Z</time>
      </trkpt>
      <trkpt lat="57.88251578807830810546875" lon="-4.3636199645698070526123046875">
        <ele>17</ele>
        <time>2026-08-08T13:46:09.000Z</time>
      </trkpt>
      <trkpt lat="57.88234001956880092620849609375" lon="-4.36351996846497058868408203125">
        <ele>17.200000762939453125</ele>
        <time>2026-08-08T13:46:12.000Z</time>
      </trkpt>
      <trkpt lat="57.8822192363440990447998046875" lon="-4.36345743946731090545654296875">
        <ele>16.799999237060546875</ele>
        <time>2026-08-08T13:46:14.000Z</time>
      </trkpt>
      <trkpt lat="57.8819912485778331756591796875" lon="-4.3633316271007061004638671875">
        <ele>16</ele>
        <time>2026-08-08T13:46:18.000Z</time>
      </trkpt>
      <trkpt lat="57.881938107311725616455078125" lon="-4.36323867179453372955322265625">
        <ele>16.200000762939453125</ele>
        <time>2026-08-08T13:46:20.000Z</time>
      </trkpt>
      <trkpt lat="57.8818879835307598114013671875" lon="-4.363098777830600738525390625">
        <ele>16.799999237060546875</ele>
        <time>2026-08-08T13:46:23.000Z</time>
      </trkpt>
      <trkpt lat="57.88185588084161281585693359375" lon="-4.3630838580429553985595703125">
        <ele>17</ele>
        <time>2026-08-08T13:46:24.000Z</time>
      </trkpt>
      <trkpt lat="57.8818148933351039886474609375" lon="-4.3630841933190822601318359375">
        <ele>16.799999237060546875</ele>
        <time>2026-08-08T13:46:25.000Z</time>
      </trkpt>
      <trkpt lat="57.881681956350803375244140625" lon="-4.36310422606766223907470703125">
        <ele>16.200000762939453125</ele>
        <time>2026-08-08T13:46:28.000Z</time>
      </trkpt>
      <trkpt lat="57.881571315228939056396484375" lon="-4.3630885519087314605712890625">
        <ele>16</ele>
        <time>2026-08-08T13:46:30.000Z</time>
      </trkpt>
      <trkpt lat="57.88145254366099834442138671875" lon="-4.36302937567234039306640625">
        <ele>15.80000019073486328125</ele>
        <time>2026-08-08T13:46:32.000Z</time>
      </trkpt>
      <trkpt lat="57.88116353563964366912841796875" lon="-4.36283885501325130462646484375">
        <ele>16</ele>
        <time>2026-08-08T13:46:37.000Z</time>
      </trkpt>
      <trkpt lat="57.881005369126796722412109375" lon="-4.36270239762961864471435546875">
        <ele>16</ele>
        <time>2026-08-08T13:46:40.000Z</time>
      </trkpt>
      <trkpt lat="57.88082423619925975799560546875" lon="-4.3625366874039173126220703125">
        <ele>16.6000003814697265625</ele>
        <time>2026-08-08T13:46:44.000Z</time>
      </trkpt>
      <trkpt lat="57.88077771663665771484375" lon="-4.3624843843281269073486328125">
        <ele>16.3999996185302734375</ele>
        <time>2026-08-08T13:46:45.000Z</time>
      </trkpt>
      <trkpt lat="57.880587615072727203369140625" lon="-4.36229838989675045013427734375">
        <ele>15.6000003814697265625</ele>
        <time>2026-08-08T13:46:49.000Z</time>
      </trkpt>
      <trkpt lat="57.88025896064937114715576171875" lon="-4.361946098506450653076171875">
        <ele>16.200000762939453125</ele>
        <time>2026-08-08T13:46:56.000Z</time>
      </trkpt>
      <trkpt lat="57.88016592152416706085205078125" lon="-4.36184844933450222015380859375">
        <ele>16.200000762939453125</ele>
        <time>2026-08-08T13:46:58.000Z</time>
      </trkpt>
      <trkpt lat="57.8800748102366924285888671875" lon="-4.36175507493317127227783203125">
        <ele>16.3999996185302734375</ele>
        <time>2026-08-08T13:47:00.000Z</time>
      </trkpt>
      <trkpt lat="57.879985459148883819580078125" lon="-4.3616485409438610076904296875">
        <ele>16.799999237060546875</ele>
        <time>2026-08-08T13:47:02.000Z</time>
      </trkpt>
      <trkpt lat="57.8798555396497249603271484375" lon="-4.3614959903061389923095703125">
        <ele>17.200000762939453125</ele>
        <time>2026-08-08T13:47:05.000Z</time>
      </trkpt>
      <trkpt lat="57.8797231055796146392822265625" lon="-4.361331202089786529541015625">
        <ele>17.3999996185302734375</ele>
        <time>2026-08-08T13:47:08.000Z</time>
      </trkpt>
      <trkpt lat="57.87937416695058345794677734375" lon="-4.36088251881301403045654296875">
        <ele>17.6000003814697265625</ele>
        <time>2026-08-08T13:47:16.000Z</time>
      </trkpt>
      <trkpt lat="57.87917844951152801513671875" lon="-4.36064430512487888336181640625">
        <ele>18.200000762939453125</ele>
        <time>2026-08-08T13:47:21.000Z</time>
      </trkpt>
      <trkpt lat="57.87913285195827484130859375" lon="-4.36057783663272857666015625">
        <ele>18.200000762939453125</ele>
        <time>2026-08-08T13:47:22.000Z</time>
      </trkpt>
      <trkpt lat="57.8788352943956851959228515625" lon="-4.36017743311822414398193359375">
        <ele>18.6000003814697265625</ele>
        <time>2026-08-08T13:47:29.000Z</time>
      </trkpt>
      <trkpt lat="57.87879430688917636871337890625" lon="-4.360129572451114654541015625">
        <ele>18.799999237060546875</ele>
        <time>2026-08-08T13:47:30.000Z</time>
      </trkpt>
      <trkpt lat="57.8787102364003658294677734375" lon="-4.36002907343208789825439453125">
        <ele>19.200000762939453125</ele>
        <time>2026-08-08T13:47:32.000Z</time>
      </trkpt>
      <trkpt lat="57.87853111512959003448486328125" lon="-4.35981986112892627716064453125">
        <ele>19.3999996185302734375</ele>
        <time>2026-08-08T13:47:36.000Z</time>
      </trkpt>
      <trkpt lat="57.8782482258975505828857421875" lon="-4.35951794497668743133544921875">
        <ele>19.6000003814697265625</ele>
        <time>2026-08-08T13:47:42.000Z</time>
      </trkpt>
      <trkpt lat="57.87791437469422817230224609375" lon="-4.35917194001376628875732421875">
        <ele>19.799999237060546875</ele>
        <time>2026-08-08T13:47:49.000Z</time>
      </trkpt>
      <trkpt lat="57.87767029367387294769287109375" lon="-4.35893238522112369537353515625">
        <ele>19.6000003814697265625</ele>
        <time>2026-08-08T13:47:54.000Z</time>
      </trkpt>
      <trkpt lat="57.87736938335001468658447265625" lon="-4.35862460173666477203369140625">
        <ele>19.6000003814697265625</ele>
        <time>2026-08-08T13:48:00.000Z</time>
      </trkpt>
      <trkpt lat="57.87709328345954418182373046875" lon="-4.358374066650867462158203125">
        <ele>19.200000762939453125</ele>
        <time>2026-08-08T13:48:05.000Z</time>
      </trkpt>
      <trkpt lat="57.87682808004319667816162109375" lon="-4.3581492640078067779541015625">
        <ele>18</ele>
        <time>2026-08-08T13:48:09.000Z</time>
      </trkpt>
      <trkpt lat="57.876762449741363525390625" lon="-4.35809235088527202606201171875">
        <ele>17.799999237060546875</ele>
        <time>2026-08-08T13:48:10.000Z</time>
      </trkpt>
      <trkpt lat="57.8764266707003116607666015625" lon="-4.35776243917644023895263671875">
        <ele>17</ele>
        <time>2026-08-08T13:48:15.000Z</time>
      </trkpt>
      <trkpt lat="57.876172028481960296630859375" lon="-4.35745968483388423919677734375">
        <ele>16.3999996185302734375</ele>
        <time>2026-08-08T13:48:19.000Z</time>
      </trkpt>
      <trkpt lat="57.87604856304824352264404296875" lon="-4.35730495490133762359619140625">
        <ele>16</ele>
        <time>2026-08-08T13:48:21.000Z</time>
      </trkpt>
      <trkpt lat="57.8757443837821483612060546875" lon="-4.356882758438587188720703125">
        <ele>15.6000003814697265625</ele>
        <time>2026-08-08T13:48:26.000Z</time>
      </trkpt>
      <trkpt lat="57.87537516094744205474853515625" lon="-4.3562633357942104339599609375">
        <ele>15.6000003814697265625</ele>
        <time>2026-08-08T13:48:33.000Z</time>
      </trkpt>
      <trkpt lat="57.8753266297280788421630859375" lon="-4.35616736300289630889892578125">
        <ele>14.3999996185302734375</ele>
        <time>2026-08-08T13:48:34.000Z</time>
      </trkpt>
      <trkpt lat="57.8752243705093860626220703125" lon="-4.3559890799224376678466796875">
        <ele>12.6000003814697265625</ele>
        <time>2026-08-08T13:48:36.000Z</time>
      </trkpt>
      <trkpt lat="57.87512772716581821441650390625" lon="-4.35580509714782238006591796875">
        <ele>11.80000019073486328125</ele>
        <time>2026-08-08T13:48:38.000Z</time>
      </trkpt>
      <trkpt lat="57.8748084604740142822265625" lon="-4.355214424431324005126953125">
        <ele>13.80000019073486328125</ele>
        <time>2026-08-08T13:48:44.000Z</time>
      </trkpt>
      <trkpt lat="57.874707542359828948974609375" lon="-4.355022646486759185791015625">
        <ele>15.19999980926513671875</ele>
        <time>2026-08-08T13:48:46.000Z</time>
      </trkpt>
      <trkpt lat="57.87461156956851482391357421875" lon="-4.35484570451080799102783203125">
        <ele>16</ele>
        <time>2026-08-08T13:48:48.000Z</time>
      </trkpt>
      <trkpt lat="57.87456396035850048065185546875" lon="-4.3547669984400272369384765625">
        <ele>16.3999996185302734375</ele>
        <time>2026-08-08T13:48:49.000Z</time>
      </trkpt>
      <trkpt lat="57.87451542913913726806640625" lon="-4.35469382442533969879150390625">
        <ele>16.799999237060546875</ele>
        <time>2026-08-08T13:48:50.000Z</time>
      </trkpt>
      <trkpt lat="57.87446740083396434783935546875" lon="-4.35462023131549358367919921875">
        <ele>16.799999237060546875</ele>
        <time>2026-08-08T13:48:51.000Z</time>
      </trkpt>
      <trkpt lat="57.87418677471578121185302734375" lon="-4.3542064167559146881103515625">
        <ele>16.799999237060546875</ele>
        <time>2026-08-08T13:48:57.000Z</time>
      </trkpt>
      <trkpt lat="57.87405400536954402923583984375" lon="-4.35402578674256801605224609375">
        <ele>17.200000762939453125</ele>
        <time>2026-08-08T13:49:00.000Z</time>
      </trkpt>
      <trkpt lat="57.8739647381007671356201171875" lon="-4.35391933657228946685791015625">
        <ele>17.6000003814697265625</ele>
        <time>2026-08-08T13:49:02.000Z</time>
      </trkpt>
      <trkpt lat="57.87384127266705036163330078125" lon="-4.35376175679266452789306640625">
        <ele>17.6000003814697265625</ele>
        <time>2026-08-08T13:49:05.000Z</time>
      </trkpt>
      <trkpt lat="57.87357020191848278045654296875" lon="-4.3534822203218936920166015625">
        <ele>17.799999237060546875</ele>
        <time>2026-08-08T13:49:12.000Z</time>
      </trkpt>
      <trkpt lat="57.8733679465949535369873046875" lon="-4.35330829583108425140380859375">
        <ele>18.6000003814697265625</ele>
        <time>2026-08-08T13:49:17.000Z</time>
      </trkpt>
      <trkpt lat="57.873288653790950775146484375" lon="-4.35324492864310741424560546875">
        <ele>18.6000003814697265625</ele>
        <time>2026-08-08T13:49:19.000Z</time>
      </trkpt>
      <trkpt lat="57.873179353773593902587890625" lon="-4.35313981957733631134033203125">
        <ele>19</ele>
        <time>2026-08-08T13:49:22.000Z</time>
      </trkpt>
      <trkpt lat="57.87314155139029026031494140625" lon="-4.35311651788651943206787109375">
        <ele>19</ele>
        <time>2026-08-08T13:49:23.000Z</time>
      </trkpt>
      <trkpt lat="57.87306024692952632904052734375" lon="-4.3530510552227497100830078125">
        <ele>19.200000762939453125</ele>
        <time>2026-08-08T13:49:25.000Z</time>
      </trkpt>
      <trkpt lat="57.8729585744440555572509765625" lon="-4.35294284485280513763427734375">
        <ele>19.6000003814697265625</ele>
        <time>2026-08-08T13:49:28.000Z</time>
      </trkpt>
      <trkpt lat="57.8728341870009899139404296875" lon="-4.3528106622397899627685546875">
        <ele>19.6000003814697265625</ele>
        <time>2026-08-08T13:49:32.000Z</time>
      </trkpt>
      <trkpt lat="57.87270887754857540130615234375" lon="-4.352658279240131378173828125">
        <ele>19.3999996185302734375</ele>
        <time>2026-08-08T13:49:36.000Z</time>
      </trkpt>
      <trkpt lat="57.87264215759932994842529296875" lon="-4.35257236473262310028076171875">
        <ele>19.6000003814697265625</ele>
        <time>2026-08-08T13:49:38.000Z</time>
      </trkpt>
      <trkpt lat="57.87249597720801830291748046875" lon="-4.352369271218776702880859375">
        <ele>19.799999237060546875</ele>
        <time>2026-08-08T13:49:42.000Z</time>
      </trkpt>
      <trkpt lat="57.87242464721202850341796875" lon="-4.35227246023714542388916015625">
        <ele>19.799999237060546875</ele>
        <time>2026-08-08T13:49:44.000Z</time>
      </trkpt>
      <trkpt lat="57.87217310629785060882568359375" lon="-4.3518879823386669158935546875">
        <ele>20</ele>
        <time>2026-08-08T13:49:51.000Z</time>
      </trkpt>
      <trkpt lat="57.87200354039669036865234375" lon="-4.35143074952065944671630859375">
        <ele>19.799999237060546875</ele>
        <time>2026-08-08T13:49:57.000Z</time>
      </trkpt>
      <trkpt lat="57.8719819150865077972412109375" lon="-4.3513515405356884002685546875">
        <ele>20</ele>
        <time>2026-08-08T13:49:58.000Z</time>
      </trkpt>
      <trkpt lat="57.8719192184507846832275390625" lon="-4.35113403014838695526123046875">
        <ele>20.3999996185302734375</ele>
        <time>2026-08-08T13:50:01.000Z</time>
      </trkpt>
      <trkpt lat="57.8718823380768299102783203125" lon="-4.35100377537310123443603515625">
        <ele>20.799999237060546875</ele>
        <time>2026-08-08T13:50:03.000Z</time>
      </trkpt>
      <trkpt lat="57.87184721790254116058349609375" lon="-4.350861199200153350830078125">
        <ele>21.3999996185302734375</ele>
        <time>2026-08-08T13:50:05.000Z</time>
      </trkpt>
      <trkpt lat="57.87176289595663547515869140625" lon="-4.35055701993405818939208984375">
        <ele>20.799999237060546875</ele>
        <time>2026-08-08T13:50:09.000Z</time>
      </trkpt>
      <trkpt lat="57.87162593565881252288818359375" lon="-4.35007958672940731048583984375">
        <ele>20.6000003814697265625</ele>
        <time>2026-08-08T13:50:15.000Z</time>
      </trkpt>
      <trkpt lat="57.87160548381507396697998046875" lon="-4.35000188648700714111328125">
        <ele>20.799999237060546875</ele>
        <time>2026-08-08T13:50:16.000Z</time>
      </trkpt>
      <trkpt lat="57.87143432535231113433837890625" lon="-4.34931733645498752593994140625">
        <ele>21.200000762939453125</ele>
        <time>2026-08-08T13:50:25.000Z</time>
      </trkpt>
      <trkpt lat="57.87138705141842365264892578125" lon="-4.3490921147167682647705078125">
        <ele>22</ele>
        <time>2026-08-08T13:50:28.000Z</time>
      </trkpt>
      <trkpt lat="57.8713713772594928741455078125" lon="-4.34901525266468524932861328125">
        <ele>22.200000762939453125</ele>
        <time>2026-08-08T13:50:29.000Z</time>
      </trkpt>
      <trkpt lat="57.87125512026250362396240234375" lon="-4.34858433902263641357421875">
        <ele>21</ele>
        <time>2026-08-08T13:50:34.000Z</time>
      </trkpt>
      <trkpt lat="57.87122595123946666717529296875" lon="-4.3484832532703876495361328125">
        <ele>21.200000762939453125</ele>
        <time>2026-08-08T13:50:35.000Z</time>
      </trkpt>
      <trkpt lat="57.87120616994798183441162109375" lon="-4.34838593937456607818603515625">
        <ele>21.3999996185302734375</ele>
        <time>2026-08-08T13:50:36.000Z</time>
      </trkpt>
      <trkpt lat="57.87109561264514923095703125" lon="-4.3479012139141559600830078125">
        <ele>21.6000003814697265625</ele>
        <time>2026-08-08T13:50:41.000Z</time>
      </trkpt>
      <trkpt lat="57.87096544168889522552490234375" lon="-4.34733367525041103363037109375">
        <ele>21.799999237060546875</ele>
        <time>2026-08-08T13:50:47.000Z</time>
      </trkpt>
      <trkpt lat="57.8708781860768795013427734375" lon="-4.346931762993335723876953125">
        <ele>21.6000003814697265625</ele>
        <time>2026-08-08T13:50:51.000Z</time>
      </trkpt>
      <trkpt lat="57.87081439979374408721923828125" lon="-4.34662138111889362335205078125">
        <ele>21.200000762939453125</ele>
        <time>2026-08-08T13:50:54.000Z</time>
      </trkpt>
      <trkpt lat="57.870635949075222015380859375" lon="-4.345769025385379791259765625">
        <ele>21.6000003814697265625</ele>
        <time>2026-08-08T13:51:03.000Z</time>
      </trkpt>
      <trkpt lat="57.87050745449960231781005859375" lon="-4.3452562205493450164794921875">
        <ele>21.200000762939453125</ele>
        <time>2026-08-08T13:51:09.000Z</time>
      </trkpt>
      <trkpt lat="57.8704570792615413665771484375" lon="-4.3450701422989368438720703125">
        <ele>20.6000003814697265625</ele>
        <time>2026-08-08T13:51:11.000Z</time>
      </trkpt>
      <trkpt lat="57.8703256510198116302490234375" lon="-4.344582818448543548583984375">
        <ele>21</ele>
        <time>2026-08-08T13:51:16.000Z</time>
      </trkpt>
      <trkpt lat="57.8701553307473659515380859375" lon="-4.34384847991168498992919921875">
        <ele>20.6000003814697265625</ele>
        <time>2026-08-08T13:51:23.000Z</time>
      </trkpt>
      <trkpt lat="57.87007092498242855072021484375" lon="-4.34351504780352115631103515625">
        <ele>20.3999996185302734375</ele>
        <time>2026-08-08T13:51:26.000Z</time>
      </trkpt>
      <trkpt lat="57.8698817454278469085693359375" lon="-4.34276168234646320343017578125">
        <ele>19.799999237060546875</ele>
        <time>2026-08-08T13:51:33.000Z</time>
      </trkpt>
      <trkpt lat="57.86977672018110752105712890625" lon="-4.34234878979623317718505859375">
        <ele>19.6000003814697265625</ele>
        <time>2026-08-08T13:51:37.000Z</time>
      </trkpt>
      <trkpt lat="57.86972324363887310028076171875" lon="-4.34214594773948192596435546875">
        <ele>19.799999237060546875</ele>
        <time>2026-08-08T13:51:39.000Z</time>
      </trkpt>
      <trkpt lat="57.8695937432348728179931640625" lon="-4.34159944765269756317138671875">
        <ele>19.799999237060546875</ele>
        <time>2026-08-08T13:51:44.000Z</time>
      </trkpt>
      <trkpt lat="57.86935628391802310943603515625" lon="-4.3406807072460651397705078125">
        <ele>19.200000762939453125</ele>
        <time>2026-08-08T13:51:53.000Z</time>
      </trkpt>
      <trkpt lat="57.8691743128001689910888671875" lon="-4.33999188244342803955078125">
        <ele>18.799999237060546875</ele>
        <time>2026-08-08T13:52:00.000Z</time>
      </trkpt>
      <trkpt lat="57.86904682405292987823486328125" lon="-4.33949676342308521270751953125">
        <ele>18.3999996185302734375</ele>
        <time>2026-08-08T13:52:05.000Z</time>
      </trkpt>
      <trkpt lat="57.86893819458782672882080078125" lon="-4.33911153115332126617431640625">
        <ele>18.3999996185302734375</ele>
        <time>2026-08-08T13:52:09.000Z</time>
      </trkpt>
      <trkpt lat="57.8688633441925048828125" lon="-4.338833503425121307373046875">
        <ele>17.200000762939453125</ele>
        <time>2026-08-08T13:52:12.000Z</time>
      </trkpt>
      <trkpt lat="57.86877390928566455841064453125" lon="-4.338541813194751739501953125">
        <ele>15.80000019073486328125</ele>
        <time>2026-08-08T13:52:15.000Z</time>
      </trkpt>
      <trkpt lat="57.86874457262456417083740234375" lon="-4.338449276983737945556640625">
        <ele>15.19999980926513671875</ele>
        <time>2026-08-08T13:52:16.000Z</time>
      </trkpt>
      <trkpt lat="57.86858263425529003143310546875" lon="-4.3379482068121433258056640625">
        <ele>16</ele>
        <time>2026-08-08T13:52:21.000Z</time>
      </trkpt>
      <trkpt lat="57.86854625679552555084228515625" lon="-4.3378521502017974853515625">
        <ele>17</ele>
        <time>2026-08-08T13:52:22.000Z</time>
      </trkpt>
      <trkpt lat="57.86850996315479278564453125" lon="-4.33775366283953189849853515625">
        <ele>17.6000003814697265625</ele>
        <time>2026-08-08T13:52:23.000Z</time>
      </trkpt>
      <trkpt lat="57.86847031675279140472412109375" lon="-4.33765324763953685760498046875">
        <ele>18</ele>
        <time>2026-08-08T13:52:24.000Z</time>
      </trkpt>
      <trkpt lat="57.86831550300121307373046875" lon="-4.33724354021251201629638671875">
        <ele>16.799999237060546875</ele>
        <time>2026-08-08T13:52:28.000Z</time>
      </trkpt>
      <trkpt lat="57.86823864094913005828857421875" lon="-4.33703566901385784149169921875">
        <ele>16.799999237060546875</ele>
        <time>2026-08-08T13:52:30.000Z</time>
      </trkpt>
      <trkpt lat="57.86812112666666507720947265625" lon="-4.3366999737918376922607421875">
        <ele>15.80000019073486328125</ele>
        <time>2026-08-08T13:52:33.000Z</time>
      </trkpt>
      <trkpt lat="57.86790101788938045501708984375" lon="-4.33615104295313358306884765625">
        <ele>15.19999980926513671875</ele>
        <time>2026-08-08T13:52:38.000Z</time>
      </trkpt>
      <trkpt lat="57.86773757077753543853759765625" lon="-4.3357266671955585479736328125">
        <ele>14.3999996185302734375</ele>
        <time>2026-08-08T13:52:42.000Z</time>
      </trkpt>
      <trkpt lat="57.86770136095583438873291015625" lon="-4.33562457561492919921875">
        <ele>13.80000019073486328125</ele>
        <time>2026-08-08T13:52:43.000Z</time>
      </trkpt>
      <trkpt lat="57.867553420364856719970703125" lon="-4.3351939134299755096435546875">
        <ele>14.6000003814697265625</ele>
        <time>2026-08-08T13:52:47.000Z</time>
      </trkpt>
      <trkpt lat="57.86738888360559940338134765625" lon="-4.33477993123233318328857421875">
        <ele>14.80000019073486328125</ele>
        <time>2026-08-08T13:52:51.000Z</time>
      </trkpt>
      <trkpt lat="57.8673527576029300689697265625" lon="-4.33467230759561061859130859375">
        <ele>14.6000003814697265625</ele>
        <time>2026-08-08T13:52:52.000Z</time>
      </trkpt>
      <trkpt lat="57.8671975247561931610107421875" lon="-4.334252960979938507080078125">
        <ele>14.80000019073486328125</ele>
        <time>2026-08-08T13:52:56.000Z</time>
      </trkpt>
      <trkpt lat="57.86705595441162586212158203125" lon="-4.33389580808579921722412109375">
        <ele>14.80000019073486328125</ele>
        <time>2026-08-08T13:53:00.000Z</time>
      </trkpt>
      <trkpt lat="57.8668491728603839874267578125" lon="-4.333324916660785675048828125">
        <ele>15.3999996185302734375</ele>
        <time>2026-08-08T13:53:06.000Z</time>
      </trkpt>
      <trkpt lat="57.86673576571047306060791015625" lon="-4.3330260179936885833740234375">
        <ele>15</ele>
        <time>2026-08-08T13:53:09.000Z</time>
      </trkpt>
      <trkpt lat="57.86651079542934894561767578125" lon="-4.33248060755431652069091796875">
        <ele>14.80000019073486328125</ele>
        <time>2026-08-08T13:53:15.000Z</time>
      </trkpt>
      <trkpt lat="57.8664739988744258880615234375" lon="-4.33239293284714221954345703125">
        <ele>15</ele>
        <time>2026-08-08T13:53:16.000Z</time>
      </trkpt>
      <trkpt lat="57.8664384596049785614013671875" lon="-4.332304336130619049072265625">
        <ele>15.19999980926513671875</ele>
        <time>2026-08-08T13:53:17.000Z</time>
      </trkpt>
      <trkpt lat="57.86640400998294353485107421875" lon="-4.33220945298671722412109375">
        <ele>15.19999980926513671875</ele>
        <time>2026-08-08T13:53:18.000Z</time>
      </trkpt>
      <trkpt lat="57.866256237030029296875" lon="-4.3318287469446659088134765625">
        <ele>15.19999980926513671875</ele>
        <time>2026-08-08T13:53:22.000Z</time>
      </trkpt>
      <trkpt lat="57.8660589270293712615966796875" lon="-4.3313432671129703521728515625">
        <ele>14.80000019073486328125</ele>
        <time>2026-08-08T13:53:27.000Z</time>
      </trkpt>
      <trkpt lat="57.8659144230186939239501953125" lon="-4.3309741280972957611083984375">
        <ele>15.19999980926513671875</ele>
        <time>2026-08-08T13:53:31.000Z</time>
      </trkpt>
      <trkpt lat="57.8657149337232112884521484375" lon="-4.33045662939548492431640625">
        <ele>16.3999996185302734375</ele>
        <time>2026-08-08T13:53:37.000Z</time>
      </trkpt>
      <trkpt lat="57.86554486490786075592041015625" lon="-4.33002286590635776519775390625">
        <ele>17.3999996185302734375</ele>
        <time>2026-08-08T13:53:43.000Z</time>
      </trkpt>
      <trkpt lat="57.865515612065792083740234375" lon="-4.32995279319584369659423828125">
        <ele>17.3999996185302734375</ele>
        <time>2026-08-08T13:53:44.000Z</time>
      </trkpt>
      <trkpt lat="57.86533649079501628875732421875" lon="-4.32955347932875156402587890625">
        <ele>18</ele>
        <time>2026-08-08T13:53:50.000Z</time>
      </trkpt>
      <trkpt lat="57.86523624323308467864990234375" lon="-4.3292771279811859130859375">
        <ele>18.6000003814697265625</ele>
        <time>2026-08-08T13:53:54.000Z</time>
      </trkpt>
      <trkpt lat="57.86520757712423801422119140625" lon="-4.3292021937668323516845703125">
        <ele>18.3999996185302734375</ele>
        <time>2026-08-08T13:53:55.000Z</time>
      </trkpt>
      <trkpt lat="57.865041196346282958984375" lon="-4.3288184702396392822265625">
        <ele>18</ele>
        <time>2026-08-08T13:54:00.000Z</time>
      </trkpt>
      <trkpt lat="57.86488772369921207427978515625" lon="-4.328489564359188079833984375">
        <ele>17.3999996185302734375</ele>
        <time>2026-08-08T13:54:04.000Z</time>
      </trkpt>
      <trkpt lat="57.86484464071691036224365234375" lon="-4.32840180583298206329345703125">
        <ele>17.3999996185302734375</ele>
        <time>2026-08-08T13:54:05.000Z</time>
      </trkpt>
      <trkpt lat="57.86462537012994289398193359375" lon="-4.3278577364981174468994140625">
        <ele>17.200000762939453125</ele>
        <time>2026-08-08T13:54:11.000Z</time>
      </trkpt>
      <trkpt lat="57.86443158052861690521240234375" lon="-4.32730679400265216827392578125">
        <ele>17.6000003814697265625</ele>
        <time>2026-08-08T13:54:17.000Z</time>
      </trkpt>
      <trkpt lat="57.86426444537937641143798828125" lon="-4.3267560191452503204345703125">
        <ele>18.200000762939453125</ele>
        <time>2026-08-08T13:54:23.000Z</time>
      </trkpt>
      <trkpt lat="57.8642356954514980316162109375" lon="-4.32665635831654071807861328125">
        <ele>18.200000762939453125</ele>
        <time>2026-08-08T13:54:24.000Z</time>
      </trkpt>
      <trkpt lat="57.8641605935990810394287109375" lon="-4.32635041885077953338623046875">
        <ele>17.3999996185302734375</ele>
        <time>2026-08-08T13:54:27.000Z</time>
      </trkpt>
      <trkpt lat="57.8640864975750446319580078125" lon="-4.32601816020905971527099609375">
        <ele>17</ele>
        <time>2026-08-08T13:54:30.000Z</time>
      </trkpt>
      <trkpt lat="57.8639527224004268646240234375" lon="-4.3254618532955646514892578125">
        <ele>16.200000762939453125</ele>
        <time>2026-08-08T13:54:35.000Z</time>
      </trkpt>
      <trkpt lat="57.8639027662575244903564453125" lon="-4.32523780502378940582275390625">
        <ele>16.200000762939453125</ele>
        <time>2026-08-08T13:54:37.000Z</time>
      </trkpt>
      <trkpt lat="57.863853983581066131591796875" lon="-4.32500503957271575927734375">
        <ele>16.3999996185302734375</ele>
        <time>2026-08-08T13:54:39.000Z</time>
      </trkpt>
      <trkpt lat="57.86378315649926662445068359375" lon="-4.32468191720545291900634765625">
        <ele>16.799999237060546875</ele>
        <time>2026-08-08T13:54:42.000Z</time>
      </trkpt>
      <trkpt lat="57.8637089766561985015869140625" lon="-4.3243651650846004486083984375">
        <ele>17.3999996185302734375</ele>
        <time>2026-08-08T13:54:45.000Z</time>
      </trkpt>
      <trkpt lat="57.86359556950628757476806640625" lon="-4.32394581846892833709716796875">
        <ele>16.799999237060546875</ele>
        <time>2026-08-08T13:54:49.000Z</time>
      </trkpt>
      <trkpt lat="57.86344301886856555938720703125" lon="-4.32343167252838611602783203125">
        <ele>16.200000762939453125</ele>
        <time>2026-08-08T13:54:54.000Z</time>
      </trkpt>
      <trkpt lat="57.86328828893601894378662109375" lon="-4.32290931232273578643798828125">
        <ele>17</ele>
        <time>2026-08-08T13:54:59.000Z</time>
      </trkpt>
      <trkpt lat="57.8630575351417064666748046875" lon="-4.3221442960202693939208984375">
        <ele>16.799999237060546875</ele>
        <time>2026-08-08T13:55:06.000Z</time>
      </trkpt>
      <trkpt lat="57.86296072416007518768310546875" lon="-4.32179619558155536651611328125">
        <ele>16.200000762939453125</ele>
        <time>2026-08-08T13:55:09.000Z</time>
      </trkpt>
      <trkpt lat="57.86287372000515460968017578125" lon="-4.3214182555675506591796875">
        <ele>15.80000019073486328125</ele>
        <time>2026-08-08T13:55:12.000Z</time>
      </trkpt>
      <trkpt lat="57.86284958012402057647705078125" lon="-4.32128624059259891510009765625">
        <ele>15.6000003814697265625</ele>
        <time>2026-08-08T13:55:13.000Z</time>
      </trkpt>
      <trkpt lat="57.8627135418355464935302734375" lon="-4.32044520042836666107177734375">
        <ele>16</ele>
        <time>2026-08-08T13:55:20.000Z</time>
      </trkpt>
      <trkpt lat="57.8626273758709430694580078125" lon="-4.31989886797964572906494140625">
        <ele>16.799999237060546875</ele>
        <time>2026-08-08T13:55:25.000Z</time>
      </trkpt>
      <trkpt lat="57.86254280246794223785400390625" lon="-4.3195988796651363372802734375">
        <ele>16.6000003814697265625</ele>
        <time>2026-08-08T13:55:28.000Z</time>
      </trkpt>
      <trkpt lat="57.8623735718429088592529296875" lon="-4.3191529624164104461669921875">
        <ele>14.80000019073486328125</ele>
        <time>2026-08-08T13:55:32.000Z</time>
      </trkpt>
      <trkpt lat="57.86232755519449710845947265625" lon="-4.31902530603110790252685546875">
        <ele>14.80000019073486328125</ele>
        <time>2026-08-08T13:55:33.000Z</time>
      </trkpt>
      <trkpt lat="57.8622307442128658294677734375" lon="-4.31874501518905162811279296875">
        <ele>13</ele>
        <time>2026-08-08T13:55:35.000Z</time>
      </trkpt>
      <trkpt lat="57.862109206616878509521484375" lon="-4.31829507462680339813232421875">
        <ele>12</ele>
        <time>2026-08-08T13:55:38.000Z</time>
      </trkpt>
      <trkpt lat="57.862061597406864166259765625" lon="-4.318152330815792083740234375">
        <ele>12</ele>
        <time>2026-08-08T13:55:39.000Z</time>
      </trkpt>
      <trkpt lat="57.86191365681588649749755859375" lon="-4.31776307523250579833984375">
        <ele>11.6000003814697265625</ele>
        <time>2026-08-08T13:55:42.000Z</time>
      </trkpt>
      <trkpt lat="57.8618005849421024322509765625" lon="-4.31754271499812602996826171875">
        <ele>11</ele>
        <time>2026-08-08T13:55:44.000Z</time>
      </trkpt>
      <trkpt lat="57.8617388941347599029541015625" lon="-4.31744389235973358154296875">
        <ele>10.80000019073486328125</ele>
        <time>2026-08-08T13:55:45.000Z</time>
      </trkpt>
      <trkpt lat="57.8616715036332607269287109375" lon="-4.31735143996775150299072265625">
        <ele>10.6000003814697265625</ele>
        <time>2026-08-08T13:55:46.000Z</time>
      </trkpt>
      <trkpt lat="57.86139900796115398406982421875" lon="-4.3170799501240253448486328125">
        <ele>9.3999996185302734375</ele>
        <time>2026-08-08T13:55:50.000Z</time>
      </trkpt>
      <trkpt lat="57.861170433461666107177734375" lon="-4.31678934954106807708740234375">
        <ele>9.80000019073486328125</ele>
        <time>2026-08-08T13:55:54.000Z</time>
      </trkpt>
      <trkpt lat="57.8609121032059192657470703125" lon="-4.31642591021955013275146484375">
        <ele>10.3999996185302734375</ele>
        <time>2026-08-08T13:55:59.000Z</time>
      </trkpt>
      <trkpt lat="57.860867343842983245849609375" lon="-4.3163569271564483642578125">
        <ele>10.6000003814697265625</ele>
        <time>2026-08-08T13:56:00.000Z</time>
      </trkpt>
      <trkpt lat="57.86069258116185665130615234375" lon="-4.31601352058351039886474609375">
        <ele>9.19999980926513671875</ele>
        <time>2026-08-08T13:56:04.000Z</time>
      </trkpt>
      <trkpt lat="57.860653437674045562744140625" lon="-4.31591930799186229705810546875">
        <ele>9</ele>
        <time>2026-08-08T13:56:05.000Z</time>
      </trkpt>
      <trkpt lat="57.86047632806003093719482421875" lon="-4.31543382816016674041748046875">
        <ele>10.19999980926513671875</ele>
        <time>2026-08-08T13:56:10.000Z</time>
      </trkpt>
      <trkpt lat="57.86036971025168895721435546875" lon="-4.31508547626435756683349609375">
        <ele>10.6000003814697265625</ele>
        <time>2026-08-08T13:56:14.000Z</time>
      </trkpt>
      <trkpt lat="57.8603153117001056671142578125" lon="-4.3149382062256336212158203125">
        <ele>10.80000019073486328125</ele>
        <time>2026-08-08T13:56:16.000Z</time>
      </trkpt>
      <trkpt lat="57.86024951376020908355712890625" lon="-4.314800240099430084228515625">
        <ele>11.3999996185302734375</ele>
        <time>2026-08-08T13:56:18.000Z</time>
      </trkpt>
      <trkpt lat="57.86020995117723941802978515625" lon="-4.3147390522062778472900390625">
        <ele>11.80000019073486328125</ele>
        <time>2026-08-08T13:56:19.000Z</time>
      </trkpt>
      <trkpt lat="57.86006863228976726531982421875" lon="-4.3144772015511989593505859375">
        <ele>12.6000003814697265625</ele>
        <time>2026-08-08T13:56:23.000Z</time>
      </trkpt>
      <trkpt lat="57.860030829906463623046875" lon="-4.31440838612616062164306640625">
        <ele>12.80000019073486328125</ele>
        <time>2026-08-08T13:56:24.000Z</time>
      </trkpt>
      <trkpt lat="57.859993278980255126953125" lon="-4.31434116326272487640380859375">
        <ele>13</ele>
        <time>2026-08-08T13:56:25.000Z</time>
      </trkpt>
      <trkpt lat="57.85991507582366466522216796875" lon="-4.3142099864780902862548828125">
        <ele>13</ele>
        <time>2026-08-08T13:56:27.000Z</time>
      </trkpt>
      <trkpt lat="57.8597545623779296875" lon="-4.313987195491790771484375">
        <ele>13</ele>
        <time>2026-08-08T13:56:31.000Z</time>
      </trkpt>
      <trkpt lat="57.859719358384609222412109375" lon="-4.31392558850347995758056640625">
        <ele>13.3999996185302734375</ele>
        <time>2026-08-08T13:56:32.000Z</time>
      </trkpt>
      <trkpt lat="57.8596829809248447418212890625" lon="-4.313864149153232574462890625">
        <ele>14</ele>
        <time>2026-08-08T13:56:33.000Z</time>
      </trkpt>
      <trkpt lat="57.85940797068178653717041015625" lon="-4.31343474425375461578369140625">
        <ele>14.19999980926513671875</ele>
        <time>2026-08-08T13:56:40.000Z</time>
      </trkpt>
      <trkpt lat="57.85936958156526088714599609375" lon="-4.3133741430938243865966796875">
        <ele>14.19999980926513671875</ele>
        <time>2026-08-08T13:56:41.000Z</time>
      </trkpt>
      <trkpt lat="57.859190963208675384521484375" lon="-4.31306526996195316314697265625">
        <ele>14.6000003814697265625</ele>
        <time>2026-08-08T13:56:46.000Z</time>
      </trkpt>
      <trkpt lat="57.85908845253288745880126953125" lon="-4.312889166176319122314453125">
        <ele>15</ele>
        <time>2026-08-08T13:56:49.000Z</time>
      </trkpt>
      <trkpt lat="57.859019972383975982666015625" lon="-4.31278598494827747344970703125">
        <ele>15.19999980926513671875</ele>
        <time>2026-08-08T13:56:51.000Z</time>
      </trkpt>
      <trkpt lat="57.85891846753656864166259765625" lon="-4.312635026872158050537109375">
        <ele>15.80000019073486328125</ele>
        <time>2026-08-08T13:56:54.000Z</time>
      </trkpt>
      <trkpt lat="57.85888351500034332275390625" lon="-4.31258498691022396087646484375">
        <ele>16</ele>
        <time>2026-08-08T13:56:55.000Z</time>
      </trkpt>
      <trkpt lat="57.85884403623640537261962890625" lon="-4.312539137899875640869140625">
        <ele>16.200000762939453125</ele>
        <time>2026-08-08T13:56:56.000Z</time>
      </trkpt>
      <trkpt lat="57.8587334789335727691650390625" lon="-4.3124113976955413818359375">
        <ele>16.3999996185302734375</ele>
        <time>2026-08-08T13:56:59.000Z</time>
      </trkpt>
      <trkpt lat="57.8586097620427608489990234375" lon="-4.31231743656098842620849609375">
        <ele>16.200000762939453125</ele>
        <time>2026-08-08T13:57:02.000Z</time>
      </trkpt>
      <trkpt lat="57.85839778371155261993408203125" lon="-4.31219422258436679840087890625">
        <ele>16</ele>
        <time>2026-08-08T13:57:07.000Z</time>
      </trkpt>
      <trkpt lat="57.858205251395702362060546875" lon="-4.31213756091892719268798828125">
        <ele>15.19999980926513671875</ele>
        <time>2026-08-08T13:57:11.000Z</time>
      </trkpt>
      <trkpt lat="57.8581088595092296600341796875" lon="-4.31211694143712520599365234375">
        <ele>15.3999996185302734375</ele>
        <time>2026-08-08T13:57:13.000Z</time>
      </trkpt>
      <trkpt lat="57.857871316373348236083984375" lon="-4.31205994449555873870849609375">
        <ele>16.200000762939453125</ele>
        <time>2026-08-08T13:57:18.000Z</time>
      </trkpt>
      <trkpt lat="57.85772806964814662933349609375" lon="-4.312034882605075836181640625">
        <ele>17</ele>
        <time>2026-08-08T13:57:21.000Z</time>
      </trkpt>
      <trkpt lat="57.8576317615807056427001953125" lon="-4.312013089656829833984375">
        <ele>17.3999996185302734375</ele>
        <time>2026-08-08T13:57:23.000Z</time>
      </trkpt>
      <trkpt lat="57.85741609521210193634033203125" lon="-4.31194963864982128143310546875">
        <ele>18.3999996185302734375</ele>
        <time>2026-08-08T13:57:28.000Z</time>
      </trkpt>
      <trkpt lat="57.857377119362354278564453125" lon="-4.31193061172962188720703125">
        <ele>18.6000003814697265625</ele>
        <time>2026-08-08T13:57:29.000Z</time>
      </trkpt>
      <trkpt lat="57.857222892343997955322265625" lon="-4.3118677474558353424072265625">
        <ele>19.3999996185302734375</ele>
        <time>2026-08-08T13:57:33.000Z</time>
      </trkpt>
      <trkpt lat="57.85710797645151615142822265625" lon="-4.31179574690759181976318359375">
        <ele>19.799999237060546875</ele>
        <time>2026-08-08T13:57:36.000Z</time>
      </trkpt>
      <trkpt lat="57.85680924542248249053955078125" lon="-4.31163749657571315765380859375">
        <ele>20.3999996185302734375</ele>
        <time>2026-08-08T13:57:43.000Z</time>
      </trkpt>
      <trkpt lat="57.856673039495944976806640625" lon="-4.31151813827455043792724609375">
        <ele>20.6000003814697265625</ele>
        <time>2026-08-08T13:57:46.000Z</time>
      </trkpt>
      <trkpt lat="57.85662970505654811859130859375" lon="-4.31147656403481960296630859375">
        <ele>20.799999237060546875</ele>
        <time>2026-08-08T13:57:47.000Z</time>
      </trkpt>
      <trkpt lat="57.8565883822739124298095703125" lon="-4.3114218302071094512939453125">
        <ele>20.6000003814697265625</ele>
        <time>2026-08-08T13:57:48.000Z</time>
      </trkpt>
      <trkpt lat="57.85651017911732196807861328125" lon="-4.31129316799342632293701171875">
        <ele>20.6000003814697265625</ele>
        <time>2026-08-08T13:57:50.000Z</time>
      </trkpt>
      <trkpt lat="57.85629652440547943115234375" lon="-4.31079335510730743408203125">
        <ele>20.200000762939453125</ele>
        <time>2026-08-08T13:57:56.000Z</time>
      </trkpt>
      <trkpt lat="57.85616241395473480224609375" lon="-4.31041650474071502685546875">
        <ele>20.200000762939453125</ele>
        <time>2026-08-08T13:58:00.000Z</time>
      </trkpt>
      <trkpt lat="57.85610139369964599609375" lon="-4.3102289177477359771728515625">
        <ele>20.3999996185302734375</ele>
        <time>2026-08-08T13:58:02.000Z</time>
      </trkpt>
      <trkpt lat="57.855964936316013336181640625" lon="-4.30982231162488460540771484375">
        <ele>21.200000762939453125</ele>
        <time>2026-08-08T13:58:07.000Z</time>
      </trkpt>
      <trkpt lat="57.8558866493403911590576171875" lon="-4.30959013290703296661376953125">
        <ele>21.6000003814697265625</ele>
        <time>2026-08-08T13:58:10.000Z</time>
      </trkpt>
      <trkpt lat="57.8558383695781230926513671875" lon="-4.309445209801197052001953125">
        <ele>21.6000003814697265625</ele>
        <time>2026-08-08T13:58:12.000Z</time>
      </trkpt>
      <trkpt lat="57.8557109646499156951904296875" lon="-4.308998622000217437744140625">
        <ele>22.6000003814697265625</ele>
        <time>2026-08-08T13:58:18.000Z</time>
      </trkpt>
      <trkpt lat="57.85566947422921657562255859375" lon="-4.30885956622660160064697265625">
        <ele>22.200000762939453125</ele>
        <time>2026-08-08T13:58:20.000Z</time>
      </trkpt>
      <trkpt lat="57.85560979507863521575927734375" lon="-4.308666698634624481201171875">
        <ele>21.799999237060546875</ele>
        <time>2026-08-08T13:58:23.000Z</time>
      </trkpt>
      <trkpt lat="57.85553100518882274627685546875" lon="-4.3084117211401462554931640625">
        <ele>22.799999237060546875</ele>
        <time>2026-08-08T13:58:27.000Z</time>
      </trkpt>
      <trkpt lat="57.85546462051570415496826171875" lon="-4.3082115612924098968505859375">
        <ele>23</ele>
        <time>2026-08-08T13:58:30.000Z</time>
      </trkpt>
      <trkpt lat="57.85534291528165340423583984375" lon="-4.3077532388269901275634765625">
        <ele>23.200000762939453125</ele>
        <time>2026-08-08T13:58:36.000Z</time>
      </trkpt>
      <trkpt lat="57.85525255836546421051025390625" lon="-4.307504631578922271728515625">
        <ele>24</ele>
        <time>2026-08-08T13:58:39.000Z</time>
      </trkpt>
      <trkpt lat="57.85519723780453205108642578125" lon="-4.307333640754222869873046875">
        <ele>24.6000003814697265625</ele>
        <time>2026-08-08T13:58:41.000Z</time>
      </trkpt>
      <trkpt lat="57.855171672999858856201171875" lon="-4.30724504403769969940185546875">
        <ele>24.6000003814697265625</ele>
        <time>2026-08-08T13:58:42.000Z</time>
      </trkpt>
      <trkpt lat="57.8551299311220645904541015625" lon="-4.30705837905406951904296875">
        <ele>24.3999996185302734375</ele>
        <time>2026-08-08T13:58:44.000Z</time>
      </trkpt>
      <trkpt lat="57.85506715066730976104736328125" lon="-4.30666501633822917938232421875">
        <ele>24.3999996185302734375</ele>
        <time>2026-08-08T13:58:48.000Z</time>
      </trkpt>
      <trkpt lat="57.8550253249704837799072265625" lon="-4.3063055165112018585205078125">
        <ele>25</ele>
        <time>2026-08-08T13:58:52.000Z</time>
      </trkpt>
      <trkpt lat="57.85501979291439056396484375" lon="-4.30622412823140621185302734375">
        <ele>25.200000762939453125</ele>
        <time>2026-08-08T13:58:53.000Z</time>
      </trkpt>
      <trkpt lat="57.854979224503040313720703125" lon="-4.3059276603162288665771484375">
        <ele>25.3999996185302734375</ele>
        <time>2026-08-08T13:58:56.000Z</time>
      </trkpt>
      <trkpt lat="57.854953743517398834228515625" lon="-4.3058240599930286407470703125">
        <ele>25.3999996185302734375</ele>
        <time>2026-08-08T13:58:57.000Z</time>
      </trkpt>
      <trkpt lat="57.85488878376781940460205078125" lon="-4.30563152767717838287353515625">
        <ele>25.3999996185302734375</ele>
        <time>2026-08-08T13:58:59.000Z</time>
      </trkpt>
      <trkpt lat="57.8548228181898593902587890625" lon="-4.30545332841575145721435546875">
        <ele>25.3999996185302734375</ele>
        <time>2026-08-08T13:59:01.000Z</time>
      </trkpt>
      <trkpt lat="57.85478551872074604034423828125" lon="-4.30537453852593898773193359375">
        <ele>25.3999996185302734375</ele>
        <time>2026-08-08T13:59:02.000Z</time>
      </trkpt>
      <trkpt lat="57.85462056286633014678955078125" lon="-4.305100701749324798583984375">
        <ele>24.6000003814697265625</ele>
        <time>2026-08-08T13:59:06.000Z</time>
      </trkpt>
      <trkpt lat="57.8545753844082355499267578125" lon="-4.30504797957837581634521484375">
        <ele>24.6000003814697265625</ele>
        <time>2026-08-08T13:59:07.000Z</time>
      </trkpt>
      <trkpt lat="57.85443062894046306610107421875" lon="-4.30493348278105258941650390625">
        <ele>24.3999996185302734375</ele>
        <time>2026-08-08T13:59:10.000Z</time>
      </trkpt>
      <trkpt lat="57.85422527231276035308837890625" lon="-4.30482049472630023956298828125">
        <ele>24</ele>
        <time>2026-08-08T13:59:14.000Z</time>
      </trkpt>
      <trkpt lat="57.8541713766753673553466796875" lon="-4.304800964891910552978515625">
        <ele>24</ele>
        <time>2026-08-08T13:59:15.000Z</time>
      </trkpt>
      <trkpt lat="57.85406752489507198333740234375" lon="-4.30473851971328258514404296875">
        <ele>23.799999237060546875</ele>
        <time>2026-08-08T13:59:17.000Z</time>
      </trkpt>
      <trkpt lat="57.8539158962666988372802734375" lon="-4.30464765988290309906005859375">
        <ele>24.200000762939453125</ele>
        <time>2026-08-08T13:59:20.000Z</time>
      </trkpt>
      <trkpt lat="57.85373057238757610321044921875" lon="-4.3044801056385040283203125">
        <ele>25</ele>
        <time>2026-08-08T13:59:24.000Z</time>
      </trkpt>
      <trkpt lat="57.853606604039669036865234375" lon="-4.304360412061214447021484375">
        <ele>26.200000762939453125</ele>
        <time>2026-08-08T13:59:27.000Z</time>
      </trkpt>
      <trkpt lat="57.853528819978237152099609375" lon="-4.304261840879917144775390625">
        <ele>26.799999237060546875</ele>
        <time>2026-08-08T13:59:29.000Z</time>
      </trkpt>
      <trkpt lat="57.85349722020328044891357421875" lon="-4.304194785654544830322265625">
        <ele>27</ele>
        <time>2026-08-08T13:59:30.000Z</time>
      </trkpt>
      <trkpt lat="57.8533985652029514312744140625" lon="-4.30397459305822849273681640625">
        <ele>27.200000762939453125</ele>
        <time>2026-08-08T13:59:33.000Z</time>
      </trkpt>
      <trkpt lat="57.853331677615642547607421875" lon="-4.3038268201053142547607421875">
        <ele>27.799999237060546875</ele>
        <time>2026-08-08T13:59:35.000Z</time>
      </trkpt>
      <trkpt lat="57.853269986808300018310546875" lon="-4.30368441157042980194091796875">
        <ele>28</ele>
        <time>2026-08-08T13:59:37.000Z</time>
      </trkpt>
      <trkpt lat="57.85318390466272830963134765625" lon="-4.3034546636044979095458984375">
        <ele>28.200000762939453125</ele>
        <time>2026-08-08T13:59:40.000Z</time>
      </trkpt>
      <trkpt lat="57.85315775312483310699462890625" lon="-4.30337168276309967041015625">
        <ele>28.3999996185302734375</ele>
        <time>2026-08-08T13:59:41.000Z</time>
      </trkpt>
      <trkpt lat="57.85308382473886013031005859375" lon="-4.30317060090601444244384765625">
        <ele>29</ele>
        <time>2026-08-08T13:59:44.000Z</time>
      </trkpt>
      <trkpt lat="57.853066138923168182373046875" lon="-4.3031103350222110748291015625">
        <ele>29.3999996185302734375</ele>
        <time>2026-08-08T13:59:45.000Z</time>
      </trkpt>
      <trkpt lat="57.85296857357025146484375" lon="-4.302825517952442169189453125">
        <ele>30.3999996185302734375</ele>
        <time>2026-08-08T13:59:50.000Z</time>
      </trkpt>
      <trkpt lat="57.85286941565573215484619140625" lon="-4.3025355041027069091796875">
        <ele>31</ele>
        <time>2026-08-08T13:59:55.000Z</time>
      </trkpt>
      <trkpt lat="57.85279179923236370086669921875" lon="-4.3023187480866909027099609375">
        <ele>31.3999996185302734375</ele>
        <time>2026-08-08T13:59:59.000Z</time>
      </trkpt>
      <trkpt lat="57.85275072790682315826416015625" lon="-4.3022107891738414764404296875">
        <ele>31.799999237060546875</ele>
        <time>2026-08-08T14:00:01.000Z</time>
      </trkpt>
      <trkpt lat="57.8526284359395503997802734375" lon="-4.301871322095394134521484375">
        <ele>32.200000762939453125</ele>
        <time>2026-08-08T14:00:07.000Z</time>
      </trkpt>
      <trkpt lat="57.852590046823024749755859375" lon="-4.30176747031509876251220703125">
        <ele>32.40000152587890625</ele>
        <time>2026-08-08T14:00:09.000Z</time>
      </trkpt>
      <trkpt lat="57.852571941912174224853515625" lon="-4.3017155863344669342041015625">
        <ele>32.40000152587890625</ele>
        <time>2026-08-08T14:00:10.000Z</time>
      </trkpt>
      <trkpt lat="57.85245099104940891265869140625" lon="-4.30143353529274463653564453125">
        <ele>32.40000152587890625</ele>
        <time>2026-08-08T14:00:16.000Z</time>
      </trkpt>
      <trkpt lat="57.852376811206340789794921875" lon="-4.30124393664300441741943359375">
        <ele>33.40000152587890625</ele>
        <time>2026-08-08T14:00:20.000Z</time>
      </trkpt>
      <trkpt lat="57.85229961387813091278076171875" lon="-4.3010423518717288970947265625">
        <ele>33.40000152587890625</ele>
        <time>2026-08-08T14:00:24.000Z</time>
      </trkpt>
      <trkpt lat="57.85228536464273929595947265625" lon="-4.30098854005336761474609375">
        <ele>33.40000152587890625</ele>
        <time>2026-08-08T14:00:25.000Z</time>
      </trkpt>
      <trkpt lat="57.85223859362304210662841796875" lon="-4.30084294639527797698974609375">
        <ele>33.799999237060546875</ele>
        <time>2026-08-08T14:00:28.000Z</time>
      </trkpt>
      <trkpt lat="57.85217908211052417755126953125" lon="-4.3006343208253383636474609375">
        <ele>34</ele>
        <time>2026-08-08T14:00:32.000Z</time>
      </trkpt>
      <trkpt lat="57.85208554007112979888916015625" lon="-4.300367943942546844482421875">
        <ele>34.40000152587890625</ele>
        <time>2026-08-08T14:00:37.000Z</time>
      </trkpt>
      <trkpt lat="57.85204597748816013336181640625" lon="-4.30027012713253498077392578125">
        <ele>34.59999847412109375</ele>
        <time>2026-08-08T14:00:39.000Z</time>
      </trkpt>
      <trkpt lat="57.85196752287447452545166015625" lon="-4.30000307969748973846435546875">
        <ele>35.200000762939453125</ele>
        <time>2026-08-08T14:00:44.000Z</time>
      </trkpt>
      <trkpt lat="57.85194572992622852325439453125" lon="-4.2998913489282131195068359375">
        <ele>35.59999847412109375</ele>
        <time>2026-08-08T14:00:46.000Z</time>
      </trkpt>
      <trkpt lat="57.8519049100577831268310546875" lon="-4.29972446523606777191162109375">
        <ele>36.200000762939453125</ele>
        <time>2026-08-08T14:00:49.000Z</time>
      </trkpt>
      <trkpt lat="57.85184539854526519775390625" lon="-4.29950083605945110321044921875">
        <ele>36.799999237060546875</ele>
        <time>2026-08-08T14:00:53.000Z</time>
      </trkpt>
      <trkpt lat="57.85182855091989040374755859375" lon="-4.2994447611272335052490234375">
        <ele>36.799999237060546875</ele>
        <time>2026-08-08T14:00:54.000Z</time>
      </trkpt>
      <trkpt lat="57.8517734818160533905029296875" lon="-4.29916639812290668487548828125">
        <ele>37.40000152587890625</ele>
        <time>2026-08-08T14:00:59.000Z</time>
      </trkpt>
      <trkpt lat="57.8517017327249050140380859375" lon="-4.29892416112124919891357421875">
        <ele>37.799999237060546875</ele>
        <time>2026-08-08T14:01:04.000Z</time>
      </trkpt>
      <trkpt lat="57.85168823786079883575439453125" lon="-4.29888661019504070281982421875">
        <ele>37.799999237060546875</ele>
        <time>2026-08-08T14:01:05.000Z</time>
      </trkpt>
      <trkpt lat="57.85158178769052028656005859375" lon="-4.29858301766216754913330078125">
        <ele>38.200000762939453125</ele>
        <time>2026-08-08T14:01:12.000Z</time>
      </trkpt>
      <trkpt lat="57.85153518430888652801513671875" lon="-4.2984654195606708526611328125">
        <ele>38.59999847412109375</ele>
        <time>2026-08-08T14:01:15.000Z</time>
      </trkpt>
      <trkpt lat="57.85150148905813694000244140625" lon="-4.29838738404214382171630859375">
        <ele>38.799999237060546875</ele>
        <time>2026-08-08T14:01:17.000Z</time>
      </trkpt>
      <trkpt lat="57.85145371221005916595458984375" lon="-4.29825746454298496246337890625">
        <ele>39</ele>
        <time>2026-08-08T14:01:20.000Z</time>
      </trkpt>
      <trkpt lat="57.85137869417667388916015625" lon="-4.2980587296187877655029296875">
        <ele>39.799999237060546875</ele>
        <time>2026-08-08T14:01:25.000Z</time>
      </trkpt>
      <trkpt lat="57.85135631449520587921142578125" lon="-4.29800718091428279876708984375">
        <ele>39.799999237060546875</ele>
        <time>2026-08-08T14:01:26.000Z</time>
      </trkpt>
      <trkpt lat="57.85130166448652744293212890625" lon="-4.2978391237556934356689453125">
        <ele>39.799999237060546875</ele>
        <time>2026-08-08T14:01:30.000Z</time>
      </trkpt>
      <trkpt lat="57.85120175220072269439697265625" lon="-4.2976131476461887359619140625">
        <ele>41</ele>
        <time>2026-08-08T14:01:36.000Z</time>
      </trkpt>
      <trkpt lat="57.8511257283389568328857421875" lon="-4.297346435487270355224609375">
        <ele>41.59999847412109375</ele>
        <time>2026-08-08T14:01:42.000Z</time>
      </trkpt>
      <trkpt lat="57.8511129878461360931396484375" lon="-4.29729555733501911163330078125">
        <ele>41.799999237060546875</ele>
        <time>2026-08-08T14:01:43.000Z</time>
      </trkpt>
      <trkpt lat="57.851093709468841552734375" lon="-4.29719095118343830108642578125">
        <ele>42</ele>
        <time>2026-08-08T14:01:45.000Z</time>
      </trkpt>
      <trkpt lat="57.851057834923267364501953125" lon="-4.2969288490712642669677734375">
        <ele>42.59999847412109375</ele>
        <time>2026-08-08T14:01:50.000Z</time>
      </trkpt>
      <trkpt lat="57.8510301746428012847900390625" lon="-4.2967233248054981231689453125">
        <ele>43</ele>
        <time>2026-08-08T14:01:54.000Z</time>
      </trkpt>
      <trkpt lat="57.85102053545415401458740234375" lon="-4.29667227901518344879150390625">
        <ele>43.200000762939453125</ele>
        <time>2026-08-08T14:01:55.000Z</time>
      </trkpt>
      <trkpt lat="57.85099446773529052734375" lon="-4.29641696624457836151123046875">
        <ele>43.59999847412109375</ele>
        <time>2026-08-08T14:02:00.000Z</time>
      </trkpt>
      <trkpt lat="57.8509689867496490478515625" lon="-4.2962163873016834259033203125">
        <ele>44</ele>
        <time>2026-08-08T14:02:04.000Z</time>
      </trkpt>
      <trkpt lat="57.85095758736133575439453125" lon="-4.29604179225862026214599609375">
        <ele>44.40000152587890625</ele>
        <time>2026-08-08T14:02:07.000Z</time>
      </trkpt>
      <trkpt lat="57.85092397592961788177490234375" lon="-4.29580575786530971527099609375">
        <ele>45.200000762939453125</ele>
        <time>2026-08-08T14:02:11.000Z</time>
      </trkpt>
      <trkpt lat="57.85090855322778224945068359375" lon="-4.295691512525081634521484375">
        <ele>45.40000152587890625</ele>
        <time>2026-08-08T14:02:13.000Z</time>
      </trkpt>
      <trkpt lat="57.85086505115032196044921875" lon="-4.29525255225598812103271484375">
        <ele>46.200000762939453125</ele>
        <time>2026-08-08T14:02:21.000Z</time>
      </trkpt>
      <trkpt lat="57.85085524432361125946044921875" lon="-4.2951969802379608154296875">
        <ele>46.200000762939453125</ele>
        <time>2026-08-08T14:02:22.000Z</time>
      </trkpt>
      <trkpt lat="57.8508343733847141265869140625" lon="-4.29503328166902065277099609375">
        <ele>46.40000152587890625</ele>
        <time>2026-08-08T14:02:25.000Z</time>
      </trkpt>
      <trkpt lat="57.85082884132862091064453125" lon="-4.294996820390224456787109375">
        <ele>46.59999847412109375</ele>
        <time>2026-08-08T14:02:26.000Z</time>
      </trkpt>
      <trkpt lat="57.85081115551292896270751953125" lon="-4.29481803439557552337646484375">
        <ele>47.200000762939453125</ele>
        <time>2026-08-08T14:02:29.000Z</time>
      </trkpt>
      <trkpt lat="57.85080470144748687744140625" lon="-4.2947579361498355865478515625">
        <ele>47.40000152587890625</ele>
        <time>2026-08-08T14:02:30.000Z</time>
      </trkpt>
      <trkpt lat="57.85073471255600452423095703125" lon="-4.294280670583248138427734375">
        <ele>47</ele>
        <time>2026-08-08T14:02:38.000Z</time>
      </trkpt>
      <trkpt lat="57.85070805810391902923583984375" lon="-4.2940317280590534210205078125">
        <ele>47.799999237060546875</ele>
        <time>2026-08-08T14:02:42.000Z</time>
      </trkpt>
      <trkpt lat="57.85068425349891185760498046875" lon="-4.2937968671321868896484375">
        <ele>48.200000762939453125</ele>
        <time>2026-08-08T14:02:46.000Z</time>
      </trkpt>
      <trkpt lat="57.8506533242762088775634765625" lon="-4.29353258572518825531005859375">
        <ele>48.200000762939453125</ele>
        <time>2026-08-08T14:02:50.000Z</time>
      </trkpt>
      <trkpt lat="57.85063915885984897613525390625" lon="-4.29339294321835041046142578125">
        <ele>48.40000152587890625</ele>
        <time>2026-08-08T14:02:52.000Z</time>
      </trkpt>
      <trkpt lat="57.85059993155300617218017578125" lon="-4.293054901063442230224609375">
        <ele>49.200000762939453125</ele>
        <time>2026-08-08T14:02:58.000Z</time>
      </trkpt>
      <trkpt lat="57.8505963273346424102783203125" lon="-4.2929447628557682037353515625">
        <ele>49.59999847412109375</ele>
        <time>2026-08-08T14:03:00.000Z</time>
      </trkpt>
      <trkpt lat="57.85057361237704753875732421875" lon="-4.29270696826279163360595703125">
        <ele>50.40000152587890625</ele>
        <time>2026-08-08T14:03:04.000Z</time>
      </trkpt>
      <trkpt lat="57.85055014304816722869873046875" lon="-4.29254167713224887847900390625">
        <ele>50.200000762939453125</ele>
        <time>2026-08-08T14:03:07.000Z</time>
      </trkpt>
      <trkpt lat="57.8505262546241283416748046875" lon="-4.292371273040771484375">
        <ele>50.200000762939453125</ele>
        <time>2026-08-08T14:03:10.000Z</time>
      </trkpt>
      <trkpt lat="57.85049918107688426971435546875" lon="-4.29221771657466888427734375">
        <ele>50.59999847412109375</ele>
        <time>2026-08-08T14:03:13.000Z</time>
      </trkpt>
      <trkpt lat="57.850466407835483551025390625" lon="-4.292026273906230926513671875">
        <ele>51.200000762939453125</ele>
        <time>2026-08-08T14:03:17.000Z</time>
      </trkpt>
      <trkpt lat="57.8504364006221294403076171875" lon="-4.29190096445381641387939453125">
        <ele>51.799999237060546875</ele>
        <time>2026-08-08T14:03:20.000Z</time>
      </trkpt>
      <trkpt lat="57.8504084050655364990234375" lon="-4.291767776012420654296875">
        <ele>52.40000152587890625</ele>
        <time>2026-08-08T14:03:23.000Z</time>
      </trkpt>
      <trkpt lat="57.85038317553699016571044921875" lon="-4.2916737310588359832763671875">
        <ele>52.799999237060546875</ele>
        <time>2026-08-08T14:03:25.000Z</time>
      </trkpt>
      <trkpt lat="57.85033523105084896087646484375" lon="-4.29153283126652240753173828125">
        <ele>53.200000762939453125</ele>
        <time>2026-08-08T14:03:28.000Z</time>
      </trkpt>
      <trkpt lat="57.850245796144008636474609375" lon="-4.29120107553899288177490234375">
        <ele>53.799999237060546875</ele>
        <time>2026-08-08T14:03:35.000Z</time>
      </trkpt>
      <trkpt lat="57.8502164594829082489013671875" lon="-4.29109387099742889404296875">
        <ele>54</ele>
        <time>2026-08-08T14:03:37.000Z</time>
      </trkpt>
      <trkpt lat="57.850163988769054412841796875" lon="-4.29090821184217929840087890625">
        <ele>54.799999237060546875</ele>
        <time>2026-08-08T14:03:41.000Z</time>
      </trkpt>
      <trkpt lat="57.85014160908758640289306640625" lon="-4.290825985372066497802734375">
        <ele>55</ele>
        <time>2026-08-08T14:03:43.000Z</time>
      </trkpt>
      <trkpt lat="57.85011612810194492340087890625" lon="-4.29071106947958469390869140625">
        <ele>55.59999847412109375</ele>
        <time>2026-08-08T14:03:46.000Z</time>
      </trkpt>
      <trkpt lat="57.8500719554722309112548828125" lon="-4.29057964123785495758056640625">
        <ele>56.200000762939453125</ele>
        <time>2026-08-08T14:03:50.000Z</time>
      </trkpt>
      <trkpt lat="57.85004052333533763885498046875" lon="-4.29046832956373691558837890625">
        <ele>56.40000152587890625</ele>
        <time>2026-08-08T14:03:53.000Z</time>
      </trkpt>
      <trkpt lat="57.8499955125153064727783203125" lon="-4.2903046309947967529296875">
        <ele>56.59999847412109375</ele>
        <time>2026-08-08T14:03:57.000Z</time>
      </trkpt>
      <trkpt lat="57.849958129227161407470703125" lon="-4.29018652997910976409912109375">
        <ele>57.200000762939453125</ele>
        <time>2026-08-08T14:04:01.000Z</time>
      </trkpt>
      <trkpt lat="57.8499093465507030487060546875" lon="-4.29006733931601047515869140625">
        <ele>57.59999847412109375</ele>
        <time>2026-08-08T14:04:05.000Z</time>
      </trkpt>
      <trkpt lat="57.8498344123363494873046875" lon="-4.2899071611464023590087890625">
        <ele>58.200000762939453125</ele>
        <time>2026-08-08T14:04:10.000Z</time>
      </trkpt>
      <trkpt lat="57.849816977977752685546875" lon="-4.2898763157427310943603515625">
        <ele>58.200000762939453125</ele>
        <time>2026-08-08T14:04:11.000Z</time>
      </trkpt>
      <trkpt lat="57.8497571311891078948974609375" lon="-4.2897666804492473602294921875">
        <ele>59.40000152587890625</ele>
        <time>2026-08-08T14:04:15.000Z</time>
      </trkpt>
      <trkpt lat="57.84972653724253177642822265625" lon="-4.28971923887729644775390625">
        <ele>59.799999237060546875</ele>
        <time>2026-08-08T14:04:17.000Z</time>
      </trkpt>
      <trkpt lat="57.8496491722762584686279296875" lon="-4.28961421363055706024169921875">
        <ele>60.40000152587890625</ele>
        <time>2026-08-08T14:04:22.000Z</time>
      </trkpt>
      <trkpt lat="57.84962478093802928924560546875" lon="-4.2895500920712947845458984375">
        <ele>61</ele>
        <time>2026-08-08T14:04:24.000Z</time>
      </trkpt>
      <trkpt lat="57.84960282035171985626220703125" lon="-4.28949795663356781005859375">
        <ele>61.40000152587890625</ele>
        <time>2026-08-08T14:04:26.000Z</time>
      </trkpt>
      <trkpt lat="57.84955990500748157501220703125" lon="-4.2893988825380802154541015625">
        <ele>62.200000762939453125</ele>
        <time>2026-08-08T14:04:30.000Z</time>
      </trkpt>
      <trkpt lat="57.84951481036841869354248046875" lon="-4.28929687477648258209228515625">
        <ele>62.59999847412109375</ele>
        <time>2026-08-08T14:04:33.000Z</time>
      </trkpt>
      <trkpt lat="57.84950190223753452301025390625" lon="-4.2892641015350818634033203125">
        <ele>62.40000152587890625</ele>
        <time>2026-08-08T14:04:34.000Z</time>
      </trkpt>
      <trkpt lat="57.8494409658014774322509765625" lon="-4.28911834023892879486083984375">
        <ele>63</ele>
        <time>2026-08-08T14:04:39.000Z</time>
      </trkpt>
      <trkpt lat="57.84941003657877445220947265625" lon="-4.2890153266489505767822265625">
        <ele>63.59999847412109375</ele>
        <time>2026-08-08T14:04:42.000Z</time>
      </trkpt>
      <trkpt lat="57.8493866510689258575439453125" lon="-4.288943745195865631103515625">
        <ele>64.40000152587890625</ele>
        <time>2026-08-08T14:04:44.000Z</time>
      </trkpt>
      <trkpt lat="57.84937240183353424072265625" lon="-4.28891449235379695892333984375">
        <ele>64.8000030517578125</ele>
        <time>2026-08-08T14:04:45.000Z</time>
      </trkpt>
      <trkpt lat="57.8493677079677581787109375" lon="-4.288890771567821502685546875">
        <ele>65</ele>
        <time>2026-08-08T14:04:46.000Z</time>
      </trkpt>
      <trkpt lat="57.84932973794639110565185546875" lon="-4.2887611873447895050048828125">
        <ele>66</ele>
        <time>2026-08-08T14:04:50.000Z</time>
      </trkpt>
      <trkpt lat="57.84932118840515613555908203125" lon="-4.28873260505497455596923828125">
        <ele>66.1999969482421875</ele>
        <time>2026-08-08T14:04:51.000Z</time>
      </trkpt>
      <trkpt lat="57.84926922060549259185791015625" lon="-4.28848743438720703125">
        <ele>66.8000030517578125</ele>
        <time>2026-08-08T14:04:58.000Z</time>
      </trkpt>
      <trkpt lat="57.84926285035908222198486328125" lon="-4.28845818154513835906982421875">
        <ele>67</ele>
        <time>2026-08-08T14:04:59.000Z</time>
      </trkpt>
      <trkpt lat="57.84922161139547824859619140625" lon="-4.28827193565666675567626953125">
        <ele>67.8000030517578125</ele>
        <time>2026-08-08T14:05:04.000Z</time>
      </trkpt>
      <trkpt lat="57.84920183010399341583251953125" lon="-4.28820203058421611785888671875">
        <ele>68</ele>
        <time>2026-08-08T14:05:06.000Z</time>
      </trkpt>
      <trkpt lat="57.84913913346827030181884765625" lon="-4.28805601783096790313720703125">
        <ele>69</ele>
        <time>2026-08-08T14:05:11.000Z</time>
      </trkpt>
      <trkpt lat="57.8491248004138469696044921875" lon="-4.2880327999591827392578125">
        <ele>69.40000152587890625</ele>
        <time>2026-08-08T14:05:12.000Z</time>
      </trkpt>
      <trkpt lat="57.849070988595485687255859375" lon="-4.2879786528646945953369140625">
        <ele>70.40000152587890625</ele>
        <time>2026-08-08T14:05:15.000Z</time>
      </trkpt>
      <trkpt lat="57.84900921396911144256591796875" lon="-4.28794822655618190765380859375">
        <ele>71</ele>
        <time>2026-08-08T14:05:18.000Z</time>
      </trkpt>
      <trkpt lat="57.84896981902420520782470703125" lon="-4.28793598897755146026611328125">
        <ele>71.59999847412109375</ele>
        <time>2026-08-08T14:05:20.000Z</time>
      </trkpt>
      <trkpt lat="57.8489289991557598114013671875" lon="-4.2879340611398220062255859375">
        <ele>71.8000030517578125</ele>
        <time>2026-08-08T14:05:22.000Z</time>
      </trkpt>
      <trkpt lat="57.84886688925325870513916015625" lon="-4.2879712767899036407470703125">
        <ele>72</ele>
        <time>2026-08-08T14:05:25.000Z</time>
      </trkpt>
      <trkpt lat="57.84878675825893878936767578125" lon="-4.28803590126335620880126953125">
        <ele>72.59999847412109375</ele>
        <time>2026-08-08T14:05:29.000Z</time>
      </trkpt>
      <trkpt lat="57.84873395226895809173583984375" lon="-4.2880986817181110382080078125">
        <ele>72.59999847412109375</ele>
        <time>2026-08-08T14:05:32.000Z</time>
      </trkpt>
      <trkpt lat="57.84857578575611114501953125" lon="-4.28827713243663311004638671875">
        <ele>73.59999847412109375</ele>
        <time>2026-08-08T14:05:41.000Z</time>
      </trkpt>
      <trkpt lat="57.8484998457133769989013671875" lon="-4.28846287541091442108154296875">
        <ele>74.40000152587890625</ele>
        <time>2026-08-08T14:05:47.000Z</time>
      </trkpt>
      <trkpt lat="57.84845869056880474090576171875" lon="-4.28859732113778591156005859375">
        <ele>74.59999847412109375</ele>
        <time>2026-08-08T14:05:51.000Z</time>
      </trkpt>
      <trkpt lat="57.8484270907938480377197265625" lon="-4.288694970309734344482421875">
        <ele>74.8000030517578125</ele>
        <time>2026-08-08T14:05:54.000Z</time>
      </trkpt>
      <trkpt lat="57.8483664058148860931396484375" lon="-4.288853220641613006591796875">
        <ele>75.8000030517578125</ele>
        <time>2026-08-08T14:05:59.000Z</time>
      </trkpt>
      <trkpt lat="57.84835643135011196136474609375" lon="-4.28888767026364803314208984375">
        <ele>76</ele>
        <time>2026-08-08T14:06:00.000Z</time>
      </trkpt>
      <trkpt lat="57.8482728637754917144775390625" lon="-4.289101995527744293212890625">
        <ele>76.8000030517578125</ele>
        <time>2026-08-08T14:06:06.000Z</time>
      </trkpt>
      <trkpt lat="57.84826196730136871337890625" lon="-4.28913594223558902740478515625">
        <ele>77.1999969482421875</ele>
        <time>2026-08-08T14:06:07.000Z</time>
      </trkpt>
      <trkpt lat="57.848191224038600921630859375" lon="-4.28926133550703525543212890625">
        <ele>77.8000030517578125</ele>
        <time>2026-08-08T14:06:12.000Z</time>
      </trkpt>
      <trkpt lat="57.84817353822290897369384765625" lon="-4.2892781831324100494384765625">
        <ele>77.8000030517578125</ele>
        <time>2026-08-08T14:06:13.000Z</time>
      </trkpt>
      <trkpt lat="57.84808670170605182647705078125" lon="-4.28938128054141998291015625">
        <ele>78.40000152587890625</ele>
        <time>2026-08-08T14:06:18.000Z</time>
      </trkpt>
      <trkpt lat="57.848006822168827056884765625" lon="-4.28945562802255153656005859375">
        <ele>79</ele>
        <time>2026-08-08T14:06:22.000Z</time>
      </trkpt>
      <trkpt lat="57.8479235060513019561767578125" lon="-4.28953550755977630615234375">
        <ele>80</ele>
        <time>2026-08-08T14:06:26.000Z</time>
      </trkpt>
      <trkpt lat="57.84783122129738330841064453125" lon="-4.2895886488258838653564453125">
        <ele>81</ele>
        <time>2026-08-08T14:06:31.000Z</time>
      </trkpt>
      <trkpt lat="57.8478128649294376373291015625" lon="-4.2895987071096897125244140625">
        <ele>81.1999969482421875</ele>
        <time>2026-08-08T14:06:32.000Z</time>
      </trkpt>
      <trkpt lat="57.8477545268833637237548828125" lon="-4.289622344076633453369140625">
        <ele>81.8000030517578125</ele>
        <time>2026-08-08T14:06:35.000Z</time>
      </trkpt>
      <trkpt lat="57.84770063124597072601318359375" lon="-4.28965411148965358734130859375">
        <ele>82.40000152587890625</ele>
        <time>2026-08-08T14:06:38.000Z</time>
      </trkpt>
      <trkpt lat="57.8475842066109180450439453125" lon="-4.28974664770066738128662109375">
        <ele>83.40000152587890625</ele>
        <time>2026-08-08T14:06:44.000Z</time>
      </trkpt>
      <trkpt lat="57.8475506789982318878173828125" lon="-4.2897797562181949615478515625">
        <ele>83.8000030517578125</ele>
        <time>2026-08-08T14:06:46.000Z</time>
      </trkpt>
      <trkpt lat="57.84748815000057220458984375" lon="-4.28983700461685657501220703125">
        <ele>84.40000152587890625</ele>
        <time>2026-08-08T14:06:50.000Z</time>
      </trkpt>
      <trkpt lat="57.8474564664065837860107421875" lon="-4.2898632399737834930419921875">
        <ele>84.8000030517578125</ele>
        <time>2026-08-08T14:06:52.000Z</time>
      </trkpt>
      <trkpt lat="57.847373150289058685302734375" lon="-4.28996021859347820281982421875">
        <ele>85.1999969482421875</ele>
        <time>2026-08-08T14:06:57.000Z</time>
      </trkpt>
      <trkpt lat="57.847357057034969329833984375" lon="-4.28997647948563098907470703125">
        <ele>85.59999847412109375</ele>
        <time>2026-08-08T14:06:58.000Z</time>
      </trkpt>
      <trkpt lat="57.84726846031844615936279296875" lon="-4.29007320664823055267333984375">
        <ele>86.59999847412109375</ele>
        <time>2026-08-08T14:07:03.000Z</time>
      </trkpt>
      <trkpt lat="57.8472301550209522247314453125" lon="-4.29009349085390567779541015625">
        <ele>87.1999969482421875</ele>
        <time>2026-08-08T14:07:05.000Z</time>
      </trkpt>
      <trkpt lat="57.84719252027571201324462890625" lon="-4.29011981002986431121826171875">
        <ele>87.59999847412109375</ele>
        <time>2026-08-08T14:07:07.000Z</time>
      </trkpt>
      <trkpt lat="57.84711373038589954376220703125" lon="-4.290213100612163543701171875">
        <ele>88.40000152587890625</ele>
        <time>2026-08-08T14:07:12.000Z</time>
      </trkpt>
      <trkpt lat="57.8470393829047679901123046875" lon="-4.2902786470949649810791015625">
        <ele>88.8000030517578125</ele>
        <time>2026-08-08T14:07:16.000Z</time>
      </trkpt>
      <trkpt lat="57.84698816947638988494873046875" lon="-4.29032416082918643951416015625">
        <ele>89.1999969482421875</ele>
        <time>2026-08-08T14:07:19.000Z</time>
      </trkpt>
      <trkpt lat="57.84691491164267063140869140625" lon="-4.29037612862884998321533203125">
        <ele>89.8000030517578125</ele>
        <time>2026-08-08T14:07:23.000Z</time>
      </trkpt>
      <trkpt lat="57.84687870182096958160400390625" lon="-4.290402196347713470458984375">
        <ele>90</ele>
        <time>2026-08-08T14:07:25.000Z</time>
      </trkpt>
      <trkpt lat="57.846823967993259429931640625" lon="-4.29043614305555820465087890625">
        <ele>90.1999969482421875</ele>
        <time>2026-08-08T14:07:28.000Z</time>
      </trkpt>
      <trkpt lat="57.8467292524874210357666015625" lon="-4.2905180342495441436767578125">
        <ele>91</ele>
        <time>2026-08-08T14:07:33.000Z</time>
      </trkpt>
      <trkpt lat="57.8466082178056240081787109375" lon="-4.290622808039188385009765625">
        <ele>91.40000152587890625</ele>
        <time>2026-08-08T14:07:39.000Z</time>
      </trkpt>
      <trkpt lat="57.84656857140362262725830078125" lon="-4.29066932760179042816162109375">
        <ele>92.1999969482421875</ele>
        <time>2026-08-08T14:07:41.000Z</time>
      </trkpt>
      <trkpt lat="57.8464771248400211334228515625" lon="-4.29081450216472148895263671875">
        <ele>93.1999969482421875</ele>
        <time>2026-08-08T14:07:46.000Z</time>
      </trkpt>
      <trkpt lat="57.846356593072414398193359375" lon="-4.290985576808452606201171875">
        <ele>93.59999847412109375</ele>
        <time>2026-08-08T14:07:52.000Z</time>
      </trkpt>
      <trkpt lat="57.84631510265171527862548828125" lon="-4.29104416631162166595458984375">
        <ele>93.59999847412109375</ele>
        <time>2026-08-08T14:07:54.000Z</time>
      </trkpt>
      <trkpt lat="57.8462508134543895721435546875" lon="-4.29114407859742641448974609375">
        <ele>93.8000030517578125</ele>
        <time>2026-08-08T14:07:57.000Z</time>
      </trkpt>
      <trkpt lat="57.84620244987308979034423828125" lon="-4.291214905679225921630859375">
        <ele>94</ele>
        <time>2026-08-08T14:07:59.000Z</time>
      </trkpt>
      <trkpt lat="57.8461790643632411956787109375" lon="-4.2912460863590240478515625">
        <ele>94</ele>
        <time>2026-08-08T14:08:00.000Z</time>
      </trkpt>
      <trkpt lat="57.8460858575999736785888671875" lon="-4.29137608967721462249755859375">
        <ele>94.1999969482421875</ele>
        <time>2026-08-08T14:08:04.000Z</time>
      </trkpt>
      <trkpt lat="57.8460486419498920440673828125" lon="-4.29143224842846393585205078125">
        <ele>94.59999847412109375</ele>
        <time>2026-08-08T14:08:06.000Z</time>
      </trkpt>
      <trkpt lat="57.8459158726036548614501953125" lon="-4.2916532792150974273681640625">
        <ele>95.1999969482421875</ele>
        <time>2026-08-08T14:08:12.000Z</time>
      </trkpt>
      <trkpt lat="57.8458649106323719024658203125" lon="-4.291742630302906036376953125">
        <ele>95.40000152587890625</ele>
        <time>2026-08-08T14:08:15.000Z</time>
      </trkpt>
      <trkpt lat="57.84582241438329219818115234375" lon="-4.29183240048587322235107421875">
        <ele>95.1999969482421875</ele>
        <time>2026-08-08T14:08:17.000Z</time>
      </trkpt>
      <trkpt lat="57.84571378491818904876708984375" lon="-4.2920123599469661712646484375">
        <ele>94.8000030517578125</ele>
        <time>2026-08-08T14:08:22.000Z</time>
      </trkpt>
      <trkpt lat="57.845635078847408294677734375" lon="-4.29213398136198520660400390625">
        <ele>95.8000030517578125</ele>
        <time>2026-08-08T14:08:26.000Z</time>
      </trkpt>
      <trkpt lat="57.84551043994724750518798828125" lon="-4.29220522753894329071044921875">
        <ele>95.59999847412109375</ele>
        <time>2026-08-08T14:08:31.000Z</time>
      </trkpt>
      <trkpt lat="57.84542829729616641998291015625" lon="-4.29207162000238895416259765625">
        <ele>96</ele>
        <time>2026-08-08T14:08:35.000Z</time>
      </trkpt>
      <trkpt lat="57.845419831573963165283203125" lon="-4.29185285232961177825927734375">
        <ele>96.1999969482421875</ele>
        <time>2026-08-08T14:08:39.000Z</time>
      </trkpt>
      <trkpt lat="57.845386303961277008056640625" lon="-4.29160424508154392242431640625">
        <ele>96.59999847412109375</ele>
        <time>2026-08-08T14:08:44.000Z</time>
      </trkpt>
      <trkpt lat="57.8453288041055202484130859375" lon="-4.29145907051861286163330078125">
        <ele>96</ele>
        <time>2026-08-08T14:08:48.000Z</time>
      </trkpt>
      <trkpt lat="57.8453242778778076171875" lon="-4.29140861146152019500732421875">
        <ele>95.8000030517578125</ele>
        <time>2026-08-08T14:08:49.000Z</time>
      </trkpt>
      <trkpt lat="57.845310866832733154296875" lon="-4.29136619903147220611572265625">
        <ele>95.40000152587890625</ele>
        <time>2026-08-08T14:08:50.000Z</time>
      </trkpt>
      <trkpt lat="57.845270298421382904052734375" lon="-4.29124399088323116302490234375">
        <ele>95.40000152587890625</ele>
        <time>2026-08-08T14:08:53.000Z</time>
      </trkpt>
      <trkpt lat="57.84522780217230319976806640625" lon="-4.291125722229480743408203125">
        <ele>96.8000030517578125</ele>
        <time>2026-08-08T14:08:56.000Z</time>
      </trkpt>
      <trkpt lat="57.84520282410085201263427734375" lon="-4.291051290929317474365234375">
        <ele>97.59999847412109375</ele>
        <time>2026-08-08T14:08:58.000Z</time>
      </trkpt>
      <trkpt lat="57.84515890292823314666748046875" lon="-4.29096252657473087310791015625">
        <ele>98</ele>
        <time>2026-08-08T14:09:01.000Z</time>
      </trkpt>
      <trkpt lat="57.84513124264776706695556640625" lon="-4.29090552963316440582275390625">
        <ele>99.1999969482421875</ele>
        <time>2026-08-08T14:09:03.000Z</time>
      </trkpt>
      <trkpt lat="57.84505211748182773590087890625" lon="-4.29082095623016357421875">
        <ele>100</ele>
        <time>2026-08-08T14:09:09.000Z</time>
      </trkpt>
      <trkpt lat="57.84498791210353374481201171875" lon="-4.29076219908893108367919921875">
        <ele>100</ele>
        <time>2026-08-08T14:09:13.000Z</time>
      </trkpt>
      <trkpt lat="57.844971902668476104736328125" lon="-4.29075448773801326751708984375">
        <ele>100.40000152587890625</ele>
        <time>2026-08-08T14:09:14.000Z</time>
      </trkpt>
      <trkpt lat="57.8448788635432720184326171875" lon="-4.29069690406322479248046875">
        <ele>101</ele>
        <time>2026-08-08T14:09:19.000Z</time>
      </trkpt>
      <trkpt lat="57.8448228724300861358642578125" lon="-4.29067083634436130523681640625">
        <ele>101.40000152587890625</ele>
        <time>2026-08-08T14:09:23.000Z</time>
      </trkpt>
      <trkpt lat="57.844790183007717132568359375" lon="-4.29066027514636516571044921875">
        <ele>101.8000030517578125</ele>
        <time>2026-08-08T14:09:25.000Z</time>
      </trkpt>
      <trkpt lat="57.8446924500167369842529296875" lon="-4.2906313575804233551025390625">
        <ele>102.59999847412109375</ele>
        <time>2026-08-08T14:09:31.000Z</time>
      </trkpt>
      <trkpt lat="57.844660766422748565673828125" lon="-4.290626831352710723876953125">
        <ele>103</ele>
        <time>2026-08-08T14:09:33.000Z</time>
      </trkpt>
      <trkpt lat="57.84462933428585529327392578125" lon="-4.29062423296272754669189453125">
        <ele>103.1999969482421875</ele>
        <time>2026-08-08T14:09:35.000Z</time>
      </trkpt>
      <trkpt lat="57.844598405063152313232421875" lon="-4.29060277529060840606689453125">
        <ele>103.59999847412109375</ele>
        <time>2026-08-08T14:09:37.000Z</time>
      </trkpt>
      <trkpt lat="57.8445221297442913055419921875" lon="-4.29058550857007503509521484375">
        <ele>104.1999969482421875</ele>
        <time>2026-08-08T14:09:42.000Z</time>
      </trkpt>
      <trkpt lat="57.8444772027432918548583984375" lon="-4.29056421853601932525634765625">
        <ele>104.1999969482421875</ele>
        <time>2026-08-08T14:09:45.000Z</time>
      </trkpt>
      <trkpt lat="57.84446320496499538421630859375" lon="-4.29056103341281414031982421875">
        <ele>104.1999969482421875</ele>
        <time>2026-08-08T14:09:46.000Z</time>
      </trkpt>
      <trkpt lat="57.844447195529937744140625" lon="-4.29055499844253063201904296875">
        <ele>104.1999969482421875</ele>
        <time>2026-08-08T14:09:47.000Z</time>
      </trkpt>
      <trkpt lat="57.84441836178302764892578125" lon="-4.29054862819612026214599609375">
        <ele>104.40000152587890625</ele>
        <time>2026-08-08T14:09:49.000Z</time>
      </trkpt>
      <trkpt lat="57.8443524800240993499755859375" lon="-4.2905260808765888214111328125">
        <ele>104.8000030517578125</ele>
        <time>2026-08-08T14:09:53.000Z</time>
      </trkpt>
      <trkpt lat="57.84431685693562030792236328125" lon="-4.290516860783100128173828125">
        <ele>105.1999969482421875</ele>
        <time>2026-08-08T14:09:55.000Z</time>
      </trkpt>
      <trkpt lat="57.8441824950277805328369140625" lon="-4.29046682082116603851318359375">
        <ele>105.8000030517578125</ele>
        <time>2026-08-08T14:10:02.000Z</time>
      </trkpt>
      <trkpt lat="57.84411686472594738006591796875" lon="-4.29043245501816272735595703125">
        <ele>107.1999969482421875</ele>
        <time>2026-08-08T14:10:06.000Z</time>
      </trkpt>
      <trkpt lat="57.84406674094498157501220703125" lon="-4.2904161103069782257080078125">
        <ele>107.59999847412109375</ele>
        <time>2026-08-08T14:10:09.000Z</time>
      </trkpt>
      <trkpt lat="57.84405131824314594268798828125" lon="-4.29039859212934970855712890625">
        <ele>107.8000030517578125</ele>
        <time>2026-08-08T14:10:10.000Z</time>
      </trkpt>
      <trkpt lat="57.8440215624868869781494140625" lon="-4.29038886912167072296142578125">
        <ele>108.1999969482421875</ele>
        <time>2026-08-08T14:10:12.000Z</time>
      </trkpt>
      <trkpt lat="57.8439893759787082672119140625" lon="-4.29037034511566162109375">
        <ele>108.40000152587890625</ele>
        <time>2026-08-08T14:10:14.000Z</time>
      </trkpt>
      <trkpt lat="57.84393765963613986968994140625" lon="-4.29034863598644733428955078125">
        <ele>109.59999847412109375</ele>
        <time>2026-08-08T14:10:18.000Z</time>
      </trkpt>
      <trkpt lat="57.843927182257175445556640625" lon="-4.29033522494137287139892578125">
        <ele>110</ele>
        <time>2026-08-08T14:10:19.000Z</time>
      </trkpt>
      <trkpt lat="57.84387462772428989410400390625" lon="-4.29031066596508026123046875">
        <ele>110.59999847412109375</ele>
        <time>2026-08-08T14:10:23.000Z</time>
      </trkpt>
      <trkpt lat="57.84385568462312221527099609375" lon="-4.29028652608394622802734375">
        <ele>110.8000030517578125</ele>
        <time>2026-08-08T14:10:25.000Z</time>
      </trkpt>
      <trkpt lat="57.84380472265183925628662109375" lon="-4.29024721495807170867919921875">
        <ele>111</ele>
        <time>2026-08-08T14:10:29.000Z</time>
      </trkpt>
      <trkpt lat="57.84370916895568370819091796875" lon="-4.29017722606658935546875">
        <ele>111.8000030517578125</ele>
        <time>2026-08-08T14:10:35.000Z</time>
      </trkpt>
      <trkpt lat="57.8437003679573535919189453125" lon="-4.29016389884054660797119140625">
        <ele>112</ele>
        <time>2026-08-08T14:10:36.000Z</time>
      </trkpt>
      <trkpt lat="57.84364848397672176361083984375" lon="-4.29012366570532321929931640625">
        <ele>112.8000030517578125</ele>
        <time>2026-08-08T14:10:40.000Z</time>
      </trkpt>
      <trkpt lat="57.8435763157904148101806640625" lon="-4.2900471389293670654296875">
        <ele>113.59999847412109375</ele>
        <time>2026-08-08T14:10:45.000Z</time>
      </trkpt>
      <trkpt lat="57.84353029914200305938720703125" lon="-4.28998603485524654388427734375">
        <ele>114</ele>
        <time>2026-08-08T14:10:48.000Z</time>
      </trkpt>
      <trkpt lat="57.843485288321971893310546875" lon="-4.289883859455585479736328125">
        <ele>115</ele>
        <time>2026-08-08T14:10:52.000Z</time>
      </trkpt>
      <trkpt lat="57.84346391446888446807861328125" lon="-4.28982786834239959716796875">
        <ele>115.1999969482421875</ele>
        <time>2026-08-08T14:10:54.000Z</time>
      </trkpt>
      <trkpt lat="57.84341362304985523223876953125" lon="-4.289654530584812164306640625">
        <ele>115.8000030517578125</ele>
        <time>2026-08-08T14:10:59.000Z</time>
      </trkpt>
      <trkpt lat="57.84338143654167652130126953125" lon="-4.28953140042722225189208984375">
        <ele>116.1999969482421875</ele>
        <time>2026-08-08T14:11:03.000Z</time>
      </trkpt>
      <trkpt lat="57.84335494972765445709228515625" lon="-4.2894149757921695709228515625">
        <ele>117</ele>
        <time>2026-08-08T14:11:06.000Z</time>
      </trkpt>
      <trkpt lat="57.84334690310060977935791015625" lon="-4.28934364579617977142333984375">
        <ele>117.40000152587890625</ele>
        <time>2026-08-08T14:11:08.000Z</time>
      </trkpt>
      <trkpt lat="57.84333449788391590118408203125" lon="-4.28914918564260005950927734375">
        <ele>118</ele>
        <time>2026-08-08T14:11:13.000Z</time>
      </trkpt>
      <trkpt lat="57.84334103576838970184326171875" lon="-4.28906100802123546600341796875">
        <ele>118.40000152587890625</ele>
        <time>2026-08-08T14:11:15.000Z</time>
      </trkpt>
      <trkpt lat="57.8433412872254848480224609375" lon="-4.288882054388523101806640625">
        <ele>119.40000152587890625</ele>
        <time>2026-08-08T14:11:19.000Z</time>
      </trkpt>
      <trkpt lat="57.8433396108448505401611328125" lon="-4.28884022869169712066650390625">
        <ele>119.59999847412109375</ele>
        <time>2026-08-08T14:11:20.000Z</time>
      </trkpt>
      <trkpt lat="57.8433402813971042633056640625" lon="-4.2885898612439632415771484375">
        <ele>120.40000152587890625</ele>
        <time>2026-08-08T14:11:26.000Z</time>
      </trkpt>
      <trkpt lat="57.84333449788391590118408203125" lon="-4.28846254013478755950927734375">
        <ele>120.59999847412109375</ele>
        <time>2026-08-08T14:11:29.000Z</time>
      </trkpt>
      <trkpt lat="57.8433381021022796630859375" lon="-4.28833479993045330047607421875">
        <ele>120.8000030517578125</ele>
        <time>2026-08-08T14:11:32.000Z</time>
      </trkpt>
      <trkpt lat="57.84334011375904083251953125" lon="-4.28798493929207324981689453125">
        <ele>121</ele>
        <time>2026-08-08T14:11:40.000Z</time>
      </trkpt>
      <trkpt lat="57.84334371797740459442138671875" lon="-4.2877868749201297760009765625">
        <ele>121.8000030517578125</ele>
        <time>2026-08-08T14:11:45.000Z</time>
      </trkpt>
      <trkpt lat="57.84334103576838970184326171875" lon="-4.287746138870716094970703125">
        <ele>122</ele>
        <time>2026-08-08T14:11:46.000Z</time>
      </trkpt>
      <trkpt lat="57.84334187395870685577392578125" lon="-4.28770833648741245269775390625">
        <ele>122</ele>
        <time>2026-08-08T14:11:47.000Z</time>
      </trkpt>
      <trkpt lat="57.84333902411162853240966796875" lon="-4.2876360006630420684814453125">
        <ele>122.1999969482421875</ele>
        <time>2026-08-08T14:11:49.000Z</time>
      </trkpt>
      <trkpt lat="57.84333483316004276275634765625" lon="-4.28744179196655750274658203125">
        <ele>122.8000030517578125</ele>
        <time>2026-08-08T14:11:54.000Z</time>
      </trkpt>
      <trkpt lat="57.84333315677940845489501953125" lon="-4.287398792803287506103515625">
        <ele>122.8000030517578125</ele>
        <time>2026-08-08T14:11:55.000Z</time>
      </trkpt>
      <trkpt lat="57.84332670271396636962890625" lon="-4.28712998516857624053955078125">
        <ele>123.40000152587890625</ele>
        <time>2026-08-08T14:12:01.000Z</time>
      </trkpt>
      <trkpt lat="57.84332209266722202301025390625" lon="-4.28703644312918186187744140625">
        <ele>123.59999847412109375</ele>
        <time>2026-08-08T14:12:03.000Z</time>
      </trkpt>
      <trkpt lat="57.8433127887547016143798828125" lon="-4.28695027716457843780517578125">
        <ele>124</ele>
        <time>2026-08-08T14:12:05.000Z</time>
      </trkpt>
      <trkpt lat="57.843296863138675689697265625" lon="-4.2866916954517364501953125">
        <ele>124.40000152587890625</ele>
        <time>2026-08-08T14:12:11.000Z</time>
      </trkpt>
      <trkpt lat="57.84328387118875980377197265625" lon="-4.2865146696567535400390625">
        <ele>124.40000152587890625</ele>
        <time>2026-08-08T14:12:15.000Z</time>
      </trkpt>
      <trkpt lat="57.84327716566622257232666015625" lon="-4.2864300124347209930419921875">
        <ele>124.8000030517578125</ele>
        <time>2026-08-08T14:12:17.000Z</time>
      </trkpt>
      <trkpt lat="57.84327465109527111053466796875" lon="-4.286386929452419281005859375">
        <ele>125.1999969482421875</ele>
        <time>2026-08-08T14:12:18.000Z</time>
      </trkpt>
      <trkpt lat="57.8432685323059558868408203125" lon="-4.2863056249916553497314453125">
        <ele>126.40000152587890625</ele>
        <time>2026-08-08T14:12:20.000Z</time>
      </trkpt>
      <trkpt lat="57.84325906075537204742431640625" lon="-4.2861470393836498260498046875">
        <ele>126.8000030517578125</ele>
        <time>2026-08-08T14:12:24.000Z</time>
      </trkpt>
      <trkpt lat="57.843249924480915069580078125" lon="-4.2860122583806514739990234375">
        <ele>127</ele>
        <time>2026-08-08T14:12:27.000Z</time>
      </trkpt>
      <trkpt lat="57.84324129112064838409423828125" lon="-4.28588409908115863800048828125">
        <ele>127.40000152587890625</ele>
        <time>2026-08-08T14:12:30.000Z</time>
      </trkpt>
      <trkpt lat="57.843233160674571990966796875" lon="-4.28571763448417186737060546875">
        <ele>128.1999969482421875</ele>
        <time>2026-08-08T14:12:34.000Z</time>
      </trkpt>
      <trkpt lat="57.8432189114391803741455078125" lon="-4.28553499281406402587890625">
        <ele>128.600006103515625</ele>
        <time>2026-08-08T14:12:38.000Z</time>
      </trkpt>
      <trkpt lat="57.8432021476328372955322265625" lon="-4.28541806526482105255126953125">
        <ele>130</ele>
        <time>2026-08-08T14:12:41.000Z</time>
      </trkpt>
      <trkpt lat="57.84319787286221981048583984375" lon="-4.2853802628815174102783203125">
        <ele>130</ele>
        <time>2026-08-08T14:12:42.000Z</time>
      </trkpt>
      <trkpt lat="57.8431813605129718780517578125" lon="-4.28506049327552318572998046875">
        <ele>130.399993896484375</ele>
        <time>2026-08-08T14:12:49.000Z</time>
      </trkpt>
      <trkpt lat="57.84315780736505985260009765625" lon="-4.2847559787333011627197265625">
        <ele>131</ele>
        <time>2026-08-08T14:12:56.000Z</time>
      </trkpt>
      <trkpt lat="57.8431518562138080596923828125" lon="-4.28467324934899806976318359375">
        <ele>131.399993896484375</ele>
        <time>2026-08-08T14:12:58.000Z</time>
      </trkpt>
      <trkpt lat="57.843133918941020965576171875" lon="-4.28447694517672061920166015625">
        <ele>131.8000030517578125</ele>
        <time>2026-08-08T14:13:03.000Z</time>
      </trkpt>
      <trkpt lat="57.843121849000453948974609375" lon="-4.284318946301937103271484375">
        <ele>132</ele>
        <time>2026-08-08T14:13:07.000Z</time>
      </trkpt>
      <trkpt lat="57.843113802373409271240234375" lon="-4.28420101292431354522705078125">
        <ele>132.1999969482421875</ele>
        <time>2026-08-08T14:13:10.000Z</time>
      </trkpt>
      <trkpt lat="57.84311220981180667877197265625" lon="-4.284166730940341949462890625">
        <ele>132.1999969482421875</ele>
        <time>2026-08-08T14:13:11.000Z</time>
      </trkpt>
      <trkpt lat="57.84308941103518009185791015625" lon="-4.28389138542115688323974609375">
        <ele>132.600006103515625</ele>
        <time>2026-08-08T14:13:18.000Z</time>
      </trkpt>
      <trkpt lat="57.84307457506656646728515625" lon="-4.28366373293101787567138671875">
        <ele>133</ele>
        <time>2026-08-08T14:13:24.000Z</time>
      </trkpt>
      <trkpt lat="57.84307449124753475189208984375" lon="-4.2836260981857776641845703125">
        <ele>133.1999969482421875</ele>
        <time>2026-08-08T14:13:25.000Z</time>
      </trkpt>
      <trkpt lat="57.84305253066122531890869140625" lon="-4.28337715566158294677734375">
        <ele>133.8000030517578125</ele>
        <time>2026-08-08T14:13:32.000Z</time>
      </trkpt>
      <trkpt lat="57.84303761087357997894287109375" lon="-4.28314380347728729248046875">
        <ele>134.1999969482421875</ele>
        <time>2026-08-08T14:13:38.000Z</time>
      </trkpt>
      <trkpt lat="57.8430237807333469390869140625" lon="-4.28307984955608844757080078125">
        <ele>134.600006103515625</ele>
        <time>2026-08-08T14:13:40.000Z</time>
      </trkpt>
      <trkpt lat="57.84301221370697021484375" lon="-4.2828723974525928497314453125">
        <ele>135.1999969482421875</ele>
        <time>2026-08-08T14:13:45.000Z</time>
      </trkpt>
      <trkpt lat="57.84301011823117733001708984375" lon="-4.28283107466995716094970703125">
        <ele>135.399993896484375</ele>
        <time>2026-08-08T14:13:46.000Z</time>
      </trkpt>
      <trkpt lat="57.84299544990062713623046875" lon="-4.28268640302121639251708984375">
        <ele>136.399993896484375</ele>
        <time>2026-08-08T14:13:50.000Z</time>
      </trkpt>
      <trkpt lat="57.8429858945310115814208984375" lon="-4.28258313797414302825927734375">
        <ele>136.600006103515625</ele>
        <time>2026-08-08T14:13:53.000Z</time>
      </trkpt>
      <trkpt lat="57.842964939773082733154296875" lon="-4.28240217268466949462890625">
        <ele>137.1999969482421875</ele>
        <time>2026-08-08T14:13:58.000Z</time>
      </trkpt>
      <trkpt lat="57.8429433144629001617431640625" lon="-4.28221098147332668304443359375">
        <ele>137.1999969482421875</ele>
        <time>2026-08-08T14:14:03.000Z</time>
      </trkpt>
      <trkpt lat="57.8429317474365234375" lon="-4.2821518890559673309326171875">
        <ele>137.600006103515625</ele>
        <time>2026-08-08T14:14:05.000Z</time>
      </trkpt>
      <trkpt lat="57.8429181687533855438232421875" lon="-4.2819535732269287109375">
        <ele>137.8000030517578125</ele>
        <time>2026-08-08T14:14:10.000Z</time>
      </trkpt>
      <trkpt lat="57.84289880655705928802490234375" lon="-4.2818424291908740997314453125">
        <ele>138.600006103515625</ele>
        <time>2026-08-08T14:14:13.000Z</time>
      </trkpt>
      <trkpt lat="57.8428853116929531097412109375" lon="-4.2816969193518161773681640625">
        <ele>139.8000030517578125</ele>
        <time>2026-08-08T14:14:17.000Z</time>
      </trkpt>
      <trkpt lat="57.84288304857909679412841796875" lon="-4.28165744058787822723388671875">
        <ele>140</ele>
        <time>2026-08-08T14:14:18.000Z</time>
      </trkpt>
      <trkpt lat="57.84285656176507472991943359375" lon="-4.28144739009439945220947265625">
        <ele>140.1999969482421875</ele>
        <time>2026-08-08T14:14:23.000Z</time>
      </trkpt>
      <trkpt lat="57.84282973967492580413818359375" lon="-4.28112267516553401947021484375">
        <ele>140.399993896484375</ele>
        <time>2026-08-08T14:14:31.000Z</time>
      </trkpt>
      <trkpt lat="57.84282152540981769561767578125" lon="-4.28105059079825878143310546875">
        <ele>140.8000030517578125</ele>
        <time>2026-08-08T14:14:33.000Z</time>
      </trkpt>
      <trkpt lat="57.8428081981837749481201171875" lon="-4.2808563821017742156982421875">
        <ele>141.399993896484375</ele>
        <time>2026-08-08T14:14:38.000Z</time>
      </trkpt>
      <trkpt lat="57.8428016602993011474609375" lon="-4.28077750839293003082275390625">
        <ele>142</ele>
        <time>2026-08-08T14:14:40.000Z</time>
      </trkpt>
      <trkpt lat="57.84278313629329204559326171875" lon="-4.28060148842632770538330078125">
        <ele>142.600006103515625</ele>
        <time>2026-08-08T14:14:45.000Z</time>
      </trkpt>
      <trkpt lat="57.84277693368494510650634765625" lon="-4.2805687151849269866943359375">
        <ele>142.8000030517578125</ele>
        <time>2026-08-08T14:14:46.000Z</time>
      </trkpt>
      <trkpt lat="57.842771150171756744384765625" lon="-4.28053493611514568328857421875">
        <ele>143.1999969482421875</ele>
        <time>2026-08-08T14:14:47.000Z</time>
      </trkpt>
      <trkpt lat="57.84275296144187450408935546875" lon="-4.28038741461932659149169921875">
        <ele>144.1999969482421875</ele>
        <time>2026-08-08T14:14:51.000Z</time>
      </trkpt>
      <trkpt lat="57.84274457953870296478271484375" lon="-4.28028188645839691162109375">
        <ele>145.1999969482421875</ele>
        <time>2026-08-08T14:14:54.000Z</time>
      </trkpt>
      <trkpt lat="57.8427364490926265716552734375" lon="-4.28021659143269062042236328125">
        <ele>145.600006103515625</ele>
        <time>2026-08-08T14:14:56.000Z</time>
      </trkpt>
      <trkpt lat="57.842731587588787078857421875" lon="-4.2801274918019771575927734375">
        <ele>146.600006103515625</ele>
        <time>2026-08-08T14:14:59.000Z</time>
      </trkpt>
      <trkpt lat="57.84270317293703556060791015625" lon="-4.27993713878095149993896484375">
        <ele>147.399993896484375</ele>
        <time>2026-08-08T14:15:04.000Z</time>
      </trkpt>
      <trkpt lat="57.84269395284354686737060546875" lon="-4.27989774383604526519775390625">
        <ele>147.600006103515625</ele>
        <time>2026-08-08T14:15:05.000Z</time>
      </trkpt>
      <trkpt lat="57.84266679547727108001708984375" lon="-4.27969448268413543701171875">
        <ele>148</ele>
        <time>2026-08-08T14:15:10.000Z</time>
      </trkpt>
      <trkpt lat="57.84263963811099529266357421875" lon="-4.27958074025809764862060546875">
        <ele>148.600006103515625</ele>
        <time>2026-08-08T14:15:13.000Z</time>
      </trkpt>
      <trkpt lat="57.84260921180248260498046875" lon="-4.2793898843228816986083984375">
        <ele>149.600006103515625</ele>
        <time>2026-08-08T14:15:18.000Z</time>
      </trkpt>
      <trkpt lat="57.84256923012435436248779296875" lon="-4.279180504381656646728515625">
        <ele>150.8000030517578125</ele>
        <time>2026-08-08T14:15:24.000Z</time>
      </trkpt>
      <trkpt lat="57.84255967475473880767822265625" lon="-4.2791407741606235504150390625">
        <ele>150.8000030517578125</ele>
        <time>2026-08-08T14:15:25.000Z</time>
      </trkpt>
      <trkpt lat="57.84251709468662738800048828125" lon="-4.27883642725646495819091796875">
        <ele>151.1999969482421875</ele>
        <time>2026-08-08T14:15:33.000Z</time>
      </trkpt>
      <trkpt lat="57.8424987383186817169189453125" lon="-4.278727881610393524169921875">
        <ele>151.8000030517578125</ele>
        <time>2026-08-08T14:15:36.000Z</time>
      </trkpt>
      <trkpt lat="57.8424792923033237457275390625" lon="-4.2785858921706676483154296875">
        <ele>153</ele>
        <time>2026-08-08T14:15:40.000Z</time>
      </trkpt>
      <trkpt lat="57.8424568288028240203857421875" lon="-4.27849343977868556976318359375">
        <ele>153.600006103515625</ele>
        <time>2026-08-08T14:15:43.000Z</time>
      </trkpt>
      <trkpt lat="57.8424316830933094024658203125" lon="-4.27835161797702312469482421875">
        <ele>154</ele>
        <time>2026-08-08T14:15:47.000Z</time>
      </trkpt>
      <trkpt lat="57.84241701476275920867919921875" lon="-4.27828095853328704833984375">
        <ele>154</ele>
        <time>2026-08-08T14:15:49.000Z</time>
      </trkpt>
      <trkpt lat="57.842400334775447845458984375" lon="-4.27813134156167507171630859375">
        <ele>155.1999969482421875</ele>
        <time>2026-08-08T14:15:53.000Z</time>
      </trkpt>
      <trkpt lat="57.842390947043895721435546875" lon="-4.2780943773686885833740234375">
        <ele>155.399993896484375</ele>
        <time>2026-08-08T14:15:54.000Z</time>
      </trkpt>
      <trkpt lat="57.84236487932503223419189453125" lon="-4.277954399585723876953125">
        <ele>156.1999969482421875</ele>
        <time>2026-08-08T14:15:58.000Z</time>
      </trkpt>
      <trkpt lat="57.84235951490700244903564453125" lon="-4.2779208719730377197265625">
        <ele>156.1999969482421875</ele>
        <time>2026-08-08T14:15:59.000Z</time>
      </trkpt>
      <trkpt lat="57.84230821765959262847900390625" lon="-4.27762960083782672882080078125">
        <ele>156.8000030517578125</ele>
        <time>2026-08-08T14:16:07.000Z</time>
      </trkpt>
      <trkpt lat="57.8422786295413970947265625" lon="-4.27747822366654872894287109375">
        <ele>157.399993896484375</ele>
        <time>2026-08-08T14:16:12.000Z</time>
      </trkpt>
      <trkpt lat="57.84227418713271617889404296875" lon="-4.27744888700544834136962890625">
        <ele>157.600006103515625</ele>
        <time>2026-08-08T14:16:13.000Z</time>
      </trkpt>
      <trkpt lat="57.84223948605358600616455078125" lon="-4.2772531695663928985595703125">
        <ele>157.600006103515625</ele>
        <time>2026-08-08T14:16:18.000Z</time>
      </trkpt>
      <trkpt lat="57.84220528788864612579345703125" lon="-4.27706516347825527191162109375">
        <ele>158.399993896484375</ele>
        <time>2026-08-08T14:16:23.000Z</time>
      </trkpt>
      <trkpt lat="57.84218944609165191650390625" lon="-4.2769990302622318267822265625">
        <ele>158.8000030517578125</ele>
        <time>2026-08-08T14:16:25.000Z</time>
      </trkpt>
      <trkpt lat="57.8421874344348907470703125" lon="-4.27696089260280132293701171875">
        <ele>158.8000030517578125</ele>
        <time>2026-08-08T14:16:26.000Z</time>
      </trkpt>
      <trkpt lat="57.8421659767627716064453125" lon="-4.27678562700748443603515625">
        <ele>159.399993896484375</ele>
        <time>2026-08-08T14:16:31.000Z</time>
      </trkpt>
      <trkpt lat="57.84215055406093597412109375" lon="-4.27671412937343120574951171875">
        <ele>159.8000030517578125</ele>
        <time>2026-08-08T14:16:33.000Z</time>
      </trkpt>
      <trkpt lat="57.84213018603622913360595703125" lon="-4.2766114510595798492431640625">
        <ele>160.600006103515625</ele>
        <time>2026-08-08T14:16:36.000Z</time>
      </trkpt>
      <trkpt lat="57.84210269339382648468017578125" lon="-4.2764595709741115570068359375">
        <ele>161.600006103515625</ele>
        <time>2026-08-08T14:16:40.000Z</time>
      </trkpt>
      <trkpt lat="57.84205961041152477264404296875" lon="-4.27621163427829742431640625">
        <ele>162.600006103515625</ele>
        <time>2026-08-08T14:16:47.000Z</time>
      </trkpt>
      <trkpt lat="57.8420528210699558258056640625" lon="-4.276173077523708343505859375">
        <ele>162.8000030517578125</ele>
        <time>2026-08-08T14:16:48.000Z</time>
      </trkpt>
      <trkpt lat="57.8420130908489227294921875" lon="-4.275949113070964813232421875">
        <ele>163.600006103515625</ele>
        <time>2026-08-08T14:16:54.000Z</time>
      </trkpt>
      <trkpt lat="57.84198450855910778045654296875" lon="-4.27580058574676513671875">
        <ele>164</ele>
        <time>2026-08-08T14:16:58.000Z</time>
      </trkpt>
      <trkpt lat="57.8419619612395763397216796875" lon="-4.275692962110042572021484375">
        <ele>164.600006103515625</ele>
        <time>2026-08-08T14:17:01.000Z</time>
      </trkpt>
      <trkpt lat="57.84193924628198146820068359375" lon="-4.2755449377000331878662109375">
        <ele>165</ele>
        <time>2026-08-08T14:17:05.000Z</time>
      </trkpt>
      <trkpt lat="57.84192047081887722015380859375" lon="-4.275407977402210235595703125">
        <ele>165</ele>
        <time>2026-08-08T14:17:09.000Z</time>
      </trkpt>
      <trkpt lat="57.841877304017543792724609375" lon="-4.27516045980155467987060546875">
        <ele>165.8000030517578125</ele>
        <time>2026-08-08T14:17:16.000Z</time>
      </trkpt>
      <trkpt lat="57.84186582081019878387451171875" lon="-4.275086112320423126220703125">
        <ele>166</ele>
        <time>2026-08-08T14:17:18.000Z</time>
      </trkpt>
      <trkpt lat="57.84183464013040065765380859375" lon="-4.2748953402042388916015625">
        <ele>167.1999969482421875</ele>
        <time>2026-08-08T14:17:24.000Z</time>
      </trkpt>
      <trkpt lat="57.84177177585661411285400390625" lon="-4.27458730526268482208251953125">
        <ele>167.600006103515625</ele>
        <time>2026-08-08T14:17:33.000Z</time>
      </trkpt>
      <trkpt lat="57.84174310974776744842529296875" lon="-4.27442260086536407470703125">
        <ele>168.1999969482421875</ele>
        <time>2026-08-08T14:17:38.000Z</time>
      </trkpt>
      <trkpt lat="57.8417269326746463775634765625" lon="-4.27435026504099369049072265625">
        <ele>168.600006103515625</ele>
        <time>2026-08-08T14:17:40.000Z</time>
      </trkpt>
      <trkpt lat="57.84170203842222690582275390625" lon="-4.2741920985281467437744140625">
        <ele>169.600006103515625</ele>
        <time>2026-08-08T14:17:44.000Z</time>
      </trkpt>
      <trkpt lat="57.84169457852840423583984375" lon="-4.2741550505161285400390625">
        <ele>169.8000030517578125</ele>
        <time>2026-08-08T14:17:45.000Z</time>
      </trkpt>
      <trkpt lat="57.8416588716208934783935546875" lon="-4.27396838553249835968017578125">
        <ele>171.1999969482421875</ele>
        <time>2026-08-08T14:17:50.000Z</time>
      </trkpt>
      <trkpt lat="57.84164621494710445404052734375" lon="-4.2738948762416839599609375">
        <ele>172.399993896484375</ele>
        <time>2026-08-08T14:17:52.000Z</time>
      </trkpt>
      <trkpt lat="57.8416402637958526611328125" lon="-4.27385724149644374847412109375">
        <ele>172.8000030517578125</ele>
        <time>2026-08-08T14:17:53.000Z</time>
      </trkpt>
      <trkpt lat="57.8415998630225658416748046875" lon="-4.273621626198291778564453125">
        <ele>172.399993896484375</ele>
        <time>2026-08-08T14:18:00.000Z</time>
      </trkpt>
      <trkpt lat="57.84158988855779170989990234375" lon="-4.27353403531014919281005859375">
        <ele>174</ele>
        <time>2026-08-08T14:18:03.000Z</time>
      </trkpt>
      <trkpt lat="57.8415676765143871307373046875" lon="-4.2734440974891185760498046875">
        <ele>174.1999969482421875</ele>
        <time>2026-08-08T14:18:06.000Z</time>
      </trkpt>
      <trkpt lat="57.841518558561801910400390625" lon="-4.273223318159580230712890625">
        <ele>174.8000030517578125</ele>
        <time>2026-08-08T14:18:13.000Z</time>
      </trkpt>
      <trkpt lat="57.8414841927587985992431640625" lon="-4.27304302342236042022705078125">
        <ele>175.1999969482421875</ele>
        <time>2026-08-08T14:18:19.000Z</time>
      </trkpt>
      <trkpt lat="57.841473631560802459716796875" lon="-4.2730132676661014556884765625">
        <ele>175.399993896484375</ele>
        <time>2026-08-08T14:18:20.000Z</time>
      </trkpt>
      <trkpt lat="57.84145443700253963470458984375" lon="-4.27291360683739185333251953125">
        <ele>176.1999969482421875</ele>
        <time>2026-08-08T14:18:23.000Z</time>
      </trkpt>
      <trkpt lat="57.8414147906005382537841796875" lon="-4.27275954745709896087646484375">
        <ele>176.399993896484375</ele>
        <time>2026-08-08T14:18:28.000Z</time>
      </trkpt>
      <trkpt lat="57.841382436454296112060546875" lon="-4.272632896900177001953125">
        <ele>176.8000030517578125</ele>
        <time>2026-08-08T14:18:32.000Z</time>
      </trkpt>
      <trkpt lat="57.8413720428943634033203125" lon="-4.2726005427539348602294921875">
        <ele>177</ele>
        <time>2026-08-08T14:18:33.000Z</time>
      </trkpt>
      <trkpt lat="57.8413353301584720611572265625" lon="-4.27244707010686397552490234375">
        <ele>177.1999969482421875</ele>
        <time>2026-08-08T14:18:37.000Z</time>
      </trkpt>
      <trkpt lat="57.84131831489503383636474609375" lon="-4.272338859736919403076171875">
        <ele>178.600006103515625</ele>
        <time>2026-08-08T14:18:40.000Z</time>
      </trkpt>
      <trkpt lat="57.84129987470805644989013671875" lon="-4.272279180586338043212890625">
        <ele>179.600006103515625</ele>
        <time>2026-08-08T14:18:42.000Z</time>
      </trkpt>
      <trkpt lat="57.8412484936416149139404296875" lon="-4.2720510251820087432861328125">
        <ele>179.600006103515625</ele>
        <time>2026-08-08T14:18:49.000Z</time>
      </trkpt>
      <trkpt lat="57.8412290476262569427490234375" lon="-4.27192303352057933807373046875">
        <ele>180.8000030517578125</ele>
        <time>2026-08-08T14:18:53.000Z</time>
      </trkpt>
      <trkpt lat="57.84121320582926273345947265625" lon="-4.2718682996928691864013671875">
        <ele>181</ele>
        <time>2026-08-08T14:18:54.000Z</time>
      </trkpt>
      <trkpt lat="57.841177247464656829833984375" lon="-4.2717066965997219085693359375">
        <ele>180.600006103515625</ele>
        <time>2026-08-08T14:18:59.000Z</time>
      </trkpt>
      <trkpt lat="57.841168530285358428955078125" lon="-4.2716761864721775054931640625">
        <ele>181</ele>
        <time>2026-08-08T14:19:00.000Z</time>
      </trkpt>
      <trkpt lat="57.84115050919353961944580078125" lon="-4.27162111736834049224853515625">
        <ele>181.8000030517578125</ele>
        <time>2026-08-08T14:19:02.000Z</time>
      </trkpt>
      <trkpt lat="57.84112620167434215545654296875" lon="-4.27153654396533966064453125">
        <ele>182.399993896484375</ele>
        <time>2026-08-08T14:19:05.000Z</time>
      </trkpt>
      <trkpt lat="57.84111580811440944671630859375" lon="-4.27150913514196872711181640625">
        <ele>182.600006103515625</ele>
        <time>2026-08-08T14:19:06.000Z</time>
      </trkpt>
      <trkpt lat="57.84108596853911876678466796875" lon="-4.2714156769216060638427734375">
        <ele>183</ele>
        <time>2026-08-08T14:19:10.000Z</time>
      </trkpt>
      <trkpt lat="57.841077335178852081298828125" lon="-4.27139027975499629974365234375">
        <ele>183.1999969482421875</ele>
        <time>2026-08-08T14:19:11.000Z</time>
      </trkpt>
      <trkpt lat="57.841056883335113525390625" lon="-4.27133445627987384796142578125">
        <ele>184.399993896484375</ele>
        <time>2026-08-08T14:19:14.000Z</time>
      </trkpt>
      <trkpt lat="57.8410340845584869384765625" lon="-4.2712671495974063873291015625">
        <ele>185.399993896484375</ele>
        <time>2026-08-08T14:19:17.000Z</time>
      </trkpt>
      <trkpt lat="57.8409913368523120880126953125" lon="-4.2711270041763782501220703125">
        <ele>184.399993896484375</ele>
        <time>2026-08-08T14:19:22.000Z</time>
      </trkpt>
      <trkpt lat="57.84095956943929195404052734375" lon="-4.27102063782513141632080078125">
        <ele>185.399993896484375</ele>
        <time>2026-08-08T14:19:26.000Z</time>
      </trkpt>
      <trkpt lat="57.84091732464730739593505859375" lon="-4.27092072553932666778564453125">
        <ele>185.1999969482421875</ele>
        <time>2026-08-08T14:19:30.000Z</time>
      </trkpt>
      <trkpt lat="57.840885221958160400390625" lon="-4.27084260620176792144775390625">
        <ele>186</ele>
        <time>2026-08-08T14:19:33.000Z</time>
      </trkpt>
      <trkpt lat="57.84087474457919597625732421875" lon="-4.270818047225475311279296875">
        <ele>186.399993896484375</ele>
        <time>2026-08-08T14:19:34.000Z</time>
      </trkpt>
      <trkpt lat="57.8407834656536579132080078125" lon="-4.270624257624149322509765625">
        <ele>186.600006103515625</ele>
        <time>2026-08-08T14:19:42.000Z</time>
      </trkpt>
      <trkpt lat="57.84073845483362674713134765625" lon="-4.270522333681583404541015625">
        <ele>187.399993896484375</ele>
        <time>2026-08-08T14:19:46.000Z</time>
      </trkpt>
      <trkpt lat="57.840717919170856475830078125" lon="-4.27047397010028362274169921875">
        <ele>187.399993896484375</ele>
        <time>2026-08-08T14:19:48.000Z</time>
      </trkpt>
      <trkpt lat="57.8406734950840473175048828125" lon="-4.27034622989594936370849609375">
        <ele>187.600006103515625</ele>
        <time>2026-08-08T14:19:53.000Z</time>
      </trkpt>
      <trkpt lat="57.8406171686947345733642578125" lon="-4.270223937928676605224609375">
        <ele>188</ele>
        <time>2026-08-08T14:19:59.000Z</time>
      </trkpt>
      <trkpt lat="57.84060367383062839508056640625" lon="-4.27017867565155029296875">
        <ele>188.8000030517578125</ele>
        <time>2026-08-08T14:20:01.000Z</time>
      </trkpt>
      <trkpt lat="57.84058858640491962432861328125" lon="-4.270155541598796844482421875">
        <ele>190</ele>
        <time>2026-08-08T14:20:03.000Z</time>
      </trkpt>
      <trkpt lat="57.8405796177685260772705078125" lon="-4.27014154382050037384033203125">
        <ele>190.399993896484375</ele>
        <time>2026-08-08T14:20:04.000Z</time>
      </trkpt>
      <trkpt lat="57.84054935909807682037353515625" lon="-4.27006401121616363525390625">
        <ele>190.600006103515625</ele>
        <time>2026-08-08T14:20:09.000Z</time>
      </trkpt>
      <trkpt lat="57.84050141461193561553955078125" lon="-4.26997122354805469512939453125">
        <ele>191</ele>
        <time>2026-08-08T14:20:13.000Z</time>
      </trkpt>
      <trkpt lat="57.84047610126435756683349609375" lon="-4.26992453634738922119140625">
        <ele>191.1999969482421875</ele>
        <time>2026-08-08T14:20:15.000Z</time>
      </trkpt>
      <trkpt lat="57.84039680846035480499267578125" lon="-4.26975195296108722686767578125">
        <ele>191.399993896484375</ele>
        <time>2026-08-08T14:20:21.000Z</time>
      </trkpt>
      <trkpt lat="57.84035339020192623138427734375" lon="-4.26965053193271160125732421875">
        <ele>191.399993896484375</ele>
        <time>2026-08-08T14:20:25.000Z</time>
      </trkpt>
      <trkpt lat="57.84028641879558563232421875" lon="-4.269559085369110107421875">
        <ele>192</ele>
        <time>2026-08-08T14:20:30.000Z</time>
      </trkpt>
      <trkpt lat="57.84027510322630405426025390625" lon="-4.26953620277345180511474609375">
        <ele>192.1999969482421875</ele>
        <time>2026-08-08T14:20:31.000Z</time>
      </trkpt>
      <trkpt lat="57.840230427682399749755859375" lon="-4.26945523358881473541259765625">
        <ele>193.399993896484375</ele>
        <time>2026-08-08T14:20:35.000Z</time>
      </trkpt>
      <trkpt lat="57.840202935039997100830078125" lon="-4.26940192468464374542236328125">
        <ele>194.399993896484375</ele>
        <time>2026-08-08T14:20:38.000Z</time>
      </trkpt>
      <trkpt lat="57.84019296057522296905517578125" lon="-4.269384406507015228271484375">
        <ele>194.600006103515625</ele>
        <time>2026-08-08T14:20:39.000Z</time>
      </trkpt>
      <trkpt lat="57.8401274979114532470703125" lon="-4.26928642205893993377685546875">
        <ele>194.8000030517578125</ele>
        <time>2026-08-08T14:20:44.000Z</time>
      </trkpt>
      <trkpt lat="57.84003471024334430694580078125" lon="-4.26913353614509105682373046875">
        <ele>194.600006103515625</ele>
        <time>2026-08-08T14:20:50.000Z</time>
      </trkpt>
      <trkpt lat="57.8399637155234813690185546875" lon="-4.26901669241487979888916015625">
        <ele>195.8000030517578125</ele>
        <time>2026-08-08T14:20:55.000Z</time>
      </trkpt>
      <trkpt lat="57.83993236720561981201171875" lon="-4.2689849250018596649169921875">
        <ele>196.600006103515625</ele>
        <time>2026-08-08T14:20:57.000Z</time>
      </trkpt>
      <trkpt lat="57.8398892842233180999755859375" lon="-4.26892197690904140472412109375">
        <ele>196.8000030517578125</ele>
        <time>2026-08-08T14:21:00.000Z</time>
      </trkpt>
      <trkpt lat="57.839826084673404693603515625" lon="-4.26887587644159793853759765625">
        <ele>196.399993896484375</ele>
        <time>2026-08-08T14:21:04.000Z</time>
      </trkpt>
      <trkpt lat="57.8397806547582149505615234375" lon="-4.26882994361221790313720703125">
        <ele>198.399993896484375</ele>
        <time>2026-08-08T14:21:07.000Z</time>
      </trkpt>
      <trkpt lat="57.83974955789744853973388671875" lon="-4.2688000202178955078125">
        <ele>200.600006103515625</ele>
        <time>2026-08-08T14:21:09.000Z</time>
      </trkpt>
      <trkpt lat="57.83971737138926982879638671875" lon="-4.26878082565963268280029296875">
        <ele>200.8000030517578125</ele>
        <time>2026-08-08T14:21:11.000Z</time>
      </trkpt>
      <trkpt lat="57.83964176662266254425048828125" lon="-4.26870522089302539825439453125">
        <ele>203.1999969482421875</ele>
        <time>2026-08-08T14:21:16.000Z</time>
      </trkpt>
      <trkpt lat="57.8396126814186573028564453125" lon="-4.268683008849620819091796875">
        <ele>202.8000030517578125</ele>
        <time>2026-08-08T14:21:18.000Z</time>
      </trkpt>
      <trkpt lat="57.8395466320216655731201171875" lon="-4.2686365731060504913330078125">
        <ele>203.1999969482421875</ele>
        <time>2026-08-08T14:21:23.000Z</time>
      </trkpt>
      <trkpt lat="57.83942878246307373046875" lon="-4.2686023749411106109619140625">
        <ele>203.8000030517578125</ele>
        <time>2026-08-08T14:21:29.000Z</time>
      </trkpt>
      <trkpt lat="57.83936239778995513916015625" lon="-4.2685778997838497161865234375">
        <ele>204.399993896484375</ele>
        <time>2026-08-08T14:21:32.000Z</time>
      </trkpt>
      <trkpt lat="57.83932191319763660430908203125" lon="-4.2685614712536334991455078125">
        <ele>205.1999969482421875</ele>
        <time>2026-08-08T14:21:34.000Z</time>
      </trkpt>
      <trkpt lat="57.83929592929780483245849609375" lon="-4.26855535246431827545166015625">
        <ele>205.399993896484375</ele>
        <time>2026-08-08T14:21:35.000Z</time>
      </trkpt>
      <trkpt lat="57.83918646164238452911376953125" lon="-4.2685443721711635589599609375">
        <ele>205.1999969482421875</ele>
        <time>2026-08-08T14:21:41.000Z</time>
      </trkpt>
      <trkpt lat="57.839114628732204437255859375" lon="-4.26854982040822505950927734375">
        <ele>206.399993896484375</ele>
        <time>2026-08-08T14:21:45.000Z</time>
      </trkpt>
      <trkpt lat="57.8390799276530742645263671875" lon="-4.26854730583727359771728515625">
        <ele>206.600006103515625</ele>
        <time>2026-08-08T14:21:47.000Z</time>
      </trkpt>
      <trkpt lat="57.83894640393555164337158203125" lon="-4.2685691826045513153076171875">
        <ele>207.1999969482421875</ele>
        <time>2026-08-08T14:21:54.000Z</time>
      </trkpt>
      <trkpt lat="57.83892377279698848724365234375" lon="-4.26856490783393383026123046875">
        <ele>207.399993896484375</ele>
        <time>2026-08-08T14:21:55.000Z</time>
      </trkpt>
      <trkpt lat="57.8388051688671112060546875" lon="-4.26859684288501739501953125">
        <ele>208.1999969482421875</ele>
        <time>2026-08-08T14:22:01.000Z</time>
      </trkpt>
      <trkpt lat="57.8387875668704509735107421875" lon="-4.26860329695045948028564453125">
        <ele>208.600006103515625</ele>
        <time>2026-08-08T14:22:02.000Z</time>
      </trkpt>
      <trkpt lat="57.83873568288981914520263671875" lon="-4.268638081848621368408203125">
        <ele>209.1999969482421875</ele>
        <time>2026-08-08T14:22:05.000Z</time>
      </trkpt>
      <trkpt lat="57.83870182000100612640380859375" lon="-4.26863447763025760650634765625">
        <ele>209.8000030517578125</ele>
        <time>2026-08-08T14:22:07.000Z</time>
      </trkpt>
      <trkpt lat="57.8386886604130268096923828125" lon="-4.2686419375240802764892578125">
        <ele>210</ele>
        <time>2026-08-08T14:22:08.000Z</time>
      </trkpt>
      <trkpt lat="57.83864113502204418182373046875" lon="-4.2686726152896881103515625">
        <ele>211</ele>
        <time>2026-08-08T14:22:11.000Z</time>
      </trkpt>
      <trkpt lat="57.8386081941425800323486328125" lon="-4.2686982639133930206298828125">
        <ele>211.600006103515625</ele>
        <time>2026-08-08T14:22:13.000Z</time>
      </trkpt>
      <trkpt lat="57.83857240341603755950927734375" lon="-4.268721900880336761474609375">
        <ele>212</ele>
        <time>2026-08-08T14:22:15.000Z</time>
      </trkpt>
      <trkpt lat="57.838466875255107879638671875" lon="-4.26879624836146831512451171875">
        <ele>213</ele>
        <time>2026-08-08T14:22:21.000Z</time>
      </trkpt>
      <trkpt lat="57.83842722885310649871826171875" lon="-4.2688201367855072021484375">
        <ele>213.1999969482421875</ele>
        <time>2026-08-08T14:22:23.000Z</time>
      </trkpt>
      <trkpt lat="57.8383701480925083160400390625" lon="-4.26888677291572093963623046875">
        <ele>213.600006103515625</ele>
        <time>2026-08-08T14:22:26.000Z</time>
      </trkpt>
      <trkpt lat="57.83833888359367847442626953125" lon="-4.268926419317722320556640625">
        <ele>214.600006103515625</ele>
        <time>2026-08-08T14:22:28.000Z</time>
      </trkpt>
      <trkpt lat="57.838290520012378692626953125" lon="-4.2689906246960163116455078125">
        <ele>214.600006103515625</ele>
        <time>2026-08-08T14:22:31.000Z</time>
      </trkpt>
      <trkpt lat="57.83827434293925762176513671875" lon="-4.26900847814977169036865234375">
        <ele>214.1999969482421875</ele>
        <time>2026-08-08T14:22:32.000Z</time>
      </trkpt>
      <trkpt lat="57.83818147145211696624755859375" lon="-4.269151389598846435546875">
        <ele>216</ele>
        <time>2026-08-08T14:22:38.000Z</time>
      </trkpt>
      <trkpt lat="57.83816386945545673370361328125" lon="-4.26917376928031444549560546875">
        <ele>216.1999969482421875</ele>
        <time>2026-08-08T14:22:39.000Z</time>
      </trkpt>
      <trkpt lat="57.83808692358434200286865234375" lon="-4.269304610788822174072265625">
        <ele>217.1999969482421875</ele>
        <time>2026-08-08T14:22:44.000Z</time>
      </trkpt>
      <trkpt lat="57.83805591054260730743408203125" lon="-4.26934878341853618621826171875">
        <ele>217.600006103515625</ele>
        <time>2026-08-08T14:22:46.000Z</time>
      </trkpt>
      <trkpt lat="57.83795113675296306610107421875" lon="-4.2695121467113494873046875">
        <ele>218.399993896484375</ele>
        <time>2026-08-08T14:22:53.000Z</time>
      </trkpt>
      <trkpt lat="57.83784250728785991668701171875" lon="-4.269669391214847564697265625">
        <ele>218.8000030517578125</ele>
        <time>2026-08-08T14:23:00.000Z</time>
      </trkpt>
      <trkpt lat="57.8378266654908657073974609375" lon="-4.269686155021190643310546875">
        <ele>219</ele>
        <time>2026-08-08T14:23:01.000Z</time>
      </trkpt>
      <trkpt lat="57.8377810679376125335693359375" lon="-4.26975429989397525787353515625">
        <ele>219.8000030517578125</ele>
        <time>2026-08-08T14:23:04.000Z</time>
      </trkpt>
      <trkpt lat="57.837750725448131561279296875" lon="-4.2698076926171779632568359375">
        <ele>220.600006103515625</ele>
        <time>2026-08-08T14:23:06.000Z</time>
      </trkpt>
      <trkpt lat="57.8376781381666660308837890625" lon="-4.26993451081216335296630859375">
        <ele>221</ele>
        <time>2026-08-08T14:23:11.000Z</time>
      </trkpt>
      <trkpt lat="57.8376365639269351959228515625" lon="-4.2700138874351978302001953125">
        <ele>220.8000030517578125</ele>
        <time>2026-08-08T14:23:14.000Z</time>
      </trkpt>
      <trkpt lat="57.837539501488208770751953125" lon="-4.2701902426779270172119140625">
        <ele>220</ele>
        <time>2026-08-08T14:23:21.000Z</time>
      </trkpt>
      <trkpt lat="57.83747185952961444854736328125" lon="-4.2703250236809253692626953125">
        <ele>222.1999969482421875</ele>
        <time>2026-08-08T14:23:26.000Z</time>
      </trkpt>
      <trkpt lat="57.8374588675796985626220703125" lon="-4.27034405060112476348876953125">
        <ele>222.399993896484375</ele>
        <time>2026-08-08T14:23:27.000Z</time>
      </trkpt>
      <trkpt lat="57.83744151704013347625732421875" lon="-4.27036869339644908905029296875">
        <ele>222.8000030517578125</ele>
        <time>2026-08-08T14:23:32.000Z</time>
      </trkpt>
      <trkpt lat="57.837441600859165191650390625" lon="-4.27036869339644908905029296875">
        <ele>221</ele>
        <time>2026-08-08T14:23:39.000Z</time>
      </trkpt>
      <trkpt lat="57.837441600859165191650390625" lon="-4.27036869339644908905029296875">
        <ele>220.1999969482421875</ele>
        <time>2026-08-08T14:23:41.000Z</time>
      </trkpt>
      <trkpt lat="57.837441600859165191650390625" lon="-4.27036869339644908905029296875">
        <ele>220</ele>
        <time>2026-08-08T14:23:42.000Z</time>
      </trkpt>
      <trkpt lat="57.837441600859165191650390625" lon="-4.27036869339644908905029296875">
        <ele>219.8000030517578125</ele>
        <time>2026-08-08T14:23:51.000Z</time>
      </trkpt>
      <trkpt lat="57.837441600859165191650390625" lon="-4.27036869339644908905029296875">
        <ele>219.1999969482421875</ele>
        <time>2026-08-08T14:24:00.000Z</time>
      </trkpt>
      <trkpt lat="57.837441600859165191650390625" lon="-4.27036869339644908905029296875">
        <ele>219</ele>
        <time>2026-08-08T14:24:03.000Z</time>
      </trkpt>
      <trkpt lat="57.83744134940207004547119140625" lon="-4.27036953158676624298095703125">
        <ele>219.399993896484375</ele>
        <time>2026-08-08T14:24:09.000Z</time>
      </trkpt>
      <trkpt lat="57.83744134940207004547119140625" lon="-4.27036953158676624298095703125">
        <ele>219.399993896484375</ele>
        <time>2026-08-08T14:24:10.000Z</time>
      </trkpt>
      <trkpt lat="57.83744134940207004547119140625" lon="-4.27036953158676624298095703125">
        <ele>219.399993896484375</ele>
        <time>2026-08-08T14:24:11.000Z</time>
      </trkpt>
      <trkpt lat="57.83744134940207004547119140625" lon="-4.27036953158676624298095703125">
        <ele>219.399993896484375</ele>
        <time>2026-08-08T14:24:13.000Z</time>
      </trkpt>
      <trkpt lat="57.83744134940207004547119140625" lon="-4.27036953158676624298095703125">
        <ele>218.8000030517578125</ele>
        <time>2026-08-08T14:24:17.000Z</time>
      </trkpt>
      <trkpt lat="57.83744134940207004547119140625" lon="-4.27036953158676624298095703125">
        <ele>218.600006103515625</ele>
        <time>2026-08-08T14:24:21.000Z</time>
      </trkpt>
      <trkpt lat="57.837441600859165191650390625" lon="-4.27036869339644908905029296875">
        <ele>218.600006103515625</ele>
        <time>2026-08-08T14:24:22.000Z</time>
      </trkpt>
      <trkpt lat="57.837441600859165191650390625" lon="-4.27036869339644908905029296875">
        <ele>219</ele>
        <time>2026-08-08T14:24:32.000Z</time>
      </trkpt>
      <trkpt lat="57.837441600859165191650390625" lon="-4.27036869339644908905029296875">
        <ele>219.1999969482421875</ele>
        <time>2026-08-08T14:24:41.000Z</time>
      </trkpt>
      <trkpt lat="57.837441600859165191650390625" lon="-4.27036869339644908905029296875">
        <ele>219.399993896484375</ele>
        <time>2026-08-08T14:24:43.000Z</time>
      </trkpt>
      <trkpt lat="57.837441600859165191650390625" lon="-4.27036869339644908905029296875">
        <ele>219.8000030517578125</ele>
        <time>2026-08-08T14:24:46.000Z</time>
      </trkpt>
      <trkpt lat="57.837441600859165191650390625" lon="-4.27036869339644908905029296875">
        <ele>217.8000030517578125</ele>
        <time>2026-08-08T14:24:51.000Z</time>
      </trkpt>
      <trkpt lat="57.837441600859165191650390625" lon="-4.27036869339644908905029296875">
        <ele>217.8000030517578125</ele>
        <time>2026-08-08T14:24:52.000Z</time>
      </trkpt>
      <trkpt lat="57.837441600859165191650390625" lon="-4.27036869339644908905029296875">
        <ele>218</ele>
        <time>2026-08-08T14:24:55.000Z</time>
      </trkpt>
      <trkpt lat="57.837441600859165191650390625" lon="-4.27036869339644908905029296875">
        <ele>218.399993896484375</ele>
        <time>2026-08-08T14:24:59.000Z</time>
      </trkpt>
      <trkpt lat="57.837441600859165191650390625" lon="-4.27036869339644908905029296875">
        <ele>218.600006103515625</ele>
        <time>2026-08-08T14:25:04.000Z</time>
      </trkpt>
      <trkpt lat="57.837441600859165191650390625" lon="-4.27036869339644908905029296875">
        <ele>218.8000030517578125</ele>
        <time>2026-08-08T14:25:05.000Z</time>
      </trkpt>
      <trkpt lat="57.8374357335269451141357421875" lon="-4.27036986686289310455322265625">
        <ele>219</ele>
        <time>2026-08-08T14:25:06.000Z</time>
      </trkpt>
      <trkpt lat="57.837441600859165191650390625" lon="-4.27036869339644908905029296875">
        <ele>219</ele>
        <time>2026-08-08T14:25:09.000Z</time>
      </trkpt>
      <trkpt lat="57.837441600859165191650390625" lon="-4.27036869339644908905029296875">
        <ele>217.8000030517578125</ele>
        <time>2026-08-08T14:25:14.000Z</time>
      </trkpt>
      <trkpt lat="57.837441600859165191650390625" lon="-4.27036869339644908905029296875">
        <ele>217.600006103515625</ele>
        <time>2026-08-08T14:25:19.000Z</time>
      </trkpt>
      <trkpt lat="57.837441600859165191650390625" lon="-4.27036869339644908905029296875">
        <ele>217.1999969482421875</ele>
        <time>2026-08-08T14:25:26.000Z</time>
      </trkpt>
      <trkpt lat="57.837441600859165191650390625" lon="-4.27036869339644908905029296875">
        <ele>217.1999969482421875</ele>
        <time>2026-08-08T14:25:32.000Z</time>
      </trkpt>
      <trkpt lat="57.837441600859165191650390625" lon="-4.27036869339644908905029296875">
        <ele>217</ele>
        <time>2026-08-08T14:25:36.000Z</time>
      </trkpt>
      <trkpt lat="57.837441600859165191650390625" lon="-4.27036869339644908905029296875">
        <ele>217</ele>
        <time>2026-08-08T14:25:39.000Z</time>
      </trkpt>
      <trkpt lat="57.837441600859165191650390625" lon="-4.27036869339644908905029296875">
        <ele>217.8000030517578125</ele>
        <time>2026-08-08T14:25:45.000Z</time>
      </trkpt>
      <trkpt lat="57.837441600859165191650390625" lon="-4.27036869339644908905029296875">
        <ele>217.8000030517578125</ele>
        <time>2026-08-08T14:25:46.000Z</time>
      </trkpt>
      <trkpt lat="57.837441600859165191650390625" lon="-4.27036869339644908905029296875">
        <ele>218.8000030517578125</ele>
        <time>2026-08-08T14:25:50.000Z</time>
      </trkpt>
      <trkpt lat="57.837441600859165191650390625" lon="-4.27036869339644908905029296875">
        <ele>219</ele>
        <time>2026-08-08T14:25:52.000Z</time>
      </trkpt>
      <trkpt lat="57.837441600859165191650390625" lon="-4.27036869339644908905029296875">
        <ele>219.1999969482421875</ele>
        <time>2026-08-08T14:26:01.000Z</time>
      </trkpt>
      <trkpt lat="57.837441600859165191650390625" lon="-4.27036869339644908905029296875">
        <ele>220</ele>
        <time>2026-08-08T14:26:03.000Z</time>
      </trkpt>
      <trkpt lat="57.837441600859165191650390625" lon="-4.27036869339644908905029296875">
        <ele>219</ele>
        <time>2026-08-08T14:26:12.000Z</time>
      </trkpt>
      <trkpt lat="57.837441600859165191650390625" lon="-4.27036869339644908905029296875">
        <ele>219</ele>
        <time>2026-08-08T14:26:13.000Z</time>
      </trkpt>
      <trkpt lat="57.837441600859165191650390625" lon="-4.27036869339644908905029296875">
        <ele>219</ele>
        <time>2026-08-08T14:26:25.000Z</time>
      </trkpt>
      <trkpt lat="57.83742626197636127471923828125" lon="-4.27038394846022129058837890625">
        <ele>219</ele>
        <time>2026-08-08T14:26:31.000Z</time>
      </trkpt>
      <trkpt lat="57.83736909739673137664794921875" lon="-4.2704916559159755706787109375">
        <ele>219.8000030517578125</ele>
        <time>2026-08-08T14:26:36.000Z</time>
      </trkpt>
      <trkpt lat="57.83732064999639987945556640625" lon="-4.27058980800211429595947265625">
        <ele>220</ele>
        <time>2026-08-08T14:26:39.000Z</time>
      </trkpt>
      <trkpt lat="57.83725929446518421173095703125" lon="-4.27070313133299350738525390625">
        <ele>220.1999969482421875</ele>
        <time>2026-08-08T14:26:42.000Z</time>
      </trkpt>
      <trkpt lat="57.83708796836435794830322265625" lon="-4.27102365531027317047119140625">
        <ele>221.1999969482421875</ele>
        <time>2026-08-08T14:26:49.000Z</time>
      </trkpt>
      <trkpt lat="57.837061397731304168701171875" lon="-4.2710669897496700286865234375">
        <ele>221.399993896484375</ele>
        <time>2026-08-08T14:26:50.000Z</time>
      </trkpt>
      <trkpt lat="57.8369542770087718963623046875" lon="-4.2712503857910633087158203125">
        <ele>221.399993896484375</ele>
        <time>2026-08-08T14:26:54.000Z</time>
      </trkpt>
      <trkpt lat="57.83687607385218143463134765625" lon="-4.27139665000140666961669921875">
        <ele>221.399993896484375</ele>
        <time>2026-08-08T14:26:57.000Z</time>
      </trkpt>
      <trkpt lat="57.83676870167255401611328125" lon="-4.271579794585704803466796875">
        <ele>221.1999969482421875</ele>
        <time>2026-08-08T14:27:01.000Z</time>
      </trkpt>
      <trkpt lat="57.8366397880017757415771484375" lon="-4.2718025855720043182373046875">
        <ele>221</ele>
        <time>2026-08-08T14:27:06.000Z</time>
      </trkpt>
      <trkpt lat="57.836426384747028350830078125" lon="-4.272137694060802459716796875">
        <ele>221.399993896484375</ele>
        <time>2026-08-08T14:27:13.000Z</time>
      </trkpt>
      <trkpt lat="57.83610728569328784942626953125" lon="-4.27258738316595554351806640625">
        <ele>220.8000030517578125</ele>
        <time>2026-08-08T14:27:22.000Z</time>
      </trkpt>
      <trkpt lat="57.8359320200979709625244140625" lon="-4.27278854884207248687744140625">
        <ele>221.399993896484375</ele>
        <time>2026-08-08T14:27:27.000Z</time>
      </trkpt>
      <trkpt lat="57.83581777475774288177490234375" lon="-4.272895753383636474609375">
        <ele>222</ele>
        <time>2026-08-08T14:27:30.000Z</time>
      </trkpt>
      <trkpt lat="57.83552155829966068267822265625" lon="-4.27309968508780002593994140625">
        <ele>220.1999969482421875</ele>
        <time>2026-08-08T14:27:37.000Z</time>
      </trkpt>
      <trkpt lat="57.835477553308010101318359375" lon="-4.27312667481601238250732421875">
        <ele>219.8000030517578125</ele>
        <time>2026-08-08T14:27:38.000Z</time>
      </trkpt>
      <trkpt lat="57.83515661023557186126708984375" lon="-4.27331811748445034027099609375">
        <ele>219.600006103515625</ele>
        <time>2026-08-08T14:27:45.000Z</time>
      </trkpt>
      <trkpt lat="57.83476668410003185272216796875" lon="-4.27354761399328708648681640625">
        <ele>219</ele>
        <time>2026-08-08T14:27:53.000Z</time>
      </trkpt>
      <trkpt lat="57.83460818231105804443359375" lon="-4.27364937029778957366943359375">
        <ele>219.399993896484375</ele>
        <time>2026-08-08T14:27:56.000Z</time>
      </trkpt>
      <trkpt lat="57.83450030721724033355712890625" lon="-4.273724891245365142822265625">
        <ele>219</ele>
        <time>2026-08-08T14:27:58.000Z</time>
      </trkpt>
      <trkpt lat="57.83444448374211788177490234375" lon="-4.27376235835254192352294921875">
        <ele>218.8000030517578125</ele>
        <time>2026-08-08T14:27:59.000Z</time>
      </trkpt>
      <trkpt lat="57.83433057367801666259765625" lon="-4.27383653819561004638671875">
        <ele>218</ele>
        <time>2026-08-08T14:28:01.000Z</time>
      </trkpt>
      <trkpt lat="57.83426997251808643341064453125" lon="-4.27386897616088390350341796875">
        <ele>217.399993896484375</ele>
        <time>2026-08-08T14:28:02.000Z</time>
      </trkpt>
      <trkpt lat="57.83407852984964847564697265625" lon="-4.27396662533283233642578125">
        <ele>216</ele>
        <time>2026-08-08T14:28:05.000Z</time>
      </trkpt>
      <trkpt lat="57.833948023617267608642578125" lon="-4.2740128934383392333984375">
        <ele>214.8000030517578125</ele>
        <time>2026-08-08T14:28:07.000Z</time>
      </trkpt>
      <trkpt lat="57.833762951195240020751953125" lon="-4.2740335129201412200927734375">
        <ele>213.8000030517578125</ele>
        <time>2026-08-08T14:28:10.000Z</time>
      </trkpt>
      <trkpt lat="57.83370721153914928436279296875" lon="-4.27402487955987453460693359375">
        <ele>213.1999969482421875</ele>
        <time>2026-08-08T14:28:11.000Z</time>
      </trkpt>
      <trkpt lat="57.833602689206600189208984375" lon="-4.27400141023099422454833984375">
        <ele>213.1999969482421875</ele>
        <time>2026-08-08T14:28:13.000Z</time>
      </trkpt>
      <trkpt lat="57.83355600200593471527099609375" lon="-4.2739845626056194305419921875">
        <ele>213.399993896484375</ele>
        <time>2026-08-08T14:28:14.000Z</time>
      </trkpt>
      <trkpt lat="57.83347385935485363006591796875" lon="-4.27394391037523746490478515625">
        <ele>214</ele>
        <time>2026-08-08T14:28:16.000Z</time>
      </trkpt>
      <trkpt lat="57.83343832008540630340576171875" lon="-4.2739109694957733154296875">
        <ele>214.399993896484375</ele>
        <time>2026-08-08T14:28:17.000Z</time>
      </trkpt>
      <trkpt lat="57.8334000147879123687744140625" lon="-4.2738796211779117584228515625">
        <ele>214.8000030517578125</ele>
        <time>2026-08-08T14:28:18.000Z</time>
      </trkpt>
      <trkpt lat="57.83324788324534893035888671875" lon="-4.2737151682376861572265625">
        <ele>214.399993896484375</ele>
        <time>2026-08-08T14:28:22.000Z</time>
      </trkpt>
      <trkpt lat="57.83312701620161533355712890625" lon="-4.27355951629579067230224609375">
        <ele>214</ele>
        <time>2026-08-08T14:28:25.000Z</time>
      </trkpt>
      <trkpt lat="57.8330469690263271331787109375" lon="-4.273445606231689453125">
        <ele>213.600006103515625</ele>
        <time>2026-08-08T14:28:27.000Z</time>
      </trkpt>
      <trkpt lat="57.83300464041531085968017578125" lon="-4.27338584326207637786865234375">
        <ele>213.1999969482421875</ele>
        <time>2026-08-08T14:28:28.000Z</time>
      </trkpt>
      <trkpt lat="57.83296407200396060943603515625" lon="-4.27332364954054355621337890625">
        <ele>213</ele>
        <time>2026-08-08T14:28:29.000Z</time>
      </trkpt>
      <trkpt lat="57.83287690021097660064697265625" lon="-4.2731899581849575042724609375">
        <ele>212.600006103515625</ele>
        <time>2026-08-08T14:28:31.000Z</time>
      </trkpt>
      <trkpt lat="57.832591831684112548828125" lon="-4.272696264088153839111328125">
        <ele>212.600006103515625</ele>
        <time>2026-08-08T14:28:38.000Z</time>
      </trkpt>
      <trkpt lat="57.83234448172152042388916015625" lon="-4.27221514284610748291015625">
        <ele>211.399993896484375</ele>
        <time>2026-08-08T14:28:45.000Z</time>
      </trkpt>
      <trkpt lat="57.83230793662369251251220703125" lon="-4.27214649505913257598876953125">
        <ele>211.399993896484375</ele>
        <time>2026-08-08T14:28:46.000Z</time>
      </trkpt>
      <trkpt lat="57.83219754695892333984375" lon="-4.27195672877132892608642578125">
        <ele>212.600006103515625</ele>
        <time>2026-08-08T14:28:49.000Z</time>
      </trkpt>
      <trkpt lat="57.83215857110917568206787109375" lon="-4.27190073765814304351806640625">
        <ele>213.1999969482421875</ele>
        <time>2026-08-08T14:28:50.000Z</time>
      </trkpt>
      <trkpt lat="57.83204533159732818603515625" lon="-4.271730668842792510986328125">
        <ele>212.399993896484375</ele>
        <time>2026-08-08T14:28:53.000Z</time>
      </trkpt>
      <trkpt lat="57.8319170884788036346435546875" lon="-4.27156261168420314788818359375">
        <ele>211.600006103515625</ele>
        <time>2026-08-08T14:28:56.000Z</time>
      </trkpt>
      <trkpt lat="57.83178624697029590606689453125" lon="-4.271396063268184661865234375">
        <ele>210.600006103515625</ele>
        <time>2026-08-08T14:28:59.000Z</time>
      </trkpt>
      <trkpt lat="57.83174517564475536346435546875" lon="-4.27134166471660137176513671875">
        <ele>210.399993896484375</ele>
        <time>2026-08-08T14:29:00.000Z</time>
      </trkpt>
      <trkpt lat="57.831657417118549346923828125" lon="-4.27123881876468658447265625">
        <ele>210.1999969482421875</ele>
        <time>2026-08-08T14:29:02.000Z</time>
      </trkpt>
      <trkpt lat="57.83152657561004161834716796875" lon="-4.27109976299107074737548828125">
        <ele>210.600006103515625</ele>
        <time>2026-08-08T14:29:05.000Z</time>
      </trkpt>
      <trkpt lat="57.8313095681369304656982421875" lon="-4.27087462507188320159912109375">
        <ele>209.1999969482421875</ele>
        <time>2026-08-08T14:29:10.000Z</time>
      </trkpt>
      <trkpt lat="57.8312193788588047027587890625" lon="-4.27078141830861568450927734375">
        <ele>208.600006103515625</ele>
        <time>2026-08-08T14:29:12.000Z</time>
      </trkpt>
      <trkpt lat="57.83107663504779338836669921875" lon="-4.2706348188221454620361328125">
        <ele>208.1999969482421875</ele>
        <time>2026-08-08T14:29:15.000Z</time>
      </trkpt>
      <trkpt lat="57.83093464560806751251220703125" lon="-4.2704970203340053558349609375">
        <ele>208.399993896484375</ele>
        <time>2026-08-08T14:29:18.000Z</time>
      </trkpt>
      <trkpt lat="57.830889634788036346435546875" lon="-4.2704487405717372894287109375">
        <ele>208.399993896484375</ele>
        <time>2026-08-08T14:29:19.000Z</time>
      </trkpt>
      <trkpt lat="57.8305612318217754364013671875" lon="-4.2700977064669132232666015625">
        <ele>208.8000030517578125</ele>
        <time>2026-08-08T14:29:27.000Z</time>
      </trkpt>
      <trkpt lat="57.83025369979441165924072265625" lon="-4.2697714827954769134521484375">
        <ele>208.8000030517578125</ele>
        <time>2026-08-08T14:29:35.000Z</time>
      </trkpt>
      <trkpt lat="57.83017071895301342010498046875" lon="-4.2696759290993213653564453125">
        <ele>209.399993896484375</ele>
        <time>2026-08-08T14:29:38.000Z</time>
      </trkpt>
      <trkpt lat="57.8301287256181240081787109375" lon="-4.26964164711534976959228515625">
        <ele>210.1999969482421875</ele>
        <time>2026-08-08T14:29:40.000Z</time>
      </trkpt>
      <trkpt lat="57.83008052967488765716552734375" lon="-4.26959219388663768768310546875">
        <ele>210.600006103515625</ele>
        <time>2026-08-08T14:29:42.000Z</time>
      </trkpt>
      <trkpt lat="57.82996921800076961517333984375" lon="-4.269473589956760406494140625">
        <ele>210</ele>
        <time>2026-08-08T14:29:46.000Z</time>
      </trkpt>
      <trkpt lat="57.8298001550137996673583984375" lon="-4.269276447594165802001953125">
        <ele>210.8000030517578125</ele>
        <time>2026-08-08T14:29:52.000Z</time>
      </trkpt>
      <trkpt lat="57.82959840260446071624755859375" lon="-4.26905742846429347991943359375">
        <ele>210.8000030517578125</ele>
        <time>2026-08-08T14:30:00.000Z</time>
      </trkpt>
      <trkpt lat="57.829441912472248077392578125" lon="-4.26889029331505298614501953125">
        <ele>210</ele>
        <time>2026-08-08T14:30:06.000Z</time>
      </trkpt>
      <trkpt lat="57.82941433601081371307373046875" lon="-4.26886481232941150665283203125">
        <ele>208.8000030517578125</ele>
        <time>2026-08-08T14:30:07.000Z</time>
      </trkpt>
      <trkpt lat="57.82930553890764713287353515625" lon="-4.26875601522624492645263671875">
        <ele>210</ele>
        <time>2026-08-08T14:30:11.000Z</time>
      </trkpt>
      <trkpt lat="57.829250134527683258056640625" lon="-4.26869952119886875152587890625">
        <ele>210</ele>
        <time>2026-08-08T14:30:13.000Z</time>
      </trkpt>
      <trkpt lat="57.82913974486291408538818359375" lon="-4.2686057277023792266845703125">
        <ele>211.1999969482421875</ele>
        <time>2026-08-08T14:30:17.000Z</time>
      </trkpt>
      <trkpt lat="57.829111330211162567138671875" lon="-4.268581755459308624267578125">
        <ele>212.399993896484375</ele>
        <time>2026-08-08T14:30:18.000Z</time>
      </trkpt>
      <trkpt lat="57.8290813229978084564208984375" lon="-4.2685561068356037139892578125">
        <ele>213.399993896484375</ele>
        <time>2026-08-08T14:30:19.000Z</time>
      </trkpt>
      <trkpt lat="57.8290514834225177764892578125" lon="-4.2685272730886936187744140625">
        <ele>213.399993896484375</ele>
        <time>2026-08-08T14:30:20.000Z</time>
      </trkpt>
      <trkpt lat="57.8290219791233539581298828125" lon="-4.2685001157224178314208984375">
        <ele>213.1999969482421875</ele>
        <time>2026-08-08T14:30:21.000Z</time>
      </trkpt>
      <trkpt lat="57.82896288670599460601806640625" lon="-4.26845191977918148040771484375">
        <ele>212.8000030517578125</ele>
        <time>2026-08-08T14:30:23.000Z</time>
      </trkpt>
      <trkpt lat="57.82893204130232334136962890625" lon="-4.26842710934579372406005859375">
        <ele>212.8000030517578125</ele>
        <time>2026-08-08T14:30:24.000Z</time>
      </trkpt>
      <trkpt lat="57.82890270464122295379638671875" lon="-4.268396012485027313232421875">
        <ele>212.8000030517578125</ele>
        <time>2026-08-08T14:30:25.000Z</time>
      </trkpt>
      <trkpt lat="57.82887361943721771240234375" lon="-4.26836625672876834869384765625">
        <ele>212.8000030517578125</ele>
        <time>2026-08-08T14:30:26.000Z</time>
      </trkpt>
      <trkpt lat="57.828813605010509490966796875" lon="-4.26831479184329509735107421875">
        <ele>213</ele>
        <time>2026-08-08T14:30:28.000Z</time>
      </trkpt>
      <trkpt lat="57.82868108712136745452880859375" lon="-4.26820834167301654815673828125">
        <ele>213.8000030517578125</ele>
        <time>2026-08-08T14:30:32.000Z</time>
      </trkpt>
      <trkpt lat="57.828507162630558013916015625" lon="-4.26805662922561168670654296875">
        <ele>212.8000030517578125</ele>
        <time>2026-08-08T14:30:37.000Z</time>
      </trkpt>
      <trkpt lat="57.82822963781654834747314453125" lon="-4.2678020708262920379638671875">
        <ele>213.399993896484375</ele>
        <time>2026-08-08T14:30:45.000Z</time>
      </trkpt>
      <trkpt lat="57.82819342799484729766845703125" lon="-4.26777013577520847320556640625">
        <ele>213.399993896484375</ele>
        <time>2026-08-08T14:30:46.000Z</time>
      </trkpt>
      <trkpt lat="57.82808211632072925567626953125" lon="-4.2676770128309726715087890625">
        <ele>211.8000030517578125</ele>
        <time>2026-08-08T14:30:49.000Z</time>
      </trkpt>
      <trkpt lat="57.82801221124827861785888671875" lon="-4.26761875860393047332763671875">
        <ele>210.8000030517578125</ele>
        <time>2026-08-08T14:30:51.000Z</time>
      </trkpt>
      <trkpt lat="57.8279051743447780609130859375" lon="-4.26752907223999500274658203125">
        <ele>210.600006103515625</ele>
        <time>2026-08-08T14:30:54.000Z</time>
      </trkpt>
      <trkpt lat="57.827834598720073699951171875" lon="-4.26747090183198451995849609375">
        <ele>209.600006103515625</ele>
        <time>2026-08-08T14:30:56.000Z</time>
      </trkpt>
      <trkpt lat="57.8276329301297664642333984375" lon="-4.26727929152548313140869140625">
        <ele>210.399993896484375</ele>
        <time>2026-08-08T14:31:02.000Z</time>
      </trkpt>
      <trkpt lat="57.8275306709110736846923828125" lon="-4.26719513721764087677001953125">
        <ele>210.8000030517578125</ele>
        <time>2026-08-08T14:31:05.000Z</time>
      </trkpt>
      <trkpt lat="57.8274616040289402008056640625" lon="-4.26713629625737667083740234375">
        <ele>211.1999969482421875</ele>
        <time>2026-08-08T14:31:07.000Z</time>
      </trkpt>
      <trkpt lat="57.82742698676884174346923828125" lon="-4.2671016789972782135009765625">
        <ele>211.600006103515625</ele>
        <time>2026-08-08T14:31:08.000Z</time>
      </trkpt>
      <trkpt lat="57.827390693128108978271484375" lon="-4.2670691572129726409912109375">
        <ele>212</ele>
        <time>2026-08-08T14:31:09.000Z</time>
      </trkpt>
      <trkpt lat="57.82724090851843357086181640625" lon="-4.26694384776055812835693359375">
        <ele>212.1999969482421875</ele>
        <time>2026-08-08T14:31:13.000Z</time>
      </trkpt>
      <trkpt lat="57.82709305174648761749267578125" lon="-4.266807138919830322265625">
        <ele>212.399993896484375</ele>
        <time>2026-08-08T14:31:17.000Z</time>
      </trkpt>
      <trkpt lat="57.82694687135517597198486328125" lon="-4.2666705138981342315673828125">
        <ele>213.399993896484375</ele>
        <time>2026-08-08T14:31:21.000Z</time>
      </trkpt>
      <trkpt lat="57.8267618827521800994873046875" lon="-4.26647781394422054290771484375">
        <ele>214.1999969482421875</ele>
        <time>2026-08-08T14:31:26.000Z</time>
      </trkpt>
      <trkpt lat="57.8265898860991001129150390625" lon="-4.266243875026702880859375">
        <ele>212</ele>
        <time>2026-08-08T14:31:31.000Z</time>
      </trkpt>
      <trkpt lat="57.82646222971379756927490234375" lon="-4.2660455591976642608642578125">
        <ele>212.1999969482421875</ele>
        <time>2026-08-08T14:31:35.000Z</time>
      </trkpt>
      <trkpt lat="57.8261469863355159759521484375" lon="-4.265548847615718841552734375">
        <ele>212</ele>
        <time>2026-08-08T14:31:44.000Z</time>
      </trkpt>
      <trkpt lat="57.825887314975261688232421875" lon="-4.26513235084712505340576171875">
        <ele>212</ele>
        <time>2026-08-08T14:31:51.000Z</time>
      </trkpt>
      <trkpt lat="57.8258516080677509307861328125" lon="-4.26506512798368930816650390625">
        <ele>212</ele>
        <time>2026-08-08T14:31:52.000Z</time>
      </trkpt>
      <trkpt lat="57.82569461502134799957275390625" lon="-4.2647995054721832275390625">
        <ele>211</ele>
        <time>2026-08-08T14:31:56.000Z</time>
      </trkpt>
      <trkpt lat="57.8256558068096637725830078125" lon="-4.2647252418100833892822265625">
        <ele>210.600006103515625</ele>
        <time>2026-08-08T14:31:57.000Z</time>
      </trkpt>
      <trkpt lat="57.825585901737213134765625" lon="-4.26458618603646755218505859375">
        <ele>210.8000030517578125</ele>
        <time>2026-08-08T14:31:59.000Z</time>
      </trkpt>
      <trkpt lat="57.825498394668102264404296875" lon="-4.26442391239106655120849609375">
        <ele>210.600006103515625</ele>
        <time>2026-08-08T14:32:01.000Z</time>
      </trkpt>
      <trkpt lat="57.82529379241168498992919921875" lon="-4.26404387690126895904541015625">
        <ele>209.8000030517578125</ele>
        <time>2026-08-08T14:32:06.000Z</time>
      </trkpt>
      <trkpt lat="57.82508625648915767669677734375" lon="-4.26363534294068813323974609375">
        <ele>208.600006103515625</ele>
        <time>2026-08-08T14:32:11.000Z</time>
      </trkpt>
      <trkpt lat="57.82500143162906169891357421875" lon="-4.26347491331398487091064453125">
        <ele>208</ele>
        <time>2026-08-08T14:32:13.000Z</time>
      </trkpt>
      <trkpt lat="57.82495801337063312530517578125" lon="-4.26340685226023197174072265625">
        <ele>208</ele>
        <time>2026-08-08T14:32:14.000Z</time>
      </trkpt>
      <trkpt lat="57.8248233161866664886474609375" lon="-4.2631953768432140350341796875">
        <ele>207.8000030517578125</ele>
        <time>2026-08-08T14:32:17.000Z</time>
      </trkpt>
      <trkpt lat="57.82477788627147674560546875" lon="-4.26312857307493686676025390625">
        <ele>207.600006103515625</ele>
        <time>2026-08-08T14:32:18.000Z</time>
      </trkpt>
      <trkpt lat="57.82448141835629940032958984375" lon="-4.26269556395709514617919921875">
        <ele>208</ele>
        <time>2026-08-08T14:32:24.000Z</time>
      </trkpt>
      <trkpt lat="57.8243837691843509674072265625" lon="-4.26256028003990650177001953125">
        <ele>209</ele>
        <time>2026-08-08T14:32:26.000Z</time>
      </trkpt>
      <trkpt lat="57.82424219883978366851806640625" lon="-4.2623457871377468109130859375">
        <ele>210.399993896484375</ele>
        <time>2026-08-08T14:32:29.000Z</time>
      </trkpt>
      <trkpt lat="57.82419391907751560211181640625" lon="-4.26227546297013759613037109375">
        <ele>210.8000030517578125</ele>
        <time>2026-08-08T14:32:30.000Z</time>
      </trkpt>
      <trkpt lat="57.82400331459939479827880859375" lon="-4.26195426844060420989990234375">
        <ele>210</ele>
        <time>2026-08-08T14:32:34.000Z</time>
      </trkpt>
      <trkpt lat="57.82391061075031757354736328125" lon="-4.26177062094211578369140625">
        <ele>209.399993896484375</ele>
        <time>2026-08-08T14:32:36.000Z</time>
      </trkpt>
      <trkpt lat="57.82386367209255695343017578125" lon="-4.26168219186365604400634765625">
        <ele>209.399993896484375</ele>
        <time>2026-08-08T14:32:37.000Z</time>
      </trkpt>
      <trkpt lat="57.823496796190738677978515625" lon="-4.26095346920192241668701171875">
        <ele>209</ele>
        <time>2026-08-08T14:32:45.000Z</time>
      </trkpt>
      <trkpt lat="57.82328180037438869476318359375" lon="-4.26051526330411434173583984375">
        <ele>209.1999969482421875</ele>
        <time>2026-08-08T14:32:50.000Z</time>
      </trkpt>
      <trkpt lat="57.82314802519977092742919921875" lon="-4.26024922169744968414306640625">
        <ele>209.1999969482421875</ele>
        <time>2026-08-08T14:32:53.000Z</time>
      </trkpt>
      <trkpt lat="57.82278609462082386016845703125" lon="-4.25956358201801776885986328125">
        <ele>209.1999969482421875</ele>
        <time>2026-08-08T14:33:01.000Z</time>
      </trkpt>
      <trkpt lat="57.82274317927658557891845703125" lon="-4.25947674550116062164306640625">
        <ele>209.399993896484375</ele>
        <time>2026-08-08T14:33:02.000Z</time>
      </trkpt>
      <trkpt lat="57.82239348627626895904541015625" lon="-4.258776269853115081787109375">
        <ele>209.8000030517578125</ele>
        <time>2026-08-08T14:33:10.000Z</time>
      </trkpt>
      <trkpt lat="57.82204513438045978546142578125" lon="-4.25809909589588642120361328125">
        <ele>210.1999969482421875</ele>
        <time>2026-08-08T14:33:18.000Z</time>
      </trkpt>
      <trkpt lat="57.821999453008174896240234375" lon="-4.2580260895192623138427734375">
        <ele>210.399993896484375</ele>
        <time>2026-08-08T14:33:19.000Z</time>
      </trkpt>
      <trkpt lat="57.821756042540073394775390625" lon="-4.257721491158008575439453125">
        <ele>209.8000030517578125</ele>
        <time>2026-08-08T14:33:24.000Z</time>
      </trkpt>
      <trkpt lat="57.82153769396245479583740234375" lon="-4.257573969662189483642578125">
        <ele>209.399993896484375</ele>
        <time>2026-08-08T14:33:28.000Z</time>
      </trkpt>
      <trkpt lat="57.82142420299351215362548828125" lon="-4.25752778537571430206298828125">
        <ele>209.399993896484375</ele>
        <time>2026-08-08T14:33:30.000Z</time>
      </trkpt>
      <trkpt lat="57.82093159854412078857421875" lon="-4.25738680176436901092529296875">
        <ele>209.399993896484375</ele>
        <time>2026-08-08T14:33:39.000Z</time>
      </trkpt>
      <trkpt lat="57.82049079425632953643798828125" lon="-4.25724414177238941192626953125">
        <ele>209.8000030517578125</ele>
        <time>2026-08-08T14:33:48.000Z</time>
      </trkpt>
      <trkpt lat="57.820119559764862060546875" lon="-4.25708211958408355712890625">
        <ele>210.399993896484375</ele>
        <time>2026-08-08T14:33:56.000Z</time>
      </trkpt>
      <trkpt lat="57.8200737945735454559326171875" lon="-4.2570584826171398162841796875">
        <ele>210.8000030517578125</ele>
        <time>2026-08-08T14:33:57.000Z</time>
      </trkpt>
      <trkpt lat="57.81998335383832454681396484375" lon="-4.25700827501714229583740234375">
        <ele>211.600006103515625</ele>
        <time>2026-08-08T14:33:59.000Z</time>
      </trkpt>
      <trkpt lat="57.8198541887104511260986328125" lon="-4.256947673857212066650390625">
        <ele>211.1999969482421875</ele>
        <time>2026-08-08T14:34:02.000Z</time>
      </trkpt>
      <trkpt lat="57.81976575963199138641357421875" lon="-4.25690107047557830810546875">
        <ele>210.399993896484375</ele>
        <time>2026-08-08T14:34:04.000Z</time>
      </trkpt>
      <trkpt lat="57.8197177313268184661865234375" lon="-4.25688900053501129150390625">
        <ele>210</ele>
        <time>2026-08-08T14:34:05.000Z</time>
      </trkpt>
      <trkpt lat="57.8195427171885967254638671875" lon="-4.25682001747190952301025390625">
        <ele>210</ele>
        <time>2026-08-08T14:34:09.000Z</time>
      </trkpt>
      <trkpt lat="57.819366864860057830810546875" lon="-4.25674525089561939239501953125">
        <ele>209.600006103515625</ele>
        <time>2026-08-08T14:34:13.000Z</time>
      </trkpt>
      <trkpt lat="57.8191906772553920745849609375" lon="-4.2566662095487117767333984375">
        <ele>210</ele>
        <time>2026-08-08T14:34:17.000Z</time>
      </trkpt>
      <trkpt lat="57.818906195461750030517578125" lon="-4.25653251819312572479248046875">
        <ele>209.8000030517578125</ele>
        <time>2026-08-08T14:34:24.000Z</time>
      </trkpt>
      <trkpt lat="57.81870980747044086456298828125" lon="-4.25638818182051181793212890625">
        <ele>211.399993896484375</ele>
        <time>2026-08-08T14:34:29.000Z</time>
      </trkpt>
      <trkpt lat="57.8186153434216976165771484375" lon="-4.25630335696041584014892578125">
        <ele>211</ele>
        <time>2026-08-08T14:34:32.000Z</time>
      </trkpt>
      <trkpt lat="57.81855524517595767974853515625" lon="-4.25624803639948368072509765625">
        <ele>210.399993896484375</ele>
        <time>2026-08-08T14:34:34.000Z</time>
      </trkpt>
      <trkpt lat="57.81834594905376434326171875" lon="-4.25608039833605289459228515625">
        <ele>210.8000030517578125</ele>
        <time>2026-08-08T14:34:41.000Z</time>
      </trkpt>
      <trkpt lat="57.81828618608415126800537109375" lon="-4.25601786933839321136474609375">
        <ele>211.8000030517578125</ele>
        <time>2026-08-08T14:34:43.000Z</time>
      </trkpt>
      <trkpt lat="57.81808921135962009429931640625" lon="-4.2558570206165313720703125">
        <ele>212.1999969482421875</ele>
        <time>2026-08-08T14:34:49.000Z</time>
      </trkpt>
      <trkpt lat="57.81797018833458423614501953125" lon="-4.25575635395944118499755859375">
        <ele>213</ele>
        <time>2026-08-08T14:34:53.000Z</time>
      </trkpt>
      <trkpt lat="57.81790472567081451416015625" lon="-4.25571058876812458038330078125">
        <ele>213</ele>
        <time>2026-08-08T14:34:55.000Z</time>
      </trkpt>
      <trkpt lat="57.81773700378835201263427734375" lon="-4.25563079304993152618408203125">
        <ele>214</ele>
        <time>2026-08-08T14:35:00.000Z</time>
      </trkpt>
      <trkpt lat="57.81763290055096149444580078125" lon="-4.2556033842265605926513671875">
        <ele>213.600006103515625</ele>
        <time>2026-08-08T14:35:03.000Z</time>
      </trkpt>
      <trkpt lat="57.817426621913909912109375" lon="-4.2555619776248931884765625">
        <ele>214.1999969482421875</ele>
        <time>2026-08-08T14:35:09.000Z</time>
      </trkpt>
      <trkpt lat="57.81718949787318706512451171875" lon="-4.255525432527065277099609375">
        <ele>215.600006103515625</ele>
        <time>2026-08-08T14:35:16.000Z</time>
      </trkpt>
      <trkpt lat="57.81715831719338893890380859375" lon="-4.25552777945995330810546875">
        <ele>215.8000030517578125</ele>
        <time>2026-08-08T14:35:17.000Z</time>
      </trkpt>
      <trkpt lat="57.8169989772140979766845703125" lon="-4.255509674549102783203125">
        <ele>214.399993896484375</ele>
        <time>2026-08-08T14:35:22.000Z</time>
      </trkpt>
      <trkpt lat="57.8168990649282932281494140625" lon="-4.25551026128232479095458984375">
        <ele>214</ele>
        <time>2026-08-08T14:35:25.000Z</time>
      </trkpt>
      <trkpt lat="57.81672664918005466461181640625" lon="-4.2555083334445953369140625">
        <ele>214.8000030517578125</ele>
        <time>2026-08-08T14:35:30.000Z</time>
      </trkpt>
      <trkpt lat="57.8166466020047664642333984375" lon="-4.25550875253975391387939453125">
        <ele>212.8000030517578125</ele>
        <time>2026-08-08T14:35:32.000Z</time>
      </trkpt>
      <trkpt lat="57.8165735118091106414794921875" lon="-4.25550707615911960601806640625">
        <ele>211.600006103515625</ele>
        <time>2026-08-08T14:35:34.000Z</time>
      </trkpt>
      <trkpt lat="57.8164792992174625396728515625" lon="-4.2554944194853305816650390625">
        <ele>213.1999969482421875</ele>
        <time>2026-08-08T14:35:37.000Z</time>
      </trkpt>
      <trkpt lat="57.8164481185376644134521484375" lon="-4.2554997839033603668212890625">
        <ele>213.399993896484375</ele>
        <time>2026-08-08T14:35:38.000Z</time>
      </trkpt>
      <trkpt lat="57.8162834979593753814697265625" lon="-4.25550288520753383636474609375">
        <ele>213</ele>
        <time>2026-08-08T14:35:43.000Z</time>
      </trkpt>
      <trkpt lat="57.81621334142982959747314453125" lon="-4.2555081658065319061279296875">
        <ele>213.1999969482421875</ele>
        <time>2026-08-08T14:35:45.000Z</time>
      </trkpt>
      <trkpt lat="57.81614243052899837493896484375" lon="-4.255520403385162353515625">
        <ele>213.399993896484375</ele>
        <time>2026-08-08T14:35:47.000Z</time>
      </trkpt>
      <trkpt lat="57.8158821724355220794677734375" lon="-4.2555457167327404022216796875">
        <ele>214.600006103515625</ele>
        <time>2026-08-08T14:35:54.000Z</time>
      </trkpt>
      <trkpt lat="57.8157985210418701171875" lon="-4.2555470578372478485107421875">
        <ele>215.600006103515625</ele>
        <time>2026-08-08T14:35:56.000Z</time>
      </trkpt>
      <trkpt lat="57.8156256861984729766845703125" lon="-4.2555457167327404022216796875">
        <ele>216.600006103515625</ele>
        <time>2026-08-08T14:36:00.000Z</time>
      </trkpt>
      <trkpt lat="57.8155026398599147796630859375" lon="-4.255549572408199310302734375">
        <ele>216.1999969482421875</ele>
        <time>2026-08-08T14:36:03.000Z</time>
      </trkpt>
      <trkpt lat="57.81546098180115222930908203125" lon="-4.25554789602756500244140625">
        <ele>215.1999969482421875</ele>
        <time>2026-08-08T14:36:04.000Z</time>
      </trkpt>
      <trkpt lat="57.8153819404542446136474609375" lon="-4.255548231303691864013671875">
        <ele>213.600006103515625</ele>
        <time>2026-08-08T14:36:06.000Z</time>
      </trkpt>
      <trkpt lat="57.81530558131635189056396484375" lon="-4.25555267371237277984619140625">
        <ele>213.399993896484375</ele>
        <time>2026-08-08T14:36:08.000Z</time>
      </trkpt>
      <trkpt lat="57.8151787631213665008544921875" lon="-4.25557211972773075103759765625">
        <ele>214.8000030517578125</ele>
        <time>2026-08-08T14:36:11.000Z</time>
      </trkpt>
      <trkpt lat="57.81505085527896881103515625" lon="-4.2555926553905010223388671875">
        <ele>215.600006103515625</ele>
        <time>2026-08-08T14:36:14.000Z</time>
      </trkpt>
      <trkpt lat="57.8148404695093631744384765625" lon="-4.2556178011000156402587890625">
        <ele>215</ele>
        <time>2026-08-08T14:36:19.000Z</time>
      </trkpt>
      <trkpt lat="57.8147610090672969818115234375" lon="-4.25562391988933086395263671875">
        <ele>215</ele>
        <time>2026-08-08T14:36:21.000Z</time>
      </trkpt>
      <trkpt lat="57.81450795941054821014404296875" lon="-4.2556531727313995361328125">
        <ele>214.8000030517578125</ele>
        <time>2026-08-08T14:36:28.000Z</time>
      </trkpt>
      <trkpt lat="57.81427779234945774078369140625" lon="-4.2556841857731342315673828125">
        <ele>213.8000030517578125</ele>
        <time>2026-08-08T14:36:34.000Z</time>
      </trkpt>
      <trkpt lat="57.81423638574779033660888671875" lon="-4.2556872032582759857177734375">
        <ele>214</ele>
        <time>2026-08-08T14:36:35.000Z</time>
      </trkpt>
      <trkpt lat="57.81402491033077239990234375" lon="-4.255721569061279296875">
        <ele>212.8000030517578125</ele>
        <time>2026-08-08T14:36:40.000Z</time>
      </trkpt>
      <trkpt lat="57.81389373354613780975341796875" lon="-4.2557452060282230377197265625">
        <ele>213.8000030517578125</ele>
        <time>2026-08-08T14:36:43.000Z</time>
      </trkpt>
      <trkpt lat="57.81381092034280300140380859375" lon="-4.25575853325426578521728515625">
        <ele>215</ele>
        <time>2026-08-08T14:36:45.000Z</time>
      </trkpt>
      <trkpt lat="57.8136406838893890380859375" lon="-4.25578434951603412628173828125">
        <ele>213.8000030517578125</ele>
        <time>2026-08-08T14:36:49.000Z</time>
      </trkpt>
      <trkpt lat="57.8135660849511623382568359375" lon="-4.2558065615594387054443359375">
        <ele>214</ele>
        <time>2026-08-08T14:36:51.000Z</time>
      </trkpt>
      <trkpt lat="57.81339718960225582122802734375" lon="-4.25583757460117340087890625">
        <ele>212</ele>
        <time>2026-08-08T14:36:55.000Z</time>
      </trkpt>
      <trkpt lat="57.81335410661995410919189453125" lon="-4.25584319047629833221435546875">
        <ele>208</ele>
        <time>2026-08-08T14:36:56.000Z</time>
      </trkpt>
      <trkpt lat="57.8132599778473377227783203125" lon="-4.25586196593940258026123046875">
        <ele>207.8000030517578125</ele>
        <time>2026-08-08T14:36:58.000Z</time>
      </trkpt>
      <trkpt lat="57.81305923126637935638427734375" lon="-4.25591225735843181610107421875">
        <ele>210.399993896484375</ele>
        <time>2026-08-08T14:37:02.000Z</time>
      </trkpt>
      <trkpt lat="57.81295797787606716156005859375" lon="-4.25593002699315547943115234375">
        <ele>211.8000030517578125</ele>
        <time>2026-08-08T14:37:04.000Z</time>
      </trkpt>
      <trkpt lat="57.8128566406667232513427734375" lon="-4.25595852546393871307373046875">
        <ele>212.8000030517578125</ele>
        <time>2026-08-08T14:37:06.000Z</time>
      </trkpt>
      <trkpt lat="57.81275329180061817169189453125" lon="-4.25597528927028179168701171875">
        <ele>211.600006103515625</ele>
        <time>2026-08-08T14:37:08.000Z</time>
      </trkpt>
      <trkpt lat="57.81259722076356410980224609375" lon="-4.25601451657712459564208984375">
        <ele>210.8000030517578125</ele>
        <time>2026-08-08T14:37:11.000Z</time>
      </trkpt>
      <trkpt lat="57.81249445863068103790283203125" lon="-4.25603530369699001312255859375">
        <ele>211.1999969482421875</ele>
        <time>2026-08-08T14:37:13.000Z</time>
      </trkpt>
      <trkpt lat="57.81218902207911014556884765625" lon="-4.25610244274139404296875">
        <ele>211</ele>
        <time>2026-08-08T14:37:19.000Z</time>
      </trkpt>
      <trkpt lat="57.8121371380984783172607421875" lon="-4.256110824644565582275390625">
        <ele>210.1999969482421875</ele>
        <time>2026-08-08T14:37:20.000Z</time>
      </trkpt>
      <trkpt lat="57.8120850026607513427734375" lon="-4.2561217211186885833740234375">
        <ele>209.600006103515625</ele>
        <time>2026-08-08T14:37:21.000Z</time>
      </trkpt>
      <trkpt lat="57.81203077174723148345947265625" lon="-4.2561317794024944305419921875">
        <ele>208.399993896484375</ele>
        <time>2026-08-08T14:37:22.000Z</time>
      </trkpt>
      <trkpt lat="57.811641432344913482666015625" lon="-4.25619288347661495208740234375">
        <ele>208.1999969482421875</ele>
        <time>2026-08-08T14:37:29.000Z</time>
      </trkpt>
      <trkpt lat="57.8115835972130298614501953125" lon="-4.25620445050299167633056640625">
        <ele>207.399993896484375</ele>
        <time>2026-08-08T14:37:30.000Z</time>
      </trkpt>
      <trkpt lat="57.81147153116762638092041015625" lon="-4.2562280036509037017822265625">
        <ele>206</ele>
        <time>2026-08-08T14:37:32.000Z</time>
      </trkpt>
      <trkpt lat="57.81141855753958225250244140625" lon="-4.25623613409698009490966796875">
        <ele>206.1999969482421875</ele>
        <time>2026-08-08T14:37:33.000Z</time>
      </trkpt>
      <trkpt lat="57.811200879514217376708984375" lon="-4.25629480741918087005615234375">
        <ele>206.399993896484375</ele>
        <time>2026-08-08T14:37:37.000Z</time>
      </trkpt>
      <trkpt lat="57.811030559241771697998046875" lon="-4.25632774829864501953125">
        <ele>205.8000030517578125</ele>
        <time>2026-08-08T14:37:40.000Z</time>
      </trkpt>
      <trkpt lat="57.81082059256732463836669921875" lon="-4.25635197199881076812744140625">
        <ele>205.399993896484375</ele>
        <time>2026-08-08T14:37:44.000Z</time>
      </trkpt>
      <trkpt lat="57.81065865419805049896240234375" lon="-4.25635482184588909149169921875">
        <ele>204.600006103515625</ele>
        <time>2026-08-08T14:37:47.000Z</time>
      </trkpt>
      <trkpt lat="57.81055002473294734954833984375" lon="-4.256336130201816558837890625">
        <ele>204.1999969482421875</ele>
        <time>2026-08-08T14:37:49.000Z</time>
      </trkpt>
      <trkpt lat="57.81039898283779621124267578125" lon="-4.25631106831133365631103515625">
        <ele>205.8000030517578125</ele>
        <time>2026-08-08T14:37:52.000Z</time>
      </trkpt>
      <trkpt lat="57.81035187654197216033935546875" lon="-4.25629044882953166961669921875">
        <ele>206</ele>
        <time>2026-08-08T14:37:53.000Z</time>
      </trkpt>
      <trkpt lat="57.81030812300741672515869140625" lon="-4.25627603195607662200927734375">
        <ele>206</ele>
        <time>2026-08-08T14:37:54.000Z</time>
      </trkpt>
      <trkpt lat="57.81012229621410369873046875" lon="-4.256202019751071929931640625">
        <ele>204.600006103515625</ele>
        <time>2026-08-08T14:37:58.000Z</time>
      </trkpt>
      <trkpt lat="57.80993378721177577972412109375" lon="-4.2561176978051662445068359375">
        <ele>205.1999969482421875</ele>
        <time>2026-08-08T14:38:02.000Z</time>
      </trkpt>
      <trkpt lat="57.80988919548690319061279296875" lon="-4.25608660094439983367919921875">
        <ele>205.399993896484375</ele>
        <time>2026-08-08T14:38:03.000Z</time>
      </trkpt>
      <trkpt lat="57.8097023628652095794677734375" lon="-4.255980066955089569091796875">
        <ele>204.600006103515625</ele>
        <time>2026-08-08T14:38:07.000Z</time>
      </trkpt>
      <trkpt lat="57.8096550889313220977783203125" lon="-4.2559638060629367828369140625">
        <ele>204.399993896484375</ele>
        <time>2026-08-08T14:38:08.000Z</time>
      </trkpt>
      <trkpt lat="57.8094834275543689727783203125" lon="-4.25586649216711521148681640625">
        <ele>204.600006103515625</ele>
        <time>2026-08-08T14:38:12.000Z</time>
      </trkpt>
      <trkpt lat="57.80939550139009952545166015625" lon="-4.255823157727718353271484375">
        <ele>204.8000030517578125</ele>
        <time>2026-08-08T14:38:14.000Z</time>
      </trkpt>
      <trkpt lat="57.80930464155972003936767578125" lon="-4.25575786270201206207275390625">
        <ele>204.600006103515625</ele>
        <time>2026-08-08T14:38:16.000Z</time>
      </trkpt>
      <trkpt lat="57.80914136208593845367431640625" lon="-4.255604557693004608154296875">
        <ele>205.399993896484375</ele>
        <time>2026-08-08T14:38:20.000Z</time>
      </trkpt>
      <trkpt lat="57.809100039303302764892578125" lon="-4.25556373782455921173095703125">
        <ele>206</ele>
        <time>2026-08-08T14:38:21.000Z</time>
      </trkpt>
      <trkpt lat="57.80901714228093624114990234375" lon="-4.25547975115478038787841796875">
        <ele>205.600006103515625</ele>
        <time>2026-08-08T14:38:23.000Z</time>
      </trkpt>
      <trkpt lat="57.808977663516998291015625" lon="-4.25543834455311298370361328125">
        <ele>205.1999969482421875</ele>
        <time>2026-08-08T14:38:24.000Z</time>
      </trkpt>
      <trkpt lat="57.80893784947693347930908203125" lon="-4.2553992010653018951416015625">
        <ele>204.399993896484375</ele>
        <time>2026-08-08T14:38:25.000Z</time>
      </trkpt>
      <trkpt lat="57.80872444622218608856201171875" lon="-4.25512620247900485992431640625">
        <ele>205.1999969482421875</ele>
        <time>2026-08-08T14:38:31.000Z</time>
      </trkpt>
      <trkpt lat="57.8086502663791179656982421875" lon="-4.2550334148108959197998046875">
        <ele>205.399993896484375</ele>
        <time>2026-08-08T14:38:33.000Z</time>
      </trkpt>
      <trkpt lat="57.808579690754413604736328125" lon="-4.25495068542659282684326171875">
        <ele>205.399993896484375</ele>
        <time>2026-08-08T14:38:35.000Z</time>
      </trkpt>
      <trkpt lat="57.8084869869053363800048828125" lon="-4.254834763705730438232421875">
        <ele>206.1999969482421875</ele>
        <time>2026-08-08T14:38:38.000Z</time>
      </trkpt>
      <trkpt lat="57.8084578178822994232177734375" lon="-4.25479729659855365753173828125">
        <ele>206.600006103515625</ele>
        <time>2026-08-08T14:38:39.000Z</time>
      </trkpt>
      <trkpt lat="57.80824567191302776336669921875" lon="-4.2545445822179317474365234375">
        <ele>208</ele>
        <time>2026-08-08T14:38:46.000Z</time>
      </trkpt>
      <trkpt lat="57.80821750871837139129638671875" lon="-4.25451164133846759796142578125">
        <ele>208.600006103515625</ele>
        <time>2026-08-08T14:38:47.000Z</time>
      </trkpt>
      <trkpt lat="57.8081922791898250579833984375" lon="-4.2544802092015743255615234375">
        <ele>209.1999969482421875</ele>
        <time>2026-08-08T14:38:48.000Z</time>
      </trkpt>
      <trkpt lat="57.80808792449533939361572265625" lon="-4.25434668548405170440673828125">
        <ele>209.600006103515625</ele>
        <time>2026-08-08T14:38:52.000Z</time>
      </trkpt>
      <trkpt lat="57.8080015070736408233642578125" lon="-4.254241324961185455322265625">
        <ele>209.399993896484375</ele>
        <time>2026-08-08T14:38:55.000Z</time>
      </trkpt>
      <trkpt lat="57.80775935389101505279541015625" lon="-4.25394485704600811004638671875">
        <ele>209.1999969482421875</ele>
        <time>2026-08-08T14:39:03.000Z</time>
      </trkpt>
      <trkpt lat="57.80751627869904041290283203125" lon="-4.2536393366754055023193359375">
        <ele>209.1999969482421875</ele>
        <time>2026-08-08T14:39:11.000Z</time>
      </trkpt>
      <trkpt lat="57.8074300289154052734375" lon="-4.25352928228676319122314453125">
        <ele>208</ele>
        <time>2026-08-08T14:39:14.000Z</time>
      </trkpt>
      <trkpt lat="57.80737831257283687591552734375" lon="-4.25345753319561481475830078125">
        <ele>208</ele>
        <time>2026-08-08T14:39:16.000Z</time>
      </trkpt>
      <trkpt lat="57.807321064174175262451171875" lon="-4.2533912323415279388427734375">
        <ele>209</ele>
        <time>2026-08-08T14:39:18.000Z</time>
      </trkpt>
      <trkpt lat="57.80728795565664768218994140625" lon="-4.25334940664470195770263671875">
        <ele>209.1999969482421875</ele>
        <time>2026-08-08T14:39:19.000Z</time>
      </trkpt>
      <trkpt lat="57.807125933468341827392578125" lon="-4.25314203836023807525634765625">
        <ele>208</ele>
        <time>2026-08-08T14:39:25.000Z</time>
      </trkpt>
      <trkpt lat="57.8071014583110809326171875" lon="-4.253107421100139617919921875">
        <ele>207.8000030517578125</ele>
        <time>2026-08-08T14:39:26.000Z</time>
      </trkpt>
      <trkpt lat="57.806887887418270111083984375" lon="-4.25284154713153839111328125">
        <ele>208.8000030517578125</ele>
        <time>2026-08-08T14:39:34.000Z</time>
      </trkpt>
      <trkpt lat="57.80683147720992565155029296875" lon="-4.2527679540216922760009765625">
        <ele>209</ele>
        <time>2026-08-08T14:39:36.000Z</time>
      </trkpt>
      <trkpt lat="57.8066892363131046295166015625" lon="-4.25258179195225238800048828125">
        <ele>210.1999969482421875</ele>
        <time>2026-08-08T14:39:41.000Z</time>
      </trkpt>
      <trkpt lat="57.80662762932479381561279296875" lon="-4.252522028982639312744140625">
        <ele>211</ele>
        <time>2026-08-08T14:39:43.000Z</time>
      </trkpt>
      <trkpt lat="57.806598879396915435791015625" lon="-4.25249009393155574798583984375">
        <ele>211.399993896484375</ele>
        <time>2026-08-08T14:39:44.000Z</time>
      </trkpt>
      <trkpt lat="57.80640852637588977813720703125" lon="-4.252275265753269195556640625">
        <ele>211</ele>
        <time>2026-08-08T14:39:51.000Z</time>
      </trkpt>
      <trkpt lat="57.80620224773883819580078125" lon="-4.25202741287648677825927734375">
        <ele>210.600006103515625</ele>
        <time>2026-08-08T14:39:59.000Z</time>
      </trkpt>
      <trkpt lat="57.8059754334390163421630859375" lon="-4.25173111259937286376953125">
        <ele>211.600006103515625</ele>
        <time>2026-08-08T14:40:08.000Z</time>
      </trkpt>
      <trkpt lat="57.8057957254350185394287109375" lon="-4.25150857307016849517822265625">
        <ele>212</ele>
        <time>2026-08-08T14:40:15.000Z</time>
      </trkpt>
      <trkpt lat="57.805633284151554107666015625" lon="-4.25131763331592082977294921875">
        <ele>211.1999969482421875</ele>
        <time>2026-08-08T14:40:21.000Z</time>
      </trkpt>
      <trkpt lat="57.8055794723331928253173828125" lon="-4.25124957226216793060302734375">
        <ele>211.600006103515625</ele>
        <time>2026-08-08T14:40:23.000Z</time>
      </trkpt>
      <trkpt lat="57.8054948151111602783203125" lon="-4.25115234218537807464599609375">
        <ele>212.399993896484375</ele>
        <time>2026-08-08T14:40:26.000Z</time>
      </trkpt>
      <trkpt lat="57.80540605075657367706298828125" lon="-4.2510499991476535797119140625">
        <ele>213.399993896484375</ele>
        <time>2026-08-08T14:40:29.000Z</time>
      </trkpt>
      <trkpt lat="57.805376462638378143310546875" lon="-4.2510102689266204833984375">
        <ele>214.1999969482421875</ele>
        <time>2026-08-08T14:40:30.000Z</time>
      </trkpt>
      <trkpt lat="57.8053437732160091400146484375" lon="-4.25097079016268253326416015625">
        <ele>215</ele>
        <time>2026-08-08T14:40:31.000Z</time>
      </trkpt>
      <trkpt lat="57.805148474872112274169921875" lon="-4.2507526092231273651123046875">
        <ele>214.399993896484375</ele>
        <time>2026-08-08T14:40:37.000Z</time>
      </trkpt>
      <trkpt lat="57.80487765558063983917236328125" lon="-4.25042680464684963226318359375">
        <ele>214.1999969482421875</ele>
        <time>2026-08-08T14:40:45.000Z</time>
      </trkpt>
      <trkpt lat="57.80453919433057308197021484375" lon="-4.250067807734012603759765625">
        <ele>215.600006103515625</ele>
        <time>2026-08-08T14:40:54.000Z</time>
      </trkpt>
      <trkpt lat="57.80450197868049144744873046875" lon="-4.2500178515911102294921875">
        <ele>215.1999969482421875</ele>
        <time>2026-08-08T14:40:55.000Z</time>
      </trkpt>
      <trkpt lat="57.8043594025075435638427734375" lon="-4.24986429512500762939453125">
        <ele>214.600006103515625</ele>
        <time>2026-08-08T14:40:59.000Z</time>
      </trkpt>
      <trkpt lat="57.804156728088855743408203125" lon="-4.2496277578175067901611328125">
        <ele>214.1999969482421875</ele>
        <time>2026-08-08T14:41:05.000Z</time>
      </trkpt>
      <trkpt lat="57.80412353575229644775390625" lon="-4.24958576448261737823486328125">
        <ele>213.600006103515625</ele>
        <time>2026-08-08T14:41:06.000Z</time>
      </trkpt>
      <trkpt lat="57.80393905006349086761474609375" lon="-4.24938443116843700408935546875">
        <ele>214</ele>
        <time>2026-08-08T14:41:11.000Z</time>
      </trkpt>
      <trkpt lat="57.80370133928954601287841796875" lon="-4.24910430796444416046142578125">
        <ele>212.1999969482421875</ele>
        <time>2026-08-08T14:41:17.000Z</time>
      </trkpt>
      <trkpt lat="57.8036603517830371856689453125" lon="-4.24905351363122463226318359375">
        <ele>212</ele>
        <time>2026-08-08T14:41:18.000Z</time>
      </trkpt>
      <trkpt lat="57.80332365073263645172119140625" lon="-4.248680435121059417724609375">
        <ele>211.8000030517578125</ele>
        <time>2026-08-08T14:41:26.000Z</time>
      </trkpt>
      <trkpt lat="57.8032409213483333587646484375" lon="-4.24858965910971164703369140625">
        <ele>211</ele>
        <time>2026-08-08T14:41:28.000Z</time>
      </trkpt>
      <trkpt lat="57.80297647230327129364013671875" lon="-4.2482958734035491943359375">
        <ele>211</ele>
        <time>2026-08-08T14:41:34.000Z</time>
      </trkpt>
      <trkpt lat="57.80288837850093841552734375" lon="-4.24820006825029850006103515625">
        <ele>212.1999969482421875</ele>
        <time>2026-08-08T14:41:36.000Z</time>
      </trkpt>
      <trkpt lat="57.80275426805019378662109375" lon="-4.24805380403995513916015625">
        <ele>213.399993896484375</ele>
        <time>2026-08-08T14:41:39.000Z</time>
      </trkpt>
      <trkpt lat="57.80266650952398777008056640625" lon="-4.2479621060192584991455078125">
        <ele>213.1999969482421875</ele>
        <time>2026-08-08T14:41:41.000Z</time>
      </trkpt>
      <trkpt lat="57.80233852565288543701171875" lon="-4.24760319292545318603515625">
        <ele>214</ele>
        <time>2026-08-08T14:41:49.000Z</time>
      </trkpt>
      <trkpt lat="57.80201506800949573516845703125" lon="-4.2472486384212970733642578125">
        <ele>213.1999969482421875</ele>
        <time>2026-08-08T14:41:57.000Z</time>
      </trkpt>
      <trkpt lat="57.8018126450479030609130859375" lon="-4.24700983799993991851806640625">
        <ele>213.8000030517578125</ele>
        <time>2026-08-08T14:42:02.000Z</time>
      </trkpt>
      <trkpt lat="57.80173058621585369110107421875" lon="-4.2469227500259876251220703125">
        <ele>214</ele>
        <time>2026-08-08T14:42:04.000Z</time>
      </trkpt>
      <trkpt lat="57.80144694261252880096435546875" lon="-4.24661991186439990997314453125">
        <ele>212.8000030517578125</ele>
        <time>2026-08-08T14:42:11.000Z</time>
      </trkpt>
      <trkpt lat="57.80140670947730541229248046875" lon="-4.24657800234854221343994140625">
        <ele>212.1999969482421875</ele>
        <time>2026-08-08T14:42:12.000Z</time>
      </trkpt>
      <trkpt lat="57.80115709640085697174072265625" lon="-4.24628547392785549163818359375">
        <ele>211.399993896484375</ele>
        <time>2026-08-08T14:42:18.000Z</time>
      </trkpt>
      <trkpt lat="57.8011162765324115753173828125" lon="-4.2462386190891265869140625">
        <ele>211.1999969482421875</ele>
        <time>2026-08-08T14:42:19.000Z</time>
      </trkpt>
      <trkpt lat="57.80089491046965122222900390625" lon="-4.24599546007812023162841796875">
        <ele>211.600006103515625</ele>
        <time>2026-08-08T14:42:24.000Z</time>
      </trkpt>
      <trkpt lat="57.80058897100389003753662109375" lon="-4.2456507124006748199462890625">
        <ele>212</ele>
        <time>2026-08-08T14:42:31.000Z</time>
      </trkpt>
      <trkpt lat="57.800321839749813079833984375" lon="-4.2453400790691375732421875">
        <ele>212.1999969482421875</ele>
        <time>2026-08-08T14:42:37.000Z</time>
      </trkpt>
      <trkpt lat="57.79994054697453975677490234375" lon="-4.24491201527416706085205078125">
        <ele>211.8000030517578125</ele>
        <time>2026-08-08T14:42:46.000Z</time>
      </trkpt>
      <trkpt lat="57.7998214401304721832275390625" lon="-4.2447888851165771484375">
        <ele>211.1999969482421875</ele>
        <time>2026-08-08T14:42:49.000Z</time>
      </trkpt>
      <trkpt lat="57.7996098808944225311279296875" lon="-4.24454891122877597808837890625">
        <ele>210</ele>
        <time>2026-08-08T14:42:54.000Z</time>
      </trkpt>
      <trkpt lat="57.79920008964836597442626953125" lon="-4.24409494735300540924072265625">
        <ele>209.8000030517578125</ele>
        <time>2026-08-08T14:43:03.000Z</time>
      </trkpt>
      <trkpt lat="57.7988830022513866424560546875" lon="-4.2437329329550266265869140625">
        <ele>209.8000030517578125</ele>
        <time>2026-08-08T14:43:10.000Z</time>
      </trkpt>
      <trkpt lat="57.7987934835255146026611328125" lon="-4.24363411031663417816162109375">
        <ele>209.1999969482421875</ele>
        <time>2026-08-08T14:43:12.000Z</time>
      </trkpt>
      <trkpt lat="57.798747383058071136474609375" lon="-4.24358256161212921142578125">
        <ele>208.600006103515625</ele>
        <time>2026-08-08T14:43:13.000Z</time>
      </trkpt>
      <trkpt lat="57.79857563786208629608154296875" lon="-4.24340075813233852386474609375">
        <ele>208.1999969482421875</ele>
        <time>2026-08-08T14:43:17.000Z</time>
      </trkpt>
      <trkpt lat="57.7985344827175140380859375" lon="-4.24334040842950344085693359375">
        <ele>208.600006103515625</ele>
        <time>2026-08-08T14:43:18.000Z</time>
      </trkpt>
      <trkpt lat="57.79839970171451568603515625" lon="-4.2431991733610630035400390625">
        <ele>210</ele>
        <time>2026-08-08T14:43:21.000Z</time>
      </trkpt>
      <trkpt lat="57.79816559515893459320068359375" lon="-4.24292944371700286865234375">
        <ele>209.8000030517578125</ele>
        <time>2026-08-08T14:43:26.000Z</time>
      </trkpt>
      <trkpt lat="57.7980364300310611724853515625" lon="-4.24278653226792812347412109375">
        <ele>209.600006103515625</ele>
        <time>2026-08-08T14:43:29.000Z</time>
      </trkpt>
      <trkpt lat="57.79791212640702724456787109375" lon="-4.24263515509665012359619140625">
        <ele>209.600006103515625</ele>
        <time>2026-08-08T14:43:32.000Z</time>
      </trkpt>
      <trkpt lat="57.79757835902273654937744140625" lon="-4.24226400442421436309814453125">
        <ele>210.399993896484375</ele>
        <time>2026-08-08T14:43:40.000Z</time>
      </trkpt>
      <trkpt lat="57.797305025160312652587890625" lon="-4.241943061351776123046875">
        <ele>210.399993896484375</ele>
        <time>2026-08-08T14:43:47.000Z</time>
      </trkpt>
      <trkpt lat="57.79701165854930877685546875" lon="-4.24162295646965503692626953125">
        <ele>211</ele>
        <time>2026-08-08T14:43:54.000Z</time>
      </trkpt>
      <trkpt lat="57.7969202958047389984130859375" lon="-4.2415294982492923736572265625">
        <ele>211.399993896484375</ele>
        <time>2026-08-08T14:43:56.000Z</time>
      </trkpt>
      <trkpt lat="57.7968254126608371734619140625" lon="-4.24145632423460483551025390625">
        <ele>211.600006103515625</ele>
        <time>2026-08-08T14:43:58.000Z</time>
      </trkpt>
      <trkpt lat="57.7966705150902271270751953125" lon="-4.24134467728435993194580078125">
        <ele>212.1999969482421875</ele>
        <time>2026-08-08T14:44:01.000Z</time>
      </trkpt>
      <trkpt lat="57.7965642325580120086669921875" lon="-4.2412733472883701324462890625">
        <ele>212</ele>
        <time>2026-08-08T14:44:03.000Z</time>
      </trkpt>
      <trkpt lat="57.79625284485518932342529296875" lon="-4.24111224710941314697265625">
        <ele>212.600006103515625</ele>
        <time>2026-08-08T14:44:09.000Z</time>
      </trkpt>
      <trkpt lat="57.79614706523716449737548828125" lon="-4.24107461236417293548583984375">
        <ele>212.8000030517578125</ele>
        <time>2026-08-08T14:44:11.000Z</time>
      </trkpt>
      <trkpt lat="57.79609543271362781524658203125" lon="-4.2410512268543243408203125">
        <ele>213.1999969482421875</ele>
        <time>2026-08-08T14:44:12.000Z</time>
      </trkpt>
      <trkpt lat="57.7960427105426788330078125" lon="-4.24103504978120326995849609375">
        <ele>213</ele>
        <time>2026-08-08T14:44:13.000Z</time>
      </trkpt>
      <trkpt lat="57.79593550600111484527587890625" lon="-4.2410037852823734283447265625">
        <ele>212.1999969482421875</ele>
        <time>2026-08-08T14:44:15.000Z</time>
      </trkpt>
      <trkpt lat="57.79582746326923370361328125" lon="-4.2409746162593364715576171875">
        <ele>210.8000030517578125</ele>
        <time>2026-08-08T14:44:17.000Z</time>
      </trkpt>
      <trkpt lat="57.79567332006990909576416015625" lon="-4.2409397475421428680419921875">
        <ele>210.1999969482421875</ele>
        <time>2026-08-08T14:44:20.000Z</time>
      </trkpt>
      <trkpt lat="57.79535933397710323333740234375" lon="-4.24082851968705654144287109375">
        <ele>209.8000030517578125</ele>
        <time>2026-08-08T14:44:26.000Z</time>
      </trkpt>
      <trkpt lat="57.79530904255807399749755859375" lon="-4.24080647528171539306640625">
        <ele>209.399993896484375</ele>
        <time>2026-08-08T14:44:27.000Z</time>
      </trkpt>
      <trkpt lat="57.79520980082452297210693359375" lon="-4.2407355643808841705322265625">
        <ele>209.1999969482421875</ele>
        <time>2026-08-08T14:44:29.000Z</time>
      </trkpt>
      <trkpt lat="57.7950585074722766876220703125" lon="-4.24059634096920490264892578125">
        <ele>209.399993896484375</ele>
        <time>2026-08-08T14:44:32.000Z</time>
      </trkpt>
      <trkpt lat="57.7948513068258762359619140625" lon="-4.24029123969376087188720703125">
        <ele>209.399993896484375</ele>
        <time>2026-08-08T14:44:37.000Z</time>
      </trkpt>
      <trkpt lat="57.79481568373739719390869140625" lon="-4.2402202449738979339599609375">
        <ele>209.600006103515625</ele>
        <time>2026-08-08T14:44:38.000Z</time>
      </trkpt>
      <trkpt lat="57.7945969998836517333984375" lon="-4.23968522809445858001708984375">
        <ele>210.1999969482421875</ele>
        <time>2026-08-08T14:44:45.000Z</time>
      </trkpt>
      <trkpt lat="57.794542014598846435546875" lon="-4.23953452147543430328369140625">
        <ele>210.8000030517578125</ele>
        <time>2026-08-08T14:44:47.000Z</time>
      </trkpt>
      <trkpt lat="57.7944905497133731842041015625" lon="-4.23940208740532398223876953125">
        <ele>211.399993896484375</ele>
        <time>2026-08-08T14:44:49.000Z</time>
      </trkpt>
      <trkpt lat="57.79444252140820026397705078125" lon="-4.23928122036159038543701171875">
        <ele>211.8000030517578125</ele>
        <time>2026-08-08T14:44:51.000Z</time>
      </trkpt>
      <trkpt lat="57.79442156665027141571044921875" lon="-4.2392274923622608184814453125">
        <ele>211.8000030517578125</ele>
        <time>2026-08-08T14:44:52.000Z</time>
      </trkpt>
      <trkpt lat="57.794338501989841461181640625" lon="-4.23902121372520923614501953125">
        <ele>212.8000030517578125</ele>
        <time>2026-08-08T14:44:56.000Z</time>
      </trkpt>
      <trkpt lat="57.79431679286062717437744140625" lon="-4.2389738559722900390625">
        <ele>213</ele>
        <time>2026-08-08T14:44:57.000Z</time>
      </trkpt>
      <trkpt lat="57.794267423450946807861328125" lon="-4.238890707492828369140625">
        <ele>213.399993896484375</ele>
        <time>2026-08-08T14:44:59.000Z</time>
      </trkpt>
      <trkpt lat="57.79420749284327030181884765625" lon="-4.23881166614592075347900390625">
        <ele>213.8000030517578125</ele>
        <time>2026-08-08T14:45:01.000Z</time>
      </trkpt>
      <trkpt lat="57.794180251657962799072265625" lon="-4.2387718521058559417724609375">
        <ele>214.1999969482421875</ele>
        <time>2026-08-08T14:45:02.000Z</time>
      </trkpt>
      <trkpt lat="57.7940754778683185577392578125" lon="-4.2386494763195514678955078125">
        <ele>215.1999969482421875</ele>
        <time>2026-08-08T14:45:06.000Z</time>
      </trkpt>
      <trkpt lat="57.79404756613075733184814453125" lon="-4.23861921764910221099853515625">
        <ele>215.600006103515625</ele>
        <time>2026-08-08T14:45:07.000Z</time>
      </trkpt>
      <trkpt lat="57.79395871795713901519775390625" lon="-4.238550402224063873291015625">
        <ele>216.399993896484375</ele>
        <time>2026-08-08T14:45:10.000Z</time>
      </trkpt>
      <trkpt lat="57.79390339739620685577392578125" lon="-4.23849248327314853668212890625">
        <ele>216.8000030517578125</ele>
        <time>2026-08-08T14:45:12.000Z</time>
      </trkpt>
      <trkpt lat="57.793766520917415618896484375" lon="-4.2384065687656402587890625">
        <ele>217.600006103515625</ele>
        <time>2026-08-08T14:45:17.000Z</time>
      </trkpt>
      <trkpt lat="57.7936154790222644805908203125" lon="-4.2383470572531223297119140625">
        <ele>218.399993896484375</ele>
        <time>2026-08-08T14:45:22.000Z</time>
      </trkpt>
      <trkpt lat="57.79354817233979701995849609375" lon="-4.23833373002707958221435546875">
        <ele>218.8000030517578125</ele>
        <time>2026-08-08T14:45:24.000Z</time>
      </trkpt>
      <trkpt lat="57.79338623397052288055419921875" lon="-4.23833574168384075164794921875">
        <ele>219.1999969482421875</ele>
        <time>2026-08-08T14:45:29.000Z</time>
      </trkpt>
      <trkpt lat="57.7933244593441486358642578125" lon="-4.238347224891185760498046875">
        <ele>219.8000030517578125</ele>
        <time>2026-08-08T14:45:31.000Z</time>
      </trkpt>
      <trkpt lat="57.7931346930563449859619140625" lon="-4.238395504653453826904296875">
        <ele>220.600006103515625</ele>
        <time>2026-08-08T14:45:37.000Z</time>
      </trkpt>
      <trkpt lat="57.79288818128407001495361328125" lon="-4.23852651380002498626708984375">
        <ele>221</ele>
        <time>2026-08-08T14:45:45.000Z</time>
      </trkpt>
      <trkpt lat="57.7927216328680515289306640625" lon="-4.238601028919219970703125">
        <ele>221.600006103515625</ele>
        <time>2026-08-08T14:45:51.000Z</time>
      </trkpt>
      <trkpt lat="57.7926193736493587493896484375" lon="-4.2386357299983501434326171875">
        <ele>222.399993896484375</ele>
        <time>2026-08-08T14:45:55.000Z</time>
      </trkpt>
      <trkpt lat="57.7925868518650531768798828125" lon="-4.23864620737731456756591796875">
        <ele>222.399993896484375</ele>
        <time>2026-08-08T14:45:56.000Z</time>
      </trkpt>
      <trkpt lat="57.7923769690096378326416015625" lon="-4.23865827731788158416748046875">
        <ele>221.600006103515625</ele>
        <time>2026-08-08T14:46:03.000Z</time>
      </trkpt>
      <trkpt lat="57.79219977557659149169921875" lon="-4.238674454391002655029296875">
        <ele>223</ele>
        <time>2026-08-08T14:46:10.000Z</time>
      </trkpt>
      <trkpt lat="57.792060635983943939208984375" lon="-4.23867353238165378570556640625">
        <ele>222.8000030517578125</ele>
        <time>2026-08-08T14:46:15.000Z</time>
      </trkpt>
      <trkpt lat="57.7919789962470531463623046875" lon="-4.23868023790419101715087890625">
        <ele>222.8000030517578125</ele>
        <time>2026-08-08T14:46:18.000Z</time>
      </trkpt>
      <trkpt lat="57.79193012975156307220458984375" lon="-4.23868124373257160186767578125">
        <ele>223.399993896484375</ele>
        <time>2026-08-08T14:46:20.000Z</time>
      </trkpt>
      <trkpt lat="57.7918826043605804443359375" lon="-4.23866783268749713897705078125">
        <ele>224.399993896484375</ele>
        <time>2026-08-08T14:46:22.000Z</time>
      </trkpt>
      <trkpt lat="57.7918398566544055938720703125" lon="-4.23867143690586090087890625">
        <ele>225.600006103515625</ele>
        <time>2026-08-08T14:46:24.000Z</time>
      </trkpt>
      <trkpt lat="57.79170750640332698822021484375" lon="-4.23868794925510883331298828125">
        <ele>226.600006103515625</ele>
        <time>2026-08-08T14:46:30.000Z</time>
      </trkpt>
      <trkpt lat="57.791552357375621795654296875" lon="-4.23869825899600982666015625">
        <ele>228</ele>
        <time>2026-08-08T14:46:37.000Z</time>
      </trkpt>
      <trkpt lat="57.7914335019886493682861328125" lon="-4.238699935376644134521484375">
        <ele>229</ele>
        <time>2026-08-08T14:46:41.000Z</time>
      </trkpt>
      <trkpt lat="57.79140307568013668060302734375" lon="-4.23869918100535869598388671875">
        <ele>229</ele>
        <time>2026-08-08T14:46:42.000Z</time>
      </trkpt>
      <trkpt lat="57.79126812703907489776611328125" lon="-4.2387037910521030426025390625">
        <ele>228.8000030517578125</ele>
        <time>2026-08-08T14:46:47.000Z</time>
      </trkpt>
      <trkpt lat="57.7911511994898319244384765625" lon="-4.23870806582272052764892578125">
        <ele>229</ele>
        <time>2026-08-08T14:46:52.000Z</time>
      </trkpt>
      <trkpt lat="57.7910328470170497894287109375" lon="-4.2387306131422519683837890625">
        <ele>229.600006103515625</ele>
        <time>2026-08-08T14:46:57.000Z</time>
      </trkpt>
      <trkpt lat="57.79095229692757129669189453125" lon="-4.23874695785343647003173828125">
        <ele>230.1999969482421875</ele>
        <time>2026-08-08T14:47:00.000Z</time>
      </trkpt>
      <trkpt lat="57.790846936404705047607421875" lon="-4.2387755401432514190673828125">
        <ele>230.399993896484375</ele>
        <time>2026-08-08T14:47:04.000Z</time>
      </trkpt>
      <trkpt lat="57.790653817355632781982421875" lon="-4.23884770832955837249755859375">
        <ele>230.1999969482421875</ele>
        <time>2026-08-08T14:47:11.000Z</time>
      </trkpt>
      <trkpt lat="57.7904347144067287445068359375" lon="-4.23895617015659809112548828125">
        <ele>230.399993896484375</ele>
        <time>2026-08-08T14:47:19.000Z</time>
      </trkpt>
      <trkpt lat="57.790304459631443023681640625" lon="-4.23902213573455810546875">
        <ele>230.600006103515625</ele>
        <time>2026-08-08T14:47:24.000Z</time>
      </trkpt>
      <trkpt lat="57.79022038914263248443603515625" lon="-4.23907150514423847198486328125">
        <ele>231.600006103515625</ele>
        <time>2026-08-08T14:47:27.000Z</time>
      </trkpt>
      <trkpt lat="57.79002576135098934173583984375" lon="-4.23917627893388271331787109375">
        <ele>231.600006103515625</ele>
        <time>2026-08-08T14:47:34.000Z</time>
      </trkpt>
      <trkpt lat="57.78991143219172954559326171875" lon="-4.239249117672443389892578125">
        <ele>232</ele>
        <time>2026-08-08T14:47:38.000Z</time>
      </trkpt>
      <trkpt lat="57.78988058678805828094482421875" lon="-4.23926579765975475311279296875">
        <ele>232</ele>
        <time>2026-08-08T14:47:39.000Z</time>
      </trkpt>
      <trkpt lat="57.7897544391453266143798828125" lon="-4.239329583942890167236328125">
        <ele>232.399993896484375</ele>
        <time>2026-08-08T14:47:43.000Z</time>
      </trkpt>
      <trkpt lat="57.789659388363361358642578125" lon="-4.23938917927443981170654296875">
        <ele>233</ele>
        <time>2026-08-08T14:47:46.000Z</time>
      </trkpt>
      <trkpt lat="57.78954715467989444732666015625" lon="-4.2394568212330341339111328125">
        <ele>233.600006103515625</ele>
        <time>2026-08-08T14:47:50.000Z</time>
      </trkpt>
      <trkpt lat="57.789403907954692840576171875" lon="-4.23962487839162349700927734375">
        <ele>232.1999969482421875</ele>
        <time>2026-08-08T14:47:56.000Z</time>
      </trkpt>
      <trkpt lat="57.78924188576638698577880859375" lon="-4.239818751811981201171875">
        <ele>232.8000030517578125</ele>
        <time>2026-08-08T14:48:03.000Z</time>
      </trkpt>
      <trkpt lat="57.78921992518007755279541015625" lon="-4.2398501001298427581787109375">
        <ele>232.600006103515625</ele>
        <time>2026-08-08T14:48:04.000Z</time>
      </trkpt>
      <trkpt lat="57.78914918191730976104736328125" lon="-4.2399423010647296905517578125">
        <ele>231.8000030517578125</ele>
        <time>2026-08-08T14:48:07.000Z</time>
      </trkpt>
      <trkpt lat="57.78902630321681499481201171875" lon="-4.2400856316089630126953125">
        <ele>232.600006103515625</ele>
        <time>2026-08-08T14:48:12.000Z</time>
      </trkpt>
      <trkpt lat="57.7888458408415317535400390625" lon="-4.24029760994017124176025390625">
        <ele>233</ele>
        <time>2026-08-08T14:48:19.000Z</time>
      </trkpt>
      <trkpt lat="57.78879630379378795623779296875" lon="-4.24036391079425811767578125">
        <ele>233.399993896484375</ele>
        <time>2026-08-08T14:48:21.000Z</time>
      </trkpt>
      <trkpt lat="57.7887144125998020172119140625" lon="-4.2404535971581935882568359375">
        <ele>234</ele>
        <time>2026-08-08T14:48:24.000Z</time>
      </trkpt>
      <trkpt lat="57.7886366285383701324462890625" lon="-4.24053465016186237335205078125">
        <ele>234</ele>
        <time>2026-08-08T14:48:27.000Z</time>
      </trkpt>
      <trkpt lat="57.7885112352669239044189453125" lon="-4.24068418331444263458251953125">
        <ele>233.8000030517578125</ele>
        <time>2026-08-08T14:48:32.000Z</time>
      </trkpt>
      <trkpt lat="57.7884870953857898712158203125" lon="-4.24071528017520904541015625">
        <ele>233.600006103515625</ele>
        <time>2026-08-08T14:48:33.000Z</time>
      </trkpt>
      <trkpt lat="57.78831115923821926116943359375" lon="-4.240897335112094879150390625">
        <ele>234.399993896484375</ele>
        <time>2026-08-08T14:48:40.000Z</time>
      </trkpt>
      <trkpt lat="57.78828634880483150482177734375" lon="-4.24092524684965610504150390625">
        <ele>234.399993896484375</ele>
        <time>2026-08-08T14:48:41.000Z</time>
      </trkpt>
      <trkpt lat="57.78807587921619415283203125" lon="-4.24117796123027801513671875">
        <ele>235</ele>
        <time>2026-08-08T14:48:50.000Z</time>
      </trkpt>
      <trkpt lat="57.78800002299249172210693359375" lon="-4.24126387573778629302978515625">
        <ele>237</ele>
        <time>2026-08-08T14:48:53.000Z</time>
      </trkpt>
      <trkpt lat="57.787927351891994476318359375" lon="-4.24135490320622920989990234375">
        <ele>235.8000030517578125</ele>
        <time>2026-08-08T14:48:56.000Z</time>
      </trkpt>
      <trkpt lat="57.78776415623724460601806640625" lon="-4.2415083758533000946044921875">
        <ele>236.600006103515625</ele>
        <time>2026-08-08T14:49:02.000Z</time>
      </trkpt>
      <trkpt lat="57.78770850040018558502197265625" lon="-4.24154986627399921417236328125">
        <ele>238.8000030517578125</ele>
        <time>2026-08-08T14:49:04.000Z</time>
      </trkpt>
      <trkpt lat="57.787602804601192474365234375" lon="-4.2416659556329250335693359375">
        <ele>238</ele>
        <time>2026-08-08T14:49:08.000Z</time>
      </trkpt>
      <trkpt lat="57.78758193366229534149169921875" lon="-4.24170157872140407562255859375">
        <ele>237.399993896484375</ele>
        <time>2026-08-08T14:49:09.000Z</time>
      </trkpt>
      <trkpt lat="57.78746861033141613006591796875" lon="-4.24182998947799205780029296875">
        <ele>237.399993896484375</ele>
        <time>2026-08-08T14:49:14.000Z</time>
      </trkpt>
      <trkpt lat="57.78744430281221866607666015625" lon="-4.2418573983013629913330078125">
        <ele>237.600006103515625</ele>
        <time>2026-08-08T14:49:15.000Z</time>
      </trkpt>
      <trkpt lat="57.7873689495027065277099609375" lon="-4.24194230698049068450927734375">
        <ele>238.399993896484375</ele>
        <time>2026-08-08T14:49:18.000Z</time>
      </trkpt>
      <trkpt lat="57.78727230615913867950439453125" lon="-4.24206116236746311187744140625">
        <ele>238.1999969482421875</ele>
        <time>2026-08-08T14:49:22.000Z</time>
      </trkpt>
      <trkpt lat="57.78711187653243541717529296875" lon="-4.2422634176909923553466796875">
        <ele>238.600006103515625</ele>
        <time>2026-08-08T14:49:29.000Z</time>
      </trkpt>
      <trkpt lat="57.78706870973110198974609375" lon="-4.2423167265951633453369140625">
        <ele>238.600006103515625</ele>
        <time>2026-08-08T14:49:31.000Z</time>
      </trkpt>
      <trkpt lat="57.78702403418719768524169921875" lon="-4.24237397499382495880126953125">
        <ele>238.8000030517578125</ele>
        <time>2026-08-08T14:49:33.000Z</time>
      </trkpt>
      <trkpt lat="57.78691984713077545166015625" lon="-4.24248059280216693878173828125">
        <ele>239</ele>
        <time>2026-08-08T14:49:37.000Z</time>
      </trkpt>
      <trkpt lat="57.7867729961872100830078125" lon="-4.24265041016042232513427734375">
        <ele>239</ele>
        <time>2026-08-08T14:49:43.000Z</time>
      </trkpt>
      <trkpt lat="57.78672329150140285491943359375" lon="-4.24271260388195514678955078125">
        <ele>239.600006103515625</ele>
        <time>2026-08-08T14:49:45.000Z</time>
      </trkpt>
      <trkpt lat="57.78656520880758762359619140625" lon="-4.24289583228528499603271484375">
        <ele>239.1999969482421875</ele>
        <time>2026-08-08T14:49:51.000Z</time>
      </trkpt>
      <trkpt lat="57.78638700954616069793701171875" lon="-4.2431002669036388397216796875">
        <ele>238.8000030517578125</ele>
        <time>2026-08-08T14:49:58.000Z</time>
      </trkpt>
      <trkpt lat="57.786358259618282318115234375" lon="-4.24313371069729328155517578125">
        <ele>238.399993896484375</ele>
        <time>2026-08-08T14:49:59.000Z</time>
      </trkpt>
      <trkpt lat="57.78619104065001010894775390625" lon="-4.2433352954685688018798828125">
        <ele>238.8000030517578125</ele>
        <time>2026-08-08T14:50:05.000Z</time>
      </trkpt>
      <trkpt lat="57.78602323494851589202880859375" lon="-4.24348977394402027130126953125">
        <ele>238.399993896484375</ele>
        <time>2026-08-08T14:50:10.000Z</time>
      </trkpt>
      <trkpt lat="57.7857993543148040771484375" lon="-4.2436655424535274505615234375">
        <ele>238.1999969482421875</ele>
        <time>2026-08-08T14:50:17.000Z</time>
      </trkpt>
      <trkpt lat="57.78557765297591686248779296875" lon="-4.2437781952321529388427734375">
        <ele>237.600006103515625</ele>
        <time>2026-08-08T14:50:24.000Z</time>
      </trkpt>
      <trkpt lat="57.78554412536323070526123046875" lon="-4.2437862418591976165771484375">
        <ele>237.399993896484375</ele>
        <time>2026-08-08T14:50:25.000Z</time>
      </trkpt>
      <trkpt lat="57.78551378287374973297119140625" lon="-4.24379521049559116363525390625">
        <ele>237.399993896484375</ele>
        <time>2026-08-08T14:50:26.000Z</time>
      </trkpt>
      <trkpt lat="57.78535033576190471649169921875" lon="-4.24382924102246761322021484375">
        <ele>238.600006103515625</ele>
        <time>2026-08-08T14:50:32.000Z</time>
      </trkpt>
      <trkpt lat="57.78532183729112148284912109375" lon="-4.243837036192417144775390625">
        <ele>239.1999969482421875</ele>
        <time>2026-08-08T14:50:33.000Z</time>
      </trkpt>
      <trkpt lat="57.785294763743877410888671875" lon="-4.243845082819461822509765625">
        <ele>240</ele>
        <time>2026-08-08T14:50:34.000Z</time>
      </trkpt>
      <trkpt lat="57.785204239189624786376953125" lon="-4.24386695958673954010009765625">
        <ele>241.1999969482421875</ele>
        <time>2026-08-08T14:50:37.000Z</time>
      </trkpt>
      <trkpt lat="57.78506417758762836456298828125" lon="-4.24388405866920948028564453125">
        <ele>242.1999969482421875</ele>
        <time>2026-08-08T14:50:41.000Z</time>
      </trkpt>
      <trkpt lat="57.7849965356290340423583984375" lon="-4.243892692029476165771484375">
        <ele>242.399993896484375</ele>
        <time>2026-08-08T14:50:43.000Z</time>
      </trkpt>
      <trkpt lat="57.784756310284137725830078125" lon="-4.24394155852496623992919921875">
        <ele>242.1999969482421875</ele>
        <time>2026-08-08T14:50:50.000Z</time>
      </trkpt>
      <trkpt lat="57.78469185344874858856201171875" lon="-4.2439511977136135101318359375">
        <ele>242</ele>
        <time>2026-08-08T14:50:52.000Z</time>
      </trkpt>
      <trkpt lat="57.7845341898500919342041015625" lon="-4.24398145638406276702880859375">
        <ele>242</ele>
        <time>2026-08-08T14:50:57.000Z</time>
      </trkpt>
      <trkpt lat="57.7844667993485927581787109375" lon="-4.24398631788790225982666015625">
        <ele>242</ele>
        <time>2026-08-08T14:50:59.000Z</time>
      </trkpt>
      <trkpt lat="57.78424300253391265869140625" lon="-4.244009368121623992919921875">
        <ele>242.399993896484375</ele>
        <time>2026-08-08T14:51:06.000Z</time>
      </trkpt>
      <trkpt lat="57.7840081416070461273193359375" lon="-4.2440390400588512420654296875">
        <ele>242</ele>
        <time>2026-08-08T14:51:13.000Z</time>
      </trkpt>
      <trkpt lat="57.78374235145747661590576171875" lon="-4.24417105503380298614501953125">
        <ele>242.1999969482421875</ele>
        <time>2026-08-08T14:51:20.000Z</time>
      </trkpt>
      <trkpt lat="57.78352760709822177886962890625" lon="-4.24435512162744998931884765625">
        <ele>241.1999969482421875</ele>
        <time>2026-08-08T14:51:26.000Z</time>
      </trkpt>
      <trkpt lat="57.78349391184747219085693359375" lon="-4.24438856542110443115234375">
        <ele>241</ele>
        <time>2026-08-08T14:51:27.000Z</time>
      </trkpt>
      <trkpt lat="57.78338335454463958740234375" lon="-4.24449090845882892608642578125">
        <ele>240.600006103515625</ele>
        <time>2026-08-08T14:51:30.000Z</time>
      </trkpt>
      <trkpt lat="57.78327346779406070709228515625" lon="-4.2446559481322765350341796875">
        <ele>241</ele>
        <time>2026-08-08T14:51:34.000Z</time>
      </trkpt>
      <trkpt lat="57.783116810023784637451171875" lon="-4.24495224840939044952392578125">
        <ele>241.1999969482421875</ele>
        <time>2026-08-08T14:51:41.000Z</time>
      </trkpt>
      <trkpt lat="57.783033661544322967529296875" lon="-4.2450864426791667938232421875">
        <ele>241.8000030517578125</ele>
        <time>2026-08-08T14:51:44.000Z</time>
      </trkpt>
      <trkpt lat="57.78300113976001739501953125" lon="-4.24513421952724456787109375">
        <ele>242</ele>
        <time>2026-08-08T14:51:45.000Z</time>
      </trkpt>
      <trkpt lat="57.78293584473431110382080078125" lon="-4.24523790366947650909423828125">
        <ele>242.1999969482421875</ele>
        <time>2026-08-08T14:51:47.000Z</time>
      </trkpt>
      <trkpt lat="57.7828628383576869964599609375" lon="-4.24532172270119190216064453125">
        <ele>242.600006103515625</ele>
        <time>2026-08-08T14:51:49.000Z</time>
      </trkpt>
      <trkpt lat="57.78277851641178131103515625" lon="-4.24539900384843349456787109375">
        <ele>242.600006103515625</ele>
        <time>2026-08-08T14:51:51.000Z</time>
      </trkpt>
      <trkpt lat="57.78273819945752620697021484375" lon="-4.24544175155460834503173828125">
        <ele>242.399993896484375</ele>
        <time>2026-08-08T14:51:52.000Z</time>
      </trkpt>
      <trkpt lat="57.78269561938941478729248046875" lon="-4.2454669810831546783447265625">
        <ele>242.399993896484375</ele>
        <time>2026-08-08T14:51:53.000Z</time>
      </trkpt>
      <trkpt lat="57.78251792304217815399169921875" lon="-4.24556278623640537261962890625">
        <ele>243</ele>
        <time>2026-08-08T14:51:57.000Z</time>
      </trkpt>
      <trkpt lat="57.78234223835170269012451171875" lon="-4.24560955725610256195068359375">
        <ele>242.1999969482421875</ele>
        <time>2026-08-08T14:52:01.000Z</time>
      </trkpt>
      <trkpt lat="57.78226076625287532806396484375" lon="-4.24562078900635242462158203125">
        <ele>242.399993896484375</ele>
        <time>2026-08-08T14:52:03.000Z</time>
      </trkpt>
      <trkpt lat="57.7820779569447040557861328125" lon="-4.24559262581169605255126953125">
        <ele>241.600006103515625</ele>
        <time>2026-08-08T14:52:07.000Z</time>
      </trkpt>
      <trkpt lat="57.781991623342037200927734375" lon="-4.24555130302906036376953125">
        <ele>241.600006103515625</ele>
        <time>2026-08-08T14:52:09.000Z</time>
      </trkpt>
      <trkpt lat="57.78189732693135738372802734375" lon="-4.245510064065456390380859375">
        <ele>242</ele>
        <time>2026-08-08T14:52:11.000Z</time>
      </trkpt>
      <trkpt lat="57.7817626297473907470703125" lon="-4.24539506435394287109375">
        <ele>242.600006103515625</ele>
        <time>2026-08-08T14:52:14.000Z</time>
      </trkpt>
      <trkpt lat="57.78153665363788604736328125" lon="-4.2451317049562931060791015625">
        <ele>242.399993896484375</ele>
        <time>2026-08-08T14:52:20.000Z</time>
      </trkpt>
      <trkpt lat="57.78134261257946491241455078125" lon="-4.24483037553727626800537109375">
        <ele>243</ele>
        <time>2026-08-08T14:52:26.000Z</time>
      </trkpt>
      <trkpt lat="57.78131268918514251708984375" lon="-4.244785197079181671142578125">
        <ele>243.1999969482421875</ele>
        <time>2026-08-08T14:52:27.000Z</time>
      </trkpt>
      <trkpt lat="57.78119601309299468994140625" lon="-4.24460691399872303009033203125">
        <ele>244</ele>
        <time>2026-08-08T14:52:31.000Z</time>
      </trkpt>
      <trkpt lat="57.78113675303757190704345703125" lon="-4.24451001919806003570556640625">
        <ele>244.600006103515625</ele>
        <time>2026-08-08T14:52:33.000Z</time>
      </trkpt>
      <trkpt lat="57.7809980325400829315185546875" lon="-4.244327545166015625">
        <ele>245.1999969482421875</ele>
        <time>2026-08-08T14:52:37.000Z</time>
      </trkpt>
      <trkpt lat="57.78092016465961933135986328125" lon="-4.244252778589725494384765625">
        <ele>245.1999969482421875</ele>
        <time>2026-08-08T14:52:39.000Z</time>
      </trkpt>
      <trkpt lat="57.78084405697882175445556640625" lon="-4.2441765032708644866943359375">
        <ele>244.600006103515625</ele>
        <time>2026-08-08T14:52:41.000Z</time>
      </trkpt>
      <trkpt lat="57.78080441057682037353515625" lon="-4.24414725042879581451416015625">
        <ele>244</ele>
        <time>2026-08-08T14:52:42.000Z</time>
      </trkpt>
      <trkpt lat="57.78071598149836063385009765625" lon="-4.24409913830459117889404296875">
        <ele>243.8000030517578125</ele>
        <time>2026-08-08T14:52:44.000Z</time>
      </trkpt>
      <trkpt lat="57.7805625088512897491455078125" lon="-4.24402973614633083343505859375">
        <ele>243</ele>
        <time>2026-08-08T14:52:48.000Z</time>
      </trkpt>
      <trkpt lat="57.78052956797182559967041015625" lon="-4.24401330761611461639404296875">
        <ele>242.8000030517578125</ele>
        <time>2026-08-08T14:52:49.000Z</time>
      </trkpt>
      <trkpt lat="57.78027593158185482025146484375" lon="-4.2439595796167850494384765625">
        <ele>242.600006103515625</ele>
        <time>2026-08-08T14:52:55.000Z</time>
      </trkpt>
      <trkpt lat="57.77995272539556026458740234375" lon="-4.243890680372714996337890625">
        <ele>242.1999969482421875</ele>
        <time>2026-08-08T14:53:02.000Z</time>
      </trkpt>
      <trkpt lat="57.77974921278655529022216796875" lon="-4.24385706894099712371826171875">
        <ele>241.8000030517578125</ele>
        <time>2026-08-08T14:53:06.000Z</time>
      </trkpt>
      <trkpt lat="57.77957973070442676544189453125" lon="-4.2438298277556896209716796875">
        <ele>241.8000030517578125</ele>
        <time>2026-08-08T14:53:09.000Z</time>
      </trkpt>
      <trkpt lat="57.77918301522731781005859375" lon="-4.24373368732631206512451171875">
        <ele>241.8000030517578125</ele>
        <time>2026-08-08T14:53:16.000Z</time>
      </trkpt>
      <trkpt lat="57.7787842042744159698486328125" lon="-4.24366545863449573516845703125">
        <ele>240.8000030517578125</ele>
        <time>2026-08-08T14:53:23.000Z</time>
      </trkpt>
      <trkpt lat="57.7787298895418643951416015625" lon="-4.24365774728357791900634765625">
        <ele>240.1999969482421875</ele>
        <time>2026-08-08T14:53:24.000Z</time>
      </trkpt>
      <trkpt lat="57.77867431752383708953857421875" lon="-4.2436591722071170806884765625">
        <ele>239</ele>
        <time>2026-08-08T14:53:25.000Z</time>
      </trkpt>
      <trkpt lat="57.77856619097292423248291015625" lon="-4.24366914667189121246337890625">
        <ele>238</ele>
        <time>2026-08-08T14:53:27.000Z</time>
      </trkpt>
      <trkpt lat="57.7784623391926288604736328125" lon="-4.2436695657670497894287109375">
        <ele>239.399993896484375</ele>
        <time>2026-08-08T14:53:29.000Z</time>
      </trkpt>
      <trkpt lat="57.77840592898428440093994140625" lon="-4.24366646446287631988525390625">
        <ele>240.399993896484375</ele>
        <time>2026-08-08T14:53:30.000Z</time>
      </trkpt>
      <trkpt lat="57.77796118520200252532958984375" lon="-4.243690185248851776123046875">
        <ele>240.8000030517578125</ele>
        <time>2026-08-08T14:53:38.000Z</time>
      </trkpt>
      <trkpt lat="57.77762071229517459869384765625" lon="-4.24370502121746540069580078125">
        <ele>239.399993896484375</ele>
        <time>2026-08-08T14:53:44.000Z</time>
      </trkpt>
      <trkpt lat="57.77749682776629924774169921875" lon="-4.24370921216905117034912109375">
        <ele>239.399993896484375</ele>
        <time>2026-08-08T14:53:46.000Z</time>
      </trkpt>
      <trkpt lat="57.77737093158066272735595703125" lon="-4.24371524713933467864990234375">
        <ele>239.1999969482421875</ele>
        <time>2026-08-08T14:53:48.000Z</time>
      </trkpt>
      <trkpt lat="57.77717965655028820037841796875" lon="-4.2437235452234745025634765625">
        <ele>237.399993896484375</ele>
        <time>2026-08-08T14:53:51.000Z</time>
      </trkpt>
      <trkpt lat="57.77699491940438747406005859375" lon="-4.2437372915446758270263671875">
        <ele>236.399993896484375</ele>
        <time>2026-08-08T14:53:54.000Z</time>
      </trkpt>
      <trkpt lat="57.77681420557200908660888671875" lon="-4.24373620189726352691650390625">
        <ele>236.399993896484375</ele>
        <time>2026-08-08T14:53:57.000Z</time>
      </trkpt>
      <trkpt lat="57.77638857252895832061767578125" lon="-4.2437188513576984405517578125">
        <ele>235.1999969482421875</ele>
        <time>2026-08-08T14:54:04.000Z</time>
      </trkpt>
      <trkpt lat="57.77613745070993900299072265625" lon="-4.24367853440344333648681640625">
        <ele>235.399993896484375</ele>
        <time>2026-08-08T14:54:08.000Z</time>
      </trkpt>
      <trkpt lat="57.77601532638072967529296875" lon="-4.243627153337001800537109375">
        <ele>235.399993896484375</ele>
        <time>2026-08-08T14:54:10.000Z</time>
      </trkpt>
      <trkpt lat="57.7759025059640407562255859375" lon="-4.2435592599213123321533203125">
        <ele>234.399993896484375</ele>
        <time>2026-08-08T14:54:12.000Z</time>
      </trkpt>
      <trkpt lat="57.7757932059466838836669921875" lon="-4.24347518943250179290771484375">
        <ele>234</ele>
        <time>2026-08-08T14:54:14.000Z</time>
      </trkpt>
      <trkpt lat="57.775682397186756134033203125" lon="-4.2433735169470310211181640625">
        <ele>233.600006103515625</ele>
        <time>2026-08-08T14:54:16.000Z</time>
      </trkpt>
      <trkpt lat="57.77557075023651123046875" lon="-4.24326614476740360260009765625">
        <ele>233.8000030517578125</ele>
        <time>2026-08-08T14:54:18.000Z</time>
      </trkpt>
      <trkpt lat="57.77545365504920482635498046875" lon="-4.24315667711198329925537109375">
        <ele>233.8000030517578125</ele>
        <time>2026-08-08T14:54:20.000Z</time>
      </trkpt>
      <trkpt lat="57.775328345596790313720703125" lon="-4.24306397326290607452392578125">
        <ele>233.399993896484375</ele>
        <time>2026-08-08T14:54:22.000Z</time>
      </trkpt>
      <trkpt lat="57.77520052157342433929443359375" lon="-4.242990799248218536376953125">
        <ele>232.8000030517578125</ele>
        <time>2026-08-08T14:54:24.000Z</time>
      </trkpt>
      <trkpt lat="57.775136567652225494384765625" lon="-4.24296841956675052642822265625">
        <ele>232.399993896484375</ele>
        <time>2026-08-08T14:54:25.000Z</time>
      </trkpt>
      <trkpt lat="57.77500119991600513458251953125" lon="-4.24291728995740413665771484375">
        <ele>231.8000030517578125</ele>
        <time>2026-08-08T14:54:27.000Z</time>
      </trkpt>
      <trkpt lat="57.77485116384923458099365234375" lon="-4.24287739209830760955810546875">
        <ele>230.8000030517578125</ele>
        <time>2026-08-08T14:54:29.000Z</time>
      </trkpt>
      <trkpt lat="57.77469039894640445709228515625" lon="-4.24282425083220005035400390625">
        <ele>229.600006103515625</ele>
        <time>2026-08-08T14:54:31.000Z</time>
      </trkpt>
      <trkpt lat="57.774366773664951324462890625" lon="-4.2427234165370464324951171875">
        <ele>228.399993896484375</ele>
        <time>2026-08-08T14:54:35.000Z</time>
      </trkpt>
      <trkpt lat="57.774136774241924285888671875" lon="-4.242660887539386749267578125">
        <ele>228.600006103515625</ele>
        <time>2026-08-08T14:54:38.000Z</time>
      </trkpt>
      <trkpt lat="57.773816585540771484375" lon="-4.24260078929364681243896484375">
        <ele>227.1999969482421875</ele>
        <time>2026-08-08T14:54:42.000Z</time>
      </trkpt>
      <trkpt lat="57.7737322635948657989501953125" lon="-4.24258972518146038055419921875">
        <ele>225.8000030517578125</ele>
        <time>2026-08-08T14:54:43.000Z</time>
      </trkpt>
      <trkpt lat="57.77356202714145183563232421875" lon="-4.2425666749477386474609375">
        <ele>224.399993896484375</ele>
        <time>2026-08-08T14:54:45.000Z</time>
      </trkpt>
      <trkpt lat="57.77329866774380207061767578125" lon="-4.24253105185925960540771484375">
        <ele>222.600006103515625</ele>
        <time>2026-08-08T14:54:48.000Z</time>
      </trkpt>
      <trkpt lat="57.7732068859040737152099609375" lon="-4.24251914955675601959228515625">
        <ele>221</ele>
        <time>2026-08-08T14:54:49.000Z</time>
      </trkpt>
      <trkpt lat="57.77302240021526813507080078125" lon="-4.24248847179114818572998046875">
        <ele>219</ele>
        <time>2026-08-08T14:54:51.000Z</time>
      </trkpt>
      <trkpt lat="57.7728394232690334320068359375" lon="-4.2424488253891468048095703125">
        <ele>218</ele>
        <time>2026-08-08T14:54:53.000Z</time>
      </trkpt>
      <trkpt lat="57.7726513333618640899658203125" lon="-4.24240213818848133087158203125">
        <ele>219</ele>
        <time>2026-08-08T14:54:55.000Z</time>
      </trkpt>
      <trkpt lat="57.77235738001763820648193359375" lon="-4.24230390228331089019775390625">
        <ele>219</ele>
        <time>2026-08-08T14:54:58.000Z</time>
      </trkpt>
      <trkpt lat="57.7721568010747432708740234375" lon="-4.242243468761444091796875">
        <ele>217.600006103515625</ele>
        <time>2026-08-08T14:55:00.000Z</time>
      </trkpt>
      <trkpt lat="57.771864272654056549072265625" lon="-4.242136180400848388671875">
        <ele>214</ele>
        <time>2026-08-08T14:55:03.000Z</time>
      </trkpt>
      <trkpt lat="57.7717645280063152313232421875" lon="-4.242103658616542816162109375">
        <ele>212.399993896484375</ele>
        <time>2026-08-08T14:55:04.000Z</time>
      </trkpt>
      <trkpt lat="57.77166637592017650604248046875" lon="-4.24207105301320552825927734375">
        <ele>211</ele>
        <time>2026-08-08T14:55:05.000Z</time>
      </trkpt>
      <trkpt lat="57.7715683914721012115478515625" lon="-4.24203366972506046295166015625">
        <ele>209.8000030517578125</ele>
        <time>2026-08-08T14:55:06.000Z</time>
      </trkpt>
      <trkpt lat="57.77137401513755321502685546875" lon="-4.24195303581655025482177734375">
        <ele>207.8000030517578125</ele>
        <time>2026-08-08T14:55:08.000Z</time>
      </trkpt>
      <trkpt lat="57.7709783054888248443603515625" lon="-4.24186217598617076873779296875">
        <ele>207.1999969482421875</ele>
        <time>2026-08-08T14:55:12.000Z</time>
      </trkpt>
      <trkpt lat="57.770878560841083526611328125" lon="-4.241863600909709930419921875">
        <ele>206.600006103515625</ele>
        <time>2026-08-08T14:55:13.000Z</time>
      </trkpt>
      <trkpt lat="57.770782671868801116943359375" lon="-4.241878353059291839599609375">
        <ele>205.600006103515625</ele>
        <time>2026-08-08T14:55:14.000Z</time>
      </trkpt>
      <trkpt lat="57.77059986256062984466552734375" lon="-4.24194239079952239990234375">
        <ele>205.8000030517578125</ele>
        <time>2026-08-08T14:55:16.000Z</time>
      </trkpt>
      <trkpt lat="57.770437337458133697509765625" lon="-4.24204565584659576416015625">
        <ele>206.8000030517578125</ele>
        <time>2026-08-08T14:55:18.000Z</time>
      </trkpt>
      <trkpt lat="57.7702909894287586212158203125" lon="-4.24218781292438507080078125">
        <ele>206</ele>
        <time>2026-08-08T14:55:20.000Z</time>
      </trkpt>
      <trkpt lat="57.77022083289921283721923828125" lon="-4.24227020703256130218505859375">
        <ele>205</ele>
        <time>2026-08-08T14:55:21.000Z</time>
      </trkpt>
      <trkpt lat="57.770089991390705108642578125" lon="-4.24244790337979793548583984375">
        <ele>203.600006103515625</ele>
        <time>2026-08-08T14:55:23.000Z</time>
      </trkpt>
      <trkpt lat="57.769983373582363128662109375" lon="-4.24264655448496341705322265625">
        <ele>204.399993896484375</ele>
        <time>2026-08-08T14:55:25.000Z</time>
      </trkpt>
      <trkpt lat="57.7699355967342853546142578125" lon="-4.2427576147019863128662109375">
        <ele>205</ele>
        <time>2026-08-08T14:55:26.000Z</time>
      </trkpt>
      <trkpt lat="57.769806683063507080078125" lon="-4.2431394942104816436767578125">
        <ele>203.399993896484375</ele>
        <time>2026-08-08T14:55:29.000Z</time>
      </trkpt>
      <trkpt lat="57.7697719819843769073486328125" lon="-4.24327922053635120391845703125">
        <ele>202.600006103515625</ele>
        <time>2026-08-08T14:55:30.000Z</time>
      </trkpt>
      <trkpt lat="57.76974306441843509674072265625" lon="-4.24342389218509197235107421875">
        <ele>201.1999969482421875</ele>
        <time>2026-08-08T14:55:31.000Z</time>
      </trkpt>
      <trkpt lat="57.769715487957000732421875" lon="-4.2435693182051181793212890625">
        <ele>199.399993896484375</ele>
        <time>2026-08-08T14:55:32.000Z</time>
      </trkpt>
      <trkpt lat="57.7696566469967365264892578125" lon="-4.24385908059775829315185546875">
        <ele>198</ele>
        <time>2026-08-08T14:55:34.000Z</time>
      </trkpt>
      <trkpt lat="57.7696284838020801544189453125" lon="-4.243998639285564422607421875">
        <ele>198</ele>
        <time>2026-08-08T14:55:35.000Z</time>
      </trkpt>
      <trkpt lat="57.76952060870826244354248046875" lon="-4.244844205677509307861328125">
        <ele>196.8000030517578125</ele>
        <time>2026-08-08T14:55:41.000Z</time>
      </trkpt>
      <trkpt lat="57.76948750019073486328125" lon="-4.245397411286830902099609375">
        <ele>195.600006103515625</ele>
        <time>2026-08-08T14:55:45.000Z</time>
      </trkpt>
      <trkpt lat="57.7694541402161121368408203125" lon="-4.24595019780099391937255859375">
        <ele>195.1999969482421875</ele>
        <time>2026-08-08T14:55:49.000Z</time>
      </trkpt>
      <trkpt lat="57.76943276636302471160888671875" lon="-4.24635185860097408294677734375">
        <ele>194.399993896484375</ele>
        <time>2026-08-08T14:55:52.000Z</time>
      </trkpt>
      <trkpt lat="57.76942270807921886444091796875" lon="-4.246892742812633514404296875">
        <ele>193.1999969482421875</ele>
        <time>2026-08-08T14:55:56.000Z</time>
      </trkpt>
      <trkpt lat="57.769424133002758026123046875" lon="-4.24702861346304416656494140625">
        <ele>193</ele>
        <time>2026-08-08T14:55:57.000Z</time>
      </trkpt>
      <trkpt lat="57.76943226344883441925048828125" lon="-4.24755801446735858917236328125">
        <ele>192</ele>
        <time>2026-08-08T14:56:01.000Z</time>
      </trkpt>
      <trkpt lat="57.76942656375467777252197265625" lon="-4.24796336330473423004150390625">
        <ele>191.399993896484375</ele>
        <time>2026-08-08T14:56:04.000Z</time>
      </trkpt>
      <trkpt lat="57.76942555792629718780517578125" lon="-4.24809847958385944366455078125">
        <ele>191</ele>
        <time>2026-08-08T14:56:05.000Z</time>
      </trkpt>
      <trkpt lat="57.76942723430693149566650390625" lon="-4.24836871214210987091064453125">
        <ele>189.600006103515625</ele>
        <time>2026-08-08T14:56:07.000Z</time>
      </trkpt>
      <trkpt lat="57.76941834948956966400146484375" lon="-4.2487587220966815948486328125">
        <ele>189.399993896484375</ele>
        <time>2026-08-08T14:56:10.000Z</time>
      </trkpt>
      <trkpt lat="57.76941047050058841705322265625" lon="-4.24902501516044139862060546875">
        <ele>190.8000030517578125</ele>
        <time>2026-08-08T14:56:12.000Z</time>
      </trkpt>
      <trkpt lat="57.7694098837673664093017578125" lon="-4.24966388382017612457275390625">
        <ele>189.8000030517578125</ele>
        <time>2026-08-08T14:56:17.000Z</time>
      </trkpt>
      <trkpt lat="57.76940904557704925537109375" lon="-4.24992875196039676666259765625">
        <ele>189.399993896484375</ele>
        <time>2026-08-08T14:56:19.000Z</time>
      </trkpt>
      <trkpt lat="57.7694011665880680084228515625" lon="-4.250197894871234893798828125">
        <ele>188.1999969482421875</ele>
        <time>2026-08-08T14:56:21.000Z</time>
      </trkpt>
      <trkpt lat="57.76938465423882007598876953125" lon="-4.2504726536571979522705078125">
        <ele>188</ele>
        <time>2026-08-08T14:56:23.000Z</time>
      </trkpt>
      <trkpt lat="57.7693250589072704315185546875" lon="-4.25100691616535186767578125">
        <ele>188.1999969482421875</ele>
        <time>2026-08-08T14:56:27.000Z</time>
      </trkpt>
      <trkpt lat="57.7692519687116146087646484375" lon="-4.25139742903411388397216796875">
        <ele>187.600006103515625</ele>
        <time>2026-08-08T14:56:30.000Z</time>
      </trkpt>
      <trkpt lat="57.76922539807856082916259765625" lon="-4.251525588333606719970703125">
        <ele>186.8000030517578125</ele>
        <time>2026-08-08T14:56:31.000Z</time>
      </trkpt>
      <trkpt lat="57.76913386769592761993408203125" lon="-4.25189782865345478057861328125">
        <ele>184.8000030517578125</ele>
        <time>2026-08-08T14:56:34.000Z</time>
      </trkpt>
      <trkpt lat="57.769068069756031036376953125" lon="-4.2521292530000209808349609375">
        <ele>185.399993896484375</ele>
        <time>2026-08-08T14:56:36.000Z</time>
      </trkpt>
      <trkpt lat="57.7689569257199764251708984375" lon="-4.252483807504177093505859375">
        <ele>186.1999969482421875</ele>
        <time>2026-08-08T14:56:39.000Z</time>
      </trkpt>
      <trkpt lat="57.7688375674188137054443359375" lon="-4.25284079276025295257568359375">
        <ele>186</ele>
        <time>2026-08-08T14:56:42.000Z</time>
      </trkpt>
      <trkpt lat="57.7687446959316730499267578125" lon="-4.25307431258261203765869140625">
        <ele>185.8000030517578125</ele>
        <time>2026-08-08T14:56:44.000Z</time>
      </trkpt>
      <trkpt lat="57.7686313726007938385009765625" lon="-4.25326189957559108734130859375">
        <ele>185.1999969482421875</ele>
        <time>2026-08-08T14:56:46.000Z</time>
      </trkpt>
      <trkpt lat="57.76856976561248302459716796875" lon="-4.25333448685705661773681640625">
        <ele>185.1999969482421875</ele>
        <time>2026-08-08T14:56:47.000Z</time>
      </trkpt>
      <trkpt lat="57.76850606314837932586669921875" lon="-4.25339500419795513153076171875">
        <ele>185</ele>
        <time>2026-08-08T14:56:48.000Z</time>
      </trkpt>
      <trkpt lat="57.76830732822418212890625" lon="-4.2534886300563812255859375">
        <ele>185</ele>
        <time>2026-08-08T14:56:51.000Z</time>
      </trkpt>
      <trkpt lat="57.7678884007036685943603515625" lon="-4.25358125008642673492431640625">
        <ele>185.600006103515625</ele>
        <time>2026-08-08T14:56:58.000Z</time>
      </trkpt>
      <trkpt lat="57.7677427232265472412109375" lon="-4.25362550653517246246337890625">
        <ele>186.399993896484375</ele>
        <time>2026-08-08T14:57:01.000Z</time>
      </trkpt>
      <trkpt lat="57.76764951646327972412109375" lon="-4.253653921186923980712890625">
        <ele>186.8000030517578125</ele>
        <time>2026-08-08T14:57:03.000Z</time>
      </trkpt>
      <trkpt lat="57.767512388527393341064453125" lon="-4.25369071774184703826904296875">
        <ele>187.600006103515625</ele>
        <time>2026-08-08T14:57:06.000Z</time>
      </trkpt>
      <trkpt lat="57.7674270607531070709228515625" lon="-4.2537412606179714202880859375">
        <ele>188</ele>
        <time>2026-08-08T14:57:08.000Z</time>
      </trkpt>
      <trkpt lat="57.76736025698482990264892578125" lon="-4.25384343601763248443603515625">
        <ele>188.399993896484375</ele>
        <time>2026-08-08T14:57:10.000Z</time>
      </trkpt>
      <trkpt lat="57.767327316105365753173828125" lon="-4.25398525781929492950439453125">
        <ele>188.600006103515625</ele>
        <time>2026-08-08T14:57:12.000Z</time>
      </trkpt>
      <trkpt lat="57.76732823811471462249755859375" lon="-4.2542733438313007354736328125">
        <ele>188.8000030517578125</ele>
        <time>2026-08-08T14:57:16.000Z</time>
      </trkpt>
      <trkpt lat="57.76734014041721820831298828125" lon="-4.254661761224269866943359375">
        <ele>189.399993896484375</ele>
        <time>2026-08-08T14:57:22.000Z</time>
      </trkpt>
      <trkpt lat="57.76733838021755218505859375" lon="-4.25484322942793369293212890625">
        <ele>189.8000030517578125</ele>
        <time>2026-08-08T14:57:25.000Z</time>
      </trkpt>
      <trkpt lat="57.7673455886542797088623046875" lon="-4.2550894059240818023681640625">
        <ele>190.600006103515625</ele>
        <time>2026-08-08T14:57:29.000Z</time>
      </trkpt>
      <trkpt lat="57.76734567247331142425537109375" lon="-4.255145899951457977294921875">
        <ele>190.8000030517578125</ele>
        <time>2026-08-08T14:57:30.000Z</time>
      </trkpt>
      <trkpt lat="57.7673174254596233367919921875" lon="-4.25546483136713504791259765625">
        <ele>191.399993896484375</ele>
        <time>2026-08-08T14:57:36.000Z</time>
      </trkpt>
      <trkpt lat="57.76730426587164402008056640625" lon="-4.255566336214542388916015625">
        <ele>191.399993896484375</ele>
        <time>2026-08-08T14:57:38.000Z</time>
      </trkpt>
      <trkpt lat="57.767266966402530670166015625" lon="-4.2558944039046764373779296875">
        <ele>192</ele>
        <time>2026-08-08T14:57:44.000Z</time>
      </trkpt>
      <trkpt lat="57.76725447736680507659912109375" lon="-4.255992136895656585693359375">
        <ele>192.600006103515625</ele>
        <time>2026-08-08T14:57:46.000Z</time>
      </trkpt>
      <trkpt lat="57.76725179515779018402099609375" lon="-4.25603966228663921356201171875">
        <ele>192.600006103515625</ele>
        <time>2026-08-08T14:57:47.000Z</time>
      </trkpt>
      <trkpt lat="57.7672265656292438507080078125" lon="-4.25627687014639377593994140625">
        <ele>193</ele>
        <time>2026-08-08T14:57:52.000Z</time>
      </trkpt>
      <trkpt lat="57.76722178794443607330322265625" lon="-4.25632397644221782684326171875">
        <ele>193</ele>
        <time>2026-08-08T14:57:53.000Z</time>
      </trkpt>
      <trkpt lat="57.7672168426215648651123046875" lon="-4.25636622123420238494873046875">
        <ele>193.1999969482421875</ele>
        <time>2026-08-08T14:57:54.000Z</time>
      </trkpt>
      <trkpt lat="57.76719982735812664031982421875" lon="-4.25662103109061717987060546875">
        <ele>193.8000030517578125</ele>
        <time>2026-08-08T14:58:00.000Z</time>
      </trkpt>
      <trkpt lat="57.7671682275831699371337890625" lon="-4.2568452470004558563232421875">
        <ele>194</ele>
        <time>2026-08-08T14:58:05.000Z</time>
      </trkpt>
      <trkpt lat="57.76714484207332134246826171875" lon="-4.257080443203449249267578125">
        <ele>194.1999969482421875</ele>
        <time>2026-08-08T14:58:11.000Z</time>
      </trkpt>
      <trkpt lat="57.76712774299085140228271484375" lon="-4.2573163099586963653564453125">
        <ele>194.399993896484375</ele>
        <time>2026-08-08T14:58:16.000Z</time>
      </trkpt>
      <trkpt lat="57.76710326783359050750732421875" lon="-4.257569946348667144775390625">
        <ele>195.399993896484375</ele>
        <time>2026-08-08T14:58:21.000Z</time>
      </trkpt>
      <trkpt lat="57.76709698140621185302734375" lon="-4.25762300379574298858642578125">
        <ele>195.600006103515625</ele>
        <time>2026-08-08T14:58:22.000Z</time>
      </trkpt>
      <trkpt lat="57.7670780383050441741943359375" lon="-4.25779634155333042144775390625">
        <ele>196</ele>
        <time>2026-08-08T14:58:26.000Z</time>
      </trkpt>
      <trkpt lat="57.76708030141890048980712890625" lon="-4.2578400112688541412353515625">
        <ele>196.1999969482421875</ele>
        <time>2026-08-08T14:58:27.000Z</time>
      </trkpt>
      <trkpt lat="57.76707510463893413543701171875" lon="-4.2578820884227752685546875">
        <ele>196.399993896484375</ele>
        <time>2026-08-08T14:58:28.000Z</time>
      </trkpt>
      <trkpt lat="57.76706923730671405792236328125" lon="-4.25792299211025238037109375">
        <ele>196.600006103515625</ele>
        <time>2026-08-08T14:58:29.000Z</time>
      </trkpt>
      <trkpt lat="57.76703923009335994720458984375" lon="-4.258157350122928619384765625">
        <ele>197</ele>
        <time>2026-08-08T14:58:34.000Z</time>
      </trkpt>
      <trkpt lat="57.767021544277667999267578125" lon="-4.25832959823310375213623046875">
        <ele>197</ele>
        <time>2026-08-08T14:58:38.000Z</time>
      </trkpt>
      <trkpt lat="57.7670024335384368896484375" lon="-4.2584596015512943267822265625">
        <ele>197.399993896484375</ele>
        <time>2026-08-08T14:58:41.000Z</time>
      </trkpt>
      <trkpt lat="57.766995728015899658203125" lon="-4.25856160931289196014404296875">
        <ele>197.600006103515625</ele>
        <time>2026-08-08T14:58:43.000Z</time>
      </trkpt>
      <trkpt lat="57.7669687382876873016357421875" lon="-4.258803091943264007568359375">
        <ele>198</ele>
        <time>2026-08-08T14:58:48.000Z</time>
      </trkpt>
      <trkpt lat="57.7669533155858516693115234375" lon="-4.25899394787847995758056640625">
        <ele>198.1999969482421875</ele>
        <time>2026-08-08T14:58:52.000Z</time>
      </trkpt>
      <trkpt lat="57.7669130824506282806396484375" lon="-4.25927205942571163177490234375">
        <ele>198.600006103515625</ele>
        <time>2026-08-08T14:58:58.000Z</time>
      </trkpt>
      <trkpt lat="57.7669047005474567413330078125" lon="-4.25932402722537517547607421875">
        <ele>198.8000030517578125</ele>
        <time>2026-08-08T14:58:59.000Z</time>
      </trkpt>
      <trkpt lat="57.766863293945789337158203125" lon="-4.25955285318195819854736328125">
        <ele>199.399993896484375</ele>
        <time>2026-08-08T14:59:04.000Z</time>
      </trkpt>
      <trkpt lat="57.76682113297283649444580078125" lon="-4.2597809247672557830810546875">
        <ele>199.600006103515625</ele>
        <time>2026-08-08T14:59:09.000Z</time>
      </trkpt>
      <trkpt lat="57.76679414324462413787841796875" lon="-4.259914867579936981201171875">
        <ele>200</ele>
        <time>2026-08-08T14:59:12.000Z</time>
      </trkpt>
      <trkpt lat="57.7667384035885334014892578125" lon="-4.26019222475588321685791015625">
        <ele>200.1999969482421875</ele>
        <time>2026-08-08T14:59:18.000Z</time>
      </trkpt>
      <trkpt lat="57.7667045406997203826904296875" lon="-4.2603666521608829498291015625">
        <ele>200.8000030517578125</ele>
        <time>2026-08-08T14:59:22.000Z</time>
      </trkpt>
      <trkpt lat="57.766679227352142333984375" lon="-4.260505624115467071533203125">
        <ele>201.399993896484375</ele>
        <time>2026-08-08T14:59:25.000Z</time>
      </trkpt>
      <trkpt lat="57.7666626311838626861572265625" lon="-4.26060025580227375030517578125">
        <ele>201.8000030517578125</ele>
        <time>2026-08-08T14:59:27.000Z</time>
      </trkpt>
      <trkpt lat="57.76661577634513378143310546875" lon="-4.260846264660358428955078125">
        <ele>202.399993896484375</ele>
        <time>2026-08-08T14:59:32.000Z</time>
      </trkpt>
      <trkpt lat="57.766545452177524566650390625" lon="-4.2611726559698581695556640625">
        <ele>202.8000030517578125</ele>
        <time>2026-08-08T14:59:39.000Z</time>
      </trkpt>
      <trkpt lat="57.766536734998226165771484375" lon="-4.26122118718922138214111328125">
        <ele>203</ele>
        <time>2026-08-08T14:59:40.000Z</time>
      </trkpt>
      <trkpt lat="57.76647378690540790557861328125" lon="-4.26153995096683502197265625">
        <ele>204</ele>
        <time>2026-08-08T14:59:47.000Z</time>
      </trkpt>
      <trkpt lat="57.76642911136150360107421875" lon="-4.261775314807891845703125">
        <ele>205</ele>
        <time>2026-08-08T14:59:52.000Z</time>
      </trkpt>
      <trkpt lat="57.766399942338466644287109375" lon="-4.26195074804127216339111328125">
        <ele>205.1999969482421875</ele>
        <time>2026-08-08T14:59:56.000Z</time>
      </trkpt>
      <trkpt lat="57.76634596288204193115234375" lon="-4.2621885426342487335205078125">
        <ele>204.399993896484375</ele>
        <time>2026-08-08T15:00:01.000Z</time>
      </trkpt>
      <trkpt lat="57.76626440696418285369873046875" lon="-4.26257503218948841094970703125">
        <ele>205.1999969482421875</ele>
        <time>2026-08-08T15:00:09.000Z</time>
      </trkpt>
      <trkpt lat="57.76618360541760921478271484375" lon="-4.26291231997311115264892578125">
        <ele>205.399993896484375</ele>
        <time>2026-08-08T15:00:15.000Z</time>
      </trkpt>
      <trkpt lat="57.7661640755832195281982421875" lon="-4.2630042694509029388427734375">
        <ele>206.1999969482421875</ele>
        <time>2026-08-08T15:00:17.000Z</time>
      </trkpt>
      <trkpt lat="57.76612593792378902435302734375" lon="-4.26314818672835826873779296875">
        <ele>208</ele>
        <time>2026-08-08T15:00:20.000Z</time>
      </trkpt>
      <trkpt lat="57.76611403562128543853759765625" lon="-4.263197891414165496826171875">
        <ele>208.600006103515625</ele>
        <time>2026-08-08T15:00:21.000Z</time>
      </trkpt>
      <trkpt lat="57.76610146276652812957763671875" lon="-4.26324927248060703277587890625">
        <ele>206.399993896484375</ele>
        <time>2026-08-08T15:00:22.000Z</time>
      </trkpt>
      <trkpt lat="57.76608838699758052825927734375" lon="-4.2632949538528919219970703125">
        <ele>204.8000030517578125</ele>
        <time>2026-08-08T15:00:23.000Z</time>
      </trkpt>
      <trkpt lat="57.76604781858623027801513671875" lon="-4.2634817026555538177490234375">
        <ele>205.600006103515625</ele>
        <time>2026-08-08T15:00:27.000Z</time>
      </trkpt>
      <trkpt lat="57.76604128070175647735595703125" lon="-4.26352637819945812225341796875">
        <ele>206</ele>
        <time>2026-08-08T15:00:28.000Z</time>
      </trkpt>
      <trkpt lat="57.76601873338222503662109375" lon="-4.26362193189561367034912109375">
        <ele>207.600006103515625</ele>
        <time>2026-08-08T15:00:30.000Z</time>
      </trkpt>
      <trkpt lat="57.765995599329471588134765625" lon="-4.26372067071497440338134765625">
        <ele>209</ele>
        <time>2026-08-08T15:00:32.000Z</time>
      </trkpt>
      <trkpt lat="57.7659749798476696014404296875" lon="-4.263806082308292388916015625">
        <ele>209.1999969482421875</ele>
        <time>2026-08-08T15:00:34.000Z</time>
      </trkpt>
      <trkpt lat="57.7659136243164539337158203125" lon="-4.26401252858340740203857421875">
        <ele>208.8000030517578125</ele>
        <time>2026-08-08T15:00:39.000Z</time>
      </trkpt>
      <trkpt lat="57.76587791740894317626953125" lon="-4.2641318030655384063720703125">
        <ele>210.1999969482421875</ele>
        <time>2026-08-08T15:00:42.000Z</time>
      </trkpt>
      <trkpt lat="57.7657892368733882904052734375" lon="-4.2643695138394832611083984375">
        <ele>210.1999969482421875</ele>
        <time>2026-08-08T15:00:48.000Z</time>
      </trkpt>
      <trkpt lat="57.7656671963632106781005859375" lon="-4.264661706984043121337890625">
        <ele>210.1999969482421875</ele>
        <time>2026-08-08T15:00:56.000Z</time>
      </trkpt>
      <trkpt lat="57.7655666135251522064208984375" lon="-4.26485004834830760955810546875">
        <ele>210.1999969482421875</ele>
        <time>2026-08-08T15:01:03.000Z</time>
      </trkpt>
      <trkpt lat="57.765549682080745697021484375" lon="-4.2648798041045665740966796875">
        <ele>210.1999969482421875</ele>
        <time>2026-08-08T15:01:04.000Z</time>
      </trkpt>
      <trkpt lat="57.765448428690433502197265625" lon="-4.265023134648799896240234375">
        <ele>211.399993896484375</ele>
        <time>2026-08-08T15:01:09.000Z</time>
      </trkpt>
      <trkpt lat="57.76541397906839847564697265625" lon="-4.265074431896209716796875">
        <ele>212</ele>
        <time>2026-08-08T15:01:11.000Z</time>
      </trkpt>
      <trkpt lat="57.76537709869444370269775390625" lon="-4.26511575467884540557861328125">
        <ele>212.399993896484375</ele>
        <time>2026-08-08T15:01:13.000Z</time>
      </trkpt>
      <trkpt lat="57.76530819945037364959716796875" lon="-4.26519823260605335235595703125">
        <ele>213.600006103515625</ele>
        <time>2026-08-08T15:01:17.000Z</time>
      </trkpt>
      <trkpt lat="57.765286155045032501220703125" lon="-4.26521684043109416961669921875">
        <ele>214</ele>
        <time>2026-08-08T15:01:18.000Z</time>
      </trkpt>
      <trkpt lat="57.76517861522734165191650390625" lon="-4.265306778252124786376953125">
        <ele>213.399993896484375</ele>
        <time>2026-08-08T15:01:23.000Z</time>
      </trkpt>
      <trkpt lat="57.76508892886340618133544921875" lon="-4.2653736658394336700439453125">
        <ele>215.600006103515625</ele>
        <time>2026-08-08T15:01:28.000Z</time>
      </trkpt>
      <trkpt lat="57.7650452591478824615478515625" lon="-4.26540090702474117279052734375">
        <ele>215</ele>
        <time>2026-08-08T15:01:30.000Z</time>
      </trkpt>
      <trkpt lat="57.76496839709579944610595703125" lon="-4.2654222808778285980224609375">
        <ele>214</ele>
        <time>2026-08-08T15:01:33.000Z</time>
      </trkpt>
      <trkpt lat="57.76490251533687114715576171875" lon="-4.2654665373265743255615234375">
        <ele>214.1999969482421875</ele>
        <time>2026-08-08T15:01:36.000Z</time>
      </trkpt>
      <trkpt lat="57.76483227498829364776611328125" lon="-4.2654879949986934661865234375">
        <ele>215</ele>
        <time>2026-08-08T15:01:39.000Z</time>
      </trkpt>
      <trkpt lat="57.76474527083337306976318359375" lon="-4.265505261719226837158203125">
        <ele>215.1999969482421875</ele>
        <time>2026-08-08T15:01:42.000Z</time>
      </trkpt>
      <trkpt lat="57.764594145119190216064453125" lon="-4.26553635857999324798583984375">
        <ele>216</ele>
        <time>2026-08-08T15:01:48.000Z</time>
      </trkpt>
      <trkpt lat="57.764498256146907806396484375" lon="-4.26555790007114410400390625">
        <ele>216.8000030517578125</ele>
        <time>2026-08-08T15:01:52.000Z</time>
      </trkpt>
      <trkpt lat="57.76442323811352252960205078125" lon="-4.2655701376497745513916015625">
        <ele>216.8000030517578125</ele>
        <time>2026-08-08T15:01:55.000Z</time>
      </trkpt>
      <trkpt lat="57.7643696777522563934326171875" lon="-4.26556519232690334320068359375">
        <ele>217.1999969482421875</ele>
        <time>2026-08-08T15:01:57.000Z</time>
      </trkpt>
      <trkpt lat="57.76428728364408016204833984375" lon="-4.2655892483890056610107421875">
        <ele>218</ele>
        <time>2026-08-08T15:02:00.000Z</time>
      </trkpt>
      <trkpt lat="57.7642033807933330535888671875" lon="-4.265595115721225738525390625">
        <ele>218.1999969482421875</ele>
        <time>2026-08-08T15:02:03.000Z</time>
      </trkpt>
      <trkpt lat="57.76415250264108180999755859375" lon="-4.26560458727180957794189453125">
        <ele>218.1999969482421875</ele>
        <time>2026-08-08T15:02:05.000Z</time>
      </trkpt>
      <trkpt lat="57.76408108882606029510498046875" lon="-4.26561581902205944061279296875">
        <ele>218.8000030517578125</ele>
        <time>2026-08-08T15:02:08.000Z</time>
      </trkpt>
      <trkpt lat="57.76402777992188930511474609375" lon="-4.2656160704791545867919921875">
        <ele>219</ele>
        <time>2026-08-08T15:02:10.000Z</time>
      </trkpt>
      <trkpt lat="57.763977237045764923095703125" lon="-4.2656153999269008636474609375">
        <ele>219.1999969482421875</ele>
        <time>2026-08-08T15:02:12.000Z</time>
      </trkpt>
      <trkpt lat="57.76395318098366260528564453125" lon="-4.265613220632076263427734375">
        <ele>219</ele>
        <time>2026-08-08T15:02:13.000Z</time>
      </trkpt>
      <trkpt lat="57.76387539692223072052001953125" lon="-4.26560341380536556243896484375">
        <ele>219.1999969482421875</ele>
        <time>2026-08-08T15:02:16.000Z</time>
      </trkpt>
      <trkpt lat="57.76384807191789150238037109375" lon="-4.26560039632022380828857421875">
        <ele>219.399993896484375</ele>
        <time>2026-08-08T15:02:17.000Z</time>
      </trkpt>
      <trkpt lat="57.76365897618234157562255859375" lon="-4.26559771411120891571044921875">
        <ele>219.600006103515625</ele>
        <time>2026-08-08T15:02:24.000Z</time>
      </trkpt>
      <trkpt lat="57.763487063348293304443359375" lon="-4.26557089202105998992919921875">
        <ele>218.1999969482421875</ele>
        <time>2026-08-08T15:02:30.000Z</time>
      </trkpt>
      <trkpt lat="57.76343484409153461456298828125" lon="-4.26554851233959197998046875">
        <ele>217.1999969482421875</ele>
        <time>2026-08-08T15:02:32.000Z</time>
      </trkpt>
      <trkpt lat="57.7634044177830219268798828125" lon="-4.265546500682830810546875">
        <ele>216.600006103515625</ele>
        <time>2026-08-08T15:02:33.000Z</time>
      </trkpt>
      <trkpt lat="57.76334079913794994354248046875" lon="-4.26553032360970973968505859375">
        <ele>218</ele>
        <time>2026-08-08T15:02:35.000Z</time>
      </trkpt>
      <trkpt lat="57.76328095234930515289306640625" lon="-4.26550014875829219818115234375">
        <ele>218.600006103515625</ele>
        <time>2026-08-08T15:02:37.000Z</time>
      </trkpt>
      <trkpt lat="57.76305045001208782196044921875" lon="-4.26535782404243946075439453125">
        <ele>217.8000030517578125</ele>
        <time>2026-08-08T15:02:45.000Z</time>
      </trkpt>
      <trkpt lat="57.76299630291759967803955078125" lon="-4.26532463170588016510009765625">
        <ele>219.1999969482421875</ele>
        <time>2026-08-08T15:02:47.000Z</time>
      </trkpt>
      <trkpt lat="57.7629467658698558807373046875" lon="-4.26528272219002246856689453125">
        <ele>220.8000030517578125</ele>
        <time>2026-08-08T15:02:49.000Z</time>
      </trkpt>
      <trkpt lat="57.76285749860107898712158203125" lon="-4.265209548175334930419921875">
        <ele>221.600006103515625</ele>
        <time>2026-08-08T15:02:52.000Z</time>
      </trkpt>
      <trkpt lat="57.76279337704181671142578125" lon="-4.26515690982341766357421875">
        <ele>221.399993896484375</ele>
        <time>2026-08-08T15:02:54.000Z</time>
      </trkpt>
      <trkpt lat="57.76264292187988758087158203125" lon="-4.2650276608765125274658203125">
        <ele>221.1999969482421875</ele>
        <time>2026-08-08T15:02:59.000Z</time>
      </trkpt>
      <trkpt lat="57.76248148642480373382568359375" lon="-4.26485784351825714111328125">
        <ele>221.399993896484375</ele>
        <time>2026-08-08T15:03:04.000Z</time>
      </trkpt>
      <trkpt lat="57.76228484697639942169189453125" lon="-4.26467436365783214569091796875">
        <ele>221</ele>
        <time>2026-08-08T15:03:10.000Z</time>
      </trkpt>
      <trkpt lat="57.762092985212802886962890625" lon="-4.264476634562015533447265625">
        <ele>221</ele>
        <time>2026-08-08T15:03:16.000Z</time>
      </trkpt>
      <trkpt lat="57.7618815936148166656494140625" lon="-4.2642494849860668182373046875">
        <ele>219.399993896484375</ele>
        <time>2026-08-08T15:03:23.000Z</time>
      </trkpt>
      <trkpt lat="57.7617359161376953125" lon="-4.2640929110348224639892578125">
        <ele>218.600006103515625</ele>
        <time>2026-08-08T15:03:28.000Z</time>
      </trkpt>
      <trkpt lat="57.76164329610764980316162109375" lon="-4.2639906518161296844482421875">
        <ele>218.1999969482421875</ele>
        <time>2026-08-08T15:03:31.000Z</time>
      </trkpt>
      <trkpt lat="57.7615629136562347412109375" lon="-4.2638813517987728118896484375">
        <ele>218.1999969482421875</ele>
        <time>2026-08-08T15:03:34.000Z</time>
      </trkpt>
      <trkpt lat="57.7615137957036495208740234375" lon="-4.263807423412799835205078125">
        <ele>218.399993896484375</ele>
        <time>2026-08-08T15:03:36.000Z</time>
      </trkpt>
      <trkpt lat="57.76145101524889469146728515625" lon="-4.2637432180345058441162109375">
        <ele>220</ele>
        <time>2026-08-08T15:03:38.000Z</time>
      </trkpt>
      <trkpt lat="57.76138655841350555419921875" lon="-4.26366769708693027496337890625">
        <ele>221</ele>
        <time>2026-08-08T15:03:40.000Z</time>
      </trkpt>
      <trkpt lat="57.76128371246159076690673828125" lon="-4.26355236209928989410400390625">
        <ele>221.1999969482421875</ele>
        <time>2026-08-08T15:03:43.000Z</time>
      </trkpt>
      <trkpt lat="57.7611470036208629608154296875" lon="-4.26340919919312000274658203125">
        <ele>221</ele>
        <time>2026-08-08T15:03:47.000Z</time>
      </trkpt>
      <trkpt lat="57.76100861839950084686279296875" lon="-4.26323108375072479248046875">
        <ele>220.8000030517578125</ele>
        <time>2026-08-08T15:03:51.000Z</time>
      </trkpt>
      <trkpt lat="57.76075758039951324462890625" lon="-4.26295020617544651031494140625">
        <ele>221</ele>
        <time>2026-08-08T15:03:58.000Z</time>
      </trkpt>
      <trkpt lat="57.760598659515380859375" lon="-4.26279832608997821807861328125">
        <ele>220</ele>
        <time>2026-08-08T15:04:03.000Z</time>
      </trkpt>
      <trkpt lat="57.76052984409034252166748046875" lon="-4.26273495890200138092041015625">
        <ele>219.600006103515625</ele>
        <time>2026-08-08T15:04:05.000Z</time>
      </trkpt>
      <trkpt lat="57.7603183686733245849609375" lon="-4.262570254504680633544921875">
        <ele>219.8000030517578125</ele>
        <time>2026-08-08T15:04:10.000Z</time>
      </trkpt>
      <trkpt lat="57.76027553714811801910400390625" lon="-4.262535385787487030029296875">
        <ele>220.1999969482421875</ele>
        <time>2026-08-08T15:04:11.000Z</time>
      </trkpt>
      <trkpt lat="57.76023010723292827606201171875" lon="-4.26252155564725399017333984375">
        <ele>220.399993896484375</ele>
        <time>2026-08-08T15:04:12.000Z</time>
      </trkpt>
      <trkpt lat="57.76010890491306781768798828125" lon="-4.2624611221253871917724609375">
        <ele>220.399993896484375</ele>
        <time>2026-08-08T15:04:15.000Z</time>
      </trkpt>
      <trkpt lat="57.760067246854305267333984375" lon="-4.26242348738014698028564453125">
        <ele>220.399993896484375</ele>
        <time>2026-08-08T15:04:16.000Z</time>
      </trkpt>
      <trkpt lat="57.75994093157351016998291015625" lon="-4.26234084181487560272216796875">
        <ele>218.8000030517578125</ele>
        <time>2026-08-08T15:04:19.000Z</time>
      </trkpt>
      <trkpt lat="57.75979542173445224761962890625" lon="-4.26227680407464504241943359375">
        <ele>217.1999969482421875</ele>
        <time>2026-08-08T15:04:22.000Z</time>
      </trkpt>
      <trkpt lat="57.75974680669605731964111328125" lon="-4.26224897615611553192138671875">
        <ele>216.399993896484375</ele>
        <time>2026-08-08T15:04:23.000Z</time>
      </trkpt>
      <trkpt lat="57.7596945874392986297607421875" lon="-4.26222215406596660614013671875">
        <ele>215.600006103515625</ele>
        <time>2026-08-08T15:04:24.000Z</time>
      </trkpt>
      <trkpt lat="57.7596359141170978546142578125" lon="-4.26219516433775424957275390625">
        <ele>215</ele>
        <time>2026-08-08T15:04:25.000Z</time>
      </trkpt>
      <trkpt lat="57.7595862932503223419189453125" lon="-4.262175299227237701416015625">
        <ele>214.399993896484375</ele>
        <time>2026-08-08T15:04:26.000Z</time>
      </trkpt>
      <trkpt lat="57.75934246368706226348876953125" lon="-4.26210262812674045562744140625">
        <ele>215.399993896484375</ele>
        <time>2026-08-08T15:04:31.000Z</time>
      </trkpt>
      <trkpt lat="57.7591521106660366058349609375" lon="-4.26204680465161800384521484375">
        <ele>215.8000030517578125</ele>
        <time>2026-08-08T15:04:35.000Z</time>
      </trkpt>
      <trkpt lat="57.75910659693181514739990234375" lon="-4.262035153806209564208984375">
        <ele>217.1999969482421875</ele>
        <time>2026-08-08T15:04:36.000Z</time>
      </trkpt>
      <trkpt lat="57.75905429385602474212646484375" lon="-4.26202568225562572479248046875">
        <ele>218</ele>
        <time>2026-08-08T15:04:37.000Z</time>
      </trkpt>
      <trkpt lat="57.75900500826537609100341796875" lon="-4.2620153725147247314453125">
        <ele>218.399993896484375</ele>
        <time>2026-08-08T15:04:38.000Z</time>
      </trkpt>
      <trkpt lat="57.7589003182947635650634765625" lon="-4.26201243884861469268798828125">
        <ele>219.1999969482421875</ele>
        <time>2026-08-08T15:04:40.000Z</time>
      </trkpt>
      <trkpt lat="57.75879546068608760833740234375" lon="-4.26199818961322307586669921875">
        <ele>219.1999969482421875</ele>
        <time>2026-08-08T15:04:42.000Z</time>
      </trkpt>
      <trkpt lat="57.7587465941905975341796875" lon="-4.2619816772639751434326171875">
        <ele>219.1999969482421875</ele>
        <time>2026-08-08T15:04:43.000Z</time>
      </trkpt>
      <trkpt lat="57.75849513709545135498046875" lon="-4.26193423569202423095703125">
        <ele>216.8000030517578125</ele>
        <time>2026-08-08T15:04:48.000Z</time>
      </trkpt>
      <trkpt lat="57.75839497335255146026611328125" lon="-4.26191546022891998291015625">
        <ele>215.399993896484375</ele>
        <time>2026-08-08T15:04:50.000Z</time>
      </trkpt>
      <trkpt lat="57.75834702886641025543212890625" lon="-4.26190732978284358978271484375">
        <ele>215.600006103515625</ele>
        <time>2026-08-08T15:04:51.000Z</time>
      </trkpt>
      <trkpt lat="57.75821023620665073394775390625" lon="-4.26190095953643321990966796875">
        <ele>216.600006103515625</ele>
        <time>2026-08-08T15:04:54.000Z</time>
      </trkpt>
      <trkpt lat="57.758150137960910797119140625" lon="-4.26187782548367977142333984375">
        <ele>217</ele>
        <time>2026-08-08T15:04:55.000Z</time>
      </trkpt>
      <trkpt lat="57.75809590704739093780517578125" lon="-4.2618758976459503173828125">
        <ele>217</ele>
        <time>2026-08-08T15:04:56.000Z</time>
      </trkpt>
      <trkpt lat="57.75804528035223484039306640625" lon="-4.261856786906719207763671875">
        <ele>216.8000030517578125</ele>
        <time>2026-08-08T15:04:57.000Z</time>
      </trkpt>
      <trkpt lat="57.7578656561672687530517578125" lon="-4.26182937808334827423095703125">
        <ele>215.1999969482421875</ele>
        <time>2026-08-08T15:05:00.000Z</time>
      </trkpt>
      <trkpt lat="57.757803462445735931396484375" lon="-4.26181680522859096527099609375">
        <ele>215</ele>
        <time>2026-08-08T15:05:01.000Z</time>
      </trkpt>
      <trkpt lat="57.75755242444574832916259765625" lon="-4.26178696565330028533935546875">
        <ele>214.1999969482421875</ele>
        <time>2026-08-08T15:05:05.000Z</time>
      </trkpt>
      <trkpt lat="57.75742753408849239349365234375" lon="-4.26179073750972747802734375">
        <ele>213.8000030517578125</ele>
        <time>2026-08-08T15:05:07.000Z</time>
      </trkpt>
      <trkpt lat="57.757045738399028778076171875" lon="-4.261825270950794219970703125">
        <ele>213.600006103515625</ele>
        <time>2026-08-08T15:05:13.000Z</time>
      </trkpt>
      <trkpt lat="57.75692478753626346588134765625" lon="-4.26184295676648616790771484375">
        <ele>212.8000030517578125</ele>
        <time>2026-08-08T15:05:15.000Z</time>
      </trkpt>
      <trkpt lat="57.75679369457066059112548828125" lon="-4.26188788376748561859130859375">
        <ele>212.1999969482421875</ele>
        <time>2026-08-08T15:05:17.000Z</time>
      </trkpt>
      <trkpt lat="57.7567371167242527008056640625" lon="-4.26189525984227657318115234375">
        <ele>211.600006103515625</ele>
        <time>2026-08-08T15:05:18.000Z</time>
      </trkpt>
      <trkpt lat="57.75661264546215534210205078125" lon="-4.26194907166063785552978515625">
        <ele>211.1999969482421875</ele>
        <time>2026-08-08T15:05:20.000Z</time>
      </trkpt>
      <trkpt lat="57.75643545202910900115966796875" lon="-4.26205359399318695068359375">
        <ele>210.8000030517578125</ele>
        <time>2026-08-08T15:05:23.000Z</time>
      </trkpt>
      <trkpt lat="57.7561748586595058441162109375" lon="-4.2622086592018604278564453125">
        <ele>212</ele>
        <time>2026-08-08T15:05:28.000Z</time>
      </trkpt>
      <trkpt lat="57.75612683035433292388916015625" lon="-4.26223992370069026947021484375">
        <ele>211.399993896484375</ele>
        <time>2026-08-08T15:05:29.000Z</time>
      </trkpt>
      <trkpt lat="57.755869589745998382568359375" lon="-4.2623846791684627532958984375">
        <ele>210.600006103515625</ele>
        <time>2026-08-08T15:05:34.000Z</time>
      </trkpt>
      <trkpt lat="57.75576557032763957977294921875" lon="-4.2624460346996784210205078125">
        <ele>209.600006103515625</ele>
        <time>2026-08-08T15:05:36.000Z</time>
      </trkpt>
      <trkpt lat="57.75571460835635662078857421875" lon="-4.2624659836292266845703125">
        <ele>209.399993896484375</ele>
        <time>2026-08-08T15:05:37.000Z</time>
      </trkpt>
      <trkpt lat="57.75561201386153697967529296875" lon="-4.2625265009701251983642578125">
        <ele>210.1999969482421875</ele>
        <time>2026-08-08T15:05:39.000Z</time>
      </trkpt>
      <trkpt lat="57.7555633150041103363037109375" lon="-4.2625571787357330322265625">
        <ele>210.399993896484375</ele>
        <time>2026-08-08T15:05:40.000Z</time>
      </trkpt>
      <trkpt lat="57.75546365417540073394775390625" lon="-4.26260889507830142974853515625">
        <ele>209.600006103515625</ele>
        <time>2026-08-08T15:05:42.000Z</time>
      </trkpt>
      <trkpt lat="57.75541386567056179046630859375" lon="-4.26263756118714809417724609375">
        <ele>208.600006103515625</ele>
        <time>2026-08-08T15:05:43.000Z</time>
      </trkpt>
      <trkpt lat="57.7553093433380126953125" lon="-4.26269330084323883056640625">
        <ele>206.399993896484375</ele>
        <time>2026-08-08T15:05:45.000Z</time>
      </trkpt>
      <trkpt lat="57.75503776967525482177734375" lon="-4.26285096444189548492431640625">
        <ele>206.8000030517578125</ele>
        <time>2026-08-08T15:05:50.000Z</time>
      </trkpt>
      <trkpt lat="57.754604257643222808837890625" lon="-4.26311952061951160430908203125">
        <ele>206</ele>
        <time>2026-08-08T15:05:58.000Z</time>
      </trkpt>
      <trkpt lat="57.75436227209866046905517578125" lon="-4.26325497217476367950439453125">
        <ele>205.1999969482421875</ele>
        <time>2026-08-08T15:06:02.000Z</time>
      </trkpt>
      <trkpt lat="57.75423989631235599517822265625" lon="-4.2633211053907871246337890625">
        <ele>205.600006103515625</ele>
        <time>2026-08-08T15:06:04.000Z</time>
      </trkpt>
      <trkpt lat="57.75405834428966045379638671875" lon="-4.26343224942684173583984375">
        <ele>205.600006103515625</ele>
        <time>2026-08-08T15:06:07.000Z</time>
      </trkpt>
      <trkpt lat="57.7539456076920032501220703125" lon="-4.26351112313568592071533203125">
        <ele>205.600006103515625</ele>
        <time>2026-08-08T15:06:09.000Z</time>
      </trkpt>
      <trkpt lat="57.7538899518549442291259765625" lon="-4.2635521106421947479248046875">
        <ele>205.8000030517578125</ele>
        <time>2026-08-08T15:06:10.000Z</time>
      </trkpt>
      <trkpt lat="57.75362181477248668670654296875" lon="-4.26377783529460430145263671875">
        <ele>205.8000030517578125</ele>
        <time>2026-08-08T15:06:15.000Z</time>
      </trkpt>
      <trkpt lat="57.75357169099152088165283203125" lon="-4.263829551637172698974609375">
        <ele>206.399993896484375</ele>
        <time>2026-08-08T15:06:16.000Z</time>
      </trkpt>
      <trkpt lat="57.75347077287733554840087890625" lon="-4.2639256082475185394287109375">
        <ele>208.1999969482421875</ele>
        <time>2026-08-08T15:06:18.000Z</time>
      </trkpt>
      <trkpt lat="57.75327564217150211334228515625" lon="-4.26415854133665561676025390625">
        <ele>207.399993896484375</ele>
        <time>2026-08-08T15:06:22.000Z</time>
      </trkpt>
      <trkpt lat="57.75322753004729747772216796875" lon="-4.26422484219074249267578125">
        <ele>207</ele>
        <time>2026-08-08T15:06:23.000Z</time>
      </trkpt>
      <trkpt lat="57.75298713706433773040771484375" lon="-4.2645716853439807891845703125">
        <ele>206.600006103515625</ele>
        <time>2026-08-08T15:06:28.000Z</time>
      </trkpt>
      <trkpt lat="57.752897702157497406005859375" lon="-4.26472415216267108917236328125">
        <ele>205.600006103515625</ele>
        <time>2026-08-08T15:06:30.000Z</time>
      </trkpt>
      <trkpt lat="57.75265839882194995880126953125" lon="-4.26503830589354038238525390625">
        <ele>205.1999969482421875</ele>
        <time>2026-08-08T15:06:35.000Z</time>
      </trkpt>
      <trkpt lat="57.75227685458958148956298828125" lon="-4.265326559543609619140625">
        <ele>204.600006103515625</ele>
        <time>2026-08-08T15:06:42.000Z</time>
      </trkpt>
      <trkpt lat="57.7520898543298244476318359375" lon="-4.26539923064410686492919921875">
        <ele>204.600006103515625</ele>
        <time>2026-08-08T15:06:45.000Z</time>
      </trkpt>
      <trkpt lat="57.752034701406955718994140625" lon="-4.265419431030750274658203125">
        <ele>204.399993896484375</ele>
        <time>2026-08-08T15:06:46.000Z</time>
      </trkpt>
      <trkpt lat="57.75197007693350315093994140625" lon="-4.26544415764510631561279296875">
        <ele>204.399993896484375</ele>
        <time>2026-08-08T15:06:47.000Z</time>
      </trkpt>
      <trkpt lat="57.75173337198793888092041015625" lon="-4.26548480987548828125">
        <ele>204.1999969482421875</ele>
        <time>2026-08-08T15:06:51.000Z</time>
      </trkpt>
      <trkpt lat="57.7516144327819347381591796875" lon="-4.26551389507949352264404296875">
        <ele>204.399993896484375</ele>
        <time>2026-08-08T15:06:53.000Z</time>
      </trkpt>
      <trkpt lat="57.75156036950647830963134765625" lon="-4.26551540382206439971923828125">
        <ele>204.600006103515625</ele>
        <time>2026-08-08T15:06:54.000Z</time>
      </trkpt>
      <trkpt lat="57.75143380276858806610107421875" lon="-4.26551691256463527679443359375">
        <ele>204.600006103515625</ele>
        <time>2026-08-08T15:06:56.000Z</time>
      </trkpt>
      <trkpt lat="57.75137118995189666748046875" lon="-4.26552026532590389251708984375">
        <ele>203.8000030517578125</ele>
        <time>2026-08-08T15:06:57.000Z</time>
      </trkpt>
      <trkpt lat="57.75123146362602710723876953125" lon="-4.26553753204643726348876953125">
        <ele>203.1999969482421875</ele>
        <time>2026-08-08T15:06:59.000Z</time>
      </trkpt>
      <trkpt lat="57.751095928251743316650390625" lon="-4.2655480094254016876220703125">
        <ele>201.8000030517578125</ele>
        <time>2026-08-08T15:07:01.000Z</time>
      </trkpt>
      <trkpt lat="57.7509633265435695648193359375" lon="-4.26555966027081012725830078125">
        <ele>201.600006103515625</ele>
        <time>2026-08-08T15:07:03.000Z</time>
      </trkpt>
      <trkpt lat="57.75076358579099178314208984375" lon="-4.26556267775595188140869140625">
        <ele>200.1999969482421875</ele>
        <time>2026-08-08T15:07:06.000Z</time>
      </trkpt>
      <trkpt lat="57.75057859718799591064453125" lon="-4.265553541481494903564453125">
        <ele>199.1999969482421875</ele>
        <time>2026-08-08T15:07:09.000Z</time>
      </trkpt>
      <trkpt lat="57.75051556527614593505859375" lon="-4.2655478417873382568359375">
        <ele>199</ele>
        <time>2026-08-08T15:07:10.000Z</time>
      </trkpt>
      <trkpt lat="57.750016339123249053955078125" lon="-4.265549518167972564697265625">
        <ele>198.399993896484375</ele>
        <time>2026-08-08T15:07:18.000Z</time>
      </trkpt>
      <trkpt lat="57.74995372630655765533447265625" lon="-4.2655550502240657806396484375">
        <ele>197.8000030517578125</ele>
        <time>2026-08-08T15:07:19.000Z</time>
      </trkpt>
      <trkpt lat="57.74953479878604412078857421875" lon="-4.2655718140304088592529296875">
        <ele>197</ele>
        <time>2026-08-08T15:07:26.000Z</time>
      </trkpt>
      <trkpt lat="57.74947763420641422271728515625" lon="-4.26557608880102634429931640625">
        <ele>196.399993896484375</ele>
        <time>2026-08-08T15:07:27.000Z</time>
      </trkpt>
      <trkpt lat="57.74908971972763538360595703125" lon="-4.2655698023736476898193359375">
        <ele>197</ele>
        <time>2026-08-08T15:07:34.000Z</time>
      </trkpt>
      <trkpt lat="57.7489245124161243438720703125" lon="-4.265549518167972564697265625">
        <ele>198</ele>
        <time>2026-08-08T15:07:37.000Z</time>
      </trkpt>
      <trkpt lat="57.74875595234334468841552734375" lon="-4.2655339278280735015869140625">
        <ele>196.399993896484375</ele>
        <time>2026-08-08T15:07:40.000Z</time>
      </trkpt>
      <trkpt lat="57.7486401982605457305908203125" lon="-4.26552596502006053924560546875">
        <ele>194.8000030517578125</ele>
        <time>2026-08-08T15:07:42.000Z</time>
      </trkpt>
      <trkpt lat="57.74821288883686065673828125" lon="-4.26553065888583660125732421875">
        <ele>194.1999969482421875</ele>
        <time>2026-08-08T15:07:49.000Z</time>
      </trkpt>
      <trkpt lat="57.74795514531433582305908203125" lon="-4.26553149707615375518798828125">
        <ele>193</ele>
        <time>2026-08-08T15:07:53.000Z</time>
      </trkpt>
      <trkpt lat="57.7477574162185192108154296875" lon="-4.26554406993091106414794921875">
        <ele>191.8000030517578125</ele>
        <time>2026-08-08T15:07:56.000Z</time>
      </trkpt>
      <trkpt lat="57.7474891953170299530029296875" lon="-4.2655389569699764251708984375">
        <ele>192.399993896484375</ele>
        <time>2026-08-08T15:08:00.000Z</time>
      </trkpt>
      <trkpt lat="57.7472816593945026397705078125" lon="-4.2655614204704761505126953125">
        <ele>190.8000030517578125</ele>
        <time>2026-08-08T15:08:03.000Z</time>
      </trkpt>
      <trkpt lat="57.747211754322052001953125" lon="-4.265571646392345428466796875">
        <ele>190.600006103515625</ele>
        <time>2026-08-08T15:08:04.000Z</time>
      </trkpt>
      <trkpt lat="57.74685434997081756591796875" lon="-4.26566921174526214599609375">
        <ele>189.399993896484375</ele>
        <time>2026-08-08T15:08:09.000Z</time>
      </trkpt>
      <trkpt lat="57.7466959320008754730224609375" lon="-4.2657397873699665069580078125">
        <ele>188.399993896484375</ele>
        <time>2026-08-08T15:08:11.000Z</time>
      </trkpt>
      <trkpt lat="57.74653491564095020294189453125" lon="-4.26581145264208316802978515625">
        <ele>187.1999969482421875</ele>
        <time>2026-08-08T15:08:13.000Z</time>
      </trkpt>
      <trkpt lat="57.74611196480691432952880859375" lon="-4.26596819423139095306396484375">
        <ele>186.1999969482421875</ele>
        <time>2026-08-08T15:08:18.000Z</time>
      </trkpt>
      <trkpt lat="57.74575464427471160888671875" lon="-4.26601027138531208038330078125">
        <ele>185.600006103515625</ele>
        <time>2026-08-08T15:08:23.000Z</time>
      </trkpt>
      <trkpt lat="57.74534585885703563690185546875" lon="-4.26599417813122272491455078125">
        <ele>186.8000030517578125</ele>
        <time>2026-08-08T15:08:30.000Z</time>
      </trkpt>
      <trkpt lat="57.7452860958874225616455078125" lon="-4.2659845389425754547119140625">
        <ele>187.1999969482421875</ele>
        <time>2026-08-08T15:08:31.000Z</time>
      </trkpt>
      <trkpt lat="57.74509607814252376556396484375" lon="-4.26593550480902194976806640625">
        <ele>186</ele>
        <time>2026-08-08T15:08:34.000Z</time>
      </trkpt>
      <trkpt lat="57.74503371678292751312255859375" lon="-4.2659067548811435699462890625">
        <ele>184.8000030517578125</ele>
        <time>2026-08-08T15:08:35.000Z</time>
      </trkpt>
      <trkpt lat="57.74497353471815586090087890625" lon="-4.2658819444477558135986328125">
        <ele>183.1999969482421875</ele>
        <time>2026-08-08T15:08:36.000Z</time>
      </trkpt>
      <trkpt lat="57.74465837515890598297119140625" lon="-4.265691004693508148193359375">
        <ele>183</ele>
        <time>2026-08-08T15:08:41.000Z</time>
      </trkpt>
      <trkpt lat="57.744279094040393829345703125" lon="-4.2654957063496112823486328125">
        <ele>183.8000030517578125</ele>
        <time>2026-08-08T15:08:47.000Z</time>
      </trkpt>
      <trkpt lat="57.7441498450934886932373046875" lon="-4.26543493755161762237548828125">
        <ele>184.600006103515625</ele>
        <time>2026-08-08T15:08:49.000Z</time>
      </trkpt>
      <trkpt lat="57.74396284483373165130615234375" lon="-4.26532228477299213409423828125">
        <ele>184.8000030517578125</ele>
        <time>2026-08-08T15:08:52.000Z</time>
      </trkpt>
      <trkpt lat="57.743766792118549346923828125" lon="-4.2652077041566371917724609375">
        <ele>184</ele>
        <time>2026-08-08T15:08:55.000Z</time>
      </trkpt>
      <trkpt lat="57.7436457574367523193359375" lon="-4.26512966863811016082763671875">
        <ele>183.600006103515625</ele>
        <time>2026-08-08T15:08:57.000Z</time>
      </trkpt>
      <trkpt lat="57.74358197115361690521240234375" lon="-4.2651098035275936126708984375">
        <ele>183.600006103515625</ele>
        <time>2026-08-08T15:08:58.000Z</time>
      </trkpt>
      <trkpt lat="57.7433882653713226318359375" lon="-4.2650722526013851165771484375">
        <ele>183.399993896484375</ele>
        <time>2026-08-08T15:09:01.000Z</time>
      </trkpt>
      <trkpt lat="57.7433257363736629486083984375" lon="-4.26506512798368930816650390625">
        <ele>183.399993896484375</ele>
        <time>2026-08-08T15:09:02.000Z</time>
      </trkpt>
      <trkpt lat="57.7429539151489734649658203125" lon="-4.2651272378861904144287109375">
        <ele>183.8000030517578125</ele>
        <time>2026-08-08T15:09:08.000Z</time>
      </trkpt>
      <trkpt lat="57.7427805773913860321044921875" lon="-4.2651736736297607421875">
        <ele>184.600006103515625</ele>
        <time>2026-08-08T15:09:11.000Z</time>
      </trkpt>
      <trkpt lat="57.74266817606985569000244140625" lon="-4.2652150802314281463623046875">
        <ele>184.8000030517578125</ele>
        <time>2026-08-08T15:09:13.000Z</time>
      </trkpt>
      <trkpt lat="57.74256407283246517181396484375" lon="-4.26523829810321331024169921875">
        <ele>184.600006103515625</ele>
        <time>2026-08-08T15:09:15.000Z</time>
      </trkpt>
      <trkpt lat="57.742455862462520599365234375" lon="-4.2652938701212406158447265625">
        <ele>184.8000030517578125</ele>
        <time>2026-08-08T15:09:17.000Z</time>
      </trkpt>
      <trkpt lat="57.74219761602580547332763671875" lon="-4.265466034412384033203125">
        <ele>184.399993896484375</ele>
        <time>2026-08-08T15:09:22.000Z</time>
      </trkpt>
      <trkpt lat="57.7421492524445056915283203125" lon="-4.2655067704617977142333984375">
        <ele>183.8000030517578125</ele>
        <time>2026-08-08T15:09:23.000Z</time>
      </trkpt>
      <trkpt lat="57.74209477007389068603515625" lon="-4.2655436508357524871826171875">
        <ele>182.600006103515625</ele>
        <time>2026-08-08T15:09:24.000Z</time>
      </trkpt>
      <trkpt lat="57.74197675287723541259765625" lon="-4.2656304873526096343994140625">
        <ele>181.600006103515625</ele>
        <time>2026-08-08T15:09:26.000Z</time>
      </trkpt>
      <trkpt lat="57.741808779537677764892578125" lon="-4.2657736502587795257568359375">
        <ele>183</ele>
        <time>2026-08-08T15:09:29.000Z</time>
      </trkpt>
      <trkpt lat="57.74153980426490306854248046875" lon="-4.2659536935389041900634765625">
        <ele>181.600006103515625</ele>
        <time>2026-08-08T15:09:34.000Z</time>
      </trkpt>
      <trkpt lat="57.7414864115417003631591796875" lon="-4.26599442958831787109375">
        <ele>181.399993896484375</ele>
        <time>2026-08-08T15:09:35.000Z</time>
      </trkpt>
      <trkpt lat="57.7411102317273616790771484375" lon="-4.26626390777528285980224609375">
        <ele>180.399993896484375</ele>
        <time>2026-08-08T15:09:42.000Z</time>
      </trkpt>
      <trkpt lat="57.7410019375383853912353515625" lon="-4.2663281969726085662841796875">
        <ele>179.1999969482421875</ele>
        <time>2026-08-08T15:09:44.000Z</time>
      </trkpt>
      <trkpt lat="57.7407095767557621002197265625" lon="-4.26649264991283416748046875">
        <ele>178.399993896484375</ele>
        <time>2026-08-08T15:09:49.000Z</time>
      </trkpt>
      <trkpt lat="57.74064646102488040924072265625" lon="-4.2665139399468898773193359375">
        <ele>178</ele>
        <time>2026-08-08T15:09:50.000Z</time>
      </trkpt>
      <trkpt lat="57.74052794091403484344482421875" lon="-4.2665437795221805572509765625">
        <ele>178.8000030517578125</ele>
        <time>2026-08-08T15:09:52.000Z</time>
      </trkpt>
      <trkpt lat="57.7404701896011829376220703125" lon="-4.2665545083582401275634765625">
        <ele>179.8000030517578125</ele>
        <time>2026-08-08T15:09:53.000Z</time>
      </trkpt>
      <trkpt lat="57.7403548546135425567626953125" lon="-4.26655232906341552734375">
        <ele>180.399993896484375</ele>
        <time>2026-08-08T15:09:55.000Z</time>
      </trkpt>
      <trkpt lat="57.7401937544345855712890625" lon="-4.266566745936870574951171875">
        <ele>178.1999969482421875</ele>
        <time>2026-08-08T15:09:58.000Z</time>
      </trkpt>
      <trkpt lat="57.74004346691071987152099609375" lon="-4.266584850847721099853515625">
        <ele>179.399993896484375</ele>
        <time>2026-08-08T15:10:01.000Z</time>
      </trkpt>
      <trkpt lat="57.73998009972274303436279296875" lon="-4.26657437346875667572021484375">
        <ele>180</ele>
        <time>2026-08-08T15:10:02.000Z</time>
      </trkpt>
      <trkpt lat="57.739781029522418975830078125" lon="-4.26659180782735347747802734375">
        <ele>178.399993896484375</ele>
        <time>2026-08-08T15:10:06.000Z</time>
      </trkpt>
      <trkpt lat="57.7394921891391277313232421875" lon="-4.26662273705005645751953125">
        <ele>178.399993896484375</ele>
        <time>2026-08-08T15:10:12.000Z</time>
      </trkpt>
      <trkpt lat="57.739447765052318572998046875" lon="-4.266647212207317352294921875">
        <ele>178.399993896484375</ele>
        <time>2026-08-08T15:10:13.000Z</time>
      </trkpt>
      <trkpt lat="57.73929429240524768829345703125" lon="-4.26668308675289154052734375">
        <ele>178.600006103515625</ele>
        <time>2026-08-08T15:10:16.000Z</time>
      </trkpt>
      <trkpt lat="57.738930769264698028564453125" lon="-4.2668572627007961273193359375">
        <ele>177.8000030517578125</ele>
        <time>2026-08-08T15:10:23.000Z</time>
      </trkpt>
      <trkpt lat="57.73850823752582073211669921875" lon="-4.2670825682580471038818359375">
        <ele>177.600006103515625</ele>
        <time>2026-08-08T15:10:31.000Z</time>
      </trkpt>
      <trkpt lat="57.7382399328052997589111328125" lon="-4.26726219244301319122314453125">
        <ele>177.1999969482421875</ele>
        <time>2026-08-08T15:10:36.000Z</time>
      </trkpt>
      <trkpt lat="57.73813775740563869476318359375" lon="-4.26735824905335903167724609375">
        <ele>177.1999969482421875</ele>
        <time>2026-08-08T15:10:38.000Z</time>
      </trkpt>
      <trkpt lat="57.73803700692951679229736328125" lon="-4.26746302284300327301025390625">
        <ele>177</ele>
        <time>2026-08-08T15:10:40.000Z</time>
      </trkpt>
      <trkpt lat="57.7379891462624073028564453125" lon="-4.2675154097378253936767578125">
        <ele>176.1999969482421875</ele>
        <time>2026-08-08T15:10:41.000Z</time>
      </trkpt>
      <trkpt lat="57.73790323175489902496337890625" lon="-4.26762093789875507354736328125">
        <ele>174.8000030517578125</ele>
        <time>2026-08-08T15:10:43.000Z</time>
      </trkpt>
      <trkpt lat="57.7377859689295291900634765625" lon="-4.2677963711321353912353515625">
        <ele>175.1999969482421875</ele>
        <time>2026-08-08T15:10:46.000Z</time>
      </trkpt>
      <trkpt lat="57.73774833418428897857666015625" lon="-4.267856217920780181884765625">
        <ele>175.8000030517578125</ele>
        <time>2026-08-08T15:10:47.000Z</time>
      </trkpt>
      <trkpt lat="57.737560831010341644287109375" lon="-4.26820012740790843963623046875">
        <ele>174.1999969482421875</ele>
        <time>2026-08-08T15:10:52.000Z</time>
      </trkpt>
      <trkpt lat="57.73752428591251373291015625" lon="-4.26828763447701930999755859375">
        <ele>173.8000030517578125</ele>
        <time>2026-08-08T15:10:53.000Z</time>
      </trkpt>
      <trkpt lat="57.737457565963268280029296875" lon="-4.2684907279908657073974609375">
        <ele>172.600006103515625</ele>
        <time>2026-08-08T15:10:55.000Z</time>
      </trkpt>
      <trkpt lat="57.7374104596674442291259765625" lon="-4.26871846430003643035888671875">
        <ele>171.600006103515625</ele>
        <time>2026-08-08T15:10:57.000Z</time>
      </trkpt>
      <trkpt lat="57.73739897646009922027587890625" lon="-4.2688357271254062652587890625">
        <ele>171</ele>
        <time>2026-08-08T15:10:58.000Z</time>
      </trkpt>
      <trkpt lat="57.73739528842270374298095703125" lon="-4.26895634271204471588134765625">
        <ele>170.8000030517578125</ele>
        <time>2026-08-08T15:10:59.000Z</time>
      </trkpt>
      <trkpt lat="57.73739847354590892791748046875" lon="-4.26907100714743137359619140625">
        <ele>170.399993896484375</ele>
        <time>2026-08-08T15:11:00.000Z</time>
      </trkpt>
      <trkpt lat="57.737415321171283721923828125" lon="-4.2693056166172027587890625">
        <ele>170</ele>
        <time>2026-08-08T15:11:02.000Z</time>
      </trkpt>
      <trkpt lat="57.73745379410684108734130859375" lon="-4.2695478536188602447509765625">
        <ele>169.399993896484375</ele>
        <time>2026-08-08T15:11:04.000Z</time>
      </trkpt>
      <trkpt lat="57.73749821819365024566650390625" lon="-4.26980827935039997100830078125">
        <ele>168.1999969482421875</ele>
        <time>2026-08-08T15:11:06.000Z</time>
      </trkpt>
      <trkpt lat="57.73751917295157909393310546875" lon="-4.26993258297443389892578125">
        <ele>167.600006103515625</ele>
        <time>2026-08-08T15:11:07.000Z</time>
      </trkpt>
      <trkpt lat="57.73754012770950794219970703125" lon="-4.2700557969510555267333984375">
        <ele>167</ele>
        <time>2026-08-08T15:11:08.000Z</time>
      </trkpt>
      <trkpt lat="57.7375713922083377838134765625" lon="-4.27044949494302272796630859375">
        <ele>166</ele>
        <time>2026-08-08T15:11:11.000Z</time>
      </trkpt>
      <trkpt lat="57.73755940608680248260498046875" lon="-4.2705905623733997344970703125">
        <ele>165.600006103515625</ele>
        <time>2026-08-08T15:11:12.000Z</time>
      </trkpt>
      <trkpt lat="57.737531326711177825927734375" lon="-4.27072894759476184844970703125">
        <ele>165.1999969482421875</ele>
        <time>2026-08-08T15:11:13.000Z</time>
      </trkpt>
      <trkpt lat="57.73749100975692272186279296875" lon="-4.2708654887974262237548828125">
        <ele>164.8000030517578125</ele>
        <time>2026-08-08T15:11:14.000Z</time>
      </trkpt>
      <trkpt lat="57.737442143261432647705078125" lon="-4.27098627202212810516357421875">
        <ele>164.600006103515625</ele>
        <time>2026-08-08T15:11:15.000Z</time>
      </trkpt>
      <trkpt lat="57.7373226173222064971923828125" lon="-4.2711749486625194549560546875">
        <ele>165.1999969482421875</ele>
        <time>2026-08-08T15:11:17.000Z</time>
      </trkpt>
      <trkpt lat="57.7372599206864833831787109375" lon="-4.27125491201877593994140625">
        <ele>165.399993896484375</ele>
        <time>2026-08-08T15:11:18.000Z</time>
      </trkpt>
      <trkpt lat="57.7370010875165462493896484375" lon="-4.27159111015498638153076171875">
        <ele>165.8000030517578125</ele>
        <time>2026-08-08T15:11:23.000Z</time>
      </trkpt>
      <trkpt lat="57.73662331514060497283935546875" lon="-4.2720039188861846923828125">
        <ele>166.1999969482421875</ele>
        <time>2026-08-08T15:11:30.000Z</time>
      </trkpt>
      <trkpt lat="57.73623741231858730316162109375" lon="-4.27235268987715244293212890625">
        <ele>164.8000030517578125</ele>
        <time>2026-08-08T15:11:36.000Z</time>
      </trkpt>
      <trkpt lat="57.73595695383846759796142578125" lon="-4.272580258548259735107421875">
        <ele>163.8000030517578125</ele>
        <time>2026-08-08T15:11:40.000Z</time>
      </trkpt>
      <trkpt lat="57.73581261746585369110107421875" lon="-4.27267807535827159881591796875">
        <ele>163.399993896484375</ele>
        <time>2026-08-08T15:11:42.000Z</time>
      </trkpt>
      <trkpt lat="57.7356824465095996856689453125" lon="-4.27277916111052036285400390625">
        <ele>162.8000030517578125</ele>
        <time>2026-08-08T15:11:44.000Z</time>
      </trkpt>
      <trkpt lat="57.73550282232463359832763671875" lon="-4.27291075699031352996826171875">
        <ele>163.1999969482421875</ele>
        <time>2026-08-08T15:11:47.000Z</time>
      </trkpt>
      <trkpt lat="57.73525153286755084991455078125" lon="-4.2731195501983165740966796875">
        <ele>163</ele>
        <time>2026-08-08T15:11:51.000Z</time>
      </trkpt>
      <trkpt lat="57.734892033040523529052734375" lon="-4.27344166673719882965087890625">
        <ele>161.8000030517578125</ele>
        <time>2026-08-08T15:11:57.000Z</time>
      </trkpt>
      <trkpt lat="57.73483403027057647705078125" lon="-4.2734980769455432891845703125">
        <ele>161.1999969482421875</ele>
        <time>2026-08-08T15:11:58.000Z</time>
      </trkpt>
      <trkpt lat="57.73472431115806102752685546875" lon="-4.27361701615154743194580078125">
        <ele>160.600006103515625</ele>
        <time>2026-08-08T15:12:00.000Z</time>
      </trkpt>
      <trkpt lat="57.73455080576241016387939453125" lon="-4.273809380829334259033203125">
        <ele>160</ele>
        <time>2026-08-08T15:12:03.000Z</time>
      </trkpt>
      <trkpt lat="57.7343235723674297332763671875" lon="-4.2741310782730579376220703125">
        <ele>159.600006103515625</ele>
        <time>2026-08-08T15:12:08.000Z</time>
      </trkpt>
      <trkpt lat="57.73428040556609630584716796875" lon="-4.274192266166210174560546875">
        <ele>159.399993896484375</ele>
        <time>2026-08-08T15:12:09.000Z</time>
      </trkpt>
      <trkpt lat="57.7339416928589344024658203125" lon="-4.274722672998905181884765625">
        <ele>159.8000030517578125</ele>
        <time>2026-08-08T15:12:17.000Z</time>
      </trkpt>
      <trkpt lat="57.7337546087801456451416015625" lon="-4.275016374886035919189453125">
        <ele>158</ele>
        <time>2026-08-08T15:12:21.000Z</time>
      </trkpt>
      <trkpt lat="57.7336614020168781280517578125" lon="-4.27516582421958446502685546875">
        <ele>156.8000030517578125</ele>
        <time>2026-08-08T15:12:23.000Z</time>
      </trkpt>
      <trkpt lat="57.733614630997180938720703125" lon="-4.27523589693009853363037109375">
        <ele>156.600006103515625</ele>
        <time>2026-08-08T15:12:24.000Z</time>
      </trkpt>
      <trkpt lat="57.733426876366138458251953125" lon="-4.27551618777215480804443359375">
        <ele>155.399993896484375</ele>
        <time>2026-08-08T15:12:28.000Z</time>
      </trkpt>
      <trkpt lat="57.73333123885095119476318359375" lon="-4.275668151676654815673828125">
        <ele>155</ele>
        <time>2026-08-08T15:12:30.000Z</time>
      </trkpt>
      <trkpt lat="57.733231745660305023193359375" lon="-4.275821708142757415771484375">
        <ele>154.8000030517578125</ele>
        <time>2026-08-08T15:12:32.000Z</time>
      </trkpt>
      <trkpt lat="57.73313074372708797454833984375" lon="-4.27598155103623867034912109375">
        <ele>154.1999969482421875</ele>
        <time>2026-08-08T15:12:34.000Z</time>
      </trkpt>
      <trkpt lat="57.73302529938519001007080078125" lon="-4.27614516578614711761474609375">
        <ele>152.8000030517578125</ele>
        <time>2026-08-08T15:12:36.000Z</time>
      </trkpt>
      <trkpt lat="57.732911892235279083251953125" lon="-4.276327304542064666748046875">
        <ele>151.8000030517578125</ele>
        <time>2026-08-08T15:12:38.000Z</time>
      </trkpt>
      <trkpt lat="57.73273360915482044219970703125" lon="-4.2766060866415500640869140625">
        <ele>150.600006103515625</ele>
        <time>2026-08-08T15:12:41.000Z</time>
      </trkpt>
      <trkpt lat="57.73254635743796825408935546875" lon="-4.27688461728394031524658203125">
        <ele>149.1999969482421875</ele>
        <time>2026-08-08T15:12:44.000Z</time>
      </trkpt>
      <trkpt lat="57.73248600773513317108154296875" lon="-4.2769809253513813018798828125">
        <ele>148.8000030517578125</ele>
        <time>2026-08-08T15:12:45.000Z</time>
      </trkpt>
      <trkpt lat="57.7322973310947418212890625" lon="-4.27726716734468936920166015625">
        <ele>147.399993896484375</ele>
        <time>2026-08-08T15:12:48.000Z</time>
      </trkpt>
      <trkpt lat="57.7321724407374858856201171875" lon="-4.27747252397239208221435546875">
        <ele>146.399993896484375</ele>
        <time>2026-08-08T15:12:50.000Z</time>
      </trkpt>
      <trkpt lat="57.73211083374917507171630859375" lon="-4.27757285535335540771484375">
        <ele>146.1999969482421875</ele>
        <time>2026-08-08T15:12:51.000Z</time>
      </trkpt>
      <trkpt lat="57.73179383017122745513916015625" lon="-4.27809479646384716033935546875">
        <ele>145</ele>
        <time>2026-08-08T15:12:56.000Z</time>
      </trkpt>
      <trkpt lat="57.73166709579527378082275390625" lon="-4.27828573621809482574462890625">
        <ele>143.600006103515625</ele>
        <time>2026-08-08T15:12:58.000Z</time>
      </trkpt>
      <trkpt lat="57.7316098473966121673583984375" lon="-4.27838128991425037384033203125">
        <ele>143.1999969482421875</ele>
        <time>2026-08-08T15:12:59.000Z</time>
      </trkpt>
      <trkpt lat="57.7313288860023021697998046875" lon="-4.27883349359035491943359375">
        <ele>144</ele>
        <time>2026-08-08T15:13:04.000Z</time>
      </trkpt>
      <trkpt lat="57.73110031150281429290771484375" lon="-4.27918327040970325469970703125">
        <ele>142.8000030517578125</ele>
        <time>2026-08-08T15:13:08.000Z</time>
      </trkpt>
      <trkpt lat="57.73104163818061351776123046875" lon="-4.2792748846113681793212890625">
        <ele>142.1999969482421875</ele>
        <time>2026-08-08T15:13:09.000Z</time>
      </trkpt>
      <trkpt lat="57.73092311806976795196533203125" lon="-4.2794639803469181060791015625">
        <ele>141.1999969482421875</ele>
        <time>2026-08-08T15:13:11.000Z</time>
      </trkpt>
      <trkpt lat="57.73068733513355255126953125" lon="-4.2798292636871337890625">
        <ele>140.8000030517578125</ele>
        <time>2026-08-08T15:13:15.000Z</time>
      </trkpt>
      <trkpt lat="57.73034409619867801666259765625" lon="-4.28036696277558803558349609375">
        <ele>140.8000030517578125</ele>
        <time>2026-08-08T15:13:21.000Z</time>
      </trkpt>
      <trkpt lat="57.7302261628210544586181640625" lon="-4.280545748770236968994140625">
        <ele>140</ele>
        <time>2026-08-08T15:13:23.000Z</time>
      </trkpt>
      <trkpt lat="57.73004553280770778656005859375" lon="-4.28082528524100780487060546875">
        <ele>139</ele>
        <time>2026-08-08T15:13:26.000Z</time>
      </trkpt>
      <trkpt lat="57.72985576651990413665771484375" lon="-4.28113860078155994415283203125">
        <ele>137.600006103515625</ele>
        <time>2026-08-08T15:13:29.000Z</time>
      </trkpt>
      <trkpt lat="57.7297185547649860382080078125" lon="-4.28134915418922901153564453125">
        <ele>136.600006103515625</ele>
        <time>2026-08-08T15:13:31.000Z</time>
      </trkpt>
      <trkpt lat="57.72965057753026485443115234375" lon="-4.2814595438539981842041015625">
        <ele>136.1999969482421875</ele>
        <time>2026-08-08T15:13:32.000Z</time>
      </trkpt>
      <trkpt lat="57.72933759726583957672119140625" lon="-4.28195818327367305755615234375">
        <ele>136</ele>
        <time>2026-08-08T15:13:37.000Z</time>
      </trkpt>
      <trkpt lat="57.72916761226952075958251953125" lon="-4.28221869282424449920654296875">
        <ele>136</ele>
        <time>2026-08-08T15:13:40.000Z</time>
      </trkpt>
      <trkpt lat="57.7290654368698596954345703125" lon="-4.282391779124736785888671875">
        <ele>136</ele>
        <time>2026-08-08T15:13:42.000Z</time>
      </trkpt>
      <trkpt lat="57.72878623567521572113037109375" lon="-4.2827904224395751953125">
        <ele>135.600006103515625</ele>
        <time>2026-08-08T15:13:47.000Z</time>
      </trkpt>
      <trkpt lat="57.72872286848723888397216796875" lon="-4.28286351263523101806640625">
        <ele>135</ele>
        <time>2026-08-08T15:13:48.000Z</time>
      </trkpt>
      <trkpt lat="57.72851818241178989410400390625" lon="-4.28304464556276798248291015625">
        <ele>133.600006103515625</ele>
        <time>2026-08-08T15:13:51.000Z</time>
      </trkpt>
      <trkpt lat="57.728448696434497833251953125" lon="-4.2830960266292095184326171875">
        <ele>133.399993896484375</ele>
        <time>2026-08-08T15:13:52.000Z</time>
      </trkpt>
      <trkpt lat="57.7282305993139743804931640625" lon="-4.28321597166359424591064453125">
        <ele>132.600006103515625</ele>
        <time>2026-08-08T15:13:55.000Z</time>
      </trkpt>
      <trkpt lat="57.7279938943684101104736328125" lon="-4.283331893384456634521484375">
        <ele>132</ele>
        <time>2026-08-08T15:13:58.000Z</time>
      </trkpt>
      <trkpt lat="57.727669514715671539306640625" lon="-4.283443875610828399658203125">
        <ele>131.600006103515625</ele>
        <time>2026-08-08T15:14:02.000Z</time>
      </trkpt>
      <trkpt lat="57.7275858633220195770263671875" lon="-4.28346726112067699432373046875">
        <ele>131.1999969482421875</ele>
        <time>2026-08-08T15:14:03.000Z</time>
      </trkpt>
      <trkpt lat="57.7273441292345523834228515625" lon="-4.2835017107427120208740234375">
        <ele>130.399993896484375</ele>
        <time>2026-08-08T15:14:06.000Z</time>
      </trkpt>
      <trkpt lat="57.72726441733539104461669921875" lon="-4.28351252339780330657958984375">
        <ele>130</ele>
        <time>2026-08-08T15:14:07.000Z</time>
      </trkpt>
      <trkpt lat="57.72718277759850025177001953125" lon="-4.28352559916675090789794921875">
        <ele>129.8000030517578125</ele>
        <time>2026-08-08T15:14:08.000Z</time>
      </trkpt>
      <trkpt lat="57.7268730662763118743896484375" lon="-4.2835566960275173187255859375">
        <ele>128.600006103515625</ele>
        <time>2026-08-08T15:14:12.000Z</time>
      </trkpt>
      <trkpt lat="57.72672026418149471282958984375" lon="-4.2835883796215057373046875">
        <ele>127.40000152587890625</ele>
        <time>2026-08-08T15:14:14.000Z</time>
      </trkpt>
      <trkpt lat="57.72664264775812625885009765625" lon="-4.28361377678811550140380859375">
        <ele>127</ele>
        <time>2026-08-08T15:14:15.000Z</time>
      </trkpt>
      <trkpt lat="57.72648557089269161224365234375" lon="-4.2836787365376949310302734375">
        <ele>126.40000152587890625</ele>
        <time>2026-08-08T15:14:17.000Z</time>
      </trkpt>
      <trkpt lat="57.7261730097234249114990234375" lon="-4.28384930826723575592041015625">
        <ele>126</ele>
        <time>2026-08-08T15:14:21.000Z</time>
      </trkpt>
      <trkpt lat="57.72582222707569599151611328125" lon="-4.2841042019426822662353515625">
        <ele>125.1999969482421875</ele>
        <time>2026-08-08T15:14:26.000Z</time>
      </trkpt>
      <trkpt lat="57.72549994289875030517578125" lon="-4.2843742668628692626953125">
        <ele>124</ele>
        <time>2026-08-08T15:14:31.000Z</time>
      </trkpt>
      <trkpt lat="57.725378908216953277587890625" lon="-4.284478537738323211669921875">
        <ele>124</ele>
        <time>2026-08-08T15:14:33.000Z</time>
      </trkpt>
      <trkpt lat="57.72507724352180957794189453125" lon="-4.2846983112394809722900390625">
        <ele>125</ele>
        <time>2026-08-08T15:14:38.000Z</time>
      </trkpt>
      <trkpt lat="57.72502359934151172637939453125" lon="-4.2847509495913982391357421875">
        <ele>125.1999969482421875</ele>
        <time>2026-08-08T15:14:39.000Z</time>
      </trkpt>
      <trkpt lat="57.72474900819361209869384765625" lon="-4.2849718965590000152587890625">
        <ele>125.1999969482421875</ele>
        <time>2026-08-08T15:14:44.000Z</time>
      </trkpt>
      <trkpt lat="57.72428900934755802154541015625" lon="-4.285224191844463348388671875">
        <ele>125.59999847412109375</ele>
        <time>2026-08-08T15:14:52.000Z</time>
      </trkpt>
      <trkpt lat="57.7241201139986515045166015625" lon="-4.28525512106716632843017578125">
        <ele>125.59999847412109375</ele>
        <time>2026-08-08T15:14:55.000Z</time>
      </trkpt>
      <trkpt lat="57.72396563552320003509521484375" lon="-4.28522947244346141815185546875">
        <ele>125.59999847412109375</ele>
        <time>2026-08-08T15:14:58.000Z</time>
      </trkpt>
      <trkpt lat="57.7236644737422466278076171875" lon="-4.28512838669121265411376953125">
        <ele>125.59999847412109375</ele>
        <time>2026-08-08T15:15:04.000Z</time>
      </trkpt>
      <trkpt lat="57.72355668246746063232421875" lon="-4.28505353629589080810546875">
        <ele>124.59999847412109375</ele>
        <time>2026-08-08T15:15:06.000Z</time>
      </trkpt>
      <trkpt lat="57.723505385220050811767578125" lon="-4.28501120768487453460693359375">
        <ele>124</ele>
        <time>2026-08-08T15:15:07.000Z</time>
      </trkpt>
      <trkpt lat="57.723276056349277496337890625" lon="-4.28478774614632129669189453125">
        <ele>125</ele>
        <time>2026-08-08T15:15:12.000Z</time>
      </trkpt>
      <trkpt lat="57.72323347628116607666015625" lon="-4.2847194336354732513427734375">
        <ele>125.1999969482421875</ele>
        <time>2026-08-08T15:15:13.000Z</time>
      </trkpt>
      <trkpt lat="57.7230448834598064422607421875" lon="-4.284461438655853271484375">
        <ele>124.8000030517578125</ele>
        <time>2026-08-08T15:15:17.000Z</time>
      </trkpt>
      <trkpt lat="57.72300154902040958404541015625" lon="-4.28438239730894565582275390625">
        <ele>124.59999847412109375</ele>
        <time>2026-08-08T15:15:18.000Z</time>
      </trkpt>
      <trkpt lat="57.72289551794528961181640625" lon="-4.284236133098602294921875">
        <ele>124.1999969482421875</ele>
        <time>2026-08-08T15:15:20.000Z</time>
      </trkpt>
      <trkpt lat="57.72284924983978271484375" lon="-4.28416161797940731048583984375">
        <ele>124</ele>
        <time>2026-08-08T15:15:21.000Z</time>
      </trkpt>
      <trkpt lat="57.722513973712921142578125" lon="-4.2836445383727550506591796875">
        <ele>124</ele>
        <time>2026-08-08T15:15:28.000Z</time>
      </trkpt>
      <trkpt lat="57.72246812470257282257080078125" lon="-4.283581338822841644287109375">
        <ele>123.8000030517578125</ele>
        <time>2026-08-08T15:15:29.000Z</time>
      </trkpt>
      <trkpt lat="57.7224268019199371337890625" lon="-4.28351017646491527557373046875">
        <ele>123.8000030517578125</ele>
        <time>2026-08-08T15:15:30.000Z</time>
      </trkpt>
      <trkpt lat="57.7220896817743778228759765625" lon="-4.282986558973789215087890625">
        <ele>123.59999847412109375</ele>
        <time>2026-08-08T15:15:37.000Z</time>
      </trkpt>
      <trkpt lat="57.72172741591930389404296875" lon="-4.28247819654643535614013671875">
        <ele>123</ele>
        <time>2026-08-08T15:15:44.000Z</time>
      </trkpt>
      <trkpt lat="57.72147537209093570709228515625" lon="-4.28220427595078945159912109375">
        <ele>122</ele>
        <time>2026-08-08T15:15:48.000Z</time>
      </trkpt>
      <trkpt lat="57.72140965797007083892822265625" lon="-4.28214644081890583038330078125">
        <ele>121.40000152587890625</ele>
        <time>2026-08-08T15:15:49.000Z</time>
      </trkpt>
      <trkpt lat="57.721349559724330902099609375" lon="-4.282089360058307647705078125">
        <ele>120.8000030517578125</ele>
        <time>2026-08-08T15:15:50.000Z</time>
      </trkpt>
      <trkpt lat="57.72116976790130138397216796875" lon="-4.28190588019788265228271484375">
        <ele>119.59999847412109375</ele>
        <time>2026-08-08T15:15:53.000Z</time>
      </trkpt>
      <trkpt lat="57.72110992111265659332275390625" lon="-4.2818498052656650543212890625">
        <ele>119.59999847412109375</ele>
        <time>2026-08-08T15:15:54.000Z</time>
      </trkpt>
      <trkpt lat="57.72067624144256114959716796875" lon="-4.28151302039623260498046875">
        <ele>118.59999847412109375</ele>
        <time>2026-08-08T15:16:01.000Z</time>
      </trkpt>
      <trkpt lat="57.72061270661652088165283203125" lon="-4.28148125298321247100830078125">
        <ele>118.40000152587890625</ele>
        <time>2026-08-08T15:16:02.000Z</time>
      </trkpt>
      <trkpt lat="57.72034096531569957733154296875" lon="-4.28134865127503871917724609375">
        <ele>117.59999847412109375</ele>
        <time>2026-08-08T15:16:06.000Z</time>
      </trkpt>
      <trkpt lat="57.72028011269867420196533203125" lon="-4.281297437846660614013671875">
        <ele>117.40000152587890625</ele>
        <time>2026-08-08T15:16:07.000Z</time>
      </trkpt>
      <trkpt lat="57.7199834771454334259033203125" lon="-4.2812047339975833892822265625">
        <ele>116.40000152587890625</ele>
        <time>2026-08-08T15:16:11.000Z</time>
      </trkpt>
      <trkpt lat="57.71990192122757434844970703125" lon="-4.2812010459601879119873046875">
        <ele>115.8000030517578125</ele>
        <time>2026-08-08T15:16:12.000Z</time>
      </trkpt>
      <trkpt lat="57.71967359818518161773681640625" lon="-4.2811502516269683837890625">
        <ele>114</ele>
        <time>2026-08-08T15:16:15.000Z</time>
      </trkpt>
      <trkpt lat="57.7195992507040500640869140625" lon="-4.281113706529140472412109375">
        <ele>112.8000030517578125</ele>
        <time>2026-08-08T15:16:16.000Z</time>
      </trkpt>
      <trkpt lat="57.719524987041950225830078125" lon="-4.28107640706002712249755859375">
        <ele>111.8000030517578125</ele>
        <time>2026-08-08T15:16:17.000Z</time>
      </trkpt>
      <trkpt lat="57.7194470353424549102783203125" lon="-4.28102058358490467071533203125">
        <ele>111.1999969482421875</ele>
        <time>2026-08-08T15:16:18.000Z</time>
      </trkpt>
      <trkpt lat="57.71929255686700344085693359375" lon="-4.2809194140136241912841796875">
        <ele>110.59999847412109375</ele>
        <time>2026-08-08T15:16:20.000Z</time>
      </trkpt>
      <trkpt lat="57.71913866512477397918701171875" lon="-4.28080332465469837188720703125">
        <ele>109.59999847412109375</ele>
        <time>2026-08-08T15:16:22.000Z</time>
      </trkpt>
      <trkpt lat="57.71897488273680210113525390625" lon="-4.2806739918887615203857421875">
        <ele>108</ele>
        <time>2026-08-08T15:16:24.000Z</time>
      </trkpt>
      <trkpt lat="57.718800120055675506591796875" lon="-4.28051264025270938873291015625">
        <ele>107.40000152587890625</ele>
        <time>2026-08-08T15:16:26.000Z</time>
      </trkpt>
      <trkpt lat="57.718708924949169158935546875" lon="-4.28043418563902378082275390625">
        <ele>106.1999969482421875</ele>
        <time>2026-08-08T15:16:27.000Z</time>
      </trkpt>
      <trkpt lat="57.71861697547137737274169921875" lon="-4.28035623393952846527099609375">
        <ele>106.1999969482421875</ele>
        <time>2026-08-08T15:16:28.000Z</time>
      </trkpt>
      <trkpt lat="57.71841966547071933746337890625" lon="-4.28027383983135223388671875">
        <ele>104.59999847412109375</ele>
        <time>2026-08-08T15:16:30.000Z</time>
      </trkpt>
      <trkpt lat="57.718323357403278350830078125" lon="-4.28024073131382465362548828125">
        <ele>104.1999969482421875</ele>
        <time>2026-08-08T15:16:31.000Z</time>
      </trkpt>
      <trkpt lat="57.71821481175720691680908203125" lon="-4.280215837061405181884765625">
        <ele>103.40000152587890625</ele>
        <time>2026-08-08T15:16:32.000Z</time>
      </trkpt>
      <trkpt lat="57.71801901049911975860595703125" lon="-4.2801583372056484222412109375">
        <ele>101.40000152587890625</ele>
        <time>2026-08-08T15:16:34.000Z</time>
      </trkpt>
      <trkpt lat="57.71792379207909107208251953125" lon="-4.280124641954898834228515625">
        <ele>100.40000152587890625</ele>
        <time>2026-08-08T15:16:35.000Z</time>
      </trkpt>
      <trkpt lat="57.71782538853585720062255859375" lon="-4.2801170982420444488525390625">
        <ele>99.40000152587890625</ele>
        <time>2026-08-08T15:16:36.000Z</time>
      </trkpt>
      <trkpt lat="57.717730589210987091064453125" lon="-4.280081726610660552978515625">
        <ele>98.40000152587890625</ele>
        <time>2026-08-08T15:16:37.000Z</time>
      </trkpt>
      <trkpt lat="57.71752330474555492401123046875" lon="-4.28004576824605464935302734375">
        <ele>97.1999969482421875</ele>
        <time>2026-08-08T15:16:39.000Z</time>
      </trkpt>
      <trkpt lat="57.71741400472819805145263671875" lon="-4.28000067360699176788330078125">
        <ele>96</ele>
        <time>2026-08-08T15:16:40.000Z</time>
      </trkpt>
      <trkpt lat="57.7172023616731166839599609375" lon="-4.2799725942313671112060546875">
        <ele>94.40000152587890625</ele>
        <time>2026-08-08T15:16:42.000Z</time>
      </trkpt>
      <trkpt lat="57.7171061374247074127197265625" lon="-4.2799471132457256317138671875">
        <ele>93.40000152587890625</ele>
        <time>2026-08-08T15:16:43.000Z</time>
      </trkpt>
      <trkpt lat="57.71699423901736736297607421875" lon="-4.27992842160165309906005859375">
        <ele>92.8000030517578125</ele>
        <time>2026-08-08T15:16:44.000Z</time>
      </trkpt>
      <trkpt lat="57.71678469143807888031005859375" lon="-4.2799021862447261810302734375">
        <ele>91.1999969482421875</ele>
        <time>2026-08-08T15:16:46.000Z</time>
      </trkpt>
      <trkpt lat="57.71668964065611362457275390625" lon="-4.2799075506627559661865234375">
        <ele>90.1999969482421875</ele>
        <time>2026-08-08T15:16:47.000Z</time>
      </trkpt>
      <trkpt lat="57.7165760658681392669677734375" lon="-4.2799186147749423980712890625">
        <ele>89.40000152587890625</ele>
        <time>2026-08-08T15:16:48.000Z</time>
      </trkpt>
      <trkpt lat="57.7164788357913494110107421875" lon="-4.27993227727711200714111328125">
        <ele>88.59999847412109375</ele>
        <time>2026-08-08T15:16:49.000Z</time>
      </trkpt>
      <trkpt lat="57.7162857167422771453857421875" lon="-4.2800242267549037933349609375">
        <ele>86.59999847412109375</ele>
        <time>2026-08-08T15:16:51.000Z</time>
      </trkpt>
      <trkpt lat="57.71619678474962711334228515625" lon="-4.2800735123455524444580078125">
        <ele>85.1999969482421875</ele>
        <time>2026-08-08T15:16:52.000Z</time>
      </trkpt>
      <trkpt lat="57.71609921939671039581298828125" lon="-4.28012288175523281097412109375">
        <ele>83.8000030517578125</ele>
        <time>2026-08-08T15:16:53.000Z</time>
      </trkpt>
      <trkpt lat="57.71600224077701568603515625" lon="-4.28015775047242641448974609375">
        <ele>82.8000030517578125</ele>
        <time>2026-08-08T15:16:54.000Z</time>
      </trkpt>
      <trkpt lat="57.7158156596124172210693359375" lon="-4.2802119813859462738037109375">
        <ele>81.1999969482421875</ele>
        <time>2026-08-08T15:16:56.000Z</time>
      </trkpt>
      <trkpt lat="57.7156175114214420318603515625" lon="-4.280183315277099609375">
        <ele>79.59999847412109375</ele>
        <time>2026-08-08T15:16:58.000Z</time>
      </trkpt>
      <trkpt lat="57.7154195308685302734375" lon="-4.280097484588623046875">
        <ele>78.1999969482421875</ele>
        <time>2026-08-08T15:17:00.000Z</time>
      </trkpt>
      <trkpt lat="57.71522129885852336883544921875" lon="-4.27999061532318592071533203125">
        <ele>76</ele>
        <time>2026-08-08T15:17:02.000Z</time>
      </trkpt>
      <trkpt lat="57.7151226438581943511962890625" lon="-4.27994987927377223968505859375">
        <ele>74.59999847412109375</ele>
        <time>2026-08-08T15:17:03.000Z</time>
      </trkpt>
      <trkpt lat="57.7150190435349941253662109375" lon="-4.27992138080298900604248046875">
        <ele>73.40000152587890625</ele>
        <time>2026-08-08T15:17:04.000Z</time>
      </trkpt>
      <trkpt lat="57.714914269745349884033203125" lon="-4.279926158487796783447265625">
        <ele>72.8000030517578125</ele>
        <time>2026-08-08T15:17:05.000Z</time>
      </trkpt>
      <trkpt lat="57.71470715291798114776611328125" lon="-4.28003914654254913330078125">
        <ele>72</ele>
        <time>2026-08-08T15:17:07.000Z</time>
      </trkpt>
      <trkpt lat="57.71461864002048969268798828125" lon="-4.2801308445632457733154296875">
        <ele>71.59999847412109375</ele>
        <time>2026-08-08T15:17:08.000Z</time>
      </trkpt>
      <trkpt lat="57.71454068832099437713623046875" lon="-4.28023335523903369903564453125">
        <ele>71.40000152587890625</ele>
        <time>2026-08-08T15:17:09.000Z</time>
      </trkpt>
      <trkpt lat="57.71445133723318576812744140625" lon="-4.2803323455154895782470703125">
        <ele>70.8000030517578125</ele>
        <time>2026-08-08T15:17:10.000Z</time>
      </trkpt>
      <trkpt lat="57.7142680250108242034912109375" lon="-4.28055572323501110076904296875">
        <ele>69.59999847412109375</ele>
        <time>2026-08-08T15:17:12.000Z</time>
      </trkpt>
      <trkpt lat="57.71409996785223484039306640625" lon="-4.28079343400895595550537109375">
        <ele>68.40000152587890625</ele>
        <time>2026-08-08T15:17:14.000Z</time>
      </trkpt>
      <trkpt lat="57.71401765756309032440185546875" lon="-4.28091530688107013702392578125">
        <ele>68</ele>
        <time>2026-08-08T15:17:15.000Z</time>
      </trkpt>
      <trkpt lat="57.7138821221888065338134765625" lon="-4.2811728827655315399169921875">
        <ele>67.40000152587890625</ele>
        <time>2026-08-08T15:17:17.000Z</time>
      </trkpt>
      <trkpt lat="57.7138268016278743743896484375" lon="-4.28131856024265289306640625">
        <ele>67.1999969482421875</ele>
        <time>2026-08-08T15:17:18.000Z</time>
      </trkpt>
      <trkpt lat="57.7136906795203685760498046875" lon="-4.28176942281424999237060546875">
        <ele>67.1999969482421875</ele>
        <time>2026-08-08T15:17:21.000Z</time>
      </trkpt>
      <trkpt lat="57.71364818327128887176513671875" lon="-4.28207200951874256134033203125">
        <ele>67.40000152587890625</ele>
        <time>2026-08-08T15:17:23.000Z</time>
      </trkpt>
      <trkpt lat="57.71364055573940277099609375" lon="-4.28234626539051532745361328125">
        <ele>67.8000030517578125</ele>
        <time>2026-08-08T15:17:25.000Z</time>
      </trkpt>
      <trkpt lat="57.7136383764445781707763671875" lon="-4.282601661980152130126953125">
        <ele>68.1999969482421875</ele>
        <time>2026-08-08T15:17:27.000Z</time>
      </trkpt>
      <trkpt lat="57.7136360295116901397705078125" lon="-4.2829257063567638397216796875">
        <ele>68.59999847412109375</ele>
        <time>2026-08-08T15:17:30.000Z</time>
      </trkpt>
      <trkpt lat="57.71361515857279300689697265625" lon="-4.2830802686512470245361328125">
        <ele>69</ele>
        <time>2026-08-08T15:17:33.000Z</time>
      </trkpt>
      <trkpt lat="57.71358498372137546539306640625" lon="-4.28309259004890918731689453125">
        <ele>69</ele>
        <time>2026-08-08T15:17:36.000Z</time>
      </trkpt>
      <trkpt lat="57.71355832926928997039794921875" lon="-4.28307767026126384735107421875">
        <ele>69</ele>
        <time>2026-08-08T15:17:38.000Z</time>
      </trkpt>
      <trkpt lat="57.713453471660614013671875" lon="-4.28307683207094669342041015625">
        <ele>69</ele>
        <time>2026-08-08T15:17:42.000Z</time>
      </trkpt>
      <trkpt lat="57.71337099373340606689453125" lon="-4.2830519378185272216796875">
        <ele>69.40000152587890625</ele>
        <time>2026-08-08T15:17:45.000Z</time>
      </trkpt>
      <trkpt lat="57.71331709809601306915283203125" lon="-4.283062331378459930419921875">
        <ele>69.8000030517578125</ele>
        <time>2026-08-08T15:17:47.000Z</time>
      </trkpt>
      <trkpt lat="57.713264040648937225341796875" lon="-4.283060990273952484130859375">
        <ele>70.59999847412109375</ele>
        <time>2026-08-08T15:17:50.000Z</time>
      </trkpt>
      <trkpt lat="57.7131988294422626495361328125" lon="-4.28304363973438739776611328125">
        <ele>71.59999847412109375</ele>
        <time>2026-08-08T15:17:54.000Z</time>
      </trkpt>
      <trkpt lat="57.71317292936146259307861328125" lon="-4.28303643129765987396240234375">
        <ele>71.8000030517578125</ele>
        <time>2026-08-08T15:17:55.000Z</time>
      </trkpt>
      <trkpt lat="57.713103778660297393798828125" lon="-4.28298329003155231475830078125">
        <ele>72</ele>
        <time>2026-08-08T15:17:58.000Z</time>
      </trkpt>
      <trkpt lat="57.7130784653127193450927734375" lon="-4.2829619161784648895263671875">
        <ele>72</ele>
        <time>2026-08-08T15:17:59.000Z</time>
      </trkpt>
      <trkpt lat="57.7130610309541225433349609375" lon="-4.28293350152671337127685546875">
        <ele>72</ele>
        <time>2026-08-08T15:18:00.000Z</time>
      </trkpt>
      <trkpt lat="57.7129949815571308135986328125" lon="-4.282890670001506805419921875">
        <ele>72.40000152587890625</ele>
        <time>2026-08-08T15:18:03.000Z</time>
      </trkpt>
      <trkpt lat="57.71295768208801746368408203125" lon="-4.28284901194274425506591796875">
        <ele>72.59999847412109375</ele>
        <time>2026-08-08T15:18:05.000Z</time>
      </trkpt>
      <trkpt lat="57.7128823287785053253173828125" lon="-4.282802827656269073486328125">
        <ele>73</ele>
        <time>2026-08-08T15:18:09.000Z</time>
      </trkpt>
      <trkpt lat="57.7128135971724987030029296875" lon="-4.28276586346328258514404296875">
        <ele>73.8000030517578125</ele>
        <time>2026-08-08T15:18:13.000Z</time>
      </trkpt>
      <trkpt lat="57.7127958275377750396728515625" lon="-4.28275949321687221527099609375">
        <ele>74</ele>
        <time>2026-08-08T15:18:14.000Z</time>
      </trkpt>
      <trkpt lat="57.71272198297083377838134765625" lon="-4.28269662894308567047119140625">
        <ele>74.8000030517578125</ele>
        <time>2026-08-08T15:18:19.000Z</time>
      </trkpt>
      <trkpt lat="57.71269599907100200653076171875" lon="-4.28266511298716068267822265625">
        <ele>75.1999969482421875</ele>
        <time>2026-08-08T15:18:21.000Z</time>
      </trkpt>
      <trkpt lat="57.7126338891685009002685546875" lon="-4.28256989456713199615478515625">
        <ele>76</ele>
        <time>2026-08-08T15:18:25.000Z</time>
      </trkpt>
      <trkpt lat="57.7126161195337772369384765625" lon="-4.28254525177180767059326171875">
        <ele>76.1999969482421875</ele>
        <time>2026-08-08T15:18:26.000Z</time>
      </trkpt>
      <trkpt lat="57.7125497348606586456298828125" lon="-4.28245472721755504608154296875">
        <ele>76.8000030517578125</ele>
        <time>2026-08-08T15:18:30.000Z</time>
      </trkpt>
      <trkpt lat="57.7125316299498081207275390625" lon="-4.2824351973831653594970703125">
        <ele>77</ele>
        <time>2026-08-08T15:18:31.000Z</time>
      </trkpt>
      <trkpt lat="57.71252073347568511962890625" lon="-4.28240309469401836395263671875">
        <ele>77.1999969482421875</ele>
        <time>2026-08-08T15:18:32.000Z</time>
      </trkpt>
      <trkpt lat="57.71248720586299896240234375" lon="-4.28234693594276905059814453125">
        <ele>77.59999847412109375</ele>
        <time>2026-08-08T15:18:34.000Z</time>
      </trkpt>
      <trkpt lat="57.71246382035315036773681640625" lon="-4.28230427205562591552734375">
        <ele>78</ele>
        <time>2026-08-08T15:18:36.000Z</time>
      </trkpt>
      <trkpt lat="57.7124022133648395538330078125" lon="-4.28222489543259143829345703125">
        <ele>78.8000030517578125</ele>
        <time>2026-08-08T15:18:40.000Z</time>
      </trkpt>
      <trkpt lat="57.71237790584564208984375" lon="-4.28216605447232723236083984375">
        <ele>79</ele>
        <time>2026-08-08T15:18:42.000Z</time>
      </trkpt>
      <trkpt lat="57.7123287878930568695068359375" lon="-4.28207653574645519256591796875">
        <ele>79.1999969482421875</ele>
        <time>2026-08-08T15:18:45.000Z</time>
      </trkpt>
      <trkpt lat="57.712284028530120849609375" lon="-4.28201233036816120147705078125">
        <ele>79.40000152587890625</ele>
        <time>2026-08-08T15:18:48.000Z</time>
      </trkpt>
      <trkpt lat="57.712239436805248260498046875" lon="-4.28190152160823345184326171875">
        <ele>80</ele>
        <time>2026-08-08T15:18:52.000Z</time>
      </trkpt>
      <trkpt lat="57.712230719625949859619140625" lon="-4.28188383579254150390625">
        <ele>80</ele>
        <time>2026-08-08T15:18:53.000Z</time>
      </trkpt>
      <trkpt lat="57.712218649685382843017578125" lon="-4.2818558402359485626220703125">
        <ele>80.1999969482421875</ele>
        <time>2026-08-08T15:18:54.000Z</time>
      </trkpt>
      <trkpt lat="57.712206579744815826416015625" lon="-4.28182910196483135223388671875">
        <ele>80.40000152587890625</ele>
        <time>2026-08-08T15:18:55.000Z</time>
      </trkpt>
      <trkpt lat="57.71219828166067600250244140625" lon="-4.28180177696049213409423828125">
        <ele>80.40000152587890625</ele>
        <time>2026-08-08T15:18:56.000Z</time>
      </trkpt>
      <trkpt lat="57.7121856249868869781494140625" lon="-4.2817683331668376922607421875">
        <ele>80.59999847412109375</ele>
        <time>2026-08-08T15:18:57.000Z</time>
      </trkpt>
      <trkpt lat="57.71216173656284809112548828125" lon="-4.28170136176049709320068359375">
        <ele>80.8000030517578125</ele>
        <time>2026-08-08T15:18:59.000Z</time>
      </trkpt>
      <trkpt lat="57.71213122643530368804931640625" lon="-4.28156423382461071014404296875">
        <ele>81.40000152587890625</ele>
        <time>2026-08-08T15:19:03.000Z</time>
      </trkpt>
      <trkpt lat="57.7121152170002460479736328125" lon="-4.28147572092711925506591796875">
        <ele>81.59999847412109375</ele>
        <time>2026-08-08T15:19:06.000Z</time>
      </trkpt>
      <trkpt lat="57.71208747290074825286865234375" lon="-4.28133574314415454864501953125">
        <ele>82</ele>
        <time>2026-08-08T15:19:10.000Z</time>
      </trkpt>
      <trkpt lat="57.71207523532211780548095703125" lon="-4.28124840371310710906982421875">
        <ele>82.40000152587890625</ele>
        <time>2026-08-08T15:19:12.000Z</time>
      </trkpt>
      <trkpt lat="57.71203584037721157073974609375" lon="-4.2810189910233020782470703125">
        <ele>83.1999969482421875</ele>
        <time>2026-08-08T15:19:18.000Z</time>
      </trkpt>
      <trkpt lat="57.7120307274162769317626953125" lon="-4.2809911631047725677490234375">
        <ele>83.59999847412109375</ele>
        <time>2026-08-08T15:19:19.000Z</time>
      </trkpt>
      <trkpt lat="57.71200801245868206024169921875" lon="-4.2808310687541961669921875">
        <ele>84.1999969482421875</ele>
        <time>2026-08-08T15:19:24.000Z</time>
      </trkpt>
      <trkpt lat="57.712000720202922821044921875" lon="-4.280720092356204986572265625">
        <ele>84.59999847412109375</ele>
        <time>2026-08-08T15:19:27.000Z</time>
      </trkpt>
      <trkpt lat="57.7119824476540088653564453125" lon="-4.2805784381926059722900390625">
        <ele>85.59999847412109375</ele>
        <time>2026-08-08T15:19:31.000Z</time>
      </trkpt>
      <trkpt lat="57.71196685731410980224609375" lon="-4.28042563609778881072998046875">
        <ele>86.59999847412109375</ele>
        <time>2026-08-08T15:19:35.000Z</time>
      </trkpt>
      <trkpt lat="57.711968533694744110107421875" lon="-4.280375428497791290283203125">
        <ele>86.59999847412109375</ele>
        <time>2026-08-08T15:19:36.000Z</time>
      </trkpt>
      <trkpt lat="57.7119492553174495697021484375" lon="-4.280201084911823272705078125">
        <ele>87.40000152587890625</ele>
        <time>2026-08-08T15:19:40.000Z</time>
      </trkpt>
      <trkpt lat="57.7119425497949123382568359375" lon="-4.2801063694059848785400390625">
        <ele>87.8000030517578125</ele>
        <time>2026-08-08T15:19:42.000Z</time>
      </trkpt>
      <trkpt lat="57.7119241096079349517822265625" lon="-4.28003051318228244781494140625">
        <ele>88</ele>
        <time>2026-08-08T15:19:44.000Z</time>
      </trkpt>
      <trkpt lat="57.7118312381207942962646484375" lon="-4.27977352403104305267333984375">
        <ele>87.8000030517578125</ele>
        <time>2026-08-08T15:19:51.000Z</time>
      </trkpt>
      <trkpt lat="57.71164155565202236175537109375" lon="-4.2796037904918193817138671875">
        <ele>87.8000030517578125</ele>
        <time>2026-08-08T15:19:58.000Z</time>
      </trkpt>
      <trkpt lat="57.71147794090211391448974609375" lon="-4.2795823328197002410888671875">
        <ele>88.40000152587890625</ele>
        <time>2026-08-08T15:20:04.000Z</time>
      </trkpt>
      <trkpt lat="57.7113876678049564361572265625" lon="-4.27959985099732875823974609375">
        <ele>88.59999847412109375</ele>
        <time>2026-08-08T15:20:08.000Z</time>
      </trkpt>
      <trkpt lat="57.711358331143856048583984375" lon="-4.2796098254621028900146484375">
        <ele>88.8000030517578125</ele>
        <time>2026-08-08T15:20:09.000Z</time>
      </trkpt>
      <trkpt lat="57.71126017905771732330322265625" lon="-4.279643185436725616455078125">
        <ele>89.59999847412109375</ele>
        <time>2026-08-08T15:20:13.000Z</time>
      </trkpt>
      <trkpt lat="57.71114744246006011962890625" lon="-4.279679395258426666259765625">
        <ele>89.8000030517578125</ele>
        <time>2026-08-08T15:20:17.000Z</time>
      </trkpt>
      <trkpt lat="57.7111191116273403167724609375" lon="-4.27970395423471927642822265625">
        <ele>89.8000030517578125</ele>
        <time>2026-08-08T15:20:18.000Z</time>
      </trkpt>
      <trkpt lat="57.7110886014997959136962890625" lon="-4.27971518598496913909912109375">
        <ele>90</ele>
        <time>2026-08-08T15:20:19.000Z</time>
      </trkpt>
      <trkpt lat="57.710889615118503570556640625" lon="-4.279793389141559600830078125">
        <ele>90.1999969482421875</ele>
        <time>2026-08-08T15:20:25.000Z</time>
      </trkpt>
      <trkpt lat="57.71073882468044757843017578125" lon="-4.27988718263804912567138671875">
        <ele>91</ele>
        <time>2026-08-08T15:20:30.000Z</time>
      </trkpt>
      <trkpt lat="57.7105796523392200469970703125" lon="-4.28000302053987979888916015625">
        <ele>91.1999969482421875</ele>
        <time>2026-08-08T15:20:35.000Z</time>
      </trkpt>
      <trkpt lat="57.71047060377895832061767578125" lon="-4.280089102685451507568359375">
        <ele>91.59999847412109375</ele>
        <time>2026-08-08T15:20:39.000Z</time>
      </trkpt>
      <trkpt lat="57.71042056381702423095703125" lon="-4.28012623451650142669677734375">
        <ele>92</ele>
        <time>2026-08-08T15:20:41.000Z</time>
      </trkpt>
      <trkpt lat="57.71035007201135158538818359375" lon="-4.28018205799162387847900390625">
        <ele>92</ele>
        <time>2026-08-08T15:20:44.000Z</time>
      </trkpt>
      <trkpt lat="57.71018846891820430755615234375" lon="-4.28029127418994903564453125">
        <ele>92.1999969482421875</ele>
        <time>2026-08-08T15:20:50.000Z</time>
      </trkpt>
      <trkpt lat="57.71000683307647705078125" lon="-4.2804651148617267608642578125">
        <ele>92.40000152587890625</ele>
        <time>2026-08-08T15:20:56.000Z</time>
      </trkpt>
      <trkpt lat="57.70989644341170787811279296875" lon="-4.2805663682520389556884765625">
        <ele>92.8000030517578125</ele>
        <time>2026-08-08T15:21:01.000Z</time>
      </trkpt>
      <trkpt lat="57.70989694632589817047119140625" lon="-4.2805603332817554473876953125">
        <ele>92.59999847412109375</ele>
        <time>2026-08-08T15:21:02.000Z</time>
      </trkpt>
      <trkpt lat="57.709896862506866455078125" lon="-4.28056041710078716278076171875">
        <ele>91.8000030517578125</ele>
        <time>2026-08-08T15:21:10.000Z</time>
      </trkpt>
      <trkpt lat="57.709896862506866455078125" lon="-4.28056041710078716278076171875">
        <ele>91.8000030517578125</ele>
        <time>2026-08-08T15:21:19.000Z</time>
      </trkpt>
      <trkpt lat="57.709896862506866455078125" lon="-4.28056041710078716278076171875">
        <ele>92</ele>
        <time>2026-08-08T15:21:28.000Z</time>
      </trkpt>
      <trkpt lat="57.709896862506866455078125" lon="-4.28056041710078716278076171875">
        <ele>91.40000152587890625</ele>
        <time>2026-08-08T15:21:34.000Z</time>
      </trkpt>
      <trkpt lat="57.709896862506866455078125" lon="-4.28056041710078716278076171875">
        <ele>91.40000152587890625</ele>
        <time>2026-08-08T15:21:38.000Z</time>
      </trkpt>
      <trkpt lat="57.709896862506866455078125" lon="-4.28056041710078716278076171875">
        <ele>91.40000152587890625</ele>
        <time>2026-08-08T15:21:45.000Z</time>
      </trkpt>
      <trkpt lat="57.709896862506866455078125" lon="-4.28056041710078716278076171875">
        <ele>91.1999969482421875</ele>
        <time>2026-08-08T15:21:50.000Z</time>
      </trkpt>
      <trkpt lat="57.709896862506866455078125" lon="-4.28056041710078716278076171875">
        <ele>91.1999969482421875</ele>
        <time>2026-08-08T15:21:58.000Z</time>
      </trkpt>
      <trkpt lat="57.709896862506866455078125" lon="-4.28056041710078716278076171875">
        <ele>91.40000152587890625</ele>
        <time>2026-08-08T15:22:06.000Z</time>
      </trkpt>
      <trkpt lat="57.709887810051441192626953125" lon="-4.280561842024326324462890625">
        <ele>91</ele>
        <time>2026-08-08T15:22:16.000Z</time>
      </trkpt>
      <trkpt lat="57.70988420583307743072509765625" lon="-4.28058673627674579620361328125">
        <ele>91</ele>
        <time>2026-08-08T15:22:22.000Z</time>
      </trkpt>
      <trkpt lat="57.70988420583307743072509765625" lon="-4.28058673627674579620361328125">
        <ele>91</ele>
        <time>2026-08-08T15:22:25.000Z</time>
      </trkpt>
      <trkpt lat="57.70988420583307743072509765625" lon="-4.28058673627674579620361328125">
        <ele>91.40000152587890625</ele>
        <time>2026-08-08T15:22:29.000Z</time>
      </trkpt>
      <trkpt lat="57.70988420583307743072509765625" lon="-4.28058673627674579620361328125">
        <ele>91.1999969482421875</ele>
        <time>2026-08-08T15:22:33.000Z</time>
      </trkpt>
      <trkpt lat="57.70988420583307743072509765625" lon="-4.28058673627674579620361328125">
        <ele>91</ele>
        <time>2026-08-08T15:22:44.000Z</time>
      </trkpt>
      <trkpt lat="57.70988420583307743072509765625" lon="-4.28058673627674579620361328125">
        <ele>91.1999969482421875</ele>
        <time>2026-08-08T15:22:54.000Z</time>
      </trkpt>
      <trkpt lat="57.70987481810152530670166015625" lon="-4.28058723919093608856201171875">
        <ele>91</ele>
        <time>2026-08-08T15:23:02.000Z</time>
      </trkpt>
      <trkpt lat="57.70977926440536975860595703125" lon="-4.28067147731781005859375">
        <ele>91.8000030517578125</ele>
        <time>2026-08-08T15:23:08.000Z</time>
      </trkpt>
      <trkpt lat="57.70960257388651371002197265625" lon="-4.280826710164546966552734375">
        <ele>91</ele>
        <time>2026-08-08T15:23:14.000Z</time>
      </trkpt>
      <trkpt lat="57.7093646116554737091064453125" lon="-4.28107640706002712249755859375">
        <ele>91</ele>
        <time>2026-08-08T15:23:22.000Z</time>
      </trkpt>
      <trkpt lat="57.70914039574563503265380859375" lon="-4.28131864406168460845947265625">
        <ele>91.40000152587890625</ele>
        <time>2026-08-08T15:23:30.000Z</time>
      </trkpt>
      <trkpt lat="57.70890469662845134735107421875" lon="-4.28160664625465869903564453125">
        <ele>91.40000152587890625</ele>
        <time>2026-08-08T15:23:37.000Z</time>
      </trkpt>
      <trkpt lat="57.70874820649623870849609375" lon="-4.281801693141460418701171875">
        <ele>92</ele>
        <time>2026-08-08T15:23:41.000Z</time>
      </trkpt>
      <trkpt lat="57.70862071774899959564208984375" lon="-4.28196941502392292022705078125">
        <ele>91.59999847412109375</ele>
        <time>2026-08-08T15:23:44.000Z</time>
      </trkpt>
      <trkpt lat="57.70848778076469898223876953125" lon="-4.28214794956147670745849609375">
        <ele>91</ele>
        <time>2026-08-08T15:23:47.000Z</time>
      </trkpt>
      <trkpt lat="57.70833916962146759033203125" lon="-4.2823336087167263031005859375">
        <ele>91</ele>
        <time>2026-08-08T15:23:50.000Z</time>
      </trkpt>
      <trkpt lat="57.70807857625186443328857421875" lon="-4.28266209550201892852783203125">
        <ele>90.1999969482421875</ele>
        <time>2026-08-08T15:23:55.000Z</time>
      </trkpt>
      <trkpt lat="57.7079165540635585784912109375" lon="-4.28287784568965435028076171875">
        <ele>90.40000152587890625</ele>
        <time>2026-08-08T15:23:58.000Z</time>
      </trkpt>
      <trkpt lat="57.70786215551197528839111328125" lon="-4.282946996390819549560546875">
        <ele>90.1999969482421875</ele>
        <time>2026-08-08T15:23:59.000Z</time>
      </trkpt>
      <trkpt lat="57.7078089304268360137939453125" lon="-4.28301966749131679534912109375">
        <ele>89.8000030517578125</ele>
        <time>2026-08-08T15:24:00.000Z</time>
      </trkpt>
      <trkpt lat="57.7075926773250102996826171875" lon="-4.2832985334098339080810546875">
        <ele>88.59999847412109375</ele>
        <time>2026-08-08T15:24:04.000Z</time>
      </trkpt>
      <trkpt lat="57.70744356326758861541748046875" lon="-4.28348301909863948822021484375">
        <ele>88.8000030517578125</ele>
        <time>2026-08-08T15:24:07.000Z</time>
      </trkpt>
      <trkpt lat="57.707000412046909332275390625" lon="-4.2839040420949459075927734375">
        <ele>88.1999969482421875</ele>
        <time>2026-08-08T15:24:15.000Z</time>
      </trkpt>
      <trkpt lat="57.70677200518548488616943359375" lon="-4.2840738594532012939453125">
        <ele>87.59999847412109375</ele>
        <time>2026-08-08T15:24:19.000Z</time>
      </trkpt>
      <trkpt lat="57.7063504792749881744384765625" lon="-4.28438273258507251739501953125">
        <ele>86.8000030517578125</ele>
        <time>2026-08-08T15:24:26.000Z</time>
      </trkpt>
      <trkpt lat="57.70629272796213626861572265625" lon="-4.284428916871547698974609375">
        <ele>86.59999847412109375</ele>
        <time>2026-08-08T15:24:27.000Z</time>
      </trkpt>
      <trkpt lat="57.70581965334713459014892578125" lon="-4.28475690074265003204345703125">
        <ele>85.40000152587890625</ele>
        <time>2026-08-08T15:24:35.000Z</time>
      </trkpt>
      <trkpt lat="57.70575963892042636871337890625" lon="-4.28479344584047794342041015625">
        <ele>85.1999969482421875</ele>
        <time>2026-08-08T15:24:36.000Z</time>
      </trkpt>
      <trkpt lat="57.70534942857921123504638671875" lon="-4.28497902117669582366943359375">
        <ele>85.8000030517578125</ele>
        <time>2026-08-08T15:24:43.000Z</time>
      </trkpt>
      <trkpt lat="57.70485590212047100067138671875" lon="-4.28519410081207752227783203125">
        <ele>85.40000152587890625</ele>
        <time>2026-08-08T15:24:52.000Z</time>
      </trkpt>
      <trkpt lat="57.70446614362299442291259765625" lon="-4.28536710329353809356689453125">
        <ele>85.1999969482421875</ele>
        <time>2026-08-08T15:25:00.000Z</time>
      </trkpt>
      <trkpt lat="57.70409457385540008544921875" lon="-4.285497106611728668212890625">
        <ele>85</ele>
        <time>2026-08-08T15:25:07.000Z</time>
      </trkpt>
      <trkpt lat="57.70384018309414386749267578125" lon="-4.28558654151856899261474609375">
        <ele>84.1999969482421875</ele>
        <time>2026-08-08T15:25:12.000Z</time>
      </trkpt>
      <trkpt lat="57.70373809151351451873779296875" lon="-4.2856233380734920501708984375">
        <ele>83.8000030517578125</ele>
        <time>2026-08-08T15:25:14.000Z</time>
      </trkpt>
      <trkpt lat="57.70353089086711406707763671875" lon="-4.2856944166123867034912109375">
        <ele>82.8000030517578125</ele>
        <time>2026-08-08T15:25:18.000Z</time>
      </trkpt>
      <trkpt lat="57.7032937668263912200927734375" lon="-4.28577505052089691162109375">
        <ele>81.8000030517578125</ele>
        <time>2026-08-08T15:25:22.000Z</time>
      </trkpt>
      <trkpt lat="57.70323249511420726776123046875" lon="-4.28579659201204776763916015625">
        <ele>81.8000030517578125</ele>
        <time>2026-08-08T15:25:23.000Z</time>
      </trkpt>
      <trkpt lat="57.70279294811189174652099609375" lon="-4.28601368330419063568115234375">
        <ele>80.59999847412109375</ele>
        <time>2026-08-08T15:25:30.000Z</time>
      </trkpt>
      <trkpt lat="57.7027298323810100555419921875" lon="-4.2860437743365764617919921875">
        <ele>80.1999969482421875</ele>
        <time>2026-08-08T15:25:31.000Z</time>
      </trkpt>
      <trkpt lat="57.70266889594495296478271484375" lon="-4.2860813252627849578857421875">
        <ele>79.8000030517578125</ele>
        <time>2026-08-08T15:25:32.000Z</time>
      </trkpt>
      <trkpt lat="57.70260754041373729705810546875" lon="-4.28611577488481998443603515625">
        <ele>79.40000152587890625</ele>
        <time>2026-08-08T15:25:33.000Z</time>
      </trkpt>
      <trkpt lat="57.70229791291058063507080078125" lon="-4.28627930581569671630859375">
        <ele>79</ele>
        <time>2026-08-08T15:25:38.000Z</time>
      </trkpt>
      <trkpt lat="57.7021601982414722442626953125" lon="-4.2863512225449085235595703125">
        <ele>78</ele>
        <time>2026-08-08T15:25:40.000Z</time>
      </trkpt>
      <trkpt lat="57.7018621377646923065185546875" lon="-4.2865280807018280029296875">
        <ele>77</ele>
        <time>2026-08-08T15:25:44.000Z</time>
      </trkpt>
      <trkpt lat="57.70171101205050945281982421875" lon="-4.28662120364606380462646484375">
        <ele>75.8000030517578125</ele>
        <time>2026-08-08T15:25:46.000Z</time>
      </trkpt>
      <trkpt lat="57.70155812613666057586669921875" lon="-4.286709465086460113525390625">
        <ele>75</ele>
        <time>2026-08-08T15:25:48.000Z</time>
      </trkpt>
      <trkpt lat="57.70133047364652156829833984375" lon="-4.28684382699429988861083984375">
        <ele>75.40000152587890625</ele>
        <time>2026-08-08T15:25:51.000Z</time>
      </trkpt>
      <trkpt lat="57.70125688053667545318603515625" lon="-4.2868866585195064544677734375">
        <ele>75.1999969482421875</ele>
        <time>2026-08-08T15:25:52.000Z</time>
      </trkpt>
      <trkpt lat="57.70111874677240848541259765625" lon="-4.28698766045272350311279296875">
        <ele>74.8000030517578125</ele>
        <time>2026-08-08T15:25:54.000Z</time>
      </trkpt>
      <trkpt lat="57.70091607235372066497802734375" lon="-4.28711573593318462371826171875">
        <ele>74</ele>
        <time>2026-08-08T15:25:57.000Z</time>
      </trkpt>
      <trkpt lat="57.70039287395775318145751953125" lon="-4.28745503537356853485107421875">
        <ele>74.40000152587890625</ele>
        <time>2026-08-08T15:26:05.000Z</time>
      </trkpt>
      <trkpt lat="57.7002705819904804229736328125" lon="-4.28752309642732143402099609375">
        <ele>74.8000030517578125</ele>
        <time>2026-08-08T15:26:07.000Z</time>
      </trkpt>
      <trkpt lat="57.7000382356345653533935546875" lon="-4.2876661755144596099853515625">
        <ele>74.59999847412109375</ele>
        <time>2026-08-08T15:26:11.000Z</time>
      </trkpt>
      <trkpt lat="57.699980400502681732177734375" lon="-4.2877028882503509521484375">
        <ele>74.40000152587890625</ele>
        <time>2026-08-08T15:26:12.000Z</time>
      </trkpt>
      <trkpt lat="57.69986313767731189727783203125" lon="-4.2877781577408313751220703125">
        <ele>73.40000152587890625</ele>
        <time>2026-08-08T15:26:14.000Z</time>
      </trkpt>
      <trkpt lat="57.699497602880001068115234375" lon="-4.28798058070242404937744140625">
        <ele>72.40000152587890625</ele>
        <time>2026-08-08T15:26:20.000Z</time>
      </trkpt>
      <trkpt lat="57.69943616352975368499755859375" lon="-4.2880111746490001678466796875">
        <ele>72.1999969482421875</ele>
        <time>2026-08-08T15:26:21.000Z</time>
      </trkpt>
      <trkpt lat="57.69925394095480442047119140625" lon="-4.2880971729755401611328125">
        <ele>71.40000152587890625</ele>
        <time>2026-08-08T15:26:24.000Z</time>
      </trkpt>
      <trkpt lat="57.69919191487133502960205078125" lon="-4.28811586461961269378662109375">
        <ele>71.1999969482421875</ele>
        <time>2026-08-08T15:26:25.000Z</time>
      </trkpt>
      <trkpt lat="57.69906501285731792449951171875" lon="-4.28814369253814220428466796875">
        <ele>71</ele>
        <time>2026-08-08T15:26:27.000Z</time>
      </trkpt>
      <trkpt lat="57.698870636522769927978515625" lon="-4.28818107582628726959228515625">
        <ele>70.40000152587890625</ele>
        <time>2026-08-08T15:26:30.000Z</time>
      </trkpt>
      <trkpt lat="57.6987407170236110687255859375" lon="-4.28820102475583553314208984375">
        <ele>69.59999847412109375</ele>
        <time>2026-08-08T15:26:32.000Z</time>
      </trkpt>
      <trkpt lat="57.69854508340358734130859375" lon="-4.28822499699890613555908203125">
        <ele>68.8000030517578125</ele>
        <time>2026-08-08T15:26:35.000Z</time>
      </trkpt>
      <trkpt lat="57.69848045893013477325439453125" lon="-4.2882267571985721588134765625">
        <ele>68.40000152587890625</ele>
        <time>2026-08-08T15:26:36.000Z</time>
      </trkpt>
      <trkpt lat="57.69802330993115901947021484375" lon="-4.2881761305034160614013671875">
        <ele>68</ele>
        <time>2026-08-08T15:26:43.000Z</time>
      </trkpt>
      <trkpt lat="57.69769482314586639404296875" lon="-4.288078732788562774658203125">
        <ele>67</ele>
        <time>2026-08-08T15:26:48.000Z</time>
      </trkpt>
      <trkpt lat="57.697556018829345703125" lon="-4.2880631424486637115478515625">
        <ele>66.40000152587890625</ele>
        <time>2026-08-08T15:26:50.000Z</time>
      </trkpt>
      <trkpt lat="57.69748519174754619598388671875" lon="-4.288077391684055328369140625">
        <ele>66.1999969482421875</ele>
        <time>2026-08-08T15:26:51.000Z</time>
      </trkpt>
      <trkpt lat="57.6974157057702541351318359375" lon="-4.28810052573680877685546875">
        <ele>66</ele>
        <time>2026-08-08T15:26:52.000Z</time>
      </trkpt>
      <trkpt lat="57.69734370522201061248779296875" lon="-4.28813271224498748779296875">
        <ele>66</ele>
        <time>2026-08-08T15:26:53.000Z</time>
      </trkpt>
      <trkpt lat="57.69727061502635478973388671875" lon="-4.28817520849406719207763671875">
        <ele>65.8000030517578125</ele>
        <time>2026-08-08T15:26:54.000Z</time>
      </trkpt>
      <trkpt lat="57.69712208770215511322021484375" lon="-4.28829364478588104248046875">
        <ele>65.1999969482421875</ele>
        <time>2026-08-08T15:26:56.000Z</time>
      </trkpt>
      <trkpt lat="57.6970469020307064056396484375" lon="-4.2883586883544921875">
        <ele>64.59999847412109375</ele>
        <time>2026-08-08T15:26:57.000Z</time>
      </trkpt>
      <trkpt lat="57.696905247867107391357421875" lon="-4.2885040305554866790771484375">
        <ele>63.40000152587890625</ele>
        <time>2026-08-08T15:26:59.000Z</time>
      </trkpt>
      <trkpt lat="57.69671003334224224090576171875" lon="-4.2887688986957073211669921875">
        <ele>62.200000762939453125</ele>
        <time>2026-08-08T15:27:02.000Z</time>
      </trkpt>
      <trkpt lat="57.69646075554192066192626953125" lon="-4.28912739269435405731201171875">
        <ele>61.200000762939453125</ele>
        <time>2026-08-08T15:27:06.000Z</time>
      </trkpt>
      <trkpt lat="57.6962804608047008514404296875" lon="-4.289431236684322357177734375">
        <ele>59.799999237060546875</ele>
        <time>2026-08-08T15:27:09.000Z</time>
      </trkpt>
      <trkpt lat="57.69621851854026317596435546875" lon="-4.2895360104739665985107421875">
        <ele>59.40000152587890625</ele>
        <time>2026-08-08T15:27:10.000Z</time>
      </trkpt>
      <trkpt lat="57.696019448339939117431640625" lon="-4.28982979618012905120849609375">
        <ele>58.40000152587890625</ele>
        <time>2026-08-08T15:27:13.000Z</time>
      </trkpt>
      <trkpt lat="57.695814259350299835205078125" lon="-4.290161468088626861572265625">
        <ele>57.799999237060546875</ele>
        <time>2026-08-08T15:27:16.000Z</time>
      </trkpt>
      <trkpt lat="57.695740163326263427734375" lon="-4.29027772508561611175537109375">
        <ele>57.40000152587890625</ele>
        <time>2026-08-08T15:27:17.000Z</time>
      </trkpt>
      <trkpt lat="57.69553103484213352203369140625" lon="-4.290631525218486785888671875">
        <ele>56</ele>
        <time>2026-08-08T15:27:20.000Z</time>
      </trkpt>
      <trkpt lat="57.695470266044139862060546875" lon="-4.29073822684586048126220703125">
        <ele>55.59999847412109375</ele>
        <time>2026-08-08T15:27:21.000Z</time>
      </trkpt>
      <trkpt lat="57.69533707760274410247802734375" lon="-4.2909719981253147125244140625">
        <ele>54</ele>
        <time>2026-08-08T15:27:23.000Z</time>
      </trkpt>
      <trkpt lat="57.6952052302658557891845703125" lon="-4.29118732921779155731201171875">
        <ele>53.40000152587890625</ele>
        <time>2026-08-08T15:27:25.000Z</time>
      </trkpt>
      <trkpt lat="57.69513959996402263641357421875" lon="-4.2912911809980869293212890625">
        <ele>53.200000762939453125</ele>
        <time>2026-08-08T15:27:26.000Z</time>
      </trkpt>
      <trkpt lat="57.6950768195092678070068359375" lon="-4.2914004810154438018798828125">
        <ele>52.799999237060546875</ele>
        <time>2026-08-08T15:27:27.000Z</time>
      </trkpt>
      <trkpt lat="57.694777585566043853759765625" lon="-4.29187162779271602630615234375">
        <ele>51.799999237060546875</ele>
        <time>2026-08-08T15:27:32.000Z</time>
      </trkpt>
      <trkpt lat="57.69461874850094318389892578125" lon="-4.292139597237110137939453125">
        <ele>52.200000762939453125</ele>
        <time>2026-08-08T15:27:35.000Z</time>
      </trkpt>
      <trkpt lat="57.6945185847580432891845703125" lon="-4.29230220615863800048828125">
        <ele>52.799999237060546875</ele>
        <time>2026-08-08T15:27:37.000Z</time>
      </trkpt>
      <trkpt lat="57.69433669745922088623046875" lon="-4.29260035045444965362548828125">
        <ele>51.200000762939453125</ele>
        <time>2026-08-08T15:27:41.000Z</time>
      </trkpt>
      <trkpt lat="57.69429688341915607452392578125" lon="-4.29265298880636692047119140625">
        <ele>51</ele>
        <time>2026-08-08T15:27:42.000Z</time>
      </trkpt>
      <trkpt lat="57.6942456699907779693603515625" lon="-4.2927311919629573822021484375">
        <ele>51</ele>
        <time>2026-08-08T15:27:43.000Z</time>
      </trkpt>
      <trkpt lat="57.6940730027854442596435546875" lon="-4.292934872210025787353515625">
        <ele>52.59999847412109375</ele>
        <time>2026-08-08T15:27:46.000Z</time>
      </trkpt>
      <trkpt lat="57.69401206634938716888427734375" lon="-4.29300963878631591796875">
        <ele>52.200000762939453125</ele>
        <time>2026-08-08T15:27:47.000Z</time>
      </trkpt>
      <trkpt lat="57.6938855834305286407470703125" lon="-4.29315523244440555572509765625">
        <ele>51.40000152587890625</ele>
        <time>2026-08-08T15:27:49.000Z</time>
      </trkpt>
      <trkpt lat="57.693679891526699066162109375" lon="-4.2933355271816253662109375">
        <ele>50.200000762939453125</ele>
        <time>2026-08-08T15:27:52.000Z</time>
      </trkpt>
      <trkpt lat="57.6936091482639312744140625" lon="-4.29338288493454456329345703125">
        <ele>50</ele>
        <time>2026-08-08T15:27:53.000Z</time>
      </trkpt>
      <trkpt lat="57.69345886074006557464599609375" lon="-4.29346502758562564849853515625">
        <ele>49.200000762939453125</ele>
        <time>2026-08-08T15:27:55.000Z</time>
      </trkpt>
      <trkpt lat="57.6933156140148639678955078125" lon="-4.293546415865421295166015625">
        <ele>48.200000762939453125</ele>
        <time>2026-08-08T15:27:57.000Z</time>
      </trkpt>
      <trkpt lat="57.6932498998939990997314453125" lon="-4.29358153603971004486083984375">
        <ele>48</ele>
        <time>2026-08-08T15:27:58.000Z</time>
      </trkpt>
      <trkpt lat="57.69318242557346820831298828125" lon="-4.2936230264604091644287109375">
        <ele>47.799999237060546875</ele>
        <time>2026-08-08T15:27:59.000Z</time>
      </trkpt>
      <trkpt lat="57.69311922602355480194091796875" lon="-4.2936600744724273681640625">
        <ele>47.799999237060546875</ele>
        <time>2026-08-08T15:28:00.000Z</time>
      </trkpt>
      <trkpt lat="57.6928532682359218597412109375" lon="-4.29381287656724452972412109375">
        <ele>46.799999237060546875</ele>
        <time>2026-08-08T15:28:04.000Z</time>
      </trkpt>
      <trkpt lat="57.6925132982432842254638671875" lon="-4.29396240971982479095458984375">
        <ele>47.59999847412109375</ele>
        <time>2026-08-08T15:28:09.000Z</time>
      </trkpt>
      <trkpt lat="57.69244833849370479583740234375" lon="-4.29398789070546627044677734375">
        <ele>48</ele>
        <time>2026-08-08T15:28:10.000Z</time>
      </trkpt>
      <trkpt lat="57.6921216957271099090576171875" lon="-4.294062070548534393310546875">
        <ele>46.200000762939453125</ele>
        <time>2026-08-08T15:28:15.000Z</time>
      </trkpt>
      <trkpt lat="57.692052461206912994384765625" lon="-4.294074811041355133056640625">
        <ele>45</ele>
        <time>2026-08-08T15:28:16.000Z</time>
      </trkpt>
      <trkpt lat="57.69190820865333080291748046875" lon="-4.29410004056990146636962890625">
        <ele>44</ele>
        <time>2026-08-08T15:28:18.000Z</time>
      </trkpt>
      <trkpt lat="57.6916117407381534576416015625" lon="-4.29412350989878177642822265625">
        <ele>43.59999847412109375</ele>
        <time>2026-08-08T15:28:22.000Z</time>
      </trkpt>
      <trkpt lat="57.69137226976454257965087890625" lon="-4.29412803612649440765380859375">
        <ele>42.200000762939453125</ele>
        <time>2026-08-08T15:28:25.000Z</time>
      </trkpt>
      <trkpt lat="57.69121401943266391754150390625" lon="-4.294131137430667877197265625">
        <ele>41.200000762939453125</ele>
        <time>2026-08-08T15:28:27.000Z</time>
      </trkpt>
      <trkpt lat="57.6911386661231517791748046875" lon="-4.29412082768976688385009765625">
        <ele>40.59999847412109375</ele>
        <time>2026-08-08T15:28:28.000Z</time>
      </trkpt>
      <trkpt lat="57.6909076608717441558837890625" lon="-4.2941200733184814453125">
        <ele>39.200000762939453125</ele>
        <time>2026-08-08T15:28:31.000Z</time>
      </trkpt>
      <trkpt lat="57.690832056105136871337890625" lon="-4.2941155470907688140869140625">
        <ele>38.799999237060546875</ele>
        <time>2026-08-08T15:28:32.000Z</time>
      </trkpt>
      <trkpt lat="57.69042670726776123046875" lon="-4.2941051535308361053466796875">
        <ele>39.40000152587890625</ele>
        <time>2026-08-08T15:28:37.000Z</time>
      </trkpt>
      <trkpt lat="57.69034448079764842987060546875" lon="-4.29410121403634548187255859375">
        <ele>39</ele>
        <time>2026-08-08T15:28:38.000Z</time>
      </trkpt>
      <trkpt lat="57.69010308198630809783935546875" lon="-4.2940771579742431640625">
        <ele>38</ele>
        <time>2026-08-08T15:28:41.000Z</time>
      </trkpt>
      <trkpt lat="57.6898781955242156982421875" lon="-4.29407380521297454833984375">
        <ele>37</ele>
        <time>2026-08-08T15:28:44.000Z</time>
      </trkpt>
      <trkpt lat="57.6897199451923370361328125" lon="-4.2940696142613887786865234375">
        <ele>36.799999237060546875</ele>
        <time>2026-08-08T15:28:46.000Z</time>
      </trkpt>
      <trkpt lat="57.68942280672490596771240234375" lon="-4.29406844079494476318359375">
        <ele>35.799999237060546875</ele>
        <time>2026-08-08T15:28:50.000Z</time>
      </trkpt>
      <trkpt lat="57.68900672905147075653076171875" lon="-4.294047653675079345703125">
        <ele>36.40000152587890625</ele>
        <time>2026-08-08T15:28:56.000Z</time>
      </trkpt>
      <trkpt lat="57.6888933219015598297119140625" lon="-4.294043295085430145263671875">
        <ele>37</ele>
        <time>2026-08-08T15:28:58.000Z</time>
      </trkpt>
      <trkpt lat="57.688788212835788726806640625" lon="-4.29403893649578094482421875">
        <ele>36.799999237060546875</ele>
        <time>2026-08-08T15:29:00.000Z</time>
      </trkpt>
      <trkpt lat="57.6885704509913921356201171875" lon="-4.2940327338874340057373046875">
        <ele>36</ele>
        <time>2026-08-08T15:29:04.000Z</time>
      </trkpt>
      <trkpt lat="57.688509263098239898681640625" lon="-4.294031225144863128662109375">
        <ele>36</ele>
        <time>2026-08-08T15:29:05.000Z</time>
      </trkpt>
      <trkpt lat="57.688265182077884674072265625" lon="-4.2940310575067996978759765625">
        <ele>35.59999847412109375</ele>
        <time>2026-08-08T15:29:09.000Z</time>
      </trkpt>
      <trkpt lat="57.68814825452864170074462890625" lon="-4.2940297164022922515869140625">
        <ele>35.200000762939453125</ele>
        <time>2026-08-08T15:29:11.000Z</time>
      </trkpt>
      <trkpt lat="57.6879765093326568603515625" lon="-4.29402762092649936676025390625">
        <ele>34.799999237060546875</ele>
        <time>2026-08-08T15:29:14.000Z</time>
      </trkpt>
      <trkpt lat="57.68780157901346683502197265625" lon="-4.29401236586272716522216796875">
        <ele>34.40000152587890625</ele>
        <time>2026-08-08T15:29:17.000Z</time>
      </trkpt>
      <trkpt lat="57.68762840889394283294677734375" lon="-4.29403315298259258270263671875">
        <ele>34.200000762939453125</ele>
        <time>2026-08-08T15:29:20.000Z</time>
      </trkpt>
      <trkpt lat="57.68745155073702335357666015625" lon="-4.29408696480095386505126953125">
        <ele>33.59999847412109375</ele>
        <time>2026-08-08T15:29:23.000Z</time>
      </trkpt>
      <trkpt lat="57.6873879320919513702392578125" lon="-4.29410356096923351287841796875">
        <ele>33.200000762939453125</ele>
        <time>2026-08-08T15:29:24.000Z</time>
      </trkpt>
      <trkpt lat="57.68725189380347728729248046875" lon="-4.294140525162220001220703125">
        <ele>32.40000152587890625</ele>
        <time>2026-08-08T15:29:26.000Z</time>
      </trkpt>
      <trkpt lat="57.68696774728596210479736328125" lon="-4.294240772724151611328125">
        <ele>31.6000003814697265625</ele>
        <time>2026-08-08T15:29:30.000Z</time>
      </trkpt>
      <trkpt lat="57.6868193037807941436767578125" lon="-4.29429240524768829345703125">
        <ele>31.3999996185302734375</ele>
        <time>2026-08-08T15:29:32.000Z</time>
      </trkpt>
      <trkpt lat="57.686599530279636383056640625" lon="-4.29436440579593181610107421875">
        <ele>30.200000762939453125</ele>
        <time>2026-08-08T15:29:35.000Z</time>
      </trkpt>
      <trkpt lat="57.68652652390301227569580078125" lon="-4.29438821040093898773193359375">
        <ele>29.3999996185302734375</ele>
        <time>2026-08-08T15:29:36.000Z</time>
      </trkpt>
      <trkpt lat="57.686454690992832183837890625" lon="-4.29441084153950214385986328125">
        <ele>29</ele>
        <time>2026-08-08T15:29:37.000Z</time>
      </trkpt>
      <trkpt lat="57.68596275709569454193115234375" lon="-4.294582419097423553466796875">
        <ele>28.3999996185302734375</ele>
        <time>2026-08-08T15:29:44.000Z</time>
      </trkpt>
      <trkpt lat="57.6858892478048801422119140625" lon="-4.29460823535919189453125">
        <ele>28</ele>
        <time>2026-08-08T15:29:45.000Z</time>
      </trkpt>
      <trkpt lat="57.685604095458984375" lon="-4.29470672272145748138427734375">
        <ele>26.3999996185302734375</ele>
        <time>2026-08-08T15:29:49.000Z</time>
      </trkpt>
      <trkpt lat="57.68553410656750202178955078125" lon="-4.29473505355417728424072265625">
        <ele>26</ele>
        <time>2026-08-08T15:29:50.000Z</time>
      </trkpt>
      <trkpt lat="57.685462273657321929931640625" lon="-4.2947559244930744171142578125">
        <ele>24.200000762939453125</ele>
        <time>2026-08-08T15:29:51.000Z</time>
      </trkpt>
      <trkpt lat="57.68538750708103179931640625" lon="-4.29476941935718059539794921875">
        <ele>22.200000762939453125</ele>
        <time>2026-08-08T15:29:52.000Z</time>
      </trkpt>
      <trkpt lat="57.685311399400234222412109375" lon="-4.29478752426803112030029296875">
        <ele>20.799999237060546875</ele>
        <time>2026-08-08T15:29:53.000Z</time>
      </trkpt>
      <trkpt lat="57.68508567474782466888427734375" lon="-4.29484854452311992645263671875">
        <ele>19.3999996185302734375</ele>
        <time>2026-08-08T15:29:56.000Z</time>
      </trkpt>
      <trkpt lat="57.6847483031451702117919921875" lon="-4.29492951370775699615478515625">
        <ele>21.200000762939453125</ele>
        <time>2026-08-08T15:30:01.000Z</time>
      </trkpt>
      <trkpt lat="57.6846892945468425750732421875" lon="-4.294948875904083251953125">
        <ele>22</ele>
        <time>2026-08-08T15:30:02.000Z</time>
      </trkpt>
      <trkpt lat="57.68462869338691234588623046875" lon="-4.29496455006301403045654296875">
        <ele>23.6000003814697265625</ele>
        <time>2026-08-08T15:30:03.000Z</time>
      </trkpt>
      <trkpt lat="57.68451252020895481109619140625" lon="-4.29500293917953968048095703125">
        <ele>25.3999996185302734375</ele>
        <time>2026-08-08T15:30:05.000Z</time>
      </trkpt>
      <trkpt lat="57.6842953450977802276611328125" lon="-4.295079968869686126708984375">
        <ele>26.200000762939453125</ele>
        <time>2026-08-08T15:30:09.000Z</time>
      </trkpt>
      <trkpt lat="57.684035338461399078369140625" lon="-4.29516102187335491180419921875">
        <ele>24.799999237060546875</ele>
        <time>2026-08-08T15:30:15.000Z</time>
      </trkpt>
      <trkpt lat="57.68378597684204578399658203125" lon="-4.29526126943528652191162109375">
        <ele>25</ele>
        <time>2026-08-08T15:30:21.000Z</time>
      </trkpt>
      <trkpt lat="57.68369813449680805206298828125" lon="-4.295293204486370086669921875">
        <ele>24.3999996185302734375</ele>
        <time>2026-08-08T15:30:23.000Z</time>
      </trkpt>
      <trkpt lat="57.68356452696025371551513671875" lon="-4.29533888585865497589111328125">
        <ele>24.6000003814697265625</ele>
        <time>2026-08-08T15:30:26.000Z</time>
      </trkpt>
      <trkpt lat="57.68343192525207996368408203125" lon="-4.2954144068062305450439453125">
        <ele>25</ele>
        <time>2026-08-08T15:30:29.000Z</time>
      </trkpt>
      <trkpt lat="57.6830266602337360382080078125" lon="-4.29562420584261417388916015625">
        <ele>25.200000762939453125</ele>
        <time>2026-08-08T15:30:38.000Z</time>
      </trkpt>
      <trkpt lat="57.682801187038421630859375" lon="-4.295757226645946502685546875">
        <ele>25.6000003814697265625</ele>
        <time>2026-08-08T15:30:43.000Z</time>
      </trkpt>
      <trkpt lat="57.68266833387315273284912109375" lon="-4.295842386782169342041015625">
        <ele>25.3999996185302734375</ele>
        <time>2026-08-08T15:30:46.000Z</time>
      </trkpt>
      <trkpt lat="57.68258719705045223236083984375" lon="-4.2959055863320827484130859375">
        <ele>25</ele>
        <time>2026-08-08T15:30:48.000Z</time>
      </trkpt>
      <trkpt lat="57.68250689841806888580322265625" lon="-4.2959706299006938934326171875">
        <ele>24.799999237060546875</ele>
        <time>2026-08-08T15:30:50.000Z</time>
      </trkpt>
      <trkpt lat="57.6824136078357696533203125" lon="-4.296031482517719268798828125">
        <ele>24.799999237060546875</ele>
        <time>2026-08-08T15:30:52.000Z</time>
      </trkpt>
      <trkpt lat="57.68219693563878536224365234375" lon="-4.2961942590773105621337890625">
        <ele>25.200000762939453125</ele>
        <time>2026-08-08T15:30:57.000Z</time>
      </trkpt>
      <trkpt lat="57.682151757180690765380859375" lon="-4.296221248805522918701171875">
        <ele>25.200000762939453125</ele>
        <time>2026-08-08T15:30:58.000Z</time>
      </trkpt>
      <trkpt lat="57.6819215901196002960205078125" lon="-4.29640037007629871368408203125">
        <ele>25.3999996185302734375</ele>
        <time>2026-08-08T15:31:03.000Z</time>
      </trkpt>
      <trkpt lat="57.68187607638537883758544921875" lon="-4.29643255658447742462158203125">
        <ele>25.3999996185302734375</ele>
        <time>2026-08-08T15:31:04.000Z</time>
      </trkpt>
      <trkpt lat="57.68170441500842571258544921875" lon="-4.29656197316944599151611328125">
        <ele>24.3999996185302734375</ele>
        <time>2026-08-08T15:31:08.000Z</time>
      </trkpt>
      <trkpt lat="57.68160701729357242584228515625" lon="-4.296644367277622222900390625">
        <ele>24.200000762939453125</ele>
        <time>2026-08-08T15:31:11.000Z</time>
      </trkpt>
      <trkpt lat="57.68141247332096099853515625" lon="-4.29678811691701412200927734375">
        <ele>23.799999237060546875</ele>
        <time>2026-08-08T15:31:17.000Z</time>
      </trkpt>
      <trkpt lat="57.68115741200745105743408203125" lon="-4.2969493009150028228759765625">
        <ele>24.3999996185302734375</ele>
        <time>2026-08-08T15:31:23.000Z</time>
      </trkpt>
      <trkpt lat="57.6807813160121440887451171875" lon="-4.2971896938979625701904296875">
        <ele>23.6000003814697265625</ele>
        <time>2026-08-08T15:31:31.000Z</time>
      </trkpt>
      <trkpt lat="57.6807333715260028839111328125" lon="-4.29722347296774387359619140625">
        <ele>23.200000762939453125</ele>
        <time>2026-08-08T15:31:32.000Z</time>
      </trkpt>
      <trkpt lat="57.68068618141114711761474609375" lon="-4.297257252037525177001953125">
        <ele>23</ele>
        <time>2026-08-08T15:31:33.000Z</time>
      </trkpt>
      <trkpt lat="57.68053798936307430267333984375" lon="-4.297333694994449615478515625">
        <ele>23</ele>
        <time>2026-08-08T15:31:36.000Z</time>
      </trkpt>
      <trkpt lat="57.68048887141048908233642578125" lon="-4.29736713878810405731201171875">
        <ele>23</ele>
        <time>2026-08-08T15:31:37.000Z</time>
      </trkpt>
      <trkpt lat="57.680440507829189300537109375" lon="-4.29740586318075656890869140625">
        <ele>22.799999237060546875</ele>
        <time>2026-08-08T15:31:38.000Z</time>
      </trkpt>
      <trkpt lat="57.680392898619174957275390625" lon="-4.2974445037543773651123046875">
        <ele>22.200000762939453125</ele>
        <time>2026-08-08T15:31:39.000Z</time>
      </trkpt>
      <trkpt lat="57.68014621920883655548095703125" lon="-4.297612644731998443603515625">
        <ele>22.200000762939453125</ele>
        <time>2026-08-08T15:31:44.000Z</time>
      </trkpt>
      <trkpt lat="57.67971731722354888916015625" lon="-4.29786887951195240020751953125">
        <ele>21.200000762939453125</ele>
        <time>2026-08-08T15:31:52.000Z</time>
      </trkpt>
      <trkpt lat="57.67931406386196613311767578125" lon="-4.298090748488903045654296875">
        <ele>19.799999237060546875</ele>
        <time>2026-08-08T15:31:59.000Z</time>
      </trkpt>
      <trkpt lat="57.6792633533477783203125" lon="-4.29814699105918407440185546875">
        <ele>19.200000762939453125</ele>
        <time>2026-08-08T15:32:00.000Z</time>
      </trkpt>
      <trkpt lat="57.679220102727413177490234375" lon="-4.29821874015033245086669921875">
        <ele>19</ele>
        <time>2026-08-08T15:32:01.000Z</time>
      </trkpt>
      <trkpt lat="57.67918364144861698150634765625" lon="-4.29829803295433521270751953125">
        <ele>18.6000003814697265625</ele>
        <time>2026-08-08T15:32:02.000Z</time>
      </trkpt>
      <trkpt lat="57.6791615970432758331298828125" lon="-4.2983822710812091827392578125">
        <ele>18.799999237060546875</ele>
        <time>2026-08-08T15:32:03.000Z</time>
      </trkpt>
      <trkpt lat="57.6791558973491191864013671875" lon="-4.29860112257301807403564453125">
        <ele>18.200000762939453125</ele>
        <time>2026-08-08T15:32:06.000Z</time>
      </trkpt>
      <trkpt lat="57.6791756786406040191650390625" lon="-4.29864202626049518585205078125">
        <ele>17.799999237060546875</ele>
        <time>2026-08-08T15:32:07.000Z</time>
      </trkpt>
      <trkpt lat="57.67919638194143772125244140625" lon="-4.29864051751792430877685546875">
        <ele>17.3999996185302734375</ele>
        <time>2026-08-08T15:32:08.000Z</time>
      </trkpt>
      <trkpt lat="57.67920861952006816864013671875" lon="-4.29862174205482006072998046875">
        <ele>17</ele>
        <time>2026-08-08T15:32:09.000Z</time>
      </trkpt>
      <trkpt lat="57.67921247519552707672119140625" lon="-4.29859559051692485809326171875">
        <ele>17.200000762939453125</ele>
        <time>2026-08-08T15:32:10.000Z</time>
      </trkpt>
      <trkpt lat="57.6792045123875141143798828125" lon="-4.29852702654898166656494140625">
        <ele>17.200000762939453125</ele>
        <time>2026-08-08T15:32:13.000Z</time>
      </trkpt>
      <trkpt lat="57.6792236231267452239990234375" lon="-4.29832183755934238433837890625">
        <ele>16.6000003814697265625</ele>
        <time>2026-08-08T15:32:19.000Z</time>
      </trkpt>
      <trkpt lat="57.6792356930673122406005859375" lon="-4.298285879194736480712890625">
        <ele>16.3999996185302734375</ele>
        <time>2026-08-08T15:32:20.000Z</time>
      </trkpt>
      <trkpt lat="57.67932127229869365692138671875" lon="-4.2981643415987491607666015625">
        <ele>16.3999996185302734375</ele>
        <time>2026-08-08T15:32:24.000Z</time>
      </trkpt>
      <trkpt lat="57.6795407943427562713623046875" lon="-4.29804003797471523284912109375">
        <ele>16.799999237060546875</ele>
        <time>2026-08-08T15:32:31.000Z</time>
      </trkpt>
      <trkpt lat="57.67966710962355136871337890625" lon="-4.29797465912997722625732421875">
        <ele>17.6000003814697265625</ele>
        <time>2026-08-08T15:32:35.000Z</time>
      </trkpt>
      <trkpt lat="57.679766602814197540283203125" lon="-4.2979269661009311676025390625">
        <ele>18</ele>
        <time>2026-08-08T15:32:38.000Z</time>
      </trkpt>
      <trkpt lat="57.68000087700784206390380859375" lon="-4.29779998026788234710693359375">
        <ele>18.3999996185302734375</ele>
        <time>2026-08-08T15:32:44.000Z</time>
      </trkpt>
      <trkpt lat="57.680112607777118682861328125" lon="-4.2977325059473514556884765625">
        <ele>18.799999237060546875</ele>
        <time>2026-08-08T15:32:47.000Z</time>
      </trkpt>
      <trkpt lat="57.68021981231868267059326171875" lon="-4.29766486398875713348388671875">
        <ele>19</ele>
        <time>2026-08-08T15:32:50.000Z</time>
      </trkpt>
      <trkpt lat="57.68046137876808643341064453125" lon="-4.29750703275203704833984375">
        <ele>19.6000003814697265625</ele>
        <time>2026-08-08T15:32:57.000Z</time>
      </trkpt>
      <trkpt lat="57.6804943196475505828857421875" lon="-4.29748423397541046142578125">
        <ele>19.6000003814697265625</ele>
        <time>2026-08-08T15:32:58.000Z</time>
      </trkpt>
      <trkpt lat="57.6805280148983001708984375" lon="-4.29746889509260654449462890625">
        <ele>19.799999237060546875</ele>
        <time>2026-08-08T15:32:59.000Z</time>
      </trkpt>
      <trkpt lat="57.68066279590129852294921875" lon="-4.29738524369895458221435546875">
        <ele>20.200000762939453125</ele>
        <time>2026-08-08T15:33:03.000Z</time>
      </trkpt>
      <trkpt lat="57.6807343773543834686279296875" lon="-4.29734165780246257781982421875">
        <ele>20.3999996185302734375</ele>
        <time>2026-08-08T15:33:05.000Z</time>
      </trkpt>
      <trkpt lat="57.68090846948325634002685546875" lon="-4.297203607857227325439453125">
        <ele>21</ele>
        <time>2026-08-08T15:33:10.000Z</time>
      </trkpt>
      <trkpt lat="57.68101676367223262786865234375" lon="-4.29713076911866664886474609375">
        <ele>21.799999237060546875</ele>
        <time>2026-08-08T15:33:13.000Z</time>
      </trkpt>
      <trkpt lat="57.68116663210093975067138671875" lon="-4.29706086404621601104736328125">
        <ele>21.200000762939453125</ele>
        <time>2026-08-08T15:33:17.000Z</time>
      </trkpt>
      <trkpt lat="57.68146486021578311920166015625" lon="-4.29689993150532245635986328125">
        <ele>21.200000762939453125</ele>
        <time>2026-08-08T15:33:24.000Z</time>
      </trkpt>
      <trkpt lat="57.68175235949456691741943359375" lon="-4.2968326248228549957275390625">
        <ele>21.3999996185302734375</ele>
        <time>2026-08-08T15:33:31.000Z</time>
      </trkpt>
      <trkpt lat="57.6818320713937282562255859375" lon="-4.2968876101076602935791015625">
        <ele>21.200000762939453125</ele>
        <time>2026-08-08T15:33:33.000Z</time>
      </trkpt>
      <trkpt lat="57.68189485184848308563232421875" lon="-4.296981655061244964599609375">
        <ele>20.799999237060546875</ele>
        <time>2026-08-08T15:33:35.000Z</time>
      </trkpt>
      <trkpt lat="57.6819415390491485595703125" lon="-4.2971082217991352081298828125">
        <ele>20.799999237060546875</ele>
        <time>2026-08-08T15:33:37.000Z</time>
      </trkpt>
      <trkpt lat="57.68196593038737773895263671875" lon="-4.29730008356273174285888671875">
        <ele>21.3999996185302734375</ele>
        <time>2026-08-08T15:33:39.000Z</time>
      </trkpt>
      <trkpt lat="57.68194623291492462158203125" lon="-4.29751046933233737945556640625">
        <ele>21.799999237060546875</ele>
        <time>2026-08-08T15:33:41.000Z</time>
      </trkpt>
      <trkpt lat="57.6819219253957271575927734375" lon="-4.2976087890565395355224609375">
        <ele>21.799999237060546875</ele>
        <time>2026-08-08T15:33:42.000Z</time>
      </trkpt>
      <trkpt lat="57.68188211135566234588623046875" lon="-4.29768917150795459747314453125">
        <ele>22</ele>
        <time>2026-08-08T15:33:43.000Z</time>
      </trkpt>
      <trkpt lat="57.68177716992795467376708984375" lon="-4.2978005670011043548583984375">
        <ele>21.6000003814697265625</ele>
        <time>2026-08-08T15:33:45.000Z</time>
      </trkpt>
      <trkpt lat="57.681481875479221343994140625" lon="-4.2980617471039295196533203125">
        <ele>21</ele>
        <time>2026-08-08T15:33:50.000Z</time>
      </trkpt>
      <trkpt lat="57.68141842447221279144287109375" lon="-4.29812201298773288726806640625">
        <ele>20.6000003814697265625</ele>
        <time>2026-08-08T15:33:51.000Z</time>
      </trkpt>
      <trkpt lat="57.68129873089492321014404296875" lon="-4.29824857972562313079833984375">
        <ele>20</ele>
        <time>2026-08-08T15:33:53.000Z</time>
      </trkpt>
      <trkpt lat="57.6810595951974391937255859375" lon="-4.29853222332894802093505859375">
        <ele>19.799999237060546875</ele>
        <time>2026-08-08T15:33:57.000Z</time>
      </trkpt>
      <trkpt lat="57.68085096962749958038330078125" lon="-4.29885978810489177703857421875">
        <ele>19</ele>
        <time>2026-08-08T15:34:01.000Z</time>
      </trkpt>
      <trkpt lat="57.68076715059578418731689453125" lon="-4.29899574257433414459228515625">
        <ele>19.200000762939453125</ele>
        <time>2026-08-08T15:34:03.000Z</time>
      </trkpt>
      <trkpt lat="57.68073647283017635345458984375" lon="-4.2990618757903575897216796875">
        <ele>19.3999996185302734375</ele>
        <time>2026-08-08T15:34:04.000Z</time>
      </trkpt>
      <trkpt lat="57.68069657497107982635498046875" lon="-4.29921886883676052093505859375">
        <ele>19.200000762939453125</ele>
        <time>2026-08-08T15:34:07.000Z</time>
      </trkpt>
      <trkpt lat="57.68068919889628887176513671875" lon="-4.29934929125010967254638671875">
        <ele>18.799999237060546875</ele>
        <time>2026-08-08T15:34:11.000Z</time>
      </trkpt>
      <trkpt lat="57.6806277595460414886474609375" lon="-4.29954039864242076873779296875">
        <ele>19</ele>
        <time>2026-08-08T15:34:15.000Z</time>
      </trkpt>
      <trkpt lat="57.68059364520013332366943359375" lon="-4.29969646967947483062744140625">
        <ele>18.3999996185302734375</ele>
        <time>2026-08-08T15:34:17.000Z</time>
      </trkpt>
      <trkpt lat="57.68051971681416034698486328125" lon="-4.29983125068247318267822265625">
        <ele>18</ele>
        <time>2026-08-08T15:34:19.000Z</time>
      </trkpt>
      <trkpt lat="57.68047696910798549652099609375" lon="-4.29989361204206943511962890625">
        <ele>17.799999237060546875</ele>
        <time>2026-08-08T15:34:20.000Z</time>
      </trkpt>
      <trkpt lat="57.68043749034404754638671875" lon="-4.2999617569148540496826171875">
        <ele>17.6000003814697265625</ele>
        <time>2026-08-08T15:34:21.000Z</time>
      </trkpt>
      <trkpt lat="57.68028192222118377685546875" lon="-4.30025369860231876373291015625">
        <ele>17.799999237060546875</ele>
        <time>2026-08-08T15:34:25.000Z</time>
      </trkpt>
      <trkpt lat="57.68024361692368984222412109375" lon="-4.30030918680131435394287109375">
        <ele>18.200000762939453125</ele>
        <time>2026-08-08T15:34:26.000Z</time>
      </trkpt>
      <trkpt lat="57.68019081093370914459228515625" lon="-4.3004004657268524169921875">
        <ele>18.799999237060546875</ele>
        <time>2026-08-08T15:34:28.000Z</time>
      </trkpt>
      <trkpt lat="57.68016197718679904937744140625" lon="-4.3004559539258480072021484375">
        <ele>19.200000762939453125</ele>
        <time>2026-08-08T15:34:29.000Z</time>
      </trkpt>
      <trkpt lat="57.68010514788329601287841796875" lon="-4.30057221092283725738525390625">
        <ele>20</ele>
        <time>2026-08-08T15:34:32.000Z</time>
      </trkpt>
      <trkpt lat="57.6800829358398914337158203125" lon="-4.30060707964003086090087890625">
        <ele>20.200000762939453125</ele>
        <time>2026-08-08T15:34:33.000Z</time>
      </trkpt>
      <trkpt lat="57.67996936105191707611083984375" lon="-4.30088460445404052734375">
        <ele>20</ele>
        <time>2026-08-08T15:34:38.000Z</time>
      </trkpt>
      <trkpt lat="57.67992443405091762542724609375" lon="-4.3011674098670482635498046875">
        <ele>19.3999996185302734375</ele>
        <time>2026-08-08T15:34:42.000Z</time>
      </trkpt>
      <trkpt lat="57.67987380735576152801513671875" lon="-4.30146320722997188568115234375">
        <ele>19.3999996185302734375</ele>
        <time>2026-08-08T15:34:46.000Z</time>
      </trkpt>
      <trkpt lat="57.679852433502674102783203125" lon="-4.30154702626168727874755859375">
        <ele>19.200000762939453125</ele>
        <time>2026-08-08T15:34:47.000Z</time>
      </trkpt>
      <trkpt lat="57.6797838695347309112548828125" lon="-4.30173327215015888214111328125">
        <ele>19.799999237060546875</ele>
        <time>2026-08-08T15:34:50.000Z</time>
      </trkpt>
      <trkpt lat="57.67967750318348407745361328125" lon="-4.30186050944030284881591796875">
        <ele>20.799999237060546875</ele>
        <time>2026-08-08T15:34:53.000Z</time>
      </trkpt>
      <trkpt lat="57.67960391007363796234130859375" lon="-4.30195103399455547332763671875">
        <ele>21</ele>
        <time>2026-08-08T15:34:55.000Z</time>
      </trkpt>
      <trkpt lat="57.6795112900435924530029296875" lon="-4.30217684246599674224853515625">
        <ele>21</ele>
        <time>2026-08-08T15:34:58.000Z</time>
      </trkpt>
      <trkpt lat="57.67948086373507976531982421875" lon="-4.3022458255290985107421875">
        <ele>21</ele>
        <time>2026-08-08T15:34:59.000Z</time>
      </trkpt>
      <trkpt lat="57.6794459111988544464111328125" lon="-4.3023033253848552703857421875">
        <ele>21</ele>
        <time>2026-08-08T15:35:00.000Z</time>
      </trkpt>
      <trkpt lat="57.67941766418516635894775390625" lon="-4.30237063206732273101806640625">
        <ele>21.200000762939453125</ele>
        <time>2026-08-08T15:35:01.000Z</time>
      </trkpt>
      <trkpt lat="57.67936452291905879974365234375" lon="-4.3025779165327548980712890625">
        <ele>21.3999996185302734375</ele>
        <time>2026-08-08T15:35:04.000Z</time>
      </trkpt>
      <trkpt lat="57.67932328395545482635498046875" lon="-4.3027173914015293121337890625">
        <ele>21.6000003814697265625</ele>
        <time>2026-08-08T15:35:06.000Z</time>
      </trkpt>
      <trkpt lat="57.6792651973664760589599609375" lon="-4.3028481490910053253173828125">
        <ele>22</ele>
        <time>2026-08-08T15:35:08.000Z</time>
      </trkpt>
      <trkpt lat="57.67923896200954914093017578125" lon="-4.30291436612606048583984375">
        <ele>22</ele>
        <time>2026-08-08T15:35:09.000Z</time>
      </trkpt>
      <trkpt lat="57.679148353636264801025390625" lon="-4.303122572600841522216796875">
        <ele>22.3999996185302734375</ele>
        <time>2026-08-08T15:35:12.000Z</time>
      </trkpt>
      <trkpt lat="57.67909781076014041900634765625" lon="-4.3032793141901493072509765625">
        <ele>22.3999996185302734375</ele>
        <time>2026-08-08T15:35:14.000Z</time>
      </trkpt>
      <trkpt lat="57.678947858512401580810546875" lon="-4.30364971049129962921142578125">
        <ele>22.3999996185302734375</ele>
        <time>2026-08-08T15:35:20.000Z</time>
      </trkpt>
      <trkpt lat="57.67889932729303836822509765625" lon="-4.3038390576839447021484375">
        <ele>22.3999996185302734375</ele>
        <time>2026-08-08T15:35:23.000Z</time>
      </trkpt>
      <trkpt lat="57.67887569032609462738037109375" lon="-4.3039056099951267242431640625">
        <ele>22.3999996185302734375</ele>
        <time>2026-08-08T15:35:24.000Z</time>
      </trkpt>
      <trkpt lat="57.67881869338452816009521484375" lon="-4.3040885031223297119140625">
        <ele>22.799999237060546875</ele>
        <time>2026-08-08T15:35:27.000Z</time>
      </trkpt>
      <trkpt lat="57.67879597842693328857421875" lon="-4.30410325527191162109375">
        <ele>23</ele>
        <time>2026-08-08T15:35:28.000Z</time>
      </trkpt>
      <trkpt lat="57.67873990349471569061279296875" lon="-4.30406478233635425567626953125">
        <ele>23</ele>
        <time>2026-08-08T15:35:31.000Z</time>
      </trkpt>
      <trkpt lat="57.6786764524877071380615234375" lon="-4.3040571548044681549072265625">
        <ele>22.799999237060546875</ele>
        <time>2026-08-08T15:35:33.000Z</time>
      </trkpt>
      <trkpt lat="57.67863781191408634185791015625" lon="-4.30411255918443202972412109375">
        <ele>22.799999237060546875</ele>
        <time>2026-08-08T15:35:35.000Z</time>
      </trkpt>
      <trkpt lat="57.67858886159956455230712890625" lon="-4.30434725247323513031005859375">
        <ele>23</ele>
        <time>2026-08-08T15:35:39.000Z</time>
      </trkpt>
      <trkpt lat="57.67851971089839935302734375" lon="-4.3046356737613677978515625">
        <ele>22.3999996185302734375</ele>
        <time>2026-08-08T15:35:43.000Z</time>
      </trkpt>
      <trkpt lat="57.67850437201559543609619140625" lon="-4.30471924133598804473876953125">
        <ele>22.6000003814697265625</ele>
        <time>2026-08-08T15:35:44.000Z</time>
      </trkpt>
      <trkpt lat="57.67848341725766658782958984375" lon="-4.30480071343481540679931640625">
        <ele>22.799999237060546875</ele>
        <time>2026-08-08T15:35:45.000Z</time>
      </trkpt>
      <trkpt lat="57.67842541448771953582763671875" lon="-4.30503859184682369232177734375">
        <ele>23.200000762939453125</ele>
        <time>2026-08-08T15:35:48.000Z</time>
      </trkpt>
      <trkpt lat="57.678393311798572540283203125" lon="-4.30518292821943759918212890625">
        <ele>23.3999996185302734375</ele>
        <time>2026-08-08T15:35:50.000Z</time>
      </trkpt>
      <trkpt lat="57.678344361484050750732421875" lon="-4.305416531860828399658203125">
        <ele>23.3999996185302734375</ele>
        <time>2026-08-08T15:35:53.000Z</time>
      </trkpt>
      <trkpt lat="57.6782969199120998382568359375" lon="-4.30558643303811550140380859375">
        <ele>23.200000762939453125</ele>
        <time>2026-08-08T15:35:55.000Z</time>
      </trkpt>
      <trkpt lat="57.67824671231210231781005859375" lon="-4.30575826205313205718994140625">
        <ele>23.3999996185302734375</ele>
        <time>2026-08-08T15:35:57.000Z</time>
      </trkpt>
      <trkpt lat="57.6781846024096012115478515625" lon="-4.30602547712624073028564453125">
        <ele>23.3999996185302734375</ele>
        <time>2026-08-08T15:36:00.000Z</time>
      </trkpt>
      <trkpt lat="57.67809919081628322601318359375" lon="-4.30642831139266490936279296875">
        <ele>22.799999237060546875</ele>
        <time>2026-08-08T15:36:05.000Z</time>
      </trkpt>
      <trkpt lat="57.6780246756970882415771484375" lon="-4.30682226084172725677490234375">
        <ele>22.799999237060546875</ele>
        <time>2026-08-08T15:36:11.000Z</time>
      </trkpt>
      <trkpt lat="57.678003720939159393310546875" lon="-4.30690876208245754241943359375">
        <ele>23.200000762939453125</ele>
        <time>2026-08-08T15:36:12.000Z</time>
      </trkpt>
      <trkpt lat="57.67791487276554107666015625" lon="-4.30721922777593135833740234375">
        <ele>23.3999996185302734375</ele>
        <time>2026-08-08T15:36:16.000Z</time>
      </trkpt>
      <trkpt lat="57.67782694660127162933349609375" lon="-4.30754310451447963714599609375">
        <ele>24.200000762939453125</ele>
        <time>2026-08-08T15:36:20.000Z</time>
      </trkpt>
      <trkpt lat="57.67780599184334278106689453125" lon="-4.3076311983168125152587890625">
        <ele>24.3999996185302734375</ele>
        <time>2026-08-08T15:36:21.000Z</time>
      </trkpt>
      <trkpt lat="57.6777785830199718475341796875" lon="-4.3077260814607143402099609375">
        <ele>24.3999996185302734375</ele>
        <time>2026-08-08T15:36:22.000Z</time>
      </trkpt>
      <trkpt lat="57.6777524314820766448974609375" lon="-4.30781383998692035675048828125">
        <ele>24.6000003814697265625</ele>
        <time>2026-08-08T15:36:23.000Z</time>
      </trkpt>
      <trkpt lat="57.67757079564034938812255859375" lon="-4.30839034728705883026123046875">
        <ele>24.799999237060546875</ele>
        <time>2026-08-08T15:36:30.000Z</time>
      </trkpt>
      <trkpt lat="57.67751614563167095184326171875" lon="-4.3085361085832118988037109375">
        <ele>24.6000003814697265625</ele>
        <time>2026-08-08T15:36:32.000Z</time>
      </trkpt>
      <trkpt lat="57.67746350727975368499755859375" lon="-4.30868455208837985992431640625">
        <ele>24.799999237060546875</ele>
        <time>2026-08-08T15:36:34.000Z</time>
      </trkpt>
      <trkpt lat="57.677441798150539398193359375" lon="-4.30876501835882663726806640625">
        <ele>24.799999237060546875</ele>
        <time>2026-08-08T15:36:35.000Z</time>
      </trkpt>
      <trkpt lat="57.67741539515554904937744140625" lon="-4.3088334985077381134033203125">
        <ele>24.799999237060546875</ele>
        <time>2026-08-08T15:36:36.000Z</time>
      </trkpt>
      <trkpt lat="57.67729184590280055999755859375" lon="-4.3092023022472858428955078125">
        <ele>24.799999237060546875</ele>
        <time>2026-08-08T15:36:41.000Z</time>
      </trkpt>
      <trkpt lat="57.6772116310894489288330078125" lon="-4.30937220342457294464111328125">
        <ele>25.200000762939453125</ele>
        <time>2026-08-08T15:36:44.000Z</time>
      </trkpt>
      <trkpt lat="57.6771851442754268646240234375" lon="-4.30943657644093036651611328125">
        <ele>25.200000762939453125</ele>
        <time>2026-08-08T15:36:45.000Z</time>
      </trkpt>
      <trkpt lat="57.67710928805172443389892578125" lon="-4.30968962609767913818359375">
        <ele>25.799999237060546875</ele>
        <time>2026-08-08T15:36:49.000Z</time>
      </trkpt>
      <trkpt lat="57.67710342071950435638427734375" lon="-4.309754334390163421630859375">
        <ele>25.799999237060546875</ele>
        <time>2026-08-08T15:36:50.000Z</time>
      </trkpt>
      <trkpt lat="57.67708095721900463104248046875" lon="-4.30982180871069431304931640625">
        <ele>25.6000003814697265625</ele>
        <time>2026-08-08T15:36:51.000Z</time>
      </trkpt>
      <trkpt lat="57.67701809294521808624267578125" lon="-4.3100083060562610626220703125">
        <ele>25.799999237060546875</ele>
        <time>2026-08-08T15:36:54.000Z</time>
      </trkpt>
      <trkpt lat="57.6769464276731014251708984375" lon="-4.31020704098045825958251953125">
        <ele>26</ele>
        <time>2026-08-08T15:36:57.000Z</time>
      </trkpt>
      <trkpt lat="57.6769206114113330841064453125" lon="-4.31026370264589786529541015625">
        <ele>26.200000762939453125</ele>
        <time>2026-08-08T15:36:58.000Z</time>
      </trkpt>
      <trkpt lat="57.676897309720516204833984375" lon="-4.3103167600929737091064453125">
        <ele>26.3999996185302734375</ele>
        <time>2026-08-08T15:36:59.000Z</time>
      </trkpt>
      <trkpt lat="57.676791362464427947998046875" lon="-4.3106714822351932525634765625">
        <ele>26.3999996185302734375</ele>
        <time>2026-08-08T15:37:05.000Z</time>
      </trkpt>
      <trkpt lat="57.676717936992645263671875" lon="-4.31094179861247539520263671875">
        <ele>27</ele>
        <time>2026-08-08T15:37:10.000Z</time>
      </trkpt>
      <trkpt lat="57.67666253261268138885498046875" lon="-4.31103249080479145050048828125">
        <ele>27.3999996185302734375</ele>
        <time>2026-08-08T15:37:12.000Z</time>
      </trkpt>
      <trkpt lat="57.67659866251051425933837890625" lon="-4.3111132085323333740234375">
        <ele>27.799999237060546875</ele>
        <time>2026-08-08T15:37:14.000Z</time>
      </trkpt>
      <trkpt lat="57.67652909271419048309326171875" lon="-4.3113869614899158477783203125">
        <ele>27.200000762939453125</ele>
        <time>2026-08-08T15:37:18.000Z</time>
      </trkpt>
      <trkpt lat="57.6764240674674510955810546875" lon="-4.3118105828762054443359375">
        <ele>26.200000762939453125</ele>
        <time>2026-08-08T15:37:22.000Z</time>
      </trkpt>
      <trkpt lat="57.6763598620891571044921875" lon="-4.31207788176834583282470703125">
        <ele>25.799999237060546875</ele>
        <time>2026-08-08T15:37:24.000Z</time>
      </trkpt>
      <trkpt lat="57.67633144743740558624267578125" lon="-4.312221296131610870361328125">
        <ele>25.6000003814697265625</ele>
        <time>2026-08-08T15:37:25.000Z</time>
      </trkpt>
      <trkpt lat="57.676245532929897308349609375" lon="-4.31267417035996913909912109375">
        <ele>26.3999996185302734375</ele>
        <time>2026-08-08T15:37:29.000Z</time>
      </trkpt>
      <trkpt lat="57.676213681697845458984375" lon="-4.312753714621067047119140625">
        <ele>26.799999237060546875</ele>
        <time>2026-08-08T15:37:30.000Z</time>
      </trkpt>
      <trkpt lat="57.676122821867465972900390625" lon="-4.31294591166079044342041015625">
        <ele>27</ele>
        <time>2026-08-08T15:37:33.000Z</time>
      </trkpt>
      <trkpt lat="57.676053084433078765869140625" lon="-4.31302486918866634368896484375">
        <ele>27.200000762939453125</ele>
        <time>2026-08-08T15:37:35.000Z</time>
      </trkpt>
      <trkpt lat="57.67601720988750457763671875" lon="-4.31307231076061725616455078125">
        <ele>27.200000762939453125</ele>
        <time>2026-08-08T15:37:36.000Z</time>
      </trkpt>
      <trkpt lat="57.67599030397832393646240234375" lon="-4.31313919834792613983154296875">
        <ele>27.200000762939453125</ele>
        <time>2026-08-08T15:37:37.000Z</time>
      </trkpt>
      <trkpt lat="57.67598502337932586669921875" lon="-4.31334857828915119171142578125">
        <ele>27.3999996185302734375</ele>
        <time>2026-08-08T15:37:40.000Z</time>
      </trkpt>
      <trkpt lat="57.67596750520169734954833984375" lon="-4.31342334486544132232666015625">
        <ele>27.3999996185302734375</ele>
        <time>2026-08-08T15:37:41.000Z</time>
      </trkpt>
      <trkpt lat="57.67592811025679111480712890625" lon="-4.31350649334490299224853515625">
        <ele>27.3999996185302734375</ele>
        <time>2026-08-08T15:37:43.000Z</time>
      </trkpt>
      <trkpt lat="57.67586004920303821563720703125" lon="-4.31360959075391292572021484375">
        <ele>27.6000003814697265625</ele>
        <time>2026-08-08T15:37:45.000Z</time>
      </trkpt>
      <trkpt lat="57.67578863538801670074462890625" lon="-4.31371872313320636749267578125">
        <ele>27.200000762939453125</ele>
        <time>2026-08-08T15:37:47.000Z</time>
      </trkpt>
      <trkpt lat="57.675766758620738983154296875" lon="-4.31378879584372043609619140625">
        <ele>27</ele>
        <time>2026-08-08T15:37:48.000Z</time>
      </trkpt>
      <trkpt lat="57.67574806697666645050048828125" lon="-4.313946627080440521240234375">
        <ele>26.799999237060546875</ele>
        <time>2026-08-08T15:37:50.000Z</time>
      </trkpt>
      <trkpt lat="57.6756643317639827728271484375" lon="-4.3142418377101421356201171875">
        <ele>26.6000003814697265625</ele>
        <time>2026-08-08T15:37:55.000Z</time>
      </trkpt>
      <trkpt lat="57.67558411695063114166259765625" lon="-4.31442565284669399261474609375">
        <ele>26.6000003814697265625</ele>
        <time>2026-08-08T15:37:58.000Z</time>
      </trkpt>
      <trkpt lat="57.6755503378808498382568359375" lon="-4.314537383615970611572265625">
        <ele>26.799999237060546875</ele>
        <time>2026-08-08T15:38:00.000Z</time>
      </trkpt>
      <trkpt lat="57.67547599039971828460693359375" lon="-4.3148292414844036102294921875">
        <ele>26.200000762939453125</ele>
        <time>2026-08-08T15:38:04.000Z</time>
      </trkpt>
      <trkpt lat="57.6752650178968906402587890625" lon="-4.3153215944766998291015625">
        <ele>26.799999237060546875</ele>
        <time>2026-08-08T15:38:10.000Z</time>
      </trkpt>
      <trkpt lat="57.67511858604848384857177734375" lon="-4.3156526796519756317138671875">
        <ele>26.3999996185302734375</ele>
        <time>2026-08-08T15:38:14.000Z</time>
      </trkpt>
      <trkpt lat="57.67507784999907016754150390625" lon="-4.3157341517508029937744140625">
        <ele>26.200000762939453125</ele>
        <time>2026-08-08T15:38:15.000Z</time>
      </trkpt>
      <trkpt lat="57.6749347709119319915771484375" lon="-4.3160680867731571197509765625">
        <ele>26.799999237060546875</ele>
        <time>2026-08-08T15:38:19.000Z</time>
      </trkpt>
      <trkpt lat="57.67490987665951251983642578125" lon="-4.316149055957794189453125">
        <ele>27</ele>
        <time>2026-08-08T15:38:20.000Z</time>
      </trkpt>
      <trkpt lat="57.67487668432295322418212890625" lon="-4.31622482836246490478515625">
        <ele>27</ele>
        <time>2026-08-08T15:38:21.000Z</time>
      </trkpt>
      <trkpt lat="57.67485179007053375244140625" lon="-4.31627419777214527130126953125">
        <ele>27.3999996185302734375</ele>
        <time>2026-08-08T15:38:22.000Z</time>
      </trkpt>
      <trkpt lat="57.67479135654866695404052734375" lon="-4.31642465293407440185546875">
        <ele>28</ele>
        <time>2026-08-08T15:38:24.000Z</time>
      </trkpt>
      <trkpt lat="57.674634195864200592041015625" lon="-4.316809214651584625244140625">
        <ele>27.3999996185302734375</ele>
        <time>2026-08-08T15:38:29.000Z</time>
      </trkpt>
      <trkpt lat="57.67458130605518817901611328125" lon="-4.31694357655942440032958984375">
        <ele>28</ele>
        <time>2026-08-08T15:38:31.000Z</time>
      </trkpt>
      <trkpt lat="57.6745032705366611480712890625" lon="-4.31715488433837890625">
        <ele>28.200000762939453125</ele>
        <time>2026-08-08T15:38:34.000Z</time>
      </trkpt>
      <trkpt lat="57.6744543202221393585205078125" lon="-4.31728991679847240447998046875">
        <ele>28.3999996185302734375</ele>
        <time>2026-08-08T15:38:36.000Z</time>
      </trkpt>
      <trkpt lat="57.67441132105886936187744140625" lon="-4.31741044856607913970947265625">
        <ele>28.200000762939453125</ele>
        <time>2026-08-08T15:38:38.000Z</time>
      </trkpt>
      <trkpt lat="57.67439019866287708282470703125" lon="-4.3174648471176624298095703125">
        <ele>28.3999996185302734375</ele>
        <time>2026-08-08T15:38:39.000Z</time>
      </trkpt>
      <trkpt lat="57.6743255741894245147705078125" lon="-4.3175888992846012115478515625">
        <ele>28.6000003814697265625</ele>
        <time>2026-08-08T15:38:41.000Z</time>
      </trkpt>
      <trkpt lat="57.67429925501346588134765625" lon="-4.31764614768326282501220703125">
        <ele>28.799999237060546875</ele>
        <time>2026-08-08T15:38:42.000Z</time>
      </trkpt>
      <trkpt lat="57.6742719300091266632080078125" lon="-4.31772108189761638641357421875">
        <ele>29</ele>
        <time>2026-08-08T15:38:43.000Z</time>
      </trkpt>
      <trkpt lat="57.6742087304592132568359375" lon="-4.31787061505019664764404296875">
        <ele>29.200000762939453125</ele>
        <time>2026-08-08T15:38:45.000Z</time>
      </trkpt>
      <trkpt lat="57.674148716032505035400390625" lon="-4.3180239200592041015625">
        <ele>29.3999996185302734375</ele>
        <time>2026-08-08T15:38:47.000Z</time>
      </trkpt>
      <trkpt lat="57.6740063913166522979736328125" lon="-4.3183938972651958465576171875">
        <ele>29.6000003814697265625</ele>
        <time>2026-08-08T15:38:52.000Z</time>
      </trkpt>
      <trkpt lat="57.6739217340946197509765625" lon="-4.318612329661846160888671875">
        <ele>29.3999996185302734375</ele>
        <time>2026-08-08T15:38:55.000Z</time>
      </trkpt>
      <trkpt lat="57.67384923063218593597412109375" lon="-4.31876060552895069122314453125">
        <ele>29.3999996185302734375</ele>
        <time>2026-08-08T15:38:57.000Z</time>
      </trkpt>
      <trkpt lat="57.67362526617944240570068359375" lon="-4.31913812644779682159423828125">
        <ele>29.200000762939453125</ele>
        <time>2026-08-08T15:39:03.000Z</time>
      </trkpt>
      <trkpt lat="57.67349014990031719207763671875" lon="-4.31931741535663604736328125">
        <ele>28.3999996185302734375</ele>
        <time>2026-08-08T15:39:06.000Z</time>
      </trkpt>
      <trkpt lat="57.6734421215951442718505859375" lon="-4.31938103400170803070068359375">
        <ele>28.200000762939453125</ele>
        <time>2026-08-08T15:39:07.000Z</time>
      </trkpt>
      <trkpt lat="57.673205919563770294189453125" lon="-4.31967691518366336822509765625">
        <ele>28.3999996185302734375</ele>
        <time>2026-08-08T15:39:12.000Z</time>
      </trkpt>
      <trkpt lat="57.6729053445160388946533203125" lon="-4.320048652589321136474609375">
        <ele>28.200000762939453125</ele>
        <time>2026-08-08T15:39:18.000Z</time>
      </trkpt>
      <trkpt lat="57.672606445848941802978515625" lon="-4.32042122818529605865478515625">
        <ele>28.799999237060546875</ele>
        <time>2026-08-08T15:39:25.000Z</time>
      </trkpt>
      <trkpt lat="57.67257182858884334564208984375" lon="-4.32047034613788127899169921875">
        <ele>28.3999996185302734375</ele>
        <time>2026-08-08T15:39:26.000Z</time>
      </trkpt>
      <trkpt lat="57.67249882221221923828125" lon="-4.3205577693879604339599609375">
        <ele>27.200000762939453125</ele>
        <time>2026-08-08T15:39:28.000Z</time>
      </trkpt>
      <trkpt lat="57.67243369482457637786865234375" lon="-4.32064938358962535858154296875">
        <ele>26.3999996185302734375</ele>
        <time>2026-08-08T15:39:30.000Z</time>
      </trkpt>
      <trkpt lat="57.6721053756773471832275390625" lon="-4.32107283733785152435302734375">
        <ele>26.799999237060546875</ele>
        <time>2026-08-08T15:39:40.000Z</time>
      </trkpt>
      <trkpt lat="57.67188333906233310699462890625" lon="-4.3213584087789058685302734375">
        <ele>27.200000762939453125</ele>
        <time>2026-08-08T15:39:47.000Z</time>
      </trkpt>
      <trkpt lat="57.6717791520059108734130859375" lon="-4.32148539461195468902587890625">
        <ele>27.6000003814697265625</ele>
        <time>2026-08-08T15:39:50.000Z</time>
      </trkpt>
      <trkpt lat="57.6716058142483234405517578125" lon="-4.32171321474015712738037109375">
        <ele>28</ele>
        <time>2026-08-08T15:39:55.000Z</time>
      </trkpt>
      <trkpt lat="57.6713548600673675537109375" lon="-4.322012364864349365234375">
        <ele>27.6000003814697265625</ele>
        <time>2026-08-08T15:40:02.000Z</time>
      </trkpt>
      <trkpt lat="57.6711072586476802825927734375" lon="-4.32233448140323162078857421875">
        <ele>27.3999996185302734375</ele>
        <time>2026-08-08T15:40:09.000Z</time>
      </trkpt>
      <trkpt lat="57.67095847986638545989990234375" lon="-4.322548471391201019287109375">
        <ele>26.799999237060546875</ele>
        <time>2026-08-08T15:40:13.000Z</time>
      </trkpt>
      <trkpt lat="57.67085404135286808013916015625" lon="-4.32268618606030941009521484375">
        <ele>26.3999996185302734375</ele>
        <time>2026-08-08T15:40:16.000Z</time>
      </trkpt>
      <trkpt lat="57.67069838941097259521484375" lon="-4.32288517244160175323486328125">
        <ele>28.6000003814697265625</ele>
        <time>2026-08-08T15:40:21.000Z</time>
      </trkpt>
      <trkpt lat="57.6706636883318424224853515625" lon="-4.32292188517749309539794921875">
        <ele>29.200000762939453125</ele>
        <time>2026-08-08T15:40:22.000Z</time>
      </trkpt>
      <trkpt lat="57.6706281490623950958251953125" lon="-4.32295382022857666015625">
        <ele>29.6000003814697265625</ele>
        <time>2026-08-08T15:40:23.000Z</time>
      </trkpt>
      <trkpt lat="57.6705248840153217315673828125" lon="-4.32305297814309597015380859375">
        <ele>30.200000762939453125</ele>
        <time>2026-08-08T15:40:27.000Z</time>
      </trkpt>
      <trkpt lat="57.67052832059562206268310546875" lon="-4.323058426380157470703125">
        <ele>29.200000762939453125</ele>
        <time>2026-08-08T15:40:31.000Z</time>
      </trkpt>
      <trkpt lat="57.67052597366273403167724609375" lon="-4.323058761656284332275390625">
        <ele>29.200000762939453125</ele>
        <time>2026-08-08T15:40:38.000Z</time>
      </trkpt>
      <trkpt lat="57.67052597366273403167724609375" lon="-4.323058761656284332275390625">
        <ele>28.6000003814697265625</ele>
        <time>2026-08-08T15:40:43.000Z</time>
      </trkpt>
      <trkpt lat="57.67052597366273403167724609375" lon="-4.323058761656284332275390625">
        <ele>28.6000003814697265625</ele>
        <time>2026-08-08T15:40:52.000Z</time>
      </trkpt>
      <trkpt lat="57.67052597366273403167724609375" lon="-4.323058761656284332275390625">
        <ele>28.3999996185302734375</ele>
        <time>2026-08-08T15:41:00.000Z</time>
      </trkpt>
      <trkpt lat="57.67052597366273403167724609375" lon="-4.323058761656284332275390625">
        <ele>27.799999237060546875</ele>
        <time>2026-08-08T15:41:07.000Z</time>
      </trkpt>
      <trkpt lat="57.67052597366273403167724609375" lon="-4.323058761656284332275390625">
        <ele>27.799999237060546875</ele>
        <time>2026-08-08T15:41:09.000Z</time>
      </trkpt>
      <trkpt lat="57.67052597366273403167724609375" lon="-4.323058761656284332275390625">
        <ele>27.799999237060546875</ele>
        <time>2026-08-08T15:41:13.000Z</time>
      </trkpt>
      <trkpt lat="57.67052597366273403167724609375" lon="-4.323058761656284332275390625">
        <ele>27.6000003814697265625</ele>
        <time>2026-08-08T15:41:15.000Z</time>
      </trkpt>
      <trkpt lat="57.67052597366273403167724609375" lon="-4.323058761656284332275390625">
        <ele>27.3999996185302734375</ele>
        <time>2026-08-08T15:41:24.000Z</time>
      </trkpt>
      <trkpt lat="57.67052597366273403167724609375" lon="-4.323058761656284332275390625">
        <ele>27.3999996185302734375</ele>
        <time>2026-08-08T15:41:28.000Z</time>
      </trkpt>
      <trkpt lat="57.67052597366273403167724609375" lon="-4.323058761656284332275390625">
        <ele>27.200000762939453125</ele>
        <time>2026-08-08T15:41:37.000Z</time>
      </trkpt>
      <trkpt lat="57.67052597366273403167724609375" lon="-4.323058761656284332275390625">
        <ele>27</ele>
        <time>2026-08-08T15:41:42.000Z</time>
      </trkpt>
      <trkpt lat="57.67052597366273403167724609375" lon="-4.323058761656284332275390625">
        <ele>27.200000762939453125</ele>
        <time>2026-08-08T15:41:49.000Z</time>
      </trkpt>
      <trkpt lat="57.67052597366273403167724609375" lon="-4.323058761656284332275390625">
        <ele>26.799999237060546875</ele>
        <time>2026-08-08T15:41:56.000Z</time>
      </trkpt>
      <trkpt lat="57.67052597366273403167724609375" lon="-4.323058761656284332275390625">
        <ele>26.6000003814697265625</ele>
        <time>2026-08-08T15:42:01.000Z</time>
      </trkpt>
      <trkpt lat="57.67052597366273403167724609375" lon="-4.323058761656284332275390625">
        <ele>26.6000003814697265625</ele>
        <time>2026-08-08T15:42:02.000Z</time>
      </trkpt>
      <trkpt lat="57.6704859919846057891845703125" lon="-4.323122799396514892578125">
        <ele>26.799999237060546875</ele>
        <time>2026-08-08T15:42:06.000Z</time>
      </trkpt>
      <trkpt lat="57.6703709922730922698974609375" lon="-4.3232931196689605712890625">
        <ele>27.799999237060546875</ele>
        <time>2026-08-08T15:42:11.000Z</time>
      </trkpt>
      <trkpt lat="57.67014325596392154693603515625" lon="-4.3236084468662738800048828125">
        <ele>27.200000762939453125</ele>
        <time>2026-08-08T15:42:18.000Z</time>
      </trkpt>
      <trkpt lat="57.66997679136693477630615234375" lon="-4.32384154759347438812255859375">
        <ele>27.799999237060546875</ele>
        <time>2026-08-08T15:42:23.000Z</time>
      </trkpt>
      <trkpt lat="57.669913507997989654541015625" lon="-4.32392989285290241241455078125">
        <ele>27.6000003814697265625</ele>
        <time>2026-08-08T15:42:25.000Z</time>
      </trkpt>
      <trkpt lat="57.66970890574157238006591796875" lon="-4.32420062832534313201904296875">
        <ele>27.6000003814697265625</ele>
        <time>2026-08-08T15:42:31.000Z</time>
      </trkpt>
      <trkpt lat="57.6694754697382450103759765625" lon="-4.32450757361948490142822265625">
        <ele>27.6000003814697265625</ele>
        <time>2026-08-08T15:42:37.000Z</time>
      </trkpt>
      <trkpt lat="57.66925008036196231842041015625" lon="-4.324796833097934722900390625">
        <ele>27.3999996185302734375</ele>
        <time>2026-08-08T15:42:43.000Z</time>
      </trkpt>
      <trkpt lat="57.6690439693629741668701171875" lon="-4.32506446726620197296142578125">
        <ele>27.200000762939453125</ele>
        <time>2026-08-08T15:42:49.000Z</time>
      </trkpt>
      <trkpt lat="57.6688335835933685302734375" lon="-4.32533495128154754638671875">
        <ele>27.799999237060546875</ele>
        <time>2026-08-08T15:42:55.000Z</time>
      </trkpt>
      <trkpt lat="57.66876024194061756134033203125" lon="-4.32539789937436580657958984375">
        <ele>28</ele>
        <time>2026-08-08T15:42:59.000Z</time>
      </trkpt>
      <trkpt lat="57.66872453503310680389404296875" lon="-4.32547819800674915313720703125">
        <ele>27.799999237060546875</ele>
        <time>2026-08-08T15:43:04.000Z</time>
      </trkpt>
      <trkpt lat="57.6685910113155841827392578125" lon="-4.32564114220440387725830078125">
        <ele>28.6000003814697265625</ele>
        <time>2026-08-08T15:43:08.000Z</time>
      </trkpt>
      <trkpt lat="57.66855069436132907867431640625" lon="-4.3256992287933826446533203125">
        <ele>28.3999996185302734375</ele>
        <time>2026-08-08T15:43:09.000Z</time>
      </trkpt>
      <trkpt lat="57.66838339157402515411376953125" lon="-4.32591657154262065887451171875">
        <ele>27.799999237060546875</ele>
        <time>2026-08-08T15:43:13.000Z</time>
      </trkpt>
      <trkpt lat="57.66834433190524578094482421875" lon="-4.32597038336098194122314453125">
        <ele>28</ele>
        <time>2026-08-08T15:43:14.000Z</time>
      </trkpt>
      <trkpt lat="57.6682684756815433502197265625" lon="-4.32606451213359832763671875">
        <ele>28</ele>
        <time>2026-08-08T15:43:16.000Z</time>
      </trkpt>
      <trkpt lat="57.66818993724882602691650390625" lon="-4.32616065256297588348388671875">
        <ele>28</ele>
        <time>2026-08-08T15:43:18.000Z</time>
      </trkpt>
      <trkpt lat="57.668080888688564300537109375" lon="-4.32631236501038074493408203125">
        <ele>28.3999996185302734375</ele>
        <time>2026-08-08T15:43:21.000Z</time>
      </trkpt>
      <trkpt lat="57.66800813376903533935546875" lon="-4.32640875689685344696044921875">
        <ele>28.3999996185302734375</ele>
        <time>2026-08-08T15:43:23.000Z</time>
      </trkpt>
      <trkpt lat="57.66785432584583759307861328125" lon="-4.3266088329255580902099609375">
        <ele>28.200000762939453125</ele>
        <time>2026-08-08T15:43:27.000Z</time>
      </trkpt>
      <trkpt lat="57.66774184070527553558349609375" lon="-4.3267526663839817047119140625">
        <ele>28</ele>
        <time>2026-08-08T15:43:30.000Z</time>
      </trkpt>
      <trkpt lat="57.6674916408956050872802734375" lon="-4.32707277126610279083251953125">
        <ele>28.799999237060546875</ele>
        <time>2026-08-08T15:43:37.000Z</time>
      </trkpt>
      <trkpt lat="57.6673176325857639312744140625" lon="-4.32727728970348834991455078125">
        <ele>29.6000003814697265625</ele>
        <time>2026-08-08T15:43:42.000Z</time>
      </trkpt>
      <trkpt lat="57.667113952338695526123046875" lon="-4.32754768989980220794677734375">
        <ele>30</ele>
        <time>2026-08-08T15:43:48.000Z</time>
      </trkpt>
      <trkpt lat="57.66690918244421482086181640625" lon="-4.32781138457357883453369140625">
        <ele>31.200000762939453125</ele>
        <time>2026-08-08T15:43:54.000Z</time>
      </trkpt>
      <trkpt lat="57.66672796569764614105224609375" lon="-4.3280595727264881134033203125">
        <ele>31.3999996185302734375</ele>
        <time>2026-08-08T15:43:59.000Z</time>
      </trkpt>
      <trkpt lat="57.66670097596943378448486328125" lon="-4.3281329981982707977294921875">
        <ele>31.200000762939453125</ele>
        <time>2026-08-08T15:44:00.000Z</time>
      </trkpt>
      <trkpt lat="57.66666074283421039581298828125" lon="-4.328289739787578582763671875">
        <ele>31.3999996185302734375</ele>
        <time>2026-08-08T15:44:02.000Z</time>
      </trkpt>
      <trkpt lat="57.66664280556142330169677734375" lon="-4.32837045751512050628662109375">
        <ele>31.3999996185302734375</ele>
        <time>2026-08-08T15:44:03.000Z</time>
      </trkpt>
      <trkpt lat="57.66657273285090923309326171875" lon="-4.32888192124664783477783203125">
        <ele>31.200000762939453125</ele>
        <time>2026-08-08T15:44:09.000Z</time>
      </trkpt>
      <trkpt lat="57.66649805009365081787109375" lon="-4.329447448253631591796875">
        <ele>31.3999996185302734375</ele>
        <time>2026-08-08T15:44:16.000Z</time>
      </trkpt>
      <trkpt lat="57.66647080890834331512451171875" lon="-4.3296947143971920013427734375">
        <ele>30.799999237060546875</ele>
        <time>2026-08-08T15:44:19.000Z</time>
      </trkpt>
      <trkpt lat="57.66644901596009731292724609375" lon="-4.329876936972141265869140625">
        <ele>31</ele>
        <time>2026-08-08T15:44:21.000Z</time>
      </trkpt>
      <trkpt lat="57.66638330183923244476318359375" lon="-4.33040541596710681915283203125">
        <ele>30.200000762939453125</ele>
        <time>2026-08-08T15:44:27.000Z</time>
      </trkpt>
      <trkpt lat="57.66630065627396106719970703125" lon="-4.3309868685901165008544921875">
        <ele>30.200000762939453125</ele>
        <time>2026-08-08T15:44:34.000Z</time>
      </trkpt>
      <trkpt lat="57.66627148725092411041259765625" lon="-4.3312460370361804962158203125">
        <ele>30.200000762939453125</ele>
        <time>2026-08-08T15:44:37.000Z</time>
      </trkpt>
      <trkpt lat="57.66623745672404766082763671875" lon="-4.3314778804779052734375">
        <ele>29.799999237060546875</ele>
        <time>2026-08-08T15:44:40.000Z</time>
      </trkpt>
      <trkpt lat="57.66615682281553745269775390625" lon="-4.33204122819006443023681640625">
        <ele>31.3999996185302734375</ele>
        <time>2026-08-08T15:44:47.000Z</time>
      </trkpt>
      <trkpt lat="57.66607518307864665985107421875" lon="-4.332645647227764129638671875">
        <ele>31</ele>
        <time>2026-08-08T15:44:55.000Z</time>
      </trkpt>
      <trkpt lat="57.66603536903858184814453125" lon="-4.33294236660003662109375">
        <ele>32.799999237060546875</ele>
        <time>2026-08-08T15:44:59.000Z</time>
      </trkpt>
      <trkpt lat="57.66601349227130413055419921875" lon="-4.333096258342266082763671875">
        <ele>32.799999237060546875</ele>
        <time>2026-08-08T15:45:01.000Z</time>
      </trkpt>
      <trkpt lat="57.6659782044589519500732421875" lon="-4.333257861435413360595703125">
        <ele>32.40000152587890625</ele>
        <time>2026-08-08T15:45:03.000Z</time>
      </trkpt>
      <trkpt lat="57.66593017615377902984619140625" lon="-4.3334239907562732696533203125">
        <ele>31.6000003814697265625</ele>
        <time>2026-08-08T15:45:05.000Z</time>
      </trkpt>
      <trkpt lat="57.66590125858783721923828125" lon="-4.33351409621536731719970703125">
        <ele>31.200000762939453125</ele>
        <time>2026-08-08T15:45:06.000Z</time>
      </trkpt>
      <trkpt lat="57.66586462967097759246826171875" lon="-4.33359623886644840240478515625">
        <ele>30.799999237060546875</ele>
        <time>2026-08-08T15:45:07.000Z</time>
      </trkpt>
      <trkpt lat="57.6658226363360881805419921875" lon="-4.33367796242237091064453125">
        <ele>30.200000762939453125</ele>
        <time>2026-08-08T15:45:08.000Z</time>
      </trkpt>
      <trkpt lat="57.66572917811572551727294921875" lon="-4.3338239751756191253662109375">
        <ele>30.200000762939453125</ele>
        <time>2026-08-08T15:45:10.000Z</time>
      </trkpt>
      <trkpt lat="57.66543447040021419525146484375" lon="-4.33432311750948429107666015625">
        <ele>30.3999996185302734375</ele>
        <time>2026-08-08T15:45:17.000Z</time>
      </trkpt>
      <trkpt lat="57.66526716761291027069091796875" lon="-4.33458412997424602508544921875">
        <ele>30.200000762939453125</ele>
        <time>2026-08-08T15:45:21.000Z</time>
      </trkpt>
      <trkpt lat="57.66522592864930629730224609375" lon="-4.33465923182666301727294921875">
        <ele>30</ele>
        <time>2026-08-08T15:45:22.000Z</time>
      </trkpt>
      <trkpt lat="57.6650196500122547149658203125" lon="-4.3350390158593654632568359375">
        <ele>29.200000762939453125</ele>
        <time>2026-08-08T15:45:27.000Z</time>
      </trkpt>
      <trkpt lat="57.66496608965098857879638671875" lon="-4.335117973387241363525390625">
        <ele>29</ele>
        <time>2026-08-08T15:45:28.000Z</time>
      </trkpt>
      <trkpt lat="57.6648183166980743408203125" lon="-4.33533732779324054718017578125">
        <ele>28.6000003814697265625</ele>
        <time>2026-08-08T15:45:31.000Z</time>
      </trkpt>
      <trkpt lat="57.6647601462900638580322265625" lon="-4.33539801277220249176025390625">
        <ele>28.799999237060546875</ele>
        <time>2026-08-08T15:45:32.000Z</time>
      </trkpt>
      <trkpt lat="57.66460784710943698883056640625" lon="-4.33553128503262996673583984375">
        <ele>29.3999996185302734375</ele>
        <time>2026-08-08T15:45:35.000Z</time>
      </trkpt>
      <trkpt lat="57.6644476689398288726806640625" lon="-4.335606805980205535888671875">
        <ele>30.200000762939453125</ele>
        <time>2026-08-08T15:45:39.000Z</time>
      </trkpt>
      <trkpt lat="57.6644081063568592071533203125" lon="-4.33562348596751689910888671875">
        <ele>30.3999996185302734375</ele>
        <time>2026-08-08T15:45:40.000Z</time>
      </trkpt>
      <trkpt lat="57.66419042833149433135986328125" lon="-4.33579347096383571624755859375">
        <ele>30.799999237060546875</ele>
        <time>2026-08-08T15:45:46.000Z</time>
      </trkpt>
      <trkpt lat="57.66397400759160518646240234375" lon="-4.33595691807568073272705078125">
        <ele>31.200000762939453125</ele>
        <time>2026-08-08T15:45:52.000Z</time>
      </trkpt>
      <trkpt lat="57.6638196967542171478271484375" lon="-4.33610728941857814788818359375">
        <ele>31.799999237060546875</ele>
        <time>2026-08-08T15:45:57.000Z</time>
      </trkpt>
      <trkpt lat="57.6636061258614063262939453125" lon="-4.33628984726965427398681640625">
        <ele>30.799999237060546875</ele>
        <time>2026-08-08T15:46:03.000Z</time>
      </trkpt>
      <trkpt lat="57.66350210644304752349853515625" lon="-4.33638724498450756072998046875">
        <ele>32.59999847412109375</ele>
        <time>2026-08-08T15:46:06.000Z</time>
      </trkpt>
      <trkpt lat="57.66339934431016445159912109375" lon="-4.33646787889301776885986328125">
        <ele>33</ele>
        <time>2026-08-08T15:46:09.000Z</time>
      </trkpt>
      <trkpt lat="57.66333346255123615264892578125" lon="-4.33657902292907238006591796875">
        <ele>32.200000762939453125</ele>
        <time>2026-08-08T15:46:12.000Z</time>
      </trkpt>
      <trkpt lat="57.66332843340933322906494140625" lon="-4.33661523275077342987060546875">
        <ele>32</ele>
        <time>2026-08-08T15:46:13.000Z</time>
      </trkpt>
      <trkpt lat="57.66328652389347553253173828125" lon="-4.33669452555477619171142578125">
        <ele>32.59999847412109375</ele>
        <time>2026-08-08T15:46:16.000Z</time>
      </trkpt>
      <trkpt lat="57.6632369868457317352294921875" lon="-4.33672989718616008758544921875">
        <ele>33.200000762939453125</ele>
        <time>2026-08-08T15:46:18.000Z</time>
      </trkpt>
      <trkpt lat="57.6631850190460681915283203125" lon="-4.3367650173604488372802734375">
        <ele>33.799999237060546875</ele>
        <time>2026-08-08T15:46:20.000Z</time>
      </trkpt>
      <trkpt lat="57.66308368183672428131103515625" lon="-4.33686970733106136322021484375">
        <ele>33</ele>
        <time>2026-08-08T15:46:24.000Z</time>
      </trkpt>
      <trkpt lat="57.663084603846073150634765625" lon="-4.33692335151135921478271484375">
        <ele>32.200000762939453125</ele>
        <time>2026-08-08T15:46:25.000Z</time>
      </trkpt>
      <trkpt lat="57.6630695164203643798828125" lon="-4.3370295502245426177978515625">
        <ele>31.799999237060546875</ele>
        <time>2026-08-08T15:46:28.000Z</time>
      </trkpt>
      <trkpt lat="57.6630659960210323333740234375" lon="-4.3370751477777957916259765625">
        <ele>32.40000152587890625</ele>
        <time>2026-08-08T15:46:33.000Z</time>
      </trkpt>
      <trkpt lat="57.6630817539989948272705078125" lon="-4.33710775338113307952880859375">
        <ele>32</ele>
        <time>2026-08-08T15:46:40.000Z</time>
      </trkpt>
      <trkpt lat="57.66306884586811065673828125" lon="-4.33705913834273815155029296875">
        <ele>31.799999237060546875</ele>
        <time>2026-08-08T15:46:43.000Z</time>
      </trkpt>
      <trkpt lat="57.663060128688812255859375" lon="-4.33703005313873291015625">
        <ele>31.799999237060546875</ele>
        <time>2026-08-08T15:46:44.000Z</time>
      </trkpt>
      <trkpt lat="57.66303322277963161468505859375" lon="-4.3370459787547588348388671875">
        <ele>31.6000003814697265625</ele>
        <time>2026-08-08T15:46:47.000Z</time>
      </trkpt>
      <trkpt lat="57.6630281098186969757080078125" lon="-4.33705360628664493560791015625">
        <ele>31.6000003814697265625</ele>
        <time>2026-08-08T15:46:48.000Z</time>
      </trkpt>
      <trkpt lat="57.6630217395722866058349609375" lon="-4.33706081472337245941162109375">
        <ele>31.3999996185302734375</ele>
        <time>2026-08-08T15:46:51.000Z</time>
      </trkpt>
      <trkpt lat="57.66302903182804584503173828125" lon="-4.33706064708530902862548828125">
        <ele>31.3999996185302734375</ele>
        <time>2026-08-08T15:46:54.000Z</time>
      </trkpt>
      <trkpt lat="57.6630374975502490997314453125" lon="-4.3370664305984973907470703125">
        <ele>31.200000762939453125</ele>
        <time>2026-08-08T15:46:56.000Z</time>
      </trkpt>
      <trkpt lat="57.66304261051118373870849609375" lon="-4.33706668205559253692626953125">
        <ele>31.200000762939453125</ele>
        <time>2026-08-08T15:46:57.000Z</time>
      </trkpt>
      <trkpt lat="57.66306138597428798675537109375" lon="-4.33706953190267086029052734375">
        <ele>31.200000762939453125</ele>
        <time>2026-08-08T15:47:02.000Z</time>
      </trkpt>
      <trkpt lat="57.6630400121212005615234375" lon="-4.337141700088977813720703125">
        <ele>31</ele>
        <time>2026-08-08T15:47:06.000Z</time>
      </trkpt>
      <trkpt lat="57.66299818642437458038330078125" lon="-4.33719425462186336517333984375">
        <ele>31.200000762939453125</ele>
        <time>2026-08-08T15:47:18.000Z</time>
      </trkpt>
      <trkpt lat="57.66299416311085224151611328125" lon="-4.33721244335174560546875">
        <ele>31</ele>
        <time>2026-08-08T15:47:20.000Z</time>
      </trkpt>
      <trkpt lat="57.662988044321537017822265625" lon="-4.33723716996610164642333984375">
        <ele>30.799999237060546875</ele>
        <time>2026-08-08T15:47:22.000Z</time>
      </trkpt>
      <trkpt lat="57.6629432849586009979248046875" lon="-4.33726273477077484130859375">
        <ele>30.6000003814697265625</ele>
        <time>2026-08-08T15:47:27.000Z</time>
      </trkpt>
      <trkpt lat="57.66293599270284175872802734375" lon="-4.33726650662720203399658203125">
        <ele>30.799999237060546875</ele>
        <time>2026-08-08T15:47:28.000Z</time>
      </trkpt>
      <trkpt lat="57.6628960110247135162353515625" lon="-4.33733649551868438720703125">
        <ele>30.3999996185302734375</ele>
        <time>2026-08-08T15:47:36.000Z</time>
      </trkpt>
      <trkpt lat="57.66286122612655162811279296875" lon="-4.3373195640742778778076171875">
        <ele>30.3999996185302734375</ele>
        <time>2026-08-08T15:47:48.000Z</time>
      </trkpt>
      <trkpt lat="57.66285359859466552734375" lon="-4.33730707503855228424072265625">
        <ele>30.6000003814697265625</ele>
        <time>2026-08-08T15:47:52.000Z</time>
      </trkpt>
      <trkpt lat="57.66285250894725322723388671875" lon="-4.3373034708201885223388671875">
        <ele>30.6000003814697265625</ele>
        <time>2026-08-08T15:47:54.000Z</time>
      </trkpt>
      <trkpt lat="57.66284664161503314971923828125" lon="-4.3373051472008228302001953125">
        <ele>30.200000762939453125</ele>
        <time>2026-08-08T15:47:57.000Z</time>
      </trkpt>
      <trkpt lat="57.66284664161503314971923828125" lon="-4.3373078294098377227783203125">
        <ele>30.200000762939453125</ele>
        <time>2026-08-08T15:47:58.000Z</time>
      </trkpt>
      <trkpt lat="57.66285066492855548858642578125" lon="-4.3373183906078338623046875">
        <ele>29.3999996185302734375</ele>
        <time>2026-08-08T15:48:09.000Z</time>
      </trkpt>
      <trkpt lat="57.66278679482638835906982421875" lon="-4.33738217689096927642822265625">
        <ele>29.6000003814697265625</ele>
        <time>2026-08-08T15:48:27.000Z</time>
      </trkpt>
      <trkpt lat="57.66277782618999481201171875" lon="-4.33741654269397258758544921875">
        <ele>29.200000762939453125</ele>
        <time>2026-08-08T15:48:32.000Z</time>
      </trkpt>
      <trkpt lat="57.66279316507279872894287109375" lon="-4.3373950012028217315673828125">
        <ele>29.200000762939453125</ele>
        <time>2026-08-08T15:48:34.000Z</time>
      </trkpt>
      <trkpt lat="57.662859298288822174072265625" lon="-4.33736264705657958984375">
        <ele>29.6000003814697265625</ele>
        <time>2026-08-08T15:48:41.000Z</time>
      </trkpt>
      <trkpt lat="57.662880420684814453125" lon="-4.3373846076428890228271484375">
        <ele>29.3999996185302734375</ele>
        <time>2026-08-08T15:48:48.000Z</time>
      </trkpt>
      <trkpt lat="57.66293096356093883514404296875" lon="-4.3373735435307025909423828125">
        <ele>29.200000762939453125</ele>
        <time>2026-08-08T15:48:51.000Z</time>
      </trkpt>
      <trkpt lat="57.66297773458063602447509765625" lon="-4.33737211860716342926025390625">
        <ele>29</ele>
        <time>2026-08-08T15:48:56.000Z</time>
      </trkpt>
      <trkpt lat="57.6629784889519214630126953125" lon="-4.337460882961750030517578125">
        <ele>29.6000003814697265625</ele>
        <time>2026-08-08T15:49:05.000Z</time>
      </trkpt>
      <trkpt lat="57.66297153197228908538818359375" lon="-4.3374704383313655853271484375">
        <ele>29.6000003814697265625</ele>
        <time>2026-08-08T15:49:09.000Z</time>
      </trkpt>
      <trkpt lat="57.6629660837352275848388671875" lon="-4.3374667502939701080322265625">
        <ele>29.3999996185302734375</ele>
        <time>2026-08-08T15:49:11.000Z</time>
      </trkpt>
      <trkpt lat="57.662960551679134368896484375" lon="-4.33748275972902774810791015625">
        <ele>29.200000762939453125</ele>
        <time>2026-08-08T15:49:14.000Z</time>
      </trkpt>
      <trkpt lat="57.66292710788547992706298828125" lon="-4.3375254236161708831787109375">
        <ele>29.200000762939453125</ele>
        <time>2026-08-08T15:49:23.000Z</time>
      </trkpt>
      <trkpt lat="57.6629204861819744110107421875" lon="-4.33752651326358318328857421875">
        <ele>28.799999237060546875</ele>
        <time>2026-08-08T15:49:33.000Z</time>
      </trkpt>
      <trkpt lat="57.66296030022203922271728515625" lon="-4.33748544193804264068603515625">
        <ele>28.799999237060546875</ele>
        <time>2026-08-08T15:49:45.000Z</time>
      </trkpt>
      <trkpt lat="57.66297630965709686279296875" lon="-4.337424673140048980712890625">
        <ele>28.799999237060546875</ele>
        <time>2026-08-08T15:49:52.000Z</time>
      </trkpt>
      <trkpt lat="57.66299684531986713409423828125" lon="-4.33740866370499134063720703125">
        <ele>28.799999237060546875</ele>
        <time>2026-08-08T15:49:54.000Z</time>
      </trkpt>
      <trkpt lat="57.6630307920277118682861328125" lon="-4.33743548579514026641845703125">
        <ele>28.799999237060546875</ele>
        <time>2026-08-08T15:50:04.000Z</time>
      </trkpt>
      <trkpt lat="57.66301360912621021270751953125" lon="-4.337377063930034637451171875">
        <ele>28.799999237060546875</ele>
        <time>2026-08-08T15:50:17.000Z</time>
      </trkpt>
      <trkpt lat="57.66301964409649372100830078125" lon="-4.33736993931233882904052734375">
        <ele>28.799999237060546875</ele>
        <time>2026-08-08T15:51:08.000Z</time>
      </trkpt>
      <trkpt lat="57.66302769072353839874267578125" lon="-4.337284527719020843505859375">
        <ele>28.799999237060546875</ele>
        <time>2026-08-08T15:51:18.000Z</time>
      </trkpt>
      <trkpt lat="57.6630381681025028228759765625" lon="-4.3372561968863010406494140625">
        <ele>28.799999237060546875</ele>
        <time>2026-08-08T15:51:22.000Z</time>
      </trkpt>
      <trkpt lat="57.6630545966327190399169921875" lon="-4.33720515109598636627197265625">
        <ele>28.799999237060546875</ele>
        <time>2026-08-08T15:51:28.000Z</time>
      </trkpt>
      <trkpt lat="57.66304965130984783172607421875" lon="-4.337069280445575714111328125">
        <ele>28.799999237060546875</ele>
        <time>2026-08-08T15:51:41.000Z</time>
      </trkpt>
      <trkpt lat="57.66302458941936492919921875" lon="-4.33710121549665927886962890625">
        <ele>28.799999237060546875</ele>
        <time>2026-08-08T15:51:50.000Z</time>
      </trkpt>
      <trkpt lat="57.66300455667078495025634765625" lon="-4.3371482379734516143798828125">
        <ele>28.799999237060546875</ele>
        <time>2026-08-08T15:51:59.000Z</time>
      </trkpt>
      <trkpt lat="57.66298594884574413299560546875" lon="-4.3371720425784587860107421875">
        <ele>28.799999237060546875</ele>
        <time>2026-08-08T15:52:04.000Z</time>
      </trkpt>
      <trkpt lat="57.6629836857318878173828125" lon="-4.337171204388141632080078125">
        <ele>28.799999237060546875</ele>
        <time>2026-08-08T15:52:05.000Z</time>
      </trkpt>
      <trkpt lat="57.66298594884574413299560546875" lon="-4.33717262931168079376220703125">
        <ele>28.799999237060546875</ele>
        <time>2026-08-08T15:52:10.000Z</time>
      </trkpt>
      <trkpt lat="57.6629992760717868804931640625" lon="-4.33717028237879276275634765625">
        <ele>28.799999237060546875</ele>
        <time>2026-08-08T15:52:20.000Z</time>
      </trkpt>
      <trkpt lat="57.6629808358848094940185546875" lon="-4.33727673254907131195068359375">
        <ele>28.799999237060546875</ele>
        <time>2026-08-08T15:52:30.000Z</time>
      </trkpt>
      <trkpt lat="57.663091979920864105224609375" lon="-4.3373031355440616607666015625">
        <ele>28.799999237060546875</ele>
        <time>2026-08-08T15:52:49.000Z</time>
      </trkpt>
      <trkpt lat="57.663105390965938568115234375" lon="-4.3373152054846286773681640625">
        <ele>28.799999237060546875</ele>
        <time>2026-08-08T15:52:53.000Z</time>
      </trkpt>
      <trkpt lat="57.66309642232954502105712890625" lon="-4.3373537622392177581787109375">
        <ele>28.799999237060546875</ele>
        <time>2026-08-08T15:52:57.000Z</time>
      </trkpt>
      <trkpt lat="57.66307513229548931121826171875" lon="-4.337376393377780914306640625">
        <ele>28.3999996185302734375</ele>
        <time>2026-08-08T15:53:01.000Z</time>
      </trkpt>
      <trkpt lat="57.6630415208637714385986328125" lon="-4.33738921768963336944580078125">
        <ele>28.6000003814697265625</ele>
        <time>2026-08-08T15:53:09.000Z</time>
      </trkpt>
      <trkpt lat="57.663055099546909332275390625" lon="-4.3373319692909717559814453125">
        <ele>28.799999237060546875</ele>
        <time>2026-08-08T15:53:19.000Z</time>
      </trkpt>
      <trkpt lat="57.663040347397327423095703125" lon="-4.3373255990445613861083984375">
        <ele>28.799999237060546875</ele>
        <time>2026-08-08T15:53:29.000Z</time>
      </trkpt>
      <trkpt lat="57.66298410482704639434814453125" lon="-4.33727958239614963531494140625">
        <ele>28.6000003814697265625</ele>
        <time>2026-08-08T15:53:39.000Z</time>
      </trkpt>
      <trkpt lat="57.6629831828176975250244140625" lon="-4.33724605478346347808837890625">
        <ele>28.6000003814697265625</ele>
        <time>2026-08-08T15:53:48.000Z</time>
      </trkpt>
      <trkpt lat="57.66300313174724578857421875" lon="-4.33689669705927371978759765625">
        <ele>28.6000003814697265625</ele>
        <time>2026-08-08T15:57:38.000Z</time>
      </trkpt>
      <trkpt lat="57.663062475621700286865234375" lon="-4.3371016345918178558349609375">
        <ele>28.6000003814697265625</ele>
        <time>2026-08-08T15:57:43.000Z</time>
      </trkpt>
      <trkpt lat="57.66306616365909576416015625" lon="-4.33711655437946319580078125">
        <ele>28.6000003814697265625</ele>
        <time>2026-08-08T15:57:48.000Z</time>
      </trkpt>
      <trkpt lat="57.66306591220200061798095703125" lon="-4.33711278252303600311279296875">
        <ele>28.6000003814697265625</ele>
        <time>2026-08-08T15:57:55.000Z</time>
      </trkpt>
      <trkpt lat="57.663063146173954010009765625" lon="-4.33709216304123401641845703125">
        <ele>28.6000003814697265625</ele>
        <time>2026-08-08T15:57:56.000Z</time>
      </trkpt>
      <trkpt lat="57.663071192800998687744140625" lon="-4.33709300123155117034912109375">
        <ele>28.6000003814697265625</ele>
        <time>2026-08-08T15:57:59.000Z</time>
      </trkpt>
      <trkpt lat="57.663073204457759857177734375" lon="-4.3370945937931537628173828125">
        <ele>28.6000003814697265625</ele>
        <time>2026-08-08T15:58:01.000Z</time>
      </trkpt>
      <trkpt lat="57.6630690135061740875244140625" lon="-4.337075985968112945556640625">
        <ele>28.6000003814697265625</ele>
        <time>2026-08-08T15:58:06.000Z</time>
      </trkpt>
      <trkpt lat="57.6630844362080097198486328125" lon="-4.33708839118480682373046875">
        <ele>28.6000003814697265625</ele>
        <time>2026-08-08T15:58:11.000Z</time>
      </trkpt>
      <trkpt lat="57.66308552585542201995849609375" lon="-4.33708705008029937744140625">
        <ele>28.6000003814697265625</ele>
        <time>2026-08-08T15:58:18.000Z</time>
      </trkpt>
      <trkpt lat="57.663073204457759857177734375" lon="-4.3370945937931537628173828125">
        <ele>28.6000003814697265625</ele>
        <time>2026-08-08T15:58:27.000Z</time>
      </trkpt>
      <trkpt lat="57.663073204457759857177734375" lon="-4.3370945937931537628173828125">
        <ele>28.6000003814697265625</ele>
        <time>2026-08-08T15:58:33.000Z</time>
      </trkpt>
      <trkpt lat="57.66308686695992946624755859375" lon="-4.3370949290692806243896484375">
        <ele>28.6000003814697265625</ele>
        <time>2026-08-08T15:58:35.000Z</time>
      </trkpt>
      <trkpt lat="57.66308703459799289703369140625" lon="-4.33709509670734405517578125">
        <ele>28.6000003814697265625</ele>
        <time>2026-08-08T15:58:42.000Z</time>
      </trkpt>
      <trkpt lat="57.66309457831084728240966796875" lon="-4.337098114192485809326171875">
        <ele>28.6000003814697265625</ele>
        <time>2026-08-08T15:58:49.000Z</time>
      </trkpt>
      <trkpt lat="57.66308736987411975860595703125" lon="-4.3370614014565944671630859375">
        <ele>28.6000003814697265625</ele>
        <time>2026-08-08T15:58:56.000Z</time>
      </trkpt>
      <trkpt lat="57.66308502294123172760009765625" lon="-4.3370788358151912689208984375">
        <ele>28.6000003814697265625</ele>
        <time>2026-08-08T15:59:03.000Z</time>
      </trkpt>
      <trkpt lat="57.66309055499732494354248046875" lon="-4.33707296848297119140625">
        <ele>28.6000003814697265625</ele>
        <time>2026-08-08T15:59:07.000Z</time>
      </trkpt>
      <trkpt lat="57.66308921389281749725341796875" lon="-4.33706902898848056793212890625">
        <ele>28.6000003814697265625</ele>
        <time>2026-08-08T15:59:09.000Z</time>
      </trkpt>
      <trkpt lat="57.6630904711782932281494140625" lon="-4.33709534816443920135498046875">
        <ele>28.6000003814697265625</ele>
        <time>2026-08-08T15:59:14.000Z</time>
      </trkpt>
      <trkpt lat="57.6630975119769573211669921875" lon="-4.3370714597404003143310546875">
        <ele>28.6000003814697265625</ele>
        <time>2026-08-08T15:59:19.000Z</time>
      </trkpt>
      <trkpt lat="57.6630948297679424285888671875" lon="-4.337057210505008697509765625">
        <ele>28.6000003814697265625</ele>
        <time>2026-08-08T15:59:20.000Z</time>
      </trkpt>
      <trkpt lat="57.663102038204669952392578125" lon="-4.3370396085083484649658203125">
        <ele>28.6000003814697265625</ele>
        <time>2026-08-08T15:59:25.000Z</time>
      </trkpt>
      <trkpt lat="57.6631005294620990753173828125" lon="-4.337024688720703125">
        <ele>28.6000003814697265625</ele>
        <time>2026-08-08T15:59:30.000Z</time>
      </trkpt>
      <trkpt lat="57.6631028763949871063232421875" lon="-4.3370047397911548614501953125">
        <ele>28.6000003814697265625</ele>
        <time>2026-08-08T15:59:35.000Z</time>
      </trkpt>
      <trkpt lat="57.66307982616126537322998046875" lon="-4.3370101042091846466064453125">
        <ele>28.6000003814697265625</ele>
        <time>2026-08-08T15:59:39.000Z</time>
      </trkpt>
      <trkpt lat="57.66307949088513851165771484375" lon="-4.33701907284557819366455078125">
        <ele>28.6000003814697265625</ele>
        <time>2026-08-08T15:59:45.000Z</time>
      </trkpt>
      <trkpt lat="57.66307177953422069549560546875" lon="-4.33701488189399242401123046875">
        <ele>28.6000003814697265625</ele>
        <time>2026-08-08T15:59:50.000Z</time>
      </trkpt>
      <trkpt lat="57.66306817531585693359375" lon="-4.3370302207767963409423828125">
        <ele>28.6000003814697265625</ele>
        <time>2026-08-08T15:59:56.000Z</time>
      </trkpt>
      <trkpt lat="57.6630676724016666412353515625" lon="-4.33703005313873291015625">
        <ele>28.6000003814697265625</ele>
        <time>2026-08-08T16:00:00.000Z</time>
      </trkpt>
      <trkpt lat="57.66306960023939609527587890625" lon="-4.33704153634607791900634765625">
        <ele>28.6000003814697265625</ele>
        <time>2026-08-08T16:00:02.000Z</time>
      </trkpt>
      <trkpt lat="57.66306616365909576416015625" lon="-4.33707221411168575286865234375">
        <ele>28.6000003814697265625</ele>
        <time>2026-08-08T16:00:07.000Z</time>
      </trkpt>
      <trkpt lat="57.66307949088513851165771484375" lon="-4.33710322715342044830322265625">
        <ele>28.6000003814697265625</ele>
        <time>2026-08-08T16:00:13.000Z</time>
      </trkpt>
      <trkpt lat="57.66308787278831005096435546875" lon="-4.33710222132503986358642578125">
        <ele>28.6000003814697265625</ele>
        <time>2026-08-08T16:00:18.000Z</time>
      </trkpt>
      <trkpt lat="57.66310547478497028350830078125" lon="-4.3370689451694488525390625">
        <ele>28.6000003814697265625</ele>
        <time>2026-08-08T16:00:24.000Z</time>
      </trkpt>
      <trkpt lat="57.6631263457238674163818359375" lon="-4.33706969954073429107666015625">
        <ele>28.6000003814697265625</ele>
        <time>2026-08-08T16:00:29.000Z</time>
      </trkpt>
      <trkpt lat="57.6631189696490764617919921875" lon="-4.33705260045826435089111328125">
        <ele>28.6000003814697265625</ele>
        <time>2026-08-08T16:00:35.000Z</time>
      </trkpt>
      <trkpt lat="57.663117460906505584716796875" lon="-4.33705025352537631988525390625">
        <ele>28.6000003814697265625</ele>
        <time>2026-08-08T16:00:40.000Z</time>
      </trkpt>
      <trkpt lat="57.663117460906505584716796875" lon="-4.33705025352537631988525390625">
        <ele>28.6000003814697265625</ele>
        <time>2026-08-08T16:00:47.000Z</time>
      </trkpt>
      <trkpt lat="57.663117460906505584716796875" lon="-4.33705025352537631988525390625">
        <ele>28.6000003814697265625</ele>
        <time>2026-08-08T16:00:53.000Z</time>
      </trkpt>
      <trkpt lat="57.66310849227011203765869140625" lon="-4.33704773895442485809326171875">
        <ele>28.6000003814697265625</ele>
        <time>2026-08-08T16:00:59.000Z</time>
      </trkpt>
      <trkpt lat="57.663103044033050537109375" lon="-4.33704891242086887359619140625">
        <ele>28.6000003814697265625</ele>
        <time>2026-08-08T16:01:00.000Z</time>
      </trkpt>
      <trkpt lat="57.6631028763949871063232421875" lon="-4.33704874478280544281005859375">
        <ele>28.6000003814697265625</ele>
        <time>2026-08-08T16:01:07.000Z</time>
      </trkpt>
      <trkpt lat="57.66309122554957866668701171875" lon="-4.33702058158814907073974609375">
        <ele>28.6000003814697265625</ele>
        <time>2026-08-08T16:01:14.000Z</time>
      </trkpt>
      <trkpt lat="57.66308963298797607421875" lon="-4.33702695183455944061279296875">
        <ele>28.6000003814697265625</ele>
        <time>2026-08-08T16:01:24.000Z</time>
      </trkpt>
      <trkpt lat="57.66307395882904529571533203125" lon="-4.33703734539449214935302734375">
        <ele>28.6000003814697265625</ele>
        <time>2026-08-08T16:01:28.000Z</time>
      </trkpt>
      <trkpt lat="57.6630730368196964263916015625" lon="-4.337047822773456573486328125">
        <ele>28.6000003814697265625</ele>
        <time>2026-08-08T16:01:33.000Z</time>
      </trkpt>
      <trkpt lat="57.6630710251629352569580078125" lon="-4.3370449729263782501220703125">
        <ele>28.6000003814697265625</ele>
        <time>2026-08-08T16:01:34.000Z</time>
      </trkpt>
      <trkpt lat="57.663071192800998687744140625" lon="-4.33702795766294002532958984375">
        <ele>28.6000003814697265625</ele>
        <time>2026-08-08T16:01:38.000Z</time>
      </trkpt>
      <trkpt lat="57.66307412646710872650146484375" lon="-4.33703600428998470306396484375">
        <ele>28.6000003814697265625</ele>
        <time>2026-08-08T16:01:44.000Z</time>
      </trkpt>
      <trkpt lat="57.66307412646710872650146484375" lon="-4.33703600428998470306396484375">
        <ele>28.6000003814697265625</ele>
        <time>2026-08-08T16:01:51.000Z</time>
      </trkpt>
      <trkpt lat="57.66307982616126537322998046875" lon="-4.33703608810901641845703125">
        <ele>28.6000003814697265625</ele>
        <time>2026-08-08T16:01:54.000Z</time>
      </trkpt>
      <trkpt lat="57.663073204457759857177734375" lon="-4.33702879585325717926025390625">
        <ele>28.6000003814697265625</ele>
        <time>2026-08-08T16:01:58.000Z</time>
      </trkpt>
      <trkpt lat="57.663075886666774749755859375" lon="-4.33703399263322353363037109375">
        <ele>28.6000003814697265625</ele>
        <time>2026-08-08T16:01:59.000Z</time>
      </trkpt>
      <trkpt lat="57.66307328827679157257080078125" lon="-4.33705025352537631988525390625">
        <ele>28.6000003814697265625</ele>
        <time>2026-08-08T16:02:05.000Z</time>
      </trkpt>
      <trkpt lat="57.66307412646710872650146484375" lon="-4.33703600428998470306396484375">
        <ele>28.6000003814697265625</ele>
        <time>2026-08-08T16:02:12.000Z</time>
      </trkpt>
      <trkpt lat="57.66307890415191650390625" lon="-4.33702711947262287139892578125">
        <ele>28.6000003814697265625</ele>
        <time>2026-08-08T16:02:16.000Z</time>
      </trkpt>
      <trkpt lat="57.66307814978063106536865234375" lon="-4.33703734539449214935302734375">
        <ele>28.6000003814697265625</ele>
        <time>2026-08-08T16:02:22.000Z</time>
      </trkpt>
      <trkpt lat="57.6630757190287113189697265625" lon="-4.33702879585325717926025390625">
        <ele>28.6000003814697265625</ele>
        <time>2026-08-08T16:02:27.000Z</time>
      </trkpt>
      <trkpt lat="57.66307563520967960357666015625" lon="-4.337033070623874664306640625">
        <ele>28.6000003814697265625</ele>
        <time>2026-08-08T16:02:32.000Z</time>
      </trkpt>
      <trkpt lat="57.66307043842971324920654296875" lon="-4.3370510078966617584228515625">
        <ele>28.6000003814697265625</ele>
        <time>2026-08-08T16:02:38.000Z</time>
      </trkpt>
      <trkpt lat="57.66308435238897800445556640625" lon="-4.33704136870801448822021484375">
        <ele>28.6000003814697265625</ele>
        <time>2026-08-08T16:02:43.000Z</time>
      </trkpt>
      <trkpt lat="57.66308418475091457366943359375" lon="-4.33701572008430957794189453125">
        <ele>28.6000003814697265625</ele>
        <time>2026-08-08T16:02:48.000Z</time>
      </trkpt>
      <trkpt lat="57.6630904711782932281494140625" lon="-4.3370396085083484649658203125">
        <ele>28.6000003814697265625</ele>
        <time>2026-08-08T16:02:53.000Z</time>
      </trkpt>
      <trkpt lat="57.6630710251629352569580078125" lon="-4.3370500020682811737060546875">
        <ele>28.6000003814697265625</ele>
        <time>2026-08-08T16:02:57.000Z</time>
      </trkpt>
      <trkpt lat="57.6630695164203643798828125" lon="-4.3370225094258785247802734375">
        <ele>28.6000003814697265625</ele>
        <time>2026-08-08T16:03:03.000Z</time>
      </trkpt>
      <trkpt lat="57.6630909740924835205078125" lon="-4.33701731264591217041015625">
        <ele>28.6000003814697265625</ele>
        <time>2026-08-08T16:03:09.000Z</time>
      </trkpt>
      <trkpt lat="57.66307412646710872650146484375" lon="-4.33703600428998470306396484375">
        <ele>28.6000003814697265625</ele>
        <time>2026-08-08T16:03:14.000Z</time>
      </trkpt>
      <trkpt lat="57.66306490637362003326416015625" lon="-4.33702393434941768646240234375">
        <ele>28.6000003814697265625</ele>
        <time>2026-08-08T16:03:19.000Z</time>
      </trkpt>
      <trkpt lat="57.663058452308177947998046875" lon="-4.33704287745058536529541015625">
        <ele>28.6000003814697265625</ele>
        <time>2026-08-08T16:03:23.000Z</time>
      </trkpt>
      <trkpt lat="57.6630656607449054718017578125" lon="-4.337063245475292205810546875">
        <ele>28.6000003814697265625</ele>
        <time>2026-08-08T16:03:28.000Z</time>
      </trkpt>
      <trkpt lat="57.6630775630474090576171875" lon="-4.3370744772255420684814453125">
        <ele>28.6000003814697265625</ele>
        <time>2026-08-08T16:03:34.000Z</time>
      </trkpt>
      <trkpt lat="57.66308016143739223480224609375" lon="-4.33704220689833164215087890625">
        <ele>28.6000003814697265625</ele>
        <time>2026-08-08T16:03:41.000Z</time>
      </trkpt>
      <trkpt lat="57.66308368183672428131103515625" lon="-4.33703097514808177947998046875">
        <ele>28.6000003814697265625</ele>
        <time>2026-08-08T16:03:49.000Z</time>
      </trkpt>
      <trkpt lat="57.66310371458530426025390625" lon="-4.33703005313873291015625">
        <ele>28.6000003814697265625</ele>
        <time>2026-08-08T16:03:57.000Z</time>
      </trkpt>
      <trkpt lat="57.6631115935742855072021484375" lon="-4.3370560370385646820068359375">
        <ele>28.6000003814697265625</ele>
        <time>2026-08-08T16:04:04.000Z</time>
      </trkpt>
      <trkpt lat="57.66311083920300006866455078125" lon="-4.33706986717879772186279296875">
        <ele>28.6000003814697265625</ele>
        <time>2026-08-08T16:04:10.000Z</time>
      </trkpt>
      <trkpt lat="57.66311536543071269989013671875" lon="-4.3370681069791316986083984375">
        <ele>28.6000003814697265625</ele>
        <time>2026-08-08T16:04:13.000Z</time>
      </trkpt>
      <trkpt lat="57.66310731880366802215576171875" lon="-4.33706265874207019805908203125">
        <ele>28.6000003814697265625</ele>
        <time>2026-08-08T16:04:18.000Z</time>
      </trkpt>
      <trkpt lat="57.663104720413684844970703125" lon="-4.33701169677078723907470703125">
        <ele>28.6000003814697265625</ele>
        <time>2026-08-08T16:04:26.000Z</time>
      </trkpt>
      <trkpt lat="57.66309306956827640533447265625" lon="-4.336996860802173614501953125">
        <ele>28.6000003814697265625</ele>
        <time>2026-08-08T16:04:33.000Z</time>
      </trkpt>
      <trkpt lat="57.6631146110594272613525390625" lon="-4.33699987828731536865234375">
        <ele>28.6000003814697265625</ele>
        <time>2026-08-08T16:04:40.000Z</time>
      </trkpt>
      <trkpt lat="57.66312978230416774749755859375" lon="-4.33702376671135425567626953125">
        <ele>28.6000003814697265625</ele>
        <time>2026-08-08T16:04:45.000Z</time>
      </trkpt>
      <trkpt lat="57.663118131458759307861328125" lon="-4.33701890520751476287841796875">
        <ele>28.6000003814697265625</ele>
        <time>2026-08-08T16:04:51.000Z</time>
      </trkpt>
      <trkpt lat="57.66310312785208225250244140625" lon="-4.33703701011836528778076171875">
        <ele>28.6000003814697265625</ele>
        <time>2026-08-08T16:04:57.000Z</time>
      </trkpt>
      <trkpt lat="57.66309960745275020599365234375" lon="-4.33704019524157047271728515625">
        <ele>28.6000003814697265625</ele>
        <time>2026-08-08T16:04:59.000Z</time>
      </trkpt>
      <trkpt lat="57.663094662129878997802734375" lon="-4.337059222161769866943359375">
        <ele>28.6000003814697265625</ele>
        <time>2026-08-08T16:05:06.000Z</time>
      </trkpt>
      <trkpt lat="57.66308820806443691253662109375" lon="-4.33702007867395877838134765625">
        <ele>28.6000003814697265625</ele>
        <time>2026-08-08T16:05:15.000Z</time>
      </trkpt>
      <trkpt lat="57.663082592189311981201171875" lon="-4.33701840229332447052001953125">
        <ele>28.6000003814697265625</ele>
        <time>2026-08-08T16:05:22.000Z</time>
      </trkpt>
      <trkpt lat="57.6630760543048381805419921875" lon="-4.33703072369098663330078125">
        <ele>28.6000003814697265625</ele>
        <time>2026-08-08T16:05:30.000Z</time>
      </trkpt>
      <trkpt lat="57.66308091580867767333984375" lon="-4.3370593897998332977294921875">
        <ele>28.6000003814697265625</ele>
        <time>2026-08-08T16:05:37.000Z</time>
      </trkpt>
      <trkpt lat="57.6630864478647708892822265625" lon="-4.33705176226794719696044921875">
        <ele>28.6000003814697265625</ele>
        <time>2026-08-08T16:05:43.000Z</time>
      </trkpt>
      <trkpt lat="57.66310178674757480621337890625" lon="-4.3370555341243743896484375">
        <ele>28.6000003814697265625</ele>
        <time>2026-08-08T16:05:51.000Z</time>
      </trkpt>
      <trkpt lat="57.66309700906276702880859375" lon="-4.3370260298252105712890625">
        <ele>28.6000003814697265625</ele>
        <time>2026-08-08T16:05:55.000Z</time>
      </trkpt>
      <trkpt lat="57.66309835016727447509765625" lon="-4.33702879585325717926025390625">
        <ele>28.6000003814697265625</ele>
        <time>2026-08-08T16:05:56.000Z</time>
      </trkpt>
      <trkpt lat="57.6630908064544200897216796875" lon="-4.33704555965960025787353515625">
        <ele>28.6000003814697265625</ele>
        <time>2026-08-08T16:06:02.000Z</time>
      </trkpt>
      <trkpt lat="57.66308720223605632781982421875" lon="-4.33707053773105144500732421875">
        <ele>28.6000003814697265625</ele>
        <time>2026-08-08T16:06:09.000Z</time>
      </trkpt>
      <trkpt lat="57.66308854334056377410888671875" lon="-4.3370808474719524383544921875">
        <ele>28.6000003814697265625</ele>
        <time>2026-08-08T16:06:16.000Z</time>
      </trkpt>
      <trkpt lat="57.6630901359021663665771484375" lon="-4.3370783329010009765625">
        <ele>28.6000003814697265625</ele>
        <time>2026-08-08T16:06:17.000Z</time>
      </trkpt>
      <trkpt lat="57.6630834303796291351318359375" lon="-4.33706299401819705963134765625">
        <ele>28.6000003814697265625</ele>
        <time>2026-08-08T16:06:24.000Z</time>
      </trkpt>
      <trkpt lat="57.6630844362080097198486328125" lon="-4.3370610661804676055908203125">
        <ele>28.6000003814697265625</ele>
        <time>2026-08-08T16:06:31.000Z</time>
      </trkpt>
      <trkpt lat="57.66309323720633983612060546875" lon="-4.33705343864858150482177734375">
        <ele>28.6000003814697265625</ele>
        <time>2026-08-08T16:06:38.000Z</time>
      </trkpt>
      <trkpt lat="57.6630911417305469512939453125" lon="-4.33704706840217113494873046875">
        <ele>28.6000003814697265625</ele>
        <time>2026-08-08T16:06:45.000Z</time>
      </trkpt>
      <trkpt lat="57.663096003234386444091796875" lon="-4.33702175505459308624267578125">
        <ele>28.6000003814697265625</ele>
        <time>2026-08-08T16:06:52.000Z</time>
      </trkpt>
      <trkpt lat="57.663093321025371551513671875" lon="-4.3370231799781322479248046875">
        <ele>28.6000003814697265625</ele>
        <time>2026-08-08T16:06:59.000Z</time>
      </trkpt>
      <trkpt lat="57.663087286055088043212890625" lon="-4.33701437897980213165283203125">
        <ele>28.6000003814697265625</ele>
        <time>2026-08-08T16:07:01.000Z</time>
      </trkpt>
      <trkpt lat="57.6630834303796291351318359375" lon="-4.33702192269265651702880859375">
        <ele>28.6000003814697265625</ele>
        <time>2026-08-08T16:07:05.000Z</time>
      </trkpt>
      <trkpt lat="57.66307814978063106536865234375" lon="-4.3370298855006694793701171875">
        <ele>28.6000003814697265625</ele>
        <time>2026-08-08T16:07:11.000Z</time>
      </trkpt>
      <trkpt lat="57.66306775622069835662841796875" lon="-4.33703566901385784149169921875">
        <ele>28.6000003814697265625</ele>
        <time>2026-08-08T16:07:17.000Z</time>
      </trkpt>
      <trkpt lat="57.66306255944073200225830078125" lon="-4.3370258621871471405029296875">
        <ele>28.6000003814697265625</ele>
        <time>2026-08-08T16:07:24.000Z</time>
      </trkpt>
      <trkpt lat="57.663056440651416778564453125" lon="-4.33702862821519374847412109375">
        <ele>28.6000003814697265625</ele>
        <time>2026-08-08T16:07:29.000Z</time>
      </trkpt>
      <trkpt lat="57.6630515791475772857666015625" lon="-4.3370501697063446044921875">
        <ele>28.6000003814697265625</ele>
        <time>2026-08-08T16:07:37.000Z</time>
      </trkpt>
      <trkpt lat="57.66305266879498958587646484375" lon="-4.3370422907173633575439453125">
        <ele>28.6000003814697265625</ele>
        <time>2026-08-08T16:07:43.000Z</time>
      </trkpt>
      <trkpt lat="57.66305266879498958587646484375" lon="-4.3370422907173633575439453125">
        <ele>28.6000003814697265625</ele>
        <time>2026-08-08T16:07:50.000Z</time>
      </trkpt>
      <trkpt lat="57.66305853612720966339111328125" lon="-4.337030388414859771728515625">
        <ele>28.6000003814697265625</ele>
        <time>2026-08-08T16:07:56.000Z</time>
      </trkpt>
      <trkpt lat="57.6630613021552562713623046875" lon="-4.33703097514808177947998046875">
        <ele>28.6000003814697265625</ele>
        <time>2026-08-08T16:07:57.000Z</time>
      </trkpt>
      <trkpt lat="57.66307529993355274200439453125" lon="-4.33702309615910053253173828125">
        <ele>28.6000003814697265625</ele>
        <time>2026-08-08T16:08:02.000Z</time>
      </trkpt>
      <trkpt lat="57.6630802452564239501953125" lon="-4.33703416027128696441650390625">
        <ele>28.6000003814697265625</ele>
        <time>2026-08-08T16:08:07.000Z</time>
      </trkpt>
      <trkpt lat="57.6630874536931514739990234375" lon="-4.3370563723146915435791015625">
        <ele>28.6000003814697265625</ele>
        <time>2026-08-08T16:08:11.000Z</time>
      </trkpt>
      <trkpt lat="57.66309005208313465118408203125" lon="-4.3370582163333892822265625">
        <ele>30.6000003814697265625</ele>
        <time>2026-08-08T16:08:12.000Z</time>
      </trkpt>
      <trkpt lat="57.66309055499732494354248046875" lon="-4.33706198818981647491455078125">
        <ele>30.799999237060546875</ele>
        <time>2026-08-08T16:08:13.000Z</time>
      </trkpt>
      <trkpt lat="57.66309306956827640533447265625" lon="-4.33703097514808177947998046875">
        <ele>30.799999237060546875</ele>
        <time>2026-08-08T16:08:20.000Z</time>
      </trkpt>
      <trkpt lat="57.66307043842971324920654296875" lon="-4.33703399263322353363037109375">
        <ele>31</ele>
        <time>2026-08-08T16:08:23.000Z</time>
      </trkpt>
      <trkpt lat="57.66305635683238506317138671875" lon="-4.3370443023741245269775390625">
        <ele>31</ele>
        <time>2026-08-08T16:08:26.000Z</time>
      </trkpt>
      <trkpt lat="57.66304546035826206207275390625" lon="-4.3370282091200351715087890625">
        <ele>30.799999237060546875</ele>
        <time>2026-08-08T16:08:35.000Z</time>
      </trkpt>
      <trkpt lat="57.6630478911101818084716796875" lon="-4.3369172327220439910888671875">
        <ele>30.6000003814697265625</ele>
        <time>2026-08-08T16:09:05.000Z</time>
      </trkpt>
      <trkpt lat="57.663077227771282196044921875" lon="-4.3370684422552585601806640625">
        <ele>30.6000003814697265625</ele>
        <time>2026-08-08T16:09:11.000Z</time>
      </trkpt>
      <trkpt lat="57.663084603846073150634765625" lon="-4.33707372285425662994384765625">
        <ele>30.6000003814697265625</ele>
        <time>2026-08-08T16:09:15.000Z</time>
      </trkpt>
      <trkpt lat="57.6630934886634349822998046875" lon="-4.3371096812188625335693359375">
        <ele>30.6000003814697265625</ele>
        <time>2026-08-08T16:09:17.000Z</time>
      </trkpt>
      <trkpt lat="57.66309105791151523590087890625" lon="-4.33709585107862949371337890625">
        <ele>30.6000003814697265625</ele>
        <time>2026-08-08T16:09:24.000Z</time>
      </trkpt>
      <trkpt lat="57.66309122554957866668701171875" lon="-4.3370828591287136077880859375">
        <ele>30.200000762939453125</ele>
        <time>2026-08-08T16:09:29.000Z</time>
      </trkpt>
      <trkpt lat="57.66309206373989582061767578125" lon="-4.33708344586193561553955078125">
        <ele>30.200000762939453125</ele>
        <time>2026-08-08T16:09:33.000Z</time>
      </trkpt>
      <trkpt lat="57.663092315196990966796875" lon="-4.33708361349999904632568359375">
        <ele>30.200000762939453125</ele>
        <time>2026-08-08T16:09:34.000Z</time>
      </trkpt>
      <trkpt lat="57.66309122554957866668701171875" lon="-4.3370828591287136077880859375">
        <ele>30.200000762939453125</ele>
        <time>2026-08-08T16:09:39.000Z</time>
      </trkpt>
      <trkpt lat="57.6630753837525844573974609375" lon="-4.33710423298180103302001953125">
        <ele>30.200000762939453125</ele>
        <time>2026-08-08T16:09:47.000Z</time>
      </trkpt>
      <trkpt lat="57.66307194717228412628173828125" lon="-4.337053857743740081787109375">
        <ele>30</ele>
        <time>2026-08-08T16:09:50.000Z</time>
      </trkpt>
      <trkpt lat="57.66307018697261810302734375" lon="-4.3370568752288818359375">
        <ele>29.799999237060546875</ele>
        <time>2026-08-08T16:09:54.000Z</time>
      </trkpt>
      <trkpt lat="57.66308552585542201995849609375" lon="-4.3370582163333892822265625">
        <ele>29.799999237060546875</ele>
        <time>2026-08-08T16:09:57.000Z</time>
      </trkpt>
      <trkpt lat="57.663081251084804534912109375" lon="-4.3370555341243743896484375">
        <ele>29.6000003814697265625</ele>
        <time>2026-08-08T16:09:58.000Z</time>
      </trkpt>
      <trkpt lat="57.66308099962770938873291015625" lon="-4.3370563723146915435791015625">
        <ele>29.3999996185302734375</ele>
        <time>2026-08-08T16:10:00.000Z</time>
      </trkpt>
      <trkpt lat="57.66308099962770938873291015625" lon="-4.3370563723146915435791015625">
        <ele>29.6000003814697265625</ele>
        <time>2026-08-08T16:10:05.000Z</time>
      </trkpt>
      <trkpt lat="57.66308099962770938873291015625" lon="-4.3370563723146915435791015625">
        <ele>29.6000003814697265625</ele>
        <time>2026-08-08T16:10:10.000Z</time>
      </trkpt>
      <trkpt lat="57.66308099962770938873291015625" lon="-4.3370563723146915435791015625">
        <ele>29.799999237060546875</ele>
        <time>2026-08-08T16:10:16.000Z</time>
      </trkpt>
      <trkpt lat="57.66309524886310100555419921875" lon="-4.33707640506327152252197265625">
        <ele>29.799999237060546875</ele>
        <time>2026-08-08T16:10:21.000Z</time>
      </trkpt>
      <trkpt lat="57.66311042010784149169921875" lon="-4.33706961572170257568359375">
        <ele>29.6000003814697265625</ele>
        <time>2026-08-08T16:10:22.000Z</time>
      </trkpt>
      <trkpt lat="57.6631089113652706146240234375" lon="-4.3370640836656093597412109375">
        <ele>29.799999237060546875</ele>
        <time>2026-08-08T16:10:24.000Z</time>
      </trkpt>
      <trkpt lat="57.66309591941535472869873046875" lon="-4.33707724325358867645263671875">
        <ele>29.799999237060546875</ele>
        <time>2026-08-08T16:10:25.000Z</time>
      </trkpt>
      <trkpt lat="57.66308099962770938873291015625" lon="-4.3370563723146915435791015625">
        <ele>30</ele>
        <time>2026-08-08T16:10:29.000Z</time>
      </trkpt>
      <trkpt lat="57.66308837570250034332275390625" lon="-4.3370952643454074859619140625">
        <ele>30</ele>
        <time>2026-08-08T16:10:36.000Z</time>
      </trkpt>
      <trkpt lat="57.6630928181111812591552734375" lon="-4.33706752024590969085693359375">
        <ele>30</ele>
        <time>2026-08-08T16:10:40.000Z</time>
      </trkpt>
      <trkpt lat="57.66309742815792560577392578125" lon="-4.3370728008449077606201171875">
        <ele>30</ele>
        <time>2026-08-08T16:10:41.000Z</time>
      </trkpt>
      <trkpt lat="57.66309726051986217498779296875" lon="-4.33707288466393947601318359375">
        <ele>30.3999996185302734375</ele>
        <time>2026-08-08T16:10:46.000Z</time>
      </trkpt>
      <trkpt lat="57.6630971767008304595947265625" lon="-4.3370630778372287750244140625">
        <ele>30.3999996185302734375</ele>
        <time>2026-08-08T16:10:47.000Z</time>
      </trkpt>
      <trkpt lat="57.6631005294620990753173828125" lon="-4.33706584386527538299560546875">
        <ele>30.200000762939453125</ele>
        <time>2026-08-08T16:10:50.000Z</time>
      </trkpt>
      <trkpt lat="57.66310849227011203765869140625" lon="-4.337077997624874114990234375">
        <ele>30.200000762939453125</ele>
        <time>2026-08-08T16:10:51.000Z</time>
      </trkpt>
      <trkpt lat="57.6631122641265392303466796875" lon="-4.33708579279482364654541015625">
        <ele>30.200000762939453125</ele>
        <time>2026-08-08T16:10:52.000Z</time>
      </trkpt>
      <trkpt lat="57.663112096488475799560546875" lon="-4.33709585107862949371337890625">
        <ele>30.200000762939453125</ele>
        <time>2026-08-08T16:10:56.000Z</time>
      </trkpt>
      <trkpt lat="57.6631189696490764617919921875" lon="-4.337074644863605499267578125">
        <ele>30.6000003814697265625</ele>
        <time>2026-08-08T16:11:00.000Z</time>
      </trkpt>
      <trkpt lat="57.6631176285445690155029296875" lon="-4.3370835296809673309326171875">
        <ele>30.6000003814697265625</ele>
        <time>2026-08-08T16:11:01.000Z</time>
      </trkpt>
      <trkpt lat="57.66311218030750751495361328125" lon="-4.33706969954073429107666015625">
        <ele>30.6000003814697265625</ele>
        <time>2026-08-08T16:11:02.000Z</time>
      </trkpt>
      <trkpt lat="57.6631042174994945526123046875" lon="-4.3370771594345569610595703125">
        <ele>30.200000762939453125</ele>
        <time>2026-08-08T16:11:05.000Z</time>
      </trkpt>
      <trkpt lat="57.66310178674757480621337890625" lon="-4.33707556687295436859130859375">
        <ele>30.3999996185302734375</ele>
        <time>2026-08-08T16:11:10.000Z</time>
      </trkpt>
      <trkpt lat="57.663087956607341766357421875" lon="-4.33705645613372325897216796875">
        <ele>30</ele>
        <time>2026-08-08T16:11:15.000Z</time>
      </trkpt>
      <trkpt lat="57.663097344338893890380859375" lon="-4.33707288466393947601318359375">
        <ele>30</ele>
        <time>2026-08-08T16:11:21.000Z</time>
      </trkpt>
      <trkpt lat="57.663097344338893890380859375" lon="-4.33707288466393947601318359375">
        <ele>30</ele>
        <time>2026-08-08T16:11:26.000Z</time>
      </trkpt>
      <trkpt lat="57.663097344338893890380859375" lon="-4.33707288466393947601318359375">
        <ele>30</ele>
        <time>2026-08-08T16:11:28.000Z</time>
      </trkpt>
      <trkpt lat="57.663094997406005859375" lon="-4.33706215582787990570068359375">
        <ele>30</ele>
        <time>2026-08-08T16:11:31.000Z</time>
      </trkpt>
      <trkpt lat="57.66310329549014568328857421875" lon="-4.3370671011507511138916015625">
        <ele>30</ele>
        <time>2026-08-08T16:11:33.000Z</time>
      </trkpt>
      <trkpt lat="57.6631057262420654296875" lon="-4.3370717950165271759033203125">
        <ele>30</ele>
        <time>2026-08-08T16:11:39.000Z</time>
      </trkpt>
      <trkpt lat="57.663097344338893890380859375" lon="-4.33707288466393947601318359375">
        <ele>30</ele>
        <time>2026-08-08T16:11:45.000Z</time>
      </trkpt>
      <trkpt lat="57.663097344338893890380859375" lon="-4.33707288466393947601318359375">
        <ele>30</ele>
        <time>2026-08-08T16:11:51.000Z</time>
      </trkpt>
      <trkpt lat="57.663097344338893890380859375" lon="-4.33707288466393947601318359375">
        <ele>30</ele>
        <time>2026-08-08T16:11:57.000Z</time>
      </trkpt>
      <trkpt lat="57.66308619640767574310302734375" lon="-4.33702426962554454803466796875">
        <ele>30</ele>
        <time>2026-08-08T16:12:02.000Z</time>
      </trkpt>
      <trkpt lat="57.66308250837028026580810546875" lon="-4.33702561073005199432373046875">
        <ele>30</ele>
        <time>2026-08-08T16:12:08.000Z</time>
      </trkpt>
      <trkpt lat="57.66308250837028026580810546875" lon="-4.33702561073005199432373046875">
        <ele>30</ele>
        <time>2026-08-08T16:12:13.000Z</time>
      </trkpt>
      <trkpt lat="57.66308250837028026580810546875" lon="-4.33702561073005199432373046875">
        <ele>30</ele>
        <time>2026-08-08T16:12:18.000Z</time>
      </trkpt>
      <trkpt lat="57.6630807481706142425537109375" lon="-4.337035082280635833740234375">
        <ele>30</ele>
        <time>2026-08-08T16:12:24.000Z</time>
      </trkpt>
      <trkpt lat="57.6630990207195281982421875" lon="-4.33698068372905254364013671875">
        <ele>30.3999996185302734375</ele>
        <time>2026-08-08T16:12:28.000Z</time>
      </trkpt>
      <trkpt lat="57.66310430131852626800537109375" lon="-4.3369517661631107330322265625">
        <ele>30.200000762939453125</ele>
        <time>2026-08-08T16:12:29.000Z</time>
      </trkpt>
      <trkpt lat="57.66309927217662334442138671875" lon="-4.33690943755209445953369140625">
        <ele>30.200000762939453125</ele>
        <time>2026-08-08T16:12:30.000Z</time>
      </trkpt>
      <trkpt lat="57.66307462938129901885986328125" lon="-4.33685277588665485382080078125">
        <ele>30.200000762939453125</ele>
        <time>2026-08-08T16:12:32.000Z</time>
      </trkpt>
      <trkpt lat="57.66305275261402130126953125" lon="-4.3368458189070224761962890625">
        <ele>30.200000762939453125</ele>
        <time>2026-08-08T16:12:33.000Z</time>
      </trkpt>
      <trkpt lat="57.66298125497996807098388671875" lon="-4.3368749879300594329833984375">
        <ele>30.200000762939453125</ele>
        <time>2026-08-08T16:12:36.000Z</time>
      </trkpt>
      <trkpt lat="57.66277514398097991943359375" lon="-4.33702058158814907073974609375">
        <ele>30</ele>
        <time>2026-08-08T16:12:42.000Z</time>
      </trkpt>
      <trkpt lat="57.662665508687496185302734375" lon="-4.33711580000817775726318359375">
        <ele>30.200000762939453125</ele>
        <time>2026-08-08T16:12:45.000Z</time>
      </trkpt>
      <trkpt lat="57.6625545322895050048828125" lon="-4.3372340686619281768798828125">
        <ele>30.3999996185302734375</ele>
        <time>2026-08-08T16:12:48.000Z</time>
      </trkpt>
      <trkpt lat="57.66240474767982959747314453125" lon="-4.33736340142786502838134765625">
        <ele>30.3999996185302734375</ele>
        <time>2026-08-08T16:12:52.000Z</time>
      </trkpt>
      <trkpt lat="57.66236635856330394744873046875" lon="-4.33739609085023403167724609375">
        <ele>30.6000003814697265625</ele>
        <time>2026-08-08T16:12:53.000Z</time>
      </trkpt>
      <trkpt lat="57.6621976308524608612060546875" lon="-4.337532632052898406982421875">
        <ele>29.6000003814697265625</ele>
        <time>2026-08-08T16:12:57.000Z</time>
      </trkpt>
      <trkpt lat="57.6621523685753345489501953125" lon="-4.3375794030725955963134765625">
        <ele>29.200000762939453125</ele>
        <time>2026-08-08T16:12:58.000Z</time>
      </trkpt>
      <trkpt lat="57.662105597555637359619140625" lon="-4.33762441389262676239013671875">
        <ele>29.200000762939453125</ele>
        <time>2026-08-08T16:12:59.000Z</time>
      </trkpt>
      <trkpt lat="57.66190820373594760894775390625" lon="-4.33777210302650928497314453125">
        <ele>28.200000762939453125</ele>
        <time>2026-08-08T16:13:03.000Z</time>
      </trkpt>
      <trkpt lat="57.66175330616533756256103515625" lon="-4.33791928924620151519775390625">
        <ele>27.200000762939453125</ele>
        <time>2026-08-08T16:13:06.000Z</time>
      </trkpt>
      <trkpt lat="57.6616980694234371185302734375" lon="-4.33796773664653301239013671875">
        <ele>27</ele>
        <time>2026-08-08T16:13:07.000Z</time>
      </trkpt>
      <trkpt lat="57.66147301532328128814697265625" lon="-4.33815582655370235443115234375">
        <ele>25.799999237060546875</ele>
        <time>2026-08-08T16:13:11.000Z</time>
      </trkpt>
      <trkpt lat="57.66141316853463649749755859375" lon="-4.3382115662097930908203125">
        <ele>25.6000003814697265625</ele>
        <time>2026-08-08T16:13:12.000Z</time>
      </trkpt>
      <trkpt lat="57.66128710471093654632568359375" lon="-4.33831877075135707855224609375">
        <ele>25.200000762939453125</ele>
        <time>2026-08-08T16:13:14.000Z</time>
      </trkpt>
      <trkpt lat="57.66115886159241199493408203125" lon="-4.3384222872555255889892578125">
        <ele>24.6000003814697265625</ele>
        <time>2026-08-08T16:13:16.000Z</time>
      </trkpt>
      <trkpt lat="57.6609108410775661468505859375" lon="-4.33862320147454738616943359375">
        <ele>24.3999996185302734375</ele>
        <time>2026-08-08T16:13:20.000Z</time>
      </trkpt>
      <trkpt lat="57.6606447994709014892578125" lon="-4.33883744291961193084716796875">
        <ele>24.3999996185302734375</ele>
        <time>2026-08-08T16:13:25.000Z</time>
      </trkpt>
      <trkpt lat="57.660424523055553436279296875" lon="-4.33899720199406147003173828125">
        <ele>24.799999237060546875</ele>
        <time>2026-08-08T16:13:30.000Z</time>
      </trkpt>
      <trkpt lat="57.66039376147091388702392578125" lon="-4.33904279954731464385986328125">
        <ele>25</ele>
        <time>2026-08-08T16:13:31.000Z</time>
      </trkpt>
      <trkpt lat="57.6603730581700801849365234375" lon="-4.33916416950523853302001953125">
        <ele>25.6000003814697265625</ele>
        <time>2026-08-08T16:13:33.000Z</time>
      </trkpt>
      <trkpt lat="57.6603854633867740631103515625" lon="-4.3392279557883739471435546875">
        <ele>25.6000003814697265625</ele>
        <time>2026-08-08T16:13:34.000Z</time>
      </trkpt>
      <trkpt lat="57.6604020595550537109375" lon="-4.33929878287017345428466796875">
        <ele>25.6000003814697265625</ele>
        <time>2026-08-08T16:13:35.000Z</time>
      </trkpt>
      <trkpt lat="57.66039560548961162567138671875" lon="-4.33947597630321979522705078125">
        <ele>25.200000762939453125</ele>
        <time>2026-08-08T16:13:37.000Z</time>
      </trkpt>
      <trkpt lat="57.66036425717175006866455078125" lon="-4.3395494855940341949462890625">
        <ele>25</ele>
        <time>2026-08-08T16:13:38.000Z</time>
      </trkpt>
      <trkpt lat="57.66032628715038299560546875" lon="-4.33960841037333011627197265625">
        <ele>25</ele>
        <time>2026-08-08T16:13:39.000Z</time>
      </trkpt>
      <trkpt lat="57.66021422110497951507568359375" lon="-4.3397913873195648193359375">
        <ele>24.6000003814697265625</ele>
        <time>2026-08-08T16:13:42.000Z</time>
      </trkpt>
      <trkpt lat="57.66017331741750240325927734375" lon="-4.3398498930037021636962890625">
        <ele>24.6000003814697265625</ele>
        <time>2026-08-08T16:13:43.000Z</time>
      </trkpt>
      <trkpt lat="57.65993870794773101806640625" lon="-4.34022121131420135498046875">
        <ele>24.799999237060546875</ele>
        <time>2026-08-08T16:13:49.000Z</time>
      </trkpt>
      <trkpt lat="57.6598964631557464599609375" lon="-4.34027661569416522979736328125">
        <ele>24.799999237060546875</ele>
        <time>2026-08-08T16:13:50.000Z</time>
      </trkpt>
      <trkpt lat="57.6598584093153476715087890625" lon="-4.34034082107245922088623046875">
        <ele>25</ele>
        <time>2026-08-08T16:13:51.000Z</time>
      </trkpt>
      <trkpt lat="57.65972488559782505035400390625" lon="-4.34063158929347991943359375">
        <ele>25.3999996185302734375</ele>
        <time>2026-08-08T16:13:55.000Z</time>
      </trkpt>
      <trkpt lat="57.65970326028764247894287109375" lon="-4.3407199345529079437255859375">
        <ele>25.6000003814697265625</ele>
        <time>2026-08-08T16:13:56.000Z</time>
      </trkpt>
      <trkpt lat="57.6596649549901485443115234375" lon="-4.34089084155857563018798828125">
        <ele>25.799999237060546875</ele>
        <time>2026-08-08T16:13:58.000Z</time>
      </trkpt>
      <trkpt lat="57.659632265567779541015625" lon="-4.34106702916324138641357421875">
        <ele>26</ele>
        <time>2026-08-08T16:14:00.000Z</time>
      </trkpt>
      <trkpt lat="57.6595687307417392730712890625" lon="-4.34141370467841625213623046875">
        <ele>26.200000762939453125</ele>
        <time>2026-08-08T16:14:04.000Z</time>
      </trkpt>
      <trkpt lat="57.6595221273601055145263671875" lon="-4.3417029641568660736083984375">
        <ele>26.3999996185302734375</ele>
        <time>2026-08-08T16:14:07.000Z</time>
      </trkpt>
      <trkpt lat="57.659414671361446380615234375" lon="-4.3422645516693592071533203125">
        <ele>26.6000003814697265625</ele>
        <time>2026-08-08T16:14:13.000Z</time>
      </trkpt>
      <trkpt lat="57.65939824283123016357421875" lon="-4.3423564173281192779541015625">
        <ele>26.6000003814697265625</ele>
        <time>2026-08-08T16:14:14.000Z</time>
      </trkpt>
      <trkpt lat="57.65930646099150180816650390625" lon="-4.34280694462358951568603515625">
        <ele>26.3999996185302734375</ele>
        <time>2026-08-08T16:14:19.000Z</time>
      </trkpt>
      <trkpt lat="57.65925365500152111053466796875" lon="-4.34298078529536724090576171875">
        <ele>26.3999996185302734375</ele>
        <time>2026-08-08T16:14:21.000Z</time>
      </trkpt>
      <trkpt lat="57.659172601997852325439453125" lon="-4.343235678970813751220703125">
        <ele>26.3999996185302734375</ele>
        <time>2026-08-08T16:14:24.000Z</time>
      </trkpt>
      <trkpt lat="57.659073360264301300048828125" lon="-4.3434499204158782958984375">
        <ele>26.799999237060546875</ele>
        <time>2026-08-08T16:14:27.000Z</time>
      </trkpt>
      <trkpt lat="57.65904209576547145843505859375" lon="-4.3435191549360752105712890625">
        <ele>26.799999237060546875</ele>
        <time>2026-08-08T16:14:28.000Z</time>
      </trkpt>
      <trkpt lat="57.65884730033576488494873046875" lon="-4.3439067341387271881103515625">
        <ele>27.3999996185302734375</ele>
        <time>2026-08-08T16:14:34.000Z</time>
      </trkpt>
      <trkpt lat="57.65881645493209362030029296875" lon="-4.34397739358246326446533203125">
        <ele>27.3999996185302734375</ele>
        <time>2026-08-08T16:14:35.000Z</time>
      </trkpt>
      <trkpt lat="57.65864244662225246429443359375" lon="-4.34431233443319797515869140625">
        <ele>28</ele>
        <time>2026-08-08T16:14:40.000Z</time>
      </trkpt>
      <trkpt lat="57.65860699117183685302734375" lon="-4.34437729418277740478515625">
        <ele>28</ele>
        <time>2026-08-08T16:14:41.000Z</time>
      </trkpt>
      <trkpt lat="57.65848872251808643341064453125" lon="-4.34459698386490345001220703125">
        <ele>29</ele>
        <time>2026-08-08T16:14:45.000Z</time>
      </trkpt>
      <trkpt lat="57.65843306668102741241455078125" lon="-4.3446932919323444366455078125">
        <ele>29.6000003814697265625</ele>
        <time>2026-08-08T16:14:47.000Z</time>
      </trkpt>
      <trkpt lat="57.6583603955805301666259765625" lon="-4.34483385644853115081787109375">
        <ele>30.200000762939453125</ele>
        <time>2026-08-08T16:14:50.000Z</time>
      </trkpt>
      <trkpt lat="57.6582873053848743438720703125" lon="-4.34496411122381687164306640625">
        <ele>30.799999237060546875</ele>
        <time>2026-08-08T16:14:53.000Z</time>
      </trkpt>
      <trkpt lat="57.65817582607269287109375" lon="-4.34513568878173828125">
        <ele>31.200000762939453125</ele>
        <time>2026-08-08T16:14:57.000Z</time>
      </trkpt>
      <trkpt lat="57.65809644944965839385986328125" lon="-4.34525630436837673187255859375">
        <ele>31.3999996185302734375</ele>
        <time>2026-08-08T16:15:00.000Z</time>
      </trkpt>
      <trkpt lat="57.65789880417287349700927734375" lon="-4.345522262156009674072265625">
        <ele>32</ele>
        <time>2026-08-08T16:15:07.000Z</time>
      </trkpt>
      <trkpt lat="57.657797969877719879150390625" lon="-4.345699958503246307373046875">
        <ele>32.200000762939453125</ele>
        <time>2026-08-08T16:15:11.000Z</time>
      </trkpt>
      <trkpt lat="57.65773870982229709625244140625" lon="-4.3458664231002330780029296875">
        <ele>32.40000152587890625</ele>
        <time>2026-08-08T16:15:14.000Z</time>
      </trkpt>
      <trkpt lat="57.65765438787639141082763671875" lon="-4.34613137505948543548583984375">
        <ele>32.40000152587890625</ele>
        <time>2026-08-08T16:15:19.000Z</time>
      </trkpt>
      <trkpt lat="57.65754357911646366119384765625" lon="-4.34649213217198848724365234375">
        <ele>32.799999237060546875</ele>
        <time>2026-08-08T16:15:26.000Z</time>
      </trkpt>
      <trkpt lat="57.657451294362545013427734375" lon="-4.34673939831554889678955078125">
        <ele>33.40000152587890625</ele>
        <time>2026-08-08T16:15:31.000Z</time>
      </trkpt>
      <trkpt lat="57.6574065349996089935302734375" lon="-4.34684350155293941497802734375">
        <ele>33.59999847412109375</ele>
        <time>2026-08-08T16:15:33.000Z</time>
      </trkpt>
      <trkpt lat="57.65723244287073612213134765625" lon="-4.34716620482504367828369140625">
        <ele>34.200000762939453125</ele>
        <time>2026-08-08T16:15:40.000Z</time>
      </trkpt>
      <trkpt lat="57.6572053693234920501708984375" lon="-4.34720928780734539031982421875">
        <ele>34.200000762939453125</ele>
        <time>2026-08-08T16:15:41.000Z</time>
      </trkpt>
      <trkpt lat="57.657091878354549407958984375" lon="-4.347397796809673309326171875">
        <ele>34.40000152587890625</ele>
        <time>2026-08-08T16:15:45.000Z</time>
      </trkpt>
      <trkpt lat="57.6569676585495471954345703125" lon="-4.347601644694805145263671875">
        <ele>34.59999847412109375</ele>
        <time>2026-08-08T16:15:49.000Z</time>
      </trkpt>
      <trkpt lat="57.65668812207877635955810546875" lon="-4.34804546646773815155029296875">
        <ele>35.200000762939453125</ele>
        <time>2026-08-08T16:15:57.000Z</time>
      </trkpt>
      <trkpt lat="57.656651325523853302001953125" lon="-4.34810514561831951141357421875">
        <ele>35.200000762939453125</ele>
        <time>2026-08-08T16:15:58.000Z</time>
      </trkpt>
      <trkpt lat="57.65657966025173664093017578125" lon="-4.34822718612849712371826171875">
        <ele>35.40000152587890625</ele>
        <time>2026-08-08T16:16:00.000Z</time>
      </trkpt>
      <trkpt lat="57.65632979571819305419921875" lon="-4.3486453592777252197265625">
        <ele>35.59999847412109375</ele>
        <time>2026-08-08T16:16:07.000Z</time>
      </trkpt>
      <trkpt lat="57.6560342498123645782470703125" lon="-4.34919060207903385162353515625">
        <ele>36.40000152587890625</ele>
        <time>2026-08-08T16:16:16.000Z</time>
      </trkpt>
      <trkpt lat="57.65579679049551486968994140625" lon="-4.34969183988869190216064453125">
        <ele>37</ele>
        <time>2026-08-08T16:16:24.000Z</time>
      </trkpt>
      <trkpt lat="57.6557626761496067047119140625" lon="-4.34975537471473217010498046875">
        <ele>37</ele>
        <time>2026-08-08T16:16:25.000Z</time>
      </trkpt>
      <trkpt lat="57.65552387572824954986572265625" lon="-4.35024571605026721954345703125">
        <ele>37</ele>
        <time>2026-08-08T16:16:33.000Z</time>
      </trkpt>
      <trkpt lat="57.6553274877369403839111328125" lon="-4.35067671351134777069091796875">
        <ele>37</ele>
        <time>2026-08-08T16:16:40.000Z</time>
      </trkpt>
      <trkpt lat="57.65509195625782012939453125" lon="-4.3511631153523921966552734375">
        <ele>37.200000762939453125</ele>
        <time>2026-08-08T16:16:48.000Z</time>
      </trkpt>
      <trkpt lat="57.65487335622310638427734375" lon="-4.35164834372699260711669921875">
        <ele>37.40000152587890625</ele>
        <time>2026-08-08T16:16:56.000Z</time>
      </trkpt>
      <trkpt lat="57.6548493839800357818603515625" lon="-4.35171171091496944427490234375">
        <ele>37.40000152587890625</ele>
        <time>2026-08-08T16:16:57.000Z</time>
      </trkpt>
      <trkpt lat="57.654681243002414703369140625" lon="-4.3521000444889068603515625">
        <ele>37.59999847412109375</ele>
        <time>2026-08-08T16:17:04.000Z</time>
      </trkpt>
      <trkpt lat="57.6544542610645294189453125" lon="-4.35262919403612613677978515625">
        <ele>38.200000762939453125</ele>
        <time>2026-08-08T16:17:13.000Z</time>
      </trkpt>
      <trkpt lat="57.6543773151934146881103515625" lon="-4.35280336998403072357177734375">
        <ele>38.40000152587890625</ele>
        <time>2026-08-08T16:17:16.000Z</time>
      </trkpt>
      <trkpt lat="57.65422551892697811126708984375" lon="-4.353128336369991302490234375">
        <ele>38.799999237060546875</ele>
        <time>2026-08-08T16:17:22.000Z</time>
      </trkpt>
      <trkpt lat="57.65404991805553436279296875" lon="-4.35339177958667278289794921875">
        <ele>39.40000152587890625</ele>
        <time>2026-08-08T16:17:28.000Z</time>
      </trkpt>
      <trkpt lat="57.65402301214635372161865234375" lon="-4.3534087948501110076904296875">
        <ele>39.59999847412109375</ele>
        <time>2026-08-08T16:17:29.000Z</time>
      </trkpt>
      <trkpt lat="57.6539012230932712554931640625" lon="-4.3534775264561176300048828125">
        <ele>40</ele>
        <time>2026-08-08T16:17:33.000Z</time>
      </trkpt>
      <trkpt lat="57.65378035604953765869140625" lon="-4.35354181565344333648681640625">
        <ele>40.59999847412109375</ele>
        <time>2026-08-08T16:17:37.000Z</time>
      </trkpt>
      <trkpt lat="57.6537221856415271759033203125" lon="-4.35356318950653076171875">
        <ele>40.799999237060546875</ele>
        <time>2026-08-08T16:17:39.000Z</time>
      </trkpt>
      <trkpt lat="57.65363493002951145172119140625" lon="-4.35359378345310688018798828125">
        <ele>41.40000152587890625</ele>
        <time>2026-08-08T16:17:42.000Z</time>
      </trkpt>
      <trkpt lat="57.65358145348727703094482421875" lon="-4.35361213982105255126953125">
        <ele>41.799999237060546875</ele>
        <time>2026-08-08T16:17:44.000Z</time>
      </trkpt>
      <trkpt lat="57.6534767635166645050048828125" lon="-4.35366402380168437957763671875">
        <ele>42.59999847412109375</ele>
        <time>2026-08-08T16:17:48.000Z</time>
      </trkpt>
      <trkpt lat="57.65344507992267608642578125" lon="-4.35367408208549022674560546875">
        <ele>42.799999237060546875</ele>
        <time>2026-08-08T16:17:49.000Z</time>
      </trkpt>
      <trkpt lat="57.65331340022385120391845703125" lon="-4.353711046278476715087890625">
        <ele>43.40000152587890625</ele>
        <time>2026-08-08T16:17:54.000Z</time>
      </trkpt>
      <trkpt lat="57.6532346941530704498291015625" lon="-4.35373258776962757110595703125">
        <ele>43.799999237060546875</ele>
        <time>2026-08-08T16:17:57.000Z</time>
      </trkpt>
      <trkpt lat="57.65320845879614353179931640625" lon="-4.35374281369149684906005859375">
        <ele>44</ele>
        <time>2026-08-08T16:17:58.000Z</time>
      </trkpt>
      <trkpt lat="57.65318146906793117523193359375" lon="-4.35374893248081207275390625">
        <ele>44.200000762939453125</ele>
        <time>2026-08-08T16:17:59.000Z</time>
      </trkpt>
      <trkpt lat="57.65298684127628803253173828125" lon="-4.3537923507392406463623046875">
        <ele>45</ele>
        <time>2026-08-08T16:18:06.000Z</time>
      </trkpt>
      <trkpt lat="57.65273018740117549896240234375" lon="-4.3538278900086879730224609375">
        <ele>45.40000152587890625</ele>
        <time>2026-08-08T16:18:14.000Z</time>
      </trkpt>
      <trkpt lat="57.6525312848389148712158203125" lon="-4.35383987613022327423095703125">
        <ele>46</ele>
        <time>2026-08-08T16:18:20.000Z</time>
      </trkpt>
      <trkpt lat="57.6522684283554553985595703125" lon="-4.35382478870451450347900390625">
        <ele>46.40000152587890625</ele>
        <time>2026-08-08T16:18:28.000Z</time>
      </trkpt>
      <trkpt lat="57.6522389240562915802001953125" lon="-4.3538139760494232177734375">
        <ele>46.59999847412109375</ele>
        <time>2026-08-08T16:18:29.000Z</time>
      </trkpt>
      <trkpt lat="57.65203482471406459808349609375" lon="-4.35374499298632144927978515625">
        <ele>46.799999237060546875</ele>
        <time>2026-08-08T16:18:35.000Z</time>
      </trkpt>
      <trkpt lat="57.6519636623561382293701171875" lon="-4.35370978899300098419189453125">
        <ele>47</ele>
        <time>2026-08-08T16:18:37.000Z</time>
      </trkpt>
      <trkpt lat="57.6517755724489688873291015625" lon="-4.353629909455776214599609375">
        <ele>47.59999847412109375</ele>
        <time>2026-08-08T16:18:42.000Z</time>
      </trkpt>
      <trkpt lat="57.6515100337564945220947265625" lon="-4.353519268333911895751953125">
        <ele>47</ele>
        <time>2026-08-08T16:18:48.000Z</time>
      </trkpt>
      <trkpt lat="57.65126469545066356658935546875" lon="-4.35339680872857570648193359375">
        <ele>46</ele>
        <time>2026-08-08T16:18:52.000Z</time>
      </trkpt>
      <trkpt lat="57.65120451338589191436767578125" lon="-4.35335758142173290252685546875">
        <ele>45.59999847412109375</ele>
        <time>2026-08-08T16:18:53.000Z</time>
      </trkpt>
      <trkpt lat="57.65107459388673305511474609375" lon="-4.35327493585646152496337890625">
        <ele>44.799999237060546875</ele>
        <time>2026-08-08T16:18:55.000Z</time>
      </trkpt>
      <trkpt lat="57.6508676446974277496337890625" lon="-4.353150464594364166259765625">
        <ele>43.59999847412109375</ele>
        <time>2026-08-08T16:18:58.000Z</time>
      </trkpt>
      <trkpt lat="57.65080369077622890472412109375" lon="-4.3530929647386074066162109375">
        <ele>43.40000152587890625</ele>
        <time>2026-08-08T16:18:59.000Z</time>
      </trkpt>
      <trkpt lat="57.65065952204167842864990234375" lon="-4.352996908128261566162109375">
        <ele>42.59999847412109375</ele>
        <time>2026-08-08T16:19:01.000Z</time>
      </trkpt>
      <trkpt lat="57.65050403773784637451171875" lon="-4.352902360260486602783203125">
        <ele>41.799999237060546875</ele>
        <time>2026-08-08T16:19:03.000Z</time>
      </trkpt>
      <trkpt lat="57.65042952261865139007568359375" lon="-4.35283832252025604248046875">
        <ele>41.40000152587890625</ele>
        <time>2026-08-08T16:19:04.000Z</time>
      </trkpt>
      <trkpt lat="57.6502671651542186737060546875" lon="-4.352703876793384552001953125">
        <ele>40.40000152587890625</ele>
        <time>2026-08-08T16:19:06.000Z</time>
      </trkpt>
      <trkpt lat="57.65018108300864696502685546875" lon="-4.3526373244822025299072265625">
        <ele>40</ele>
        <time>2026-08-08T16:19:07.000Z</time>
      </trkpt>
      <trkpt lat="57.650010176002979278564453125" lon="-4.35247957706451416015625">
        <ele>39.200000762939453125</ele>
        <time>2026-08-08T16:19:09.000Z</time>
      </trkpt>
      <trkpt lat="57.64992442913353443145751953125" lon="-4.35239668004214763641357421875">
        <ele>38.59999847412109375</ele>
        <time>2026-08-08T16:19:10.000Z</time>
      </trkpt>
      <trkpt lat="57.64967028982937335968017578125" lon="-4.35211856849491596221923828125">
        <ele>37.40000152587890625</ele>
        <time>2026-08-08T16:19:13.000Z</time>
      </trkpt>
      <trkpt lat="57.649580352008342742919921875" lon="-4.35202988795936107635498046875">
        <ele>37.200000762939453125</ele>
        <time>2026-08-08T16:19:14.000Z</time>
      </trkpt>
      <trkpt lat="57.6492586545646190643310546875" lon="-4.351744316518306732177734375">
        <ele>36.40000152587890625</ele>
        <time>2026-08-08T16:19:18.000Z</time>
      </trkpt>
      <trkpt lat="57.649182043969631195068359375" lon="-4.35169159434735774993896484375">
        <ele>36.59999847412109375</ele>
        <time>2026-08-08T16:19:19.000Z</time>
      </trkpt>
      <trkpt lat="57.649104930460453033447265625" lon="-4.35165286995470523834228515625">
        <ele>36.59999847412109375</ele>
        <time>2026-08-08T16:19:20.000Z</time>
      </trkpt>
      <trkpt lat="57.64888934791088104248046875" lon="-4.35157709755003452301025390625">
        <ele>36.799999237060546875</ele>
        <time>2026-08-08T16:19:23.000Z</time>
      </trkpt>
      <trkpt lat="57.64861836098134517669677734375" lon="-4.35154675506055355072021484375">
        <ele>37.200000762939453125</ele>
        <time>2026-08-08T16:19:27.000Z</time>
      </trkpt>
      <trkpt lat="57.64855029992759227752685546875" lon="-4.35154776088893413543701171875">
        <ele>37.40000152587890625</ele>
        <time>2026-08-08T16:19:28.000Z</time>
      </trkpt>
      <trkpt lat="57.6484221406280994415283203125" lon="-4.35153870843350887298583984375">
        <ele>37.59999847412109375</ele>
        <time>2026-08-08T16:19:30.000Z</time>
      </trkpt>
      <trkpt lat="57.64822273515164852142333984375" lon="-4.35155220329761505126953125">
        <ele>37.40000152587890625</ele>
        <time>2026-08-08T16:19:33.000Z</time>
      </trkpt>
      <trkpt lat="57.64809248037636280059814453125" lon="-4.35155463404953479766845703125">
        <ele>37.200000762939453125</ele>
        <time>2026-08-08T16:19:35.000Z</time>
      </trkpt>
      <trkpt lat="57.6479618065059185028076171875" lon="-4.35155547223985195159912109375">
        <ele>37.200000762939453125</ele>
        <time>2026-08-08T16:19:37.000Z</time>
      </trkpt>
      <trkpt lat="57.64776307158172130584716796875" lon="-4.35159721411764621734619140625">
        <ele>37.200000762939453125</ele>
        <time>2026-08-08T16:19:40.000Z</time>
      </trkpt>
      <trkpt lat="57.647637091577053070068359375" lon="-4.3516288138926029205322265625">
        <ele>37.200000762939453125</ele>
        <time>2026-08-08T16:19:42.000Z</time>
      </trkpt>
      <trkpt lat="57.64752871356904506683349609375" lon="-4.35167449526488780975341796875">
        <ele>37.40000152587890625</ele>
        <time>2026-08-08T16:19:44.000Z</time>
      </trkpt>
      <trkpt lat="57.64741807244718074798583984375" lon="-4.35172109864652156829833984375">
        <ele>37.59999847412109375</ele>
        <time>2026-08-08T16:19:46.000Z</time>
      </trkpt>
      <trkpt lat="57.64717415906488895416259765625" lon="-4.35193332843482494354248046875">
        <ele>38.200000762939453125</ele>
        <time>2026-08-08T16:19:51.000Z</time>
      </trkpt>
      <trkpt lat="57.647091262042522430419921875" lon="-4.35201848857104778289794921875">
        <ele>38.59999847412109375</ele>
        <time>2026-08-08T16:19:53.000Z</time>
      </trkpt>
      <trkpt lat="57.647053040564060211181640625" lon="-4.352046735584735870361328125">
        <ele>38.799999237060546875</ele>
        <time>2026-08-08T16:19:54.000Z</time>
      </trkpt>
      <trkpt lat="57.647013477981090545654296875" lon="-4.35208730399608612060546875">
        <ele>39</ele>
        <time>2026-08-08T16:19:55.000Z</time>
      </trkpt>
      <trkpt lat="57.64681591652333736419677734375" lon="-4.3522851169109344482421875">
        <ele>39.799999237060546875</ele>
        <time>2026-08-08T16:20:00.000Z</time>
      </trkpt>
      <trkpt lat="57.6466190256178379058837890625" lon="-4.35253255069255828857421875">
        <ele>40.40000152587890625</ele>
        <time>2026-08-08T16:20:06.000Z</time>
      </trkpt>
      <trkpt lat="57.64649153687059879302978515625" lon="-4.3526713550090789794921875">
        <ele>40.799999237060546875</ele>
        <time>2026-08-08T16:20:10.000Z</time>
      </trkpt>
      <trkpt lat="57.6464597694575786590576171875" lon="-4.35270630754530429840087890625">
        <ele>41</ele>
        <time>2026-08-08T16:20:11.000Z</time>
      </trkpt>
      <trkpt lat="57.64625080861151218414306640625" lon="-4.352947957813739776611328125">
        <ele>41.59999847412109375</ele>
        <time>2026-08-08T16:20:17.000Z</time>
      </trkpt>
      <trkpt lat="57.6461348868906497955322265625" lon="-4.3530758656561374664306640625">
        <ele>41.799999237060546875</ele>
        <time>2026-08-08T16:20:20.000Z</time>
      </trkpt>
      <trkpt lat="57.64606297016143798828125" lon="-4.3531576730310916900634765625">
        <ele>42.200000762939453125</ele>
        <time>2026-08-08T16:20:22.000Z</time>
      </trkpt>
      <trkpt lat="57.64596381224691867828369140625" lon="-4.35327191837131977081298828125">
        <ele>42.40000152587890625</ele>
        <time>2026-08-08T16:20:25.000Z</time>
      </trkpt>
      <trkpt lat="57.64575384557247161865234375" lon="-4.35354164801537990570068359375">
        <ele>42.799999237060546875</ele>
        <time>2026-08-08T16:20:32.000Z</time>
      </trkpt>
      <trkpt lat="57.64569140039384365081787109375" lon="-4.3536221981048583984375">
        <ele>42.799999237060546875</ele>
        <time>2026-08-08T16:20:34.000Z</time>
      </trkpt>
      <trkpt lat="57.6456244289875030517578125" lon="-4.35369419865310192108154296875">
        <ele>42.799999237060546875</ele>
        <time>2026-08-08T16:20:36.000Z</time>
      </trkpt>
      <trkpt lat="57.6455642469227313995361328125" lon="-4.35377717949450016021728515625">
        <ele>43</ele>
        <time>2026-08-08T16:20:38.000Z</time>
      </trkpt>
      <trkpt lat="57.64541362412273883819580078125" lon="-4.35395236127078533172607421875">
        <ele>43.200000762939453125</ele>
        <time>2026-08-08T16:20:43.000Z</time>
      </trkpt>
      <trkpt lat="57.6452313177287578582763671875" lon="-4.35413709841668605804443359375">
        <ele>43.200000762939453125</ele>
        <time>2026-08-08T16:20:48.000Z</time>
      </trkpt>
      <trkpt lat="57.64498564414680004119873046875" lon="-4.354421831667423248291015625">
        <ele>43.200000762939453125</ele>
        <time>2026-08-08T16:20:55.000Z</time>
      </trkpt>
      <trkpt lat="57.64489511959254741668701171875" lon="-4.35452937148511409759521484375">
        <ele>43</ele>
        <time>2026-08-08T16:20:57.000Z</time>
      </trkpt>
      <trkpt lat="57.64481507241725921630859375" lon="-4.35461503453552722930908203125">
        <ele>43</ele>
        <time>2026-08-08T16:20:59.000Z</time>
      </trkpt>
      <trkpt lat="57.64460560865700244903564453125" lon="-4.35484956018626689910888671875">
        <ele>42.799999237060546875</ele>
        <time>2026-08-08T16:21:04.000Z</time>
      </trkpt>
      <trkpt lat="57.64456504024565219879150390625" lon="-4.3548954091966152191162109375">
        <ele>43</ele>
        <time>2026-08-08T16:21:05.000Z</time>
      </trkpt>
      <trkpt lat="57.64431308023631572723388671875" lon="-4.35516907833516597747802734375">
        <ele>43.200000762939453125</ele>
        <time>2026-08-08T16:21:11.000Z</time>
      </trkpt>
      <trkpt lat="57.64410722069442272186279296875" lon="-4.35538365505635738372802734375">
        <ele>43.200000762939453125</ele>
        <time>2026-08-08T16:21:16.000Z</time>
      </trkpt>
      <trkpt lat="57.6439049653708934783935546875" lon="-4.35562471859157085418701171875">
        <ele>43.59999847412109375</ele>
        <time>2026-08-08T16:21:22.000Z</time>
      </trkpt>
      <trkpt lat="57.64380547218024730682373046875" lon="-4.35575581155717372894287109375">
        <ele>44</ele>
        <time>2026-08-08T16:21:25.000Z</time>
      </trkpt>
      <trkpt lat="57.643768675625324249267578125" lon="-4.35579252429306507110595703125">
        <ele>44</ele>
        <time>2026-08-08T16:21:26.000Z</time>
      </trkpt>
      <trkpt lat="57.64366432093083858489990234375" lon="-4.35590567998588085174560546875">
        <ele>43.799999237060546875</ele>
        <time>2026-08-08T16:21:29.000Z</time>
      </trkpt>
      <trkpt lat="57.6434456370770931243896484375" lon="-4.35616048984229564666748046875">
        <ele>44.59999847412109375</ele>
        <time>2026-08-08T16:21:35.000Z</time>
      </trkpt>
      <trkpt lat="57.6432836987078189849853515625" lon="-4.35633416287600994110107421875">
        <ele>45</ele>
        <time>2026-08-08T16:21:39.000Z</time>
      </trkpt>
      <trkpt lat="57.6431593112647533416748046875" lon="-4.35646601021289825439453125">
        <ele>44.799999237060546875</ele>
        <time>2026-08-08T16:21:42.000Z</time>
      </trkpt>
      <trkpt lat="57.6430092751979827880859375" lon="-4.35666725970804691314697265625">
        <ele>45</ele>
        <time>2026-08-08T16:21:46.000Z</time>
      </trkpt>
      <trkpt lat="57.6429718919098377227783203125" lon="-4.3567072413861751556396484375">
        <ele>45</ele>
        <time>2026-08-08T16:21:47.000Z</time>
      </trkpt>
      <trkpt lat="57.64285647310316562652587890625" lon="-4.3568410165607929229736328125">
        <ele>45</ele>
        <time>2026-08-08T16:21:50.000Z</time>
      </trkpt>
      <trkpt lat="57.6427781023085117340087890625" lon="-4.35692810453474521636962890625">
        <ele>44.799999237060546875</ele>
        <time>2026-08-08T16:21:52.000Z</time>
      </trkpt>
      <trkpt lat="57.6425318419933319091796875" lon="-4.35720629990100860595703125">
        <ele>44.799999237060546875</ele>
        <time>2026-08-08T16:21:59.000Z</time>
      </trkpt>
      <trkpt lat="57.6424079574644565582275390625" lon="-4.35735113918781280517578125">
        <ele>44.59999847412109375</ele>
        <time>2026-08-08T16:22:02.000Z</time>
      </trkpt>
      <trkpt lat="57.6422624476253986358642578125" lon="-4.3575182743370532989501953125">
        <ele>44.200000762939453125</ele>
        <time>2026-08-08T16:22:05.000Z</time>
      </trkpt>
      <trkpt lat="57.6421685703098773956298828125" lon="-4.3576302565634250640869140625">
        <ele>43.799999237060546875</ele>
        <time>2026-08-08T16:22:07.000Z</time>
      </trkpt>
      <trkpt lat="57.64201694168150424957275390625" lon="-4.35777903534471988677978515625">
        <ele>43.799999237060546875</ele>
        <time>2026-08-08T16:22:10.000Z</time>
      </trkpt>
      <trkpt lat="57.64186992309987545013427734375" lon="-4.35794063843786716461181640625">
        <ele>44</ele>
        <time>2026-08-08T16:22:13.000Z</time>
      </trkpt>
      <trkpt lat="57.6417729444801807403564453125" lon="-4.35803602449595928192138671875">
        <ele>44</ele>
        <time>2026-08-08T16:22:15.000Z</time>
      </trkpt>
      <trkpt lat="57.64172944240272045135498046875" lon="-4.35809084214270114898681640625">
        <ele>44</ele>
        <time>2026-08-08T16:22:16.000Z</time>
      </trkpt>
      <trkpt lat="57.64158703386783599853515625" lon="-4.35825428925454616546630859375">
        <ele>44.200000762939453125</ele>
        <time>2026-08-08T16:22:19.000Z</time>
      </trkpt>
      <trkpt lat="57.64154319651424884796142578125" lon="-4.3583048321306705474853515625">
        <ele>44.40000152587890625</ele>
        <time>2026-08-08T16:22:20.000Z</time>
      </trkpt>
      <trkpt lat="57.6413248479366302490234375" lon="-4.35855151154100894927978515625">
        <ele>44.200000762939453125</ele>
        <time>2026-08-08T16:22:25.000Z</time>
      </trkpt>
      <trkpt lat="57.64110825955867767333984375" lon="-4.3587963469326496124267578125">
        <ele>44.59999847412109375</ele>
        <time>2026-08-08T16:22:30.000Z</time>
      </trkpt>
      <trkpt lat="57.64103106223046779632568359375" lon="-4.358893744647502899169921875">
        <ele>45</ele>
        <time>2026-08-08T16:22:32.000Z</time>
      </trkpt>
      <trkpt lat="57.640921175479888916015625" lon="-4.35901142656803131103515625">
        <ele>45.200000762939453125</ele>
        <time>2026-08-08T16:22:35.000Z</time>
      </trkpt>
      <trkpt lat="57.64075286686420440673828125" lon="-4.359184093773365020751953125">
        <ele>45.40000152587890625</ele>
        <time>2026-08-08T16:22:39.000Z</time>
      </trkpt>
      <trkpt lat="57.6407052576541900634765625" lon="-4.35922508127987384796142578125">
        <ele>45.59999847412109375</ele>
        <time>2026-08-08T16:22:40.000Z</time>
      </trkpt>
      <trkpt lat="57.64066410250961780548095703125" lon="-4.359272606670856475830078125">
        <ele>45.40000152587890625</ele>
        <time>2026-08-08T16:22:41.000Z</time>
      </trkpt>
      <trkpt lat="57.6404938660562038421630859375" lon="-4.359461702406406402587890625">
        <ele>45.40000152587890625</ele>
        <time>2026-08-08T16:22:45.000Z</time>
      </trkpt>
      <trkpt lat="57.6404526270925998687744140625" lon="-4.35950822196900844573974609375">
        <ele>45.59999847412109375</ele>
        <time>2026-08-08T16:22:46.000Z</time>
      </trkpt>
      <trkpt lat="57.64017694629728794097900390625" lon="-4.35982489027082920074462890625">
        <ele>46</ele>
        <time>2026-08-08T16:22:53.000Z</time>
      </trkpt>
      <trkpt lat="57.639859355986118316650390625" lon="-4.3601976335048675537109375">
        <ele>46.200000762939453125</ele>
        <time>2026-08-08T16:23:01.000Z</time>
      </trkpt>
      <trkpt lat="57.63955417089164257049560546875" lon="-4.36063592322170734405517578125">
        <ele>45.799999237060546875</ele>
        <time>2026-08-08T16:23:09.000Z</time>
      </trkpt>
      <trkpt lat="57.6392030529677867889404296875" lon="-4.3611375801265239715576171875">
        <ele>45.799999237060546875</ele>
        <time>2026-08-08T16:23:18.000Z</time>
      </trkpt>
      <trkpt lat="57.63898353092372417449951171875" lon="-4.3614534102380275726318359375">
        <ele>46.40000152587890625</ele>
        <time>2026-08-08T16:23:24.000Z</time>
      </trkpt>
      <trkpt lat="57.63870173133909702301025390625" lon="-4.36185331083834171295166015625">
        <ele>45.59999847412109375</ele>
        <time>2026-08-08T16:23:31.000Z</time>
      </trkpt>
      <trkpt lat="57.638337872922420501708984375" lon="-4.36236058361828327178955078125">
        <ele>45</ele>
        <time>2026-08-08T16:23:39.000Z</time>
      </trkpt>
      <trkpt lat="57.63803017325699329376220703125" lon="-4.362795688211917877197265625">
        <ele>44.799999237060546875</ele>
        <time>2026-08-08T16:23:46.000Z</time>
      </trkpt>
      <trkpt lat="57.63769892044365406036376953125" lon="-4.36324772424995899200439453125">
        <ele>45.59999847412109375</ele>
        <time>2026-08-08T16:23:54.000Z</time>
      </trkpt>
      <trkpt lat="57.637508399784564971923828125" lon="-4.36360077001154422760009765625">
        <ele>45.40000152587890625</ele>
        <time>2026-08-08T16:24:00.000Z</time>
      </trkpt>
      <trkpt lat="57.6373466290533542633056640625" lon="-4.36397745274007320404052734375">
        <ele>46.200000762939453125</ele>
        <time>2026-08-08T16:24:06.000Z</time>
      </trkpt>
      <trkpt lat="57.6372909732162952423095703125" lon="-4.36409614048898220062255859375">
        <ele>46.40000152587890625</ele>
        <time>2026-08-08T16:24:08.000Z</time>
      </trkpt>
      <trkpt lat="57.63713850639760494232177734375" lon="-4.36446092091500759124755859375">
        <ele>47.200000762939453125</ele>
        <time>2026-08-08T16:24:14.000Z</time>
      </trkpt>
      <trkpt lat="57.6370888017117977142333984375" lon="-4.36458329670131206512451171875">
        <ele>47.40000152587890625</ele>
        <time>2026-08-08T16:24:16.000Z</time>
      </trkpt>
      <trkpt lat="57.636969275772571563720703125" lon="-4.36486895196139812469482421875">
        <ele>47.799999237060546875</ele>
        <time>2026-08-08T16:24:21.000Z</time>
      </trkpt>
      <trkpt lat="57.636850588023662567138671875" lon="-4.36520808376371860504150390625">
        <ele>48.40000152587890625</ele>
        <time>2026-08-08T16:24:27.000Z</time>
      </trkpt>
      <trkpt lat="57.63681747950613498687744140625" lon="-4.3653157912194728851318359375">
        <ele>49</ele>
        <time>2026-08-08T16:24:29.000Z</time>
      </trkpt>
      <trkpt lat="57.6367484964430332183837890625" lon="-4.36556498520076274871826171875">
        <ele>49.40000152587890625</ele>
        <time>2026-08-08T16:24:34.000Z</time>
      </trkpt>
      <trkpt lat="57.63673491775989532470703125" lon="-4.36561645008623600006103515625">
        <ele>49.40000152587890625</ele>
        <time>2026-08-08T16:24:35.000Z</time>
      </trkpt>
      <trkpt lat="57.63662352226674556732177734375" lon="-4.3659742735326290130615234375">
        <ele>50</ele>
        <time>2026-08-08T16:24:42.000Z</time>
      </trkpt>
      <trkpt lat="57.636511288583278656005859375" lon="-4.3663558177649974822998046875">
        <ele>50.59999847412109375</ele>
        <time>2026-08-08T16:24:49.000Z</time>
      </trkpt>
      <trkpt lat="57.63649695552885532379150390625" lon="-4.36640552245080471038818359375">
        <ele>50.59999847412109375</ele>
        <time>2026-08-08T16:24:50.000Z</time>
      </trkpt>
      <trkpt lat="57.6364209316670894622802734375" lon="-4.36668120324611663818359375">
        <ele>51.200000762939453125</ele>
        <time>2026-08-08T16:24:56.000Z</time>
      </trkpt>
      <trkpt lat="57.63635949231684207916259765625" lon="-4.3668899126350879669189453125">
        <ele>51.200000762939453125</ele>
        <time>2026-08-08T16:25:01.000Z</time>
      </trkpt>
      <trkpt lat="57.6363247074186801910400390625" lon="-4.36700415797531604766845703125">
        <ele>51.59999847412109375</ele>
        <time>2026-08-08T16:25:04.000Z</time>
      </trkpt>
      <trkpt lat="57.636285983026027679443359375" lon="-4.36715804971754550933837890625">
        <ele>52</ele>
        <time>2026-08-08T16:25:08.000Z</time>
      </trkpt>
      <trkpt lat="57.63621482066810131072998046875" lon="-4.36738125979900360107421875">
        <ele>52.40000152587890625</ele>
        <time>2026-08-08T16:25:13.000Z</time>
      </trkpt>
      <trkpt lat="57.63618632219731807708740234375" lon="-4.36751495115458965301513671875">
        <ele>52.799999237060546875</ele>
        <time>2026-08-08T16:25:16.000Z</time>
      </trkpt>
      <trkpt lat="57.63614751398563385009765625" lon="-4.3676514923572540283203125">
        <ele>53</ele>
        <time>2026-08-08T16:25:19.000Z</time>
      </trkpt>
      <trkpt lat="57.6360745914280414581298828125" lon="-4.36788995750248432159423828125">
        <ele>52.799999237060546875</ele>
        <time>2026-08-08T16:25:25.000Z</time>
      </trkpt>
      <trkpt lat="57.63598599471151828765869140625" lon="-4.3682015128433704376220703125">
        <ele>53.40000152587890625</ele>
        <time>2026-08-08T16:25:31.000Z</time>
      </trkpt>
      <trkpt lat="57.635942995548248291015625" lon="-4.36834174208343029022216796875">
        <ele>53.799999237060546875</ele>
        <time>2026-08-08T16:25:34.000Z</time>
      </trkpt>
      <trkpt lat="57.635903768241405487060546875" lon="-4.36848373152315616607666015625">
        <ele>54</ele>
        <time>2026-08-08T16:25:37.000Z</time>
      </trkpt>
      <trkpt lat="57.63580410741269588470458984375" lon="-4.36883208341896533966064453125">
        <ele>54.59999847412109375</ele>
        <time>2026-08-08T16:25:44.000Z</time>
      </trkpt>
      <trkpt lat="57.63573286123573780059814453125" lon="-4.3690692074596881866455078125">
        <ele>54.799999237060546875</ele>
        <time>2026-08-08T16:25:49.000Z</time>
      </trkpt>
      <trkpt lat="57.63570385985076427459716796875" lon="-4.36915881000459194183349609375">
        <ele>55</ele>
        <time>2026-08-08T16:25:51.000Z</time>
      </trkpt>
      <trkpt lat="57.63560093007981777191162109375" lon="-4.36958863399922847747802734375">
        <ele>55.799999237060546875</ele>
        <time>2026-08-08T16:26:01.000Z</time>
      </trkpt>
      <trkpt lat="57.6355619542300701141357421875" lon="-4.3697431124746799468994140625">
        <ele>56</ele>
        <time>2026-08-08T16:26:05.000Z</time>
      </trkpt>
      <trkpt lat="57.63552783988416194915771484375" lon="-4.3699097447097301483154296875">
        <ele>56.59999847412109375</ele>
        <time>2026-08-08T16:26:09.000Z</time>
      </trkpt>
      <trkpt lat="57.63549364171922206878662109375" lon="-4.37007956206798553466796875">
        <ele>57</ele>
        <time>2026-08-08T16:26:13.000Z</time>
      </trkpt>
      <trkpt lat="57.635463885962963104248046875" lon="-4.37021593563258647918701171875">
        <ele>57.40000152587890625</ele>
        <time>2026-08-08T16:26:16.000Z</time>
      </trkpt>
      <trkpt lat="57.6353839226067066192626953125" lon="-4.37057585455477237701416015625">
        <ele>58</ele>
        <time>2026-08-08T16:26:23.000Z</time>
      </trkpt>
      <trkpt lat="57.6353745348751544952392578125" lon="-4.3706289120018482208251953125">
        <ele>58.200000762939453125</ele>
        <time>2026-08-08T16:26:24.000Z</time>
      </trkpt>
      <trkpt lat="57.63534779660403728485107421875" lon="-4.37077081762254238128662109375">
        <ele>58.59999847412109375</ele>
        <time>2026-08-08T16:26:27.000Z</time>
      </trkpt>
      <trkpt lat="57.635280825197696685791015625" lon="-4.3711321614682674407958984375">
        <ele>59.200000762939453125</ele>
        <time>2026-08-08T16:26:34.000Z</time>
      </trkpt>
      <trkpt lat="57.635250650346279144287109375" lon="-4.371281526982784271240234375">
        <ele>59.59999847412109375</ele>
        <time>2026-08-08T16:26:37.000Z</time>
      </trkpt>
      <trkpt lat="57.6352156139910221099853515625" lon="-4.371499121189117431640625">
        <ele>60.200000762939453125</ele>
        <time>2026-08-08T16:26:41.000Z</time>
      </trkpt>
      <trkpt lat="57.635206393897533416748046875" lon="-4.3715552799403667449951171875">
        <ele>60.40000152587890625</ele>
        <time>2026-08-08T16:26:42.000Z</time>
      </trkpt>
      <trkpt lat="57.6351428590714931488037109375" lon="-4.3719215691089630126953125">
        <ele>61.200000762939453125</ele>
        <time>2026-08-08T16:26:49.000Z</time>
      </trkpt>
      <trkpt lat="57.63513506390154361724853515625" lon="-4.3719720281660556793212890625">
        <ele>61.200000762939453125</ele>
        <time>2026-08-08T16:26:50.000Z</time>
      </trkpt>
      <trkpt lat="57.6350872032344341278076171875" lon="-4.3722496367990970611572265625">
        <ele>62</ele>
        <time>2026-08-08T16:26:55.000Z</time>
      </trkpt>
      <trkpt lat="57.6350779831409454345703125" lon="-4.3723482079803943634033203125">
        <ele>62.40000152587890625</ele>
        <time>2026-08-08T16:26:57.000Z</time>
      </trkpt>
      <trkpt lat="57.635066919028759002685546875" lon="-4.3724736012518405914306640625">
        <ele>62.59999847412109375</ele>
        <time>2026-08-08T16:26:59.000Z</time>
      </trkpt>
      <trkpt lat="57.63504646718502044677734375" lon="-4.37284181825816631317138671875">
        <ele>62.799999237060546875</ele>
        <time>2026-08-08T16:27:05.000Z</time>
      </trkpt>
      <trkpt lat="57.6350442878901958465576171875" lon="-4.372894875705242156982421875">
        <ele>63</ele>
        <time>2026-08-08T16:27:06.000Z</time>
      </trkpt>
      <trkpt lat="57.63503029011189937591552734375" lon="-4.37318095006048679351806640625">
        <ele>63.40000152587890625</ele>
        <time>2026-08-08T16:27:11.000Z</time>
      </trkpt>
      <trkpt lat="57.6350235007703304290771484375" lon="-4.37330332584679126739501953125">
        <ele>63.40000152587890625</ele>
        <time>2026-08-08T16:27:13.000Z</time>
      </trkpt>
      <trkpt lat="57.63502542860805988311767578125" lon="-4.37366022728383541107177734375">
        <ele>63</ele>
        <time>2026-08-08T16:27:19.000Z</time>
      </trkpt>
      <trkpt lat="57.63500967063009738922119140625" lon="-4.37412835657596588134765625">
        <ele>63</ele>
        <time>2026-08-08T16:27:26.000Z</time>
      </trkpt>
      <trkpt lat="57.634976394474506378173828125" lon="-4.374276213347911834716796875">
        <ele>63</ele>
        <time>2026-08-08T16:27:28.000Z</time>
      </trkpt>
      <trkpt lat="57.63492551632225513458251953125" lon="-4.37440688721835613250732421875">
        <ele>63</ele>
        <time>2026-08-08T16:27:30.000Z</time>
      </trkpt>
      <trkpt lat="57.63483515940606594085693359375" lon="-4.3745731003582477569580078125">
        <ele>62.799999237060546875</ele>
        <time>2026-08-08T16:27:33.000Z</time>
      </trkpt>
      <trkpt lat="57.63474195264279842376708984375" lon="-4.3746948055922985076904296875">
        <ele>62.799999237060546875</ele>
        <time>2026-08-08T16:27:36.000Z</time>
      </trkpt>
      <trkpt lat="57.63452502898871898651123046875" lon="-4.374950118362903594970703125">
        <ele>62.799999237060546875</ele>
        <time>2026-08-08T16:27:42.000Z</time>
      </trkpt>
      <trkpt lat="57.63436225242912769317626953125" lon="-4.37515891157090663909912109375">
        <ele>63.59999847412109375</ele>
        <time>2026-08-08T16:27:47.000Z</time>
      </trkpt>
      <trkpt lat="57.63423241674900054931640625" lon="-4.3753214366734027862548828125">
        <ele>64</ele>
        <time>2026-08-08T16:27:51.000Z</time>
      </trkpt>
      <trkpt lat="57.6340265572071075439453125" lon="-4.375601224601268768310546875">
        <ele>64</ele>
        <time>2026-08-08T16:27:58.000Z</time>
      </trkpt>
      <trkpt lat="57.63382472097873687744140625" lon="-4.3758813478052616119384765625">
        <ele>64.1999969482421875</ele>
        <time>2026-08-08T16:28:05.000Z</time>
      </trkpt>
      <trkpt lat="57.6336736790835857391357421875" lon="-4.3760929070413112640380859375">
        <ele>64.40000152587890625</ele>
        <time>2026-08-08T16:28:10.000Z</time>
      </trkpt>
      <trkpt lat="57.633616514503955841064453125" lon="-4.37618502415716648101806640625">
        <ele>64.40000152587890625</ele>
        <time>2026-08-08T16:28:12.000Z</time>
      </trkpt>
      <trkpt lat="57.6334285922348499298095703125" lon="-4.3764529936015605926513671875">
        <ele>64.59999847412109375</ele>
        <time>2026-08-08T16:28:18.000Z</time>
      </trkpt>
      <trkpt lat="57.63332725502550601959228515625" lon="-4.37660227529704570770263671875">
        <ele>65.1999969482421875</ele>
        <time>2026-08-08T16:28:21.000Z</time>
      </trkpt>
      <trkpt lat="57.6332648098468780517578125" lon="-4.37668626196682453155517578125">
        <ele>65.40000152587890625</ele>
        <time>2026-08-08T16:28:23.000Z</time>
      </trkpt>
      <trkpt lat="57.63302081264555454254150390625" lon="-4.37702111899852752685546875">
        <ele>65</ele>
        <time>2026-08-08T16:28:30.000Z</time>
      </trkpt>
      <trkpt lat="57.63273398391902446746826171875" lon="-4.3773988075554370880126953125">
        <ele>65.1999969482421875</ele>
        <time>2026-08-08T16:28:38.000Z</time>
      </trkpt>
      <trkpt lat="57.6326118595898151397705078125" lon="-4.377559907734394073486328125">
        <ele>65.59999847412109375</ele>
        <time>2026-08-08T16:28:42.000Z</time>
      </trkpt>
      <trkpt lat="57.6325548626482486724853515625" lon="-4.3776512704789638519287109375">
        <ele>66</ele>
        <time>2026-08-08T16:28:44.000Z</time>
      </trkpt>
      <trkpt lat="57.63246190734207630157470703125" lon="-4.37776702456176280975341796875">
        <ele>66.40000152587890625</ele>
        <time>2026-08-08T16:28:47.000Z</time>
      </trkpt>
      <trkpt lat="57.6323560439050197601318359375" lon="-4.377900548279285430908203125">
        <ele>66.59999847412109375</ele>
        <time>2026-08-08T16:28:50.000Z</time>
      </trkpt>
      <trkpt lat="57.6322172395884990692138671875" lon="-4.3780717067420482635498046875">
        <ele>67</ele>
        <time>2026-08-08T16:28:54.000Z</time>
      </trkpt>
      <trkpt lat="57.63199134729802608489990234375" lon="-4.37835711054503917694091796875">
        <ele>67</ele>
        <time>2026-08-08T16:29:01.000Z</time>
      </trkpt>
      <trkpt lat="57.63173653744161128997802734375" lon="-4.37870479188859462738037109375">
        <ele>67.40000152587890625</ele>
        <time>2026-08-08T16:29:09.000Z</time>
      </trkpt>
      <trkpt lat="57.6316315121948719024658203125" lon="-4.37883001752197742462158203125">
        <ele>67.59999847412109375</ele>
        <time>2026-08-08T16:29:12.000Z</time>
      </trkpt>
      <trkpt lat="57.63159689493477344512939453125" lon="-4.378869831562042236328125">
        <ele>67.8000030517578125</ele>
        <time>2026-08-08T16:29:13.000Z</time>
      </trkpt>
      <trkpt lat="57.63154107145965099334716796875" lon="-4.3789098970592021942138671875">
        <ele>68</ele>
        <time>2026-08-08T16:29:15.000Z</time>
      </trkpt>
      <trkpt lat="57.6313706673681735992431640625" lon="-4.3790946342051029205322265625">
        <ele>68.59999847412109375</ele>
        <time>2026-08-08T16:29:20.000Z</time>
      </trkpt>
      <trkpt lat="57.63130822218954563140869140625" lon="-4.3791637010872364044189453125">
        <ele>68.8000030517578125</ele>
        <time>2026-08-08T16:29:22.000Z</time>
      </trkpt>
      <trkpt lat="57.63118668459355831146240234375" lon="-4.37928766943514347076416015625">
        <ele>68.59999847412109375</ele>
        <time>2026-08-08T16:29:26.000Z</time>
      </trkpt>
      <trkpt lat="57.63097311370074748992919921875" lon="-4.3794939480721950531005859375">
        <ele>68.40000152587890625</ele>
        <time>2026-08-08T16:29:33.000Z</time>
      </trkpt>
      <trkpt lat="57.630937993526458740234375" lon="-4.37953895889222621917724609375">
        <ele>68.40000152587890625</ele>
        <time>2026-08-08T16:29:34.000Z</time>
      </trkpt>
      <trkpt lat="57.63087504543364048004150390625" lon="-4.37965027056634426116943359375">
        <ele>68.40000152587890625</ele>
        <time>2026-08-08T16:29:36.000Z</time>
      </trkpt>
      <trkpt lat="57.63083866797387599945068359375" lon="-4.379717744886875152587890625">
        <ele>68.1999969482421875</ele>
        <time>2026-08-08T16:29:37.000Z</time>
      </trkpt>
      <trkpt lat="57.6308105885982513427734375" lon="-4.37980256974697113037109375">
        <ele>67.8000030517578125</ele>
        <time>2026-08-08T16:29:38.000Z</time>
      </trkpt>
      <trkpt lat="57.6307819224894046783447265625" lon="-4.37988228164613246917724609375">
        <ele>67.59999847412109375</ele>
        <time>2026-08-08T16:29:39.000Z</time>
      </trkpt>
      <trkpt lat="57.6307027973234653472900390625" lon="-4.38013943843543529510498046875">
        <ele>67.1999969482421875</ele>
        <time>2026-08-08T16:29:42.000Z</time>
      </trkpt>
      <trkpt lat="57.63057279400527477264404296875" lon="-4.380462057888507843017578125">
        <ele>68</ele>
        <time>2026-08-08T16:29:47.000Z</time>
      </trkpt>
      <trkpt lat="57.6305016316473484039306640625" lon="-4.38060723245143890380859375">
        <ele>68.8000030517578125</ele>
        <time>2026-08-08T16:29:50.000Z</time>
      </trkpt>
      <trkpt lat="57.63043851591646671295166015625" lon="-4.38074092380702495574951171875">
        <ele>69.40000152587890625</ele>
        <time>2026-08-08T16:29:53.000Z</time>
      </trkpt>
      <trkpt lat="57.630394510924816131591796875" lon="-4.3808370642364025115966796875">
        <ele>69.8000030517578125</ele>
        <time>2026-08-08T16:29:55.000Z</time>
      </trkpt>
      <trkpt lat="57.63032519258558750152587890625" lon="-4.3809658102691173553466796875">
        <ele>70.59999847412109375</ele>
        <time>2026-08-08T16:29:58.000Z</time>
      </trkpt>
      <trkpt lat="57.63026274740695953369140625" lon="-4.38108575530350208282470703125">
        <ele>70.8000030517578125</ele>
        <time>2026-08-08T16:30:01.000Z</time>
      </trkpt>
      <trkpt lat="57.630246989428997039794921875" lon="-4.38113336451351642608642578125">
        <ele>71</ele>
        <time>2026-08-08T16:30:02.000Z</time>
      </trkpt>
      <trkpt lat="57.63022528029978275299072265625" lon="-4.3811797164380550384521484375">
        <ele>71.1999969482421875</ele>
        <time>2026-08-08T16:30:03.000Z</time>
      </trkpt>
      <trkpt lat="57.630213461816310882568359375" lon="-4.3812222965061664581298828125">
        <ele>71.1999969482421875</ele>
        <time>2026-08-08T16:30:04.000Z</time>
      </trkpt>
      <trkpt lat="57.6301019825041294097900390625" lon="-4.38143871724605560302734375">
        <ele>72</ele>
        <time>2026-08-08T16:30:09.000Z</time>
      </trkpt>
      <trkpt lat="57.63007943518459796905517578125" lon="-4.3814824707806110382080078125">
        <ele>72</ele>
        <time>2026-08-08T16:30:10.000Z</time>
      </trkpt>
      <trkpt lat="57.630023024976253509521484375" lon="-4.38161934725940227508544921875">
        <ele>72.59999847412109375</ele>
        <time>2026-08-08T16:30:13.000Z</time>
      </trkpt>
      <trkpt lat="57.6299856416881084442138671875" lon="-4.38170433975756168365478515625">
        <ele>73.1999969482421875</ele>
        <time>2026-08-08T16:30:15.000Z</time>
      </trkpt>
      <trkpt lat="57.62988212518393993377685546875" lon="-4.38194942660629749298095703125">
        <ele>74.40000152587890625</ele>
        <time>2026-08-08T16:30:21.000Z</time>
      </trkpt>
      <trkpt lat="57.6298052631318569183349609375" lon="-4.38212544657289981842041015625">
        <ele>75</ele>
        <time>2026-08-08T16:30:25.000Z</time>
      </trkpt>
      <trkpt lat="57.62974600307643413543701171875" lon="-4.38224748708307743072509765625">
        <ele>75.40000152587890625</ele>
        <time>2026-08-08T16:30:28.000Z</time>
      </trkpt>
      <trkpt lat="57.629694454371929168701171875" lon="-4.38237891532480716705322265625">
        <ele>75.8000030517578125</ele>
        <time>2026-08-08T16:30:31.000Z</time>
      </trkpt>
      <trkpt lat="57.62960971333086490631103515625" lon="-4.38262282870709896087646484375">
        <ele>76.40000152587890625</ele>
        <time>2026-08-08T16:30:36.000Z</time>
      </trkpt>
      <trkpt lat="57.6295722462236881256103515625" lon="-4.38272123225033283233642578125">
        <ele>76.59999847412109375</ele>
        <time>2026-08-08T16:30:38.000Z</time>
      </trkpt>
      <trkpt lat="57.6294683106243610382080078125" lon="-4.38306757248938083648681640625">
        <ele>77.1999969482421875</ele>
        <time>2026-08-08T16:30:44.000Z</time>
      </trkpt>
      <trkpt lat="57.629411481320858001708984375" lon="-4.38323219306766986846923828125">
        <ele>77.8000030517578125</ele>
        <time>2026-08-08T16:30:47.000Z</time>
      </trkpt>
      <trkpt lat="57.62937971390783786773681640625" lon="-4.383336044847965240478515625">
        <ele>78.1999969482421875</ele>
        <time>2026-08-08T16:30:49.000Z</time>
      </trkpt>
      <trkpt lat="57.62929044663906097412109375" lon="-4.383665286004543304443359375">
        <ele>78.59999847412109375</ele>
        <time>2026-08-08T16:30:55.000Z</time>
      </trkpt>
      <trkpt lat="57.6292403228580951690673828125" lon="-4.38383367843925952911376953125">
        <ele>78.8000030517578125</ele>
        <time>2026-08-08T16:30:58.000Z</time>
      </trkpt>
      <trkpt lat="57.62919011525809764862060546875" lon="-4.384003244340419769287109375">
        <ele>79</ele>
        <time>2026-08-08T16:31:01.000Z</time>
      </trkpt>
      <trkpt lat="57.6291236467659473419189453125" lon="-4.38421991653740406036376953125">
        <ele>79.8000030517578125</ele>
        <time>2026-08-08T16:31:05.000Z</time>
      </trkpt>
      <trkpt lat="57.62906170450150966644287109375" lon="-4.3844251893460750579833984375">
        <ele>81</ele>
        <time>2026-08-08T16:31:09.000Z</time>
      </trkpt>
      <trkpt lat="57.62904477305710315704345703125" lon="-4.384468607604503631591796875">
        <ele>81.40000152587890625</ele>
        <time>2026-08-08T16:31:10.000Z</time>
      </trkpt>
      <trkpt lat="57.62896992266178131103515625" lon="-4.38473205082118511199951171875">
        <ele>81.59999847412109375</ele>
        <time>2026-08-08T16:31:15.000Z</time>
      </trkpt>
      <trkpt lat="57.628931701183319091796875" lon="-4.38487923704087734222412109375">
        <ele>82.1999969482421875</ele>
        <time>2026-08-08T16:31:18.000Z</time>
      </trkpt>
      <trkpt lat="57.62890982441604137420654296875" lon="-4.3849713541567325592041015625">
        <ele>82.8000030517578125</ele>
        <time>2026-08-08T16:31:20.000Z</time>
      </trkpt>
      <trkpt lat="57.62888400815427303314208984375" lon="-4.38507436774671077728271484375">
        <ele>83.1999969482421875</ele>
        <time>2026-08-08T16:31:22.000Z</time>
      </trkpt>
      <trkpt lat="57.6288242451846599578857421875" lon="-4.385296739637851715087890625">
        <ele>84</ele>
        <time>2026-08-08T16:31:26.000Z</time>
      </trkpt>
      <trkpt lat="57.6287613809108734130859375" lon="-4.3854836560785770416259765625">
        <ele>84.1999969482421875</ele>
        <time>2026-08-08T16:31:30.000Z</time>
      </trkpt>
      <trkpt lat="57.62874118052423000335693359375" lon="-4.38553201965987682342529296875">
        <ele>84.40000152587890625</ele>
        <time>2026-08-08T16:31:31.000Z</time>
      </trkpt>
      <trkpt lat="57.62863355688750743865966796875" lon="-4.38571122474968433380126953125">
        <ele>85.1999969482421875</ele>
        <time>2026-08-08T16:31:36.000Z</time>
      </trkpt>
      <trkpt lat="57.62861545197665691375732421875" lon="-4.3857562355697154998779296875">
        <ele>85.40000152587890625</ele>
        <time>2026-08-08T16:31:37.000Z</time>
      </trkpt>
      <trkpt lat="57.6285452954471111297607421875" lon="-4.38586746342480182647705078125">
        <ele>85.59999847412109375</ele>
        <time>2026-08-08T16:31:40.000Z</time>
      </trkpt>
      <trkpt lat="57.6284475624561309814453125" lon="-4.38607399351894855499267578125">
        <ele>85.8000030517578125</ele>
        <time>2026-08-08T16:31:45.000Z</time>
      </trkpt>
      <trkpt lat="57.62836240231990814208984375" lon="-4.38622587360441684722900390625">
        <ele>86.40000152587890625</ele>
        <time>2026-08-08T16:31:48.000Z</time>
      </trkpt>
      <trkpt lat="57.6282750628888607025146484375" lon="-4.3863416276872158050537109375">
        <ele>85.8000030517578125</ele>
        <time>2026-08-08T16:31:51.000Z</time>
      </trkpt>
      <trkpt lat="57.6281868852674961090087890625" lon="-4.38649275340139865875244140625">
        <ele>85.40000152587890625</ele>
        <time>2026-08-08T16:31:54.000Z</time>
      </trkpt>
      <trkpt lat="57.628122009336948394775390625" lon="-4.3865878880023956298828125">
        <ele>85.40000152587890625</ele>
        <time>2026-08-08T16:31:56.000Z</time>
      </trkpt>
      <trkpt lat="57.62808621861040592193603515625" lon="-4.38664027489721775054931640625">
        <ele>85.40000152587890625</ele>
        <time>2026-08-08T16:31:57.000Z</time>
      </trkpt>
      <trkpt lat="57.62800122611224651336669921875" lon="-4.386788718402385711669921875">
        <ele>85.1999969482421875</ele>
        <time>2026-08-08T16:32:00.000Z</time>
      </trkpt>
      <trkpt lat="57.62796853668987751007080078125" lon="-4.386834986507892608642578125">
        <ele>85.1999969482421875</ele>
        <time>2026-08-08T16:32:01.000Z</time>
      </trkpt>
      <trkpt lat="57.6277882419526576995849609375" lon="-4.3870661593973636627197265625">
        <ele>86</ele>
        <time>2026-08-08T16:32:07.000Z</time>
      </trkpt>
      <trkpt lat="57.627690844237804412841796875" lon="-4.3871825002133846282958984375">
        <ele>86.40000152587890625</ele>
        <time>2026-08-08T16:32:10.000Z</time>
      </trkpt>
      <trkpt lat="57.627591602504253387451171875" lon="-4.3873145990073680877685546875">
        <ele>86.8000030517578125</ele>
        <time>2026-08-08T16:32:13.000Z</time>
      </trkpt>
      <trkpt lat="57.6274063624441623687744140625" lon="-4.38762967474758625030517578125">
        <ele>87.40000152587890625</ele>
        <time>2026-08-08T16:32:20.000Z</time>
      </trkpt>
      <trkpt lat="57.62731391005218029022216796875" lon="-4.387823380529880523681640625">
        <ele>86.8000030517578125</ele>
        <time>2026-08-08T16:32:24.000Z</time>
      </trkpt>
      <trkpt lat="57.6272276602685451507568359375" lon="-4.38798590563237667083740234375">
        <ele>87.59999847412109375</ele>
        <time>2026-08-08T16:32:28.000Z</time>
      </trkpt>
      <trkpt lat="57.62717946432530879974365234375" lon="-4.3881051801145076751708984375">
        <ele>88.1999969482421875</ele>
        <time>2026-08-08T16:32:31.000Z</time>
      </trkpt>
      <trkpt lat="57.6270903646945953369140625" lon="-4.38826837576925754547119140625">
        <ele>88.8000030517578125</ele>
        <time>2026-08-08T16:32:35.000Z</time>
      </trkpt>
      <trkpt lat="57.6270715892314910888671875" lon="-4.38830927945673465728759765625">
        <ele>89.1999969482421875</ele>
        <time>2026-08-08T16:32:36.000Z</time>
      </trkpt>
      <trkpt lat="57.6270355470478534698486328125" lon="-4.38839293085038661956787109375">
        <ele>90</ele>
        <time>2026-08-08T16:32:38.000Z</time>
      </trkpt>
      <trkpt lat="57.6269349642097949981689453125" lon="-4.3885727226734161376953125">
        <ele>91</ele>
        <time>2026-08-08T16:32:42.000Z</time>
      </trkpt>
      <trkpt lat="57.6269079744815826416015625" lon="-4.3886168114840984344482421875">
        <ele>91</ele>
        <time>2026-08-08T16:32:43.000Z</time>
      </trkpt>
      <trkpt lat="57.62680680491030216217041015625" lon="-4.38879777677357196807861328125">
        <ele>92.40000152587890625</ele>
        <time>2026-08-08T16:32:47.000Z</time>
      </trkpt>
      <trkpt lat="57.626788280904293060302734375" lon="-4.38884966075420379638671875">
        <ele>92.59999847412109375</ele>
        <time>2026-08-08T16:32:48.000Z</time>
      </trkpt>
      <trkpt lat="57.62668065726757049560546875" lon="-4.38907789997756481170654296875">
        <ele>92.59999847412109375</ele>
        <time>2026-08-08T16:32:53.000Z</time>
      </trkpt>
      <trkpt lat="57.626603543758392333984375" lon="-4.3892739526927471160888671875">
        <ele>93.1999969482421875</ele>
        <time>2026-08-08T16:32:57.000Z</time>
      </trkpt>
      <trkpt lat="57.62658275663852691650390625" lon="-4.389320053160190582275390625">
        <ele>93.59999847412109375</ele>
        <time>2026-08-08T16:32:58.000Z</time>
      </trkpt>
      <trkpt lat="57.62656155042350292205810546875" lon="-4.389363639056682586669921875">
        <ele>94</ele>
        <time>2026-08-08T16:32:59.000Z</time>
      </trkpt>
      <trkpt lat="57.62643121182918548583984375" lon="-4.38962523825466632843017578125">
        <ele>94.40000152587890625</ele>
        <time>2026-08-08T16:33:05.000Z</time>
      </trkpt>
      <trkpt lat="57.626389972865581512451171875" lon="-4.389715678989887237548828125">
        <ele>94.8000030517578125</ele>
        <time>2026-08-08T16:33:07.000Z</time>
      </trkpt>
      <trkpt lat="57.62631026096642017364501953125" lon="-4.38988775946199893951416015625">
        <ele>95.40000152587890625</ele>
        <time>2026-08-08T16:33:11.000Z</time>
      </trkpt>
      <trkpt lat="57.62624471448361873626708984375" lon="-4.39002740196883678436279296875">
        <ele>95.8000030517578125</ele>
        <time>2026-08-08T16:33:14.000Z</time>
      </trkpt>
      <trkpt lat="57.62614245526492595672607421875" lon="-4.39022370614111423492431640625">
        <ele>96.1999969482421875</ele>
        <time>2026-08-08T16:33:18.000Z</time>
      </trkpt>
      <trkpt lat="57.625929303467273712158203125" lon="-4.3906675279140472412109375">
        <ele>95.1999969482421875</ele>
        <time>2026-08-08T16:33:26.000Z</time>
      </trkpt>
      <trkpt lat="57.62576879002153873443603515625" lon="-4.3910784088075160980224609375">
        <ele>95.8000030517578125</ele>
        <time>2026-08-08T16:33:33.000Z</time>
      </trkpt>
      <trkpt lat="57.6256404630839824676513671875" lon="-4.39133472740650177001953125">
        <ele>96.59999847412109375</ele>
        <time>2026-08-08T16:33:39.000Z</time>
      </trkpt>
      <trkpt lat="57.62562076561152935028076171875" lon="-4.3913808278739452362060546875">
        <ele>96.8000030517578125</ele>
        <time>2026-08-08T16:33:40.000Z</time>
      </trkpt>
      <trkpt lat="57.62548841536045074462890625" lon="-4.39168282784521579742431640625">
        <ele>97.40000152587890625</ele>
        <time>2026-08-08T16:33:47.000Z</time>
      </trkpt>
      <trkpt lat="57.6254305802285671234130859375" lon="-4.39181358553469181060791015625">
        <ele>98</ele>
        <time>2026-08-08T16:33:50.000Z</time>
      </trkpt>
      <trkpt lat="57.6253551431000232696533203125" lon="-4.3919715844094753265380859375">
        <ele>98.40000152587890625</ele>
        <time>2026-08-08T16:33:54.000Z</time>
      </trkpt>
      <trkpt lat="57.625266127288341522216796875" lon="-4.3921633623540401458740234375">
        <ele>98.59999847412109375</ele>
        <time>2026-08-08T16:33:59.000Z</time>
      </trkpt>
      <trkpt lat="57.625150121748447418212890625" lon="-4.39240853302180767059326171875">
        <ele>98.1999969482421875</ele>
        <time>2026-08-08T16:34:05.000Z</time>
      </trkpt>
      <trkpt lat="57.624998576939105987548828125" lon="-4.3927055038511753082275390625">
        <ele>97</ele>
        <time>2026-08-08T16:34:10.000Z</time>
      </trkpt>
      <trkpt lat="57.62495105154812335968017578125" lon="-4.39277708530426025390625">
        <ele>96.59999847412109375</ele>
        <time>2026-08-08T16:34:11.000Z</time>
      </trkpt>
      <trkpt lat="57.6248103193938732147216796875" lon="-4.39301219768822193145751953125">
        <ele>95.59999847412109375</ele>
        <time>2026-08-08T16:34:14.000Z</time>
      </trkpt>
      <trkpt lat="57.62471568770706653594970703125" lon="-4.393154941499233245849609375">
        <ele>95.59999847412109375</ele>
        <time>2026-08-08T16:34:16.000Z</time>
      </trkpt>
      <trkpt lat="57.624663971364498138427734375" lon="-4.39321906305849552154541015625">
        <ele>95.8000030517578125</ele>
        <time>2026-08-08T16:34:17.000Z</time>
      </trkpt>
      <trkpt lat="57.6245645619928836822509765625" lon="-4.39332358539104461669921875">
        <ele>96.1999969482421875</ele>
        <time>2026-08-08T16:34:19.000Z</time>
      </trkpt>
      <trkpt lat="57.62446892447769641876220703125" lon="-4.39340698532760143280029296875">
        <ele>96.59999847412109375</ele>
        <time>2026-08-08T16:34:21.000Z</time>
      </trkpt>
      <trkpt lat="57.6243432797491550445556640625" lon="-4.39347471110522747039794921875">
        <ele>96.8000030517578125</ele>
        <time>2026-08-08T16:34:24.000Z</time>
      </trkpt>
      <trkpt lat="57.62427161447703838348388671875" lon="-4.39350890927016735076904296875">
        <ele>97</ele>
        <time>2026-08-08T16:34:26.000Z</time>
      </trkpt>
      <trkpt lat="57.6240468956530094146728515625" lon="-4.39362122677266597747802734375">
        <ele>97.59999847412109375</ele>
        <time>2026-08-08T16:34:32.000Z</time>
      </trkpt>
      <trkpt lat="57.62385360896587371826171875" lon="-4.39373170025646686553955078125">
        <ele>97.59999847412109375</ele>
        <time>2026-08-08T16:34:36.000Z</time>
      </trkpt>
      <trkpt lat="57.62375168502330780029296875" lon="-4.3937941454350948333740234375">
        <ele>97.40000152587890625</ele>
        <time>2026-08-08T16:34:38.000Z</time>
      </trkpt>
      <trkpt lat="57.623465359210968017578125" lon="-4.3940623663365840911865234375">
        <ele>97.1999969482421875</ele>
        <time>2026-08-08T16:34:44.000Z</time>
      </trkpt>
      <trkpt lat="57.623315155506134033203125" lon="-4.39429647289216518402099609375">
        <ele>98.59999847412109375</ele>
        <time>2026-08-08T16:34:48.000Z</time>
      </trkpt>
      <trkpt lat="57.62325036339461803436279296875" lon="-4.3944251351058483123779296875">
        <ele>99.40000152587890625</ele>
        <time>2026-08-08T16:34:50.000Z</time>
      </trkpt>
      <trkpt lat="57.62321465648710727691650390625" lon="-4.39448037184774875640869140625">
        <ele>99.40000152587890625</ele>
        <time>2026-08-08T16:34:51.000Z</time>
      </trkpt>
      <trkpt lat="57.62308381497859954833984375" lon="-4.39471431076526641845703125">
        <ele>99</ele>
        <time>2026-08-08T16:34:55.000Z</time>
      </trkpt>
      <trkpt lat="57.62302036397159099578857421875" lon="-4.3948147259652614593505859375">
        <ele>98.8000030517578125</ele>
        <time>2026-08-08T16:34:57.000Z</time>
      </trkpt>
      <trkpt lat="57.622955739498138427734375" lon="-4.3949458189308643341064453125">
        <ele>98.40000152587890625</ele>
        <time>2026-08-08T16:34:59.000Z</time>
      </trkpt>
      <trkpt lat="57.622738815844058990478515625" lon="-4.3953622318804264068603515625">
        <ele>98.8000030517578125</ele>
        <time>2026-08-08T16:35:05.000Z</time>
      </trkpt>
      <trkpt lat="57.6225039549171924591064453125" lon="-4.39574570395052433013916015625">
        <ele>99.8000030517578125</ele>
        <time>2026-08-08T16:35:11.000Z</time>
      </trkpt>
      <trkpt lat="57.6222789846360683441162109375" lon="-4.39613462425768375396728515625">
        <ele>99.8000030517578125</ele>
        <time>2026-08-08T16:35:18.000Z</time>
      </trkpt>
      <trkpt lat="57.62215250171720981597900390625" lon="-4.3963600136339664459228515625">
        <ele>99.59999847412109375</ele>
        <time>2026-08-08T16:35:22.000Z</time>
      </trkpt>
      <trkpt lat="57.62200959026813507080078125" lon="-4.3966835550963878631591796875">
        <ele>101</ele>
        <time>2026-08-08T16:35:28.000Z</time>
      </trkpt>
      <trkpt lat="57.6219879649579524993896484375" lon="-4.3967320024967193603515625">
        <ele>101.40000152587890625</ele>
        <time>2026-08-08T16:35:29.000Z</time>
      </trkpt>
      <trkpt lat="57.62192535214126110076904296875" lon="-4.396877847611904144287109375">
        <ele>102.40000152587890625</ele>
        <time>2026-08-08T16:35:32.000Z</time>
      </trkpt>
      <trkpt lat="57.621827535331249237060546875" lon="-4.3971184082329273223876953125">
        <ele>103</ele>
        <time>2026-08-08T16:35:37.000Z</time>
      </trkpt>
      <trkpt lat="57.62176953256130218505859375" lon="-4.39726500771939754486083984375">
        <ele>103.40000152587890625</ele>
        <time>2026-08-08T16:35:40.000Z</time>
      </trkpt>
      <trkpt lat="57.62171982787549495697021484375" lon="-4.397409260272979736328125">
        <ele>104</ele>
        <time>2026-08-08T16:35:43.000Z</time>
      </trkpt>
      <trkpt lat="57.62163986451923847198486328125" lon="-4.3976064026355743408203125">
        <ele>104.59999847412109375</ele>
        <time>2026-08-08T16:35:47.000Z</time>
      </trkpt>
      <trkpt lat="57.6215561293065547943115234375" lon="-4.39780513755977153778076171875">
        <ele>105</ele>
        <time>2026-08-08T16:35:51.000Z</time>
      </trkpt>
      <trkpt lat="57.621346078813076019287109375" lon="-4.39821953885257244110107421875">
        <ele>105.40000152587890625</ele>
        <time>2026-08-08T16:36:00.000Z</time>
      </trkpt>
      <trkpt lat="57.62123845517635345458984375" lon="-4.39845104701817035675048828125">
        <ele>105.1999969482421875</ele>
        <time>2026-08-08T16:36:05.000Z</time>
      </trkpt>
      <trkpt lat="57.62110006995499134063720703125" lon="-4.39873636700212955474853515625">
        <ele>105.59999847412109375</ele>
        <time>2026-08-08T16:36:10.000Z</time>
      </trkpt>
      <trkpt lat="57.62104826979339122772216796875" lon="-4.3988356925547122955322265625">
        <ele>106.1999969482421875</ele>
        <time>2026-08-08T16:36:12.000Z</time>
      </trkpt>
      <trkpt lat="57.62100501917302608489990234375" lon="-4.3989302404224872589111328125">
        <ele>106.8000030517578125</ele>
        <time>2026-08-08T16:36:14.000Z</time>
      </trkpt>
      <trkpt lat="57.62093176133930683135986328125" lon="-4.39909058623015880584716796875">
        <ele>107.40000152587890625</ele>
        <time>2026-08-08T16:36:17.000Z</time>
      </trkpt>
      <trkpt lat="57.62087912298738956451416015625" lon="-4.39920592121779918670654296875">
        <ele>107.8000030517578125</ele>
        <time>2026-08-08T16:36:19.000Z</time>
      </trkpt>
      <trkpt lat="57.6207806356251239776611328125" lon="-4.3994408659636974334716796875">
        <ele>108.40000152587890625</ele>
        <time>2026-08-08T16:36:23.000Z</time>
      </trkpt>
      <trkpt lat="57.6207427494227886199951171875" lon="-4.39954555593430995941162109375">
        <ele>109</ele>
        <time>2026-08-08T16:36:25.000Z</time>
      </trkpt>
      <trkpt lat="57.6206911168992519378662109375" lon="-4.39972174353897571563720703125">
        <ele>110</ele>
        <time>2026-08-08T16:36:29.000Z</time>
      </trkpt>
      <trkpt lat="57.620676197111606597900390625" lon="-4.39976356923580169677734375">
        <ele>110.1999969482421875</ele>
        <time>2026-08-08T16:36:30.000Z</time>
      </trkpt>
      <trkpt lat="57.6205895282328128814697265625" lon="-4.4000326283276081085205078125">
        <ele>111</ele>
        <time>2026-08-08T16:36:36.000Z</time>
      </trkpt>
      <trkpt lat="57.62057603336870670318603515625" lon="-4.4000795669853687286376953125">
        <ele>111.1999969482421875</ele>
        <time>2026-08-08T16:36:37.000Z</time>
      </trkpt>
      <trkpt lat="57.6205610297620296478271484375" lon="-4.4001177884638309478759765625">
        <ele>111.40000152587890625</ele>
        <time>2026-08-08T16:36:38.000Z</time>
      </trkpt>
      <trkpt lat="57.62048852629959583282470703125" lon="-4.4003058783710002899169921875">
        <ele>111.8000030517578125</ele>
        <time>2026-08-08T16:36:43.000Z</time>
      </trkpt>
      <trkpt lat="57.6204044558107852935791015625" lon="-4.4005715847015380859375">
        <ele>112.40000152587890625</ele>
        <time>2026-08-08T16:36:49.000Z</time>
      </trkpt>
      <trkpt lat="57.62039129622280597686767578125" lon="-4.40060888417065143585205078125">
        <ele>112.40000152587890625</ele>
        <time>2026-08-08T16:36:50.000Z</time>
      </trkpt>
      <trkpt lat="57.62037738226354122161865234375" lon="-4.4006478600203990936279296875">
        <ele>112.40000152587890625</ele>
        <time>2026-08-08T16:36:51.000Z</time>
      </trkpt>
      <trkpt lat="57.6202519051730632781982421875" lon="-4.40099378116428852081298828125">
        <ele>112.8000030517578125</ele>
        <time>2026-08-08T16:36:59.000Z</time>
      </trkpt>
      <trkpt lat="57.6201037131249904632568359375" lon="-4.40132503397762775421142578125">
        <ele>113.1999969482421875</ele>
        <time>2026-08-08T16:37:07.000Z</time>
      </trkpt>
      <trkpt lat="57.62008351273834705352783203125" lon="-4.40136442892253398895263671875">
        <ele>113.40000152587890625</ele>
        <time>2026-08-08T16:37:08.000Z</time>
      </trkpt>
      <trkpt lat="57.6199706085026264190673828125" lon="-4.40161102451384067535400390625">
        <ele>113.8000030517578125</ele>
        <time>2026-08-08T16:37:14.000Z</time>
      </trkpt>
      <trkpt lat="57.61981260962784290313720703125" lon="-4.401873461902141571044921875">
        <ele>114.1999969482421875</ele>
        <time>2026-08-08T16:37:21.000Z</time>
      </trkpt>
      <trkpt lat="57.6197543554008007049560546875" lon="-4.4019591249525547027587890625">
        <ele>114.40000152587890625</ele>
        <time>2026-08-08T16:37:23.000Z</time>
      </trkpt>
      <trkpt lat="57.61960892938077449798583984375" lon="-4.402146041393280029296875">
        <ele>114.40000152587890625</ele>
        <time>2026-08-08T16:37:28.000Z</time>
      </trkpt>
      <trkpt lat="57.61943408288061618804931640625" lon="-4.40241049043834209442138671875">
        <ele>114</ele>
        <time>2026-08-08T16:37:33.000Z</time>
      </trkpt>
      <trkpt lat="57.61935462243854999542236328125" lon="-4.40251149237155914306640625">
        <ele>113.59999847412109375</ele>
        <time>2026-08-08T16:37:35.000Z</time>
      </trkpt>
      <trkpt lat="57.61931003071367740631103515625" lon="-4.402554742991924285888671875">
        <ele>113.40000152587890625</ele>
        <time>2026-08-08T16:37:36.000Z</time>
      </trkpt>
      <trkpt lat="57.61923057027161121368408203125" lon="-4.40265591256320476531982421875">
        <ele>112.8000030517578125</ele>
        <time>2026-08-08T16:37:38.000Z</time>
      </trkpt>
      <trkpt lat="57.619061507284641265869140625" lon="-4.402873255312442779541015625">
        <ele>112.8000030517578125</ele>
        <time>2026-08-08T16:37:42.000Z</time>
      </trkpt>
      <trkpt lat="57.6188843138515949249267578125" lon="-4.4030873291194438934326171875">
        <ele>113.40000152587890625</ele>
        <time>2026-08-08T16:37:46.000Z</time>
      </trkpt>
      <trkpt lat="57.6188370399177074432373046875" lon="-4.40314642153680324554443359375">
        <ele>113.8000030517578125</ele>
        <time>2026-08-08T16:37:47.000Z</time>
      </trkpt>
      <trkpt lat="57.61873637326061725616455078125" lon="-4.4032774306833744049072265625">
        <ele>114.40000152587890625</ele>
        <time>2026-08-08T16:37:49.000Z</time>
      </trkpt>
      <trkpt lat="57.61849279515445232391357421875" lon="-4.40361329354345798492431640625">
        <ele>114.1999969482421875</ele>
        <time>2026-08-08T16:37:54.000Z</time>
      </trkpt>
      <trkpt lat="57.61835164390504360198974609375" lon="-4.4038098491728305816650390625">
        <ele>114</ele>
        <time>2026-08-08T16:37:57.000Z</time>
      </trkpt>
      <trkpt lat="57.61820680461823940277099609375" lon="-4.404017217457294464111328125">
        <ele>113.40000152587890625</ele>
        <time>2026-08-08T16:38:00.000Z</time>
      </trkpt>
      <trkpt lat="57.6181591115891933441162109375" lon="-4.40408729016780853271484375">
        <ele>113.40000152587890625</ele>
        <time>2026-08-08T16:38:01.000Z</time>
      </trkpt>
      <trkpt lat="57.61789348907768726348876953125" lon="-4.404495656490325927734375">
        <ele>112.40000152587890625</ele>
        <time>2026-08-08T16:38:07.000Z</time>
      </trkpt>
      <trkpt lat="57.617804221808910369873046875" lon="-4.404630772769451141357421875">
        <ele>112.1999969482421875</ele>
        <time>2026-08-08T16:38:09.000Z</time>
      </trkpt>
      <trkpt lat="57.6177155412733554840087890625" lon="-4.40476027317345142364501953125">
        <ele>112</ele>
        <time>2026-08-08T16:38:11.000Z</time>
      </trkpt>
      <trkpt lat="57.61766977608203887939453125" lon="-4.40482598729431629180908203125">
        <ele>111.8000030517578125</ele>
        <time>2026-08-08T16:38:12.000Z</time>
      </trkpt>
      <trkpt lat="57.6174825243651866912841796875" lon="-4.405091106891632080078125">
        <ele>111.1999969482421875</ele>
        <time>2026-08-08T16:38:16.000Z</time>
      </trkpt>
      <trkpt lat="57.6174355857074260711669921875" lon="-4.4051583297550678253173828125">
        <ele>111.1999969482421875</ele>
        <time>2026-08-08T16:38:17.000Z</time>
      </trkpt>
      <trkpt lat="57.61729686520993709564208984375" lon="-4.4053608365356922149658203125">
        <ele>110.8000030517578125</ele>
        <time>2026-08-08T16:38:20.000Z</time>
      </trkpt>
      <trkpt lat="57.61720768176019191741943359375" lon="-4.4055093638598918914794921875">
        <ele>110.8000030517578125</ele>
        <time>2026-08-08T16:38:22.000Z</time>
      </trkpt>
      <trkpt lat="57.617069967091083526611328125" lon="-4.40570340491831302642822265625">
        <ele>110.40000152587890625</ele>
        <time>2026-08-08T16:38:25.000Z</time>
      </trkpt>
      <trkpt lat="57.61697701178491115570068359375" lon="-4.4058332405984401702880859375">
        <ele>110.1999969482421875</ele>
        <time>2026-08-08T16:38:27.000Z</time>
      </trkpt>
      <trkpt lat="57.616744749248027801513671875" lon="-4.40618284977972507476806640625">
        <ele>109.40000152587890625</ele>
        <time>2026-08-08T16:38:32.000Z</time>
      </trkpt>
      <trkpt lat="57.61660468764603137969970703125" lon="-4.4064075686037540435791015625">
        <ele>109</ele>
        <time>2026-08-08T16:38:35.000Z</time>
      </trkpt>
      <trkpt lat="57.61646202765405178070068359375" lon="-4.40663882531225681304931640625">
        <ele>108.40000152587890625</ele>
        <time>2026-08-08T16:38:38.000Z</time>
      </trkpt>
      <trkpt lat="57.616315595805644989013671875" lon="-4.40686698071658611297607421875">
        <ele>107.8000030517578125</ele>
        <time>2026-08-08T16:38:41.000Z</time>
      </trkpt>
      <trkpt lat="57.6161105744540691375732421875" lon="-4.4071502052247524261474609375">
        <ele>106.59999847412109375</ele>
        <time>2026-08-08T16:38:45.000Z</time>
      </trkpt>
      <trkpt lat="57.61605885811150074005126953125" lon="-4.4072286598384380340576171875">
        <ele>106.1999969482421875</ele>
        <time>2026-08-08T16:38:46.000Z</time>
      </trkpt>
      <trkpt lat="57.61589675210416316986083984375" lon="-4.40745404921472072601318359375">
        <ele>105.40000152587890625</ele>
        <time>2026-08-08T16:38:49.000Z</time>
      </trkpt>
      <trkpt lat="57.61568150483071804046630859375" lon="-4.4077952764928340911865234375">
        <ele>104.8000030517578125</ele>
        <time>2026-08-08T16:38:53.000Z</time>
      </trkpt>
      <trkpt lat="57.6156354881823062896728515625" lon="-4.40789510495960712432861328125">
        <ele>104.40000152587890625</ele>
        <time>2026-08-08T16:38:54.000Z</time>
      </trkpt>
      <trkpt lat="57.61545988731086254119873046875" lon="-4.408305399119853973388671875">
        <ele>104</ele>
        <time>2026-08-08T16:38:58.000Z</time>
      </trkpt>
      <trkpt lat="57.615243382751941680908203125" lon="-4.40889372490346431732177734375">
        <ele>104.1999969482421875</ele>
        <time>2026-08-08T16:39:04.000Z</time>
      </trkpt>
      <trkpt lat="57.61518001556396484375" lon="-4.40905633382499217987060546875">
        <ele>104.1999969482421875</ele>
        <time>2026-08-08T16:39:06.000Z</time>
      </trkpt>
      <trkpt lat="57.61505772359669208526611328125" lon="-4.40934953279793262481689453125">
        <ele>104.1999969482421875</ele>
        <time>2026-08-08T16:39:10.000Z</time>
      </trkpt>
      <trkpt lat="57.61480174027383327484130859375" lon="-4.41002578474581241607666015625">
        <ele>105.1999969482421875</ele>
        <time>2026-08-08T16:39:19.000Z</time>
      </trkpt>
      <trkpt lat="57.61474994011223316192626953125" lon="-4.410177581012248992919921875">
        <ele>105.40000152587890625</ele>
        <time>2026-08-08T16:39:21.000Z</time>
      </trkpt>
      <trkpt lat="57.6147238723933696746826171875" lon="-4.4102545268833637237548828125">
        <ele>105.59999847412109375</ele>
        <time>2026-08-08T16:39:22.000Z</time>
      </trkpt>
      <trkpt lat="57.61463929899036884307861328125" lon="-4.41046784631907939910888671875">
        <ele>105.59999847412109375</ele>
        <time>2026-08-08T16:39:25.000Z</time>
      </trkpt>
      <trkpt lat="57.61458280496299266815185546875" lon="-4.4106186367571353912353515625">
        <ele>105.40000152587890625</ele>
        <time>2026-08-08T16:39:27.000Z</time>
      </trkpt>
      <trkpt lat="57.61433905921876430511474609375" lon="-4.411234371364116668701171875">
        <ele>104.59999847412109375</ele>
        <time>2026-08-08T16:39:35.000Z</time>
      </trkpt>
      <trkpt lat="57.61426881887018680572509765625" lon="-4.4113793782889842987060546875">
        <ele>104.40000152587890625</ele>
        <time>2026-08-08T16:39:37.000Z</time>
      </trkpt>
      <trkpt lat="57.614118196070194244384765625" lon="-4.411689341068267822265625">
        <ele>103.1999969482421875</ele>
        <time>2026-08-08T16:39:41.000Z</time>
      </trkpt>
      <trkpt lat="57.61403630487620830535888671875" lon="-4.4118569791316986083984375">
        <ele>102.8000030517578125</ele>
        <time>2026-08-08T16:39:43.000Z</time>
      </trkpt>
      <trkpt lat="57.61395064182579517364501953125" lon="-4.4120341725647449493408203125">
        <ele>102.1999969482421875</ele>
        <time>2026-08-08T16:39:45.000Z</time>
      </trkpt>
      <trkpt lat="57.61380747891962528228759765625" lon="-4.41231538541615009307861328125">
        <ele>100.8000030517578125</ele>
        <time>2026-08-08T16:39:48.000Z</time>
      </trkpt>
      <trkpt lat="57.61364637874066829681396484375" lon="-4.412609674036502838134765625">
        <ele>99.8000030517578125</ele>
        <time>2026-08-08T16:39:51.000Z</time>
      </trkpt>
      <trkpt lat="57.61347077786922454833984375" lon="-4.4129253365099430084228515625">
        <ele>98.1999969482421875</ele>
        <time>2026-08-08T16:39:54.000Z</time>
      </trkpt>
      <trkpt lat="57.61334680952131748199462890625" lon="-4.4131523184478282928466796875">
        <ele>97.1999969482421875</ele>
        <time>2026-08-08T16:39:56.000Z</time>
      </trkpt>
      <trkpt lat="57.61328327469527721405029296875" lon="-4.4132683239877223968505859375">
        <ele>96.40000152587890625</ele>
        <time>2026-08-08T16:39:57.000Z</time>
      </trkpt>
      <trkpt lat="57.613216973841190338134765625" lon="-4.413383491337299346923828125">
        <ele>95.59999847412109375</ele>
        <time>2026-08-08T16:39:58.000Z</time>
      </trkpt>
      <trkpt lat="57.613088227808475494384765625" lon="-4.413627572357654571533203125">
        <ele>94</ele>
        <time>2026-08-08T16:40:00.000Z</time>
      </trkpt>
      <trkpt lat="57.61296526528894901275634765625" lon="-4.4138815440237522125244140625">
        <ele>92.40000152587890625</ele>
        <time>2026-08-08T16:40:02.000Z</time>
      </trkpt>
      <trkpt lat="57.61284825392067432403564453125" lon="-4.4141403771936893463134765625">
        <ele>91</ele>
        <time>2026-08-08T16:40:04.000Z</time>
      </trkpt>
      <trkpt lat="57.61277876794338226318359375" lon="-4.41425713710486888885498046875">
        <ele>90.1999969482421875</ele>
        <time>2026-08-08T16:40:05.000Z</time>
      </trkpt>
      <trkpt lat="57.61270634829998016357421875" lon="-4.4143733941018581390380859375">
        <ele>89.59999847412109375</ele>
        <time>2026-08-08T16:40:06.000Z</time>
      </trkpt>
      <trkpt lat="57.61255069635808467864990234375" lon="-4.41459794528782367706298828125">
        <ele>88</ele>
        <time>2026-08-08T16:40:08.000Z</time>
      </trkpt>
      <trkpt lat="57.61238222010433673858642578125" lon="-4.414820484817028045654296875">
        <ele>86.40000152587890625</ele>
        <time>2026-08-08T16:40:10.000Z</time>
      </trkpt>
      <trkpt lat="57.612210810184478759765625" lon="-4.4150503166019916534423828125">
        <ele>84.59999847412109375</ele>
        <time>2026-08-08T16:40:12.000Z</time>
      </trkpt>
      <trkpt lat="57.61212422512471675872802734375" lon="-4.41516355611383914947509765625">
        <ele>83.8000030517578125</ele>
        <time>2026-08-08T16:40:13.000Z</time>
      </trkpt>
      <trkpt lat="57.61204359121620655059814453125" lon="-4.4152799807488918304443359375">
        <ele>83.40000152587890625</ele>
        <time>2026-08-08T16:40:14.000Z</time>
      </trkpt>
      <trkpt lat="57.6119600236415863037109375" lon="-4.41539154388010501861572265625">
        <ele>82.8000030517578125</ele>
        <time>2026-08-08T16:40:15.000Z</time>
      </trkpt>
      <trkpt lat="57.6118790544569492340087890625" lon="-4.41550050862133502960205078125">
        <ele>82.1999969482421875</ele>
        <time>2026-08-08T16:40:16.000Z</time>
      </trkpt>
      <trkpt lat="57.61171954683959484100341796875" lon="-4.4157077930867671966552734375">
        <ele>81.1999969482421875</ele>
        <time>2026-08-08T16:40:18.000Z</time>
      </trkpt>
      <trkpt lat="57.61155970394611358642578125" lon="-4.41592027433216571807861328125">
        <ele>79.59999847412109375</ele>
        <time>2026-08-08T16:40:20.000Z</time>
      </trkpt>
      <trkpt lat="57.611402459442615509033203125" lon="-4.416139461100101470947265625">
        <ele>78.8000030517578125</ele>
        <time>2026-08-08T16:40:22.000Z</time>
      </trkpt>
      <trkpt lat="57.61132945306599140167236328125" lon="-4.41624976694583892822265625">
        <ele>78.59999847412109375</ele>
        <time>2026-08-08T16:40:23.000Z</time>
      </trkpt>
      <trkpt lat="57.6111568696796894073486328125" lon="-4.41659317351877689361572265625">
        <ele>78.40000152587890625</ele>
        <time>2026-08-08T16:40:26.000Z</time>
      </trkpt>
      <trkpt lat="57.61097967624664306640625" lon="-4.41709776408970355987548828125">
        <ele>77.8000030517578125</ele>
        <time>2026-08-08T16:40:30.000Z</time>
      </trkpt>
      <trkpt lat="57.6108849607408046722412109375" lon="-4.41735575906932353973388671875">
        <ele>77.40000152587890625</ele>
        <time>2026-08-08T16:40:32.000Z</time>
      </trkpt>
      <trkpt lat="57.6108393631875514984130859375" lon="-4.417477212846279144287109375">
        <ele>77.1999969482421875</ele>
        <time>2026-08-08T16:40:33.000Z</time>
      </trkpt>
      <trkpt lat="57.61058648116886615753173828125" lon="-4.418104179203510284423828125">
        <ele>78</ele>
        <time>2026-08-08T16:40:39.000Z</time>
      </trkpt>
      <trkpt lat="57.6104700565338134765625" lon="-4.41836343146860599517822265625">
        <ele>78.40000152587890625</ele>
        <time>2026-08-08T16:40:42.000Z</time>
      </trkpt>
      <trkpt lat="57.6102693937718868255615234375" lon="-4.418771378695964813232421875">
        <ele>77.59999847412109375</ele>
        <time>2026-08-08T16:40:47.000Z</time>
      </trkpt>
      <trkpt lat="57.610061354935169219970703125" lon="-4.41917010582983493804931640625">
        <ele>78</ele>
        <time>2026-08-08T16:40:52.000Z</time>
      </trkpt>
      <trkpt lat="57.61001533828675746917724609375" lon="-4.41925643943250179290771484375">
        <ele>77.59999847412109375</ele>
        <time>2026-08-08T16:40:53.000Z</time>
      </trkpt>
      <trkpt lat="57.60996638797223567962646484375" lon="-4.41934931091964244842529296875">
        <ele>77.40000152587890625</ele>
        <time>2026-08-08T16:40:54.000Z</time>
      </trkpt>
      <trkpt lat="57.60990955866873264312744140625" lon="-4.4194347225129604339599609375">
        <ele>77</ele>
        <time>2026-08-08T16:40:55.000Z</time>
      </trkpt>
      <trkpt lat="57.609780393540859222412109375" lon="-4.4195765443146228790283203125">
        <ele>76.40000152587890625</ele>
        <time>2026-08-08T16:40:57.000Z</time>
      </trkpt>
      <trkpt lat="57.60946691036224365234375" lon="-4.41978701390326023101806640625">
        <ele>76.40000152587890625</ele>
        <time>2026-08-08T16:41:02.000Z</time>
      </trkpt>
      <trkpt lat="57.609404884278774261474609375" lon="-4.419834874570369720458984375">
        <ele>76.1999969482421875</ele>
        <time>2026-08-08T16:41:03.000Z</time>
      </trkpt>
      <trkpt lat="57.60928292758762836456298828125" lon="-4.41994476132094860076904296875">
        <ele>75.1999969482421875</ele>
        <time>2026-08-08T16:41:05.000Z</time>
      </trkpt>
      <trkpt lat="57.6092229969799518585205078125" lon="-4.42000888288021087646484375">
        <ele>74.8000030517578125</ele>
        <time>2026-08-08T16:41:06.000Z</time>
      </trkpt>
      <trkpt lat="57.6091106794774532318115234375" lon="-4.42013972438871860504150390625">
        <ele>73.59999847412109375</ele>
        <time>2026-08-08T16:41:08.000Z</time>
      </trkpt>
      <trkpt lat="57.608971036970615386962890625" lon="-4.42030233331024646759033203125">
        <ele>72.40000152587890625</ele>
        <time>2026-08-08T16:41:11.000Z</time>
      </trkpt>
      <trkpt lat="57.60890892706811428070068359375" lon="-4.4203758426010608673095703125">
        <ele>71.59999847412109375</ele>
        <time>2026-08-08T16:41:13.000Z</time>
      </trkpt>
      <trkpt lat="57.6088934205472469329833984375" lon="-4.42041113041341304779052734375">
        <ele>71.1999969482421875</ele>
        <time>2026-08-08T16:41:14.000Z</time>
      </trkpt>
      <trkpt lat="57.6088183186948299407958984375" lon="-4.42053032107651233673095703125">
        <ele>70.1999969482421875</ele>
        <time>2026-08-08T16:41:17.000Z</time>
      </trkpt>
      <trkpt lat="57.6087945140898227691650390625" lon="-4.4205629266798496246337890625">
        <ele>70</ele>
        <time>2026-08-08T16:41:18.000Z</time>
      </trkpt>
      <trkpt lat="57.6087224297225475311279296875" lon="-4.4206608273088932037353515625">
        <ele>69</ele>
        <time>2026-08-08T16:41:21.000Z</time>
      </trkpt>
      <trkpt lat="57.6086050830781459808349609375" lon="-4.42078546620905399322509765625">
        <ele>67.8000030517578125</ele>
        <time>2026-08-08T16:41:24.000Z</time>
      </trkpt>
      <trkpt lat="57.6085041649639606475830078125" lon="-4.420897699892520904541015625">
        <ele>67</ele>
        <time>2026-08-08T16:41:26.000Z</time>
      </trkpt>
      <trkpt lat="57.60844557546079158782958984375" lon="-4.4209686107933521270751953125">
        <ele>66.59999847412109375</ele>
        <time>2026-08-08T16:41:27.000Z</time>
      </trkpt>
      <trkpt lat="57.60831557214260101318359375" lon="-4.4211342372000217437744140625">
        <ele>65.1999969482421875</ele>
        <time>2026-08-08T16:41:29.000Z</time>
      </trkpt>
      <trkpt lat="57.608246505260467529296875" lon="-4.42122383974492549896240234375">
        <ele>64.40000152587890625</ele>
        <time>2026-08-08T16:41:30.000Z</time>
      </trkpt>
      <trkpt lat="57.6081700623035430908203125" lon="-4.42131578922271728515625">
        <ele>63.40000152587890625</ele>
        <time>2026-08-08T16:41:31.000Z</time>
      </trkpt>
      <trkpt lat="57.60800418443977832794189453125" lon="-4.42150899209082126617431640625">
        <ele>61.59999847412109375</ele>
        <time>2026-08-08T16:41:33.000Z</time>
      </trkpt>
      <trkpt lat="57.60782917030155658721923828125" lon="-4.42172951996326446533203125">
        <ele>60</ele>
        <time>2026-08-08T16:41:35.000Z</time>
      </trkpt>
      <trkpt lat="57.60757519863545894622802734375" lon="-4.42204124294221401214599609375">
        <ele>59</ele>
        <time>2026-08-08T16:41:38.000Z</time>
      </trkpt>
      <trkpt lat="57.60734000243246555328369140625" lon="-4.42232924513518810272216796875">
        <ele>58</ele>
        <time>2026-08-08T16:41:41.000Z</time>
      </trkpt>
      <trkpt lat="57.607115618884563446044921875" lon="-4.42259042523801326751708984375">
        <ele>56.799999237060546875</ele>
        <time>2026-08-08T16:41:44.000Z</time>
      </trkpt>
      <trkpt lat="57.6069283671677112579345703125" lon="-4.4228620827198028564453125">
        <ele>56.200000762939453125</ele>
        <time>2026-08-08T16:41:47.000Z</time>
      </trkpt>
      <trkpt lat="57.60687790811061859130859375" lon="-4.4229671917855739593505859375">
        <ele>56.200000762939453125</ele>
        <time>2026-08-08T16:41:48.000Z</time>
      </trkpt>
      <trkpt lat="57.6067892275750637054443359375" lon="-4.423201717436313629150390625">
        <ele>55.59999847412109375</ele>
        <time>2026-08-08T16:41:50.000Z</time>
      </trkpt>
      <trkpt lat="57.60675092227756977081298828125" lon="-4.42333071492612361907958984375">
        <ele>55.40000152587890625</ele>
        <time>2026-08-08T16:41:51.000Z</time>
      </trkpt>
      <trkpt lat="57.60663106106221675872802734375" lon="-4.42373924888670444488525390625">
        <ele>54.59999847412109375</ele>
        <time>2026-08-08T16:41:54.000Z</time>
      </trkpt>
      <trkpt lat="57.6064690388739109039306640625" lon="-4.42425088025629520416259765625">
        <ele>53.799999237060546875</ele>
        <time>2026-08-08T16:41:58.000Z</time>
      </trkpt>
      <trkpt lat="57.60639854706823825836181640625" lon="-4.4244762696325778961181640625">
        <ele>53.40000152587890625</ele>
        <time>2026-08-08T16:42:00.000Z</time>
      </trkpt>
      <trkpt lat="57.60626007802784442901611328125" lon="-4.424955546855926513671875">
        <ele>52.200000762939453125</ele>
        <time>2026-08-08T16:42:04.000Z</time>
      </trkpt>
      <trkpt lat="57.60622470639646053314208984375" lon="-4.42507431842386722564697265625">
        <ele>52</ele>
        <time>2026-08-08T16:42:05.000Z</time>
      </trkpt>
      <trkpt lat="57.6061515323817729949951171875" lon="-4.42531320266425609588623046875">
        <ele>51.59999847412109375</ele>
        <time>2026-08-08T16:42:07.000Z</time>
      </trkpt>
      <trkpt lat="57.60611440055072307586669921875" lon="-4.4254264421761035919189453125">
        <ele>51.200000762939453125</ele>
        <time>2026-08-08T16:42:08.000Z</time>
      </trkpt>
      <trkpt lat="57.605975009500980377197265625" lon="-4.4259010255336761474609375">
        <ele>49.799999237060546875</ele>
        <time>2026-08-08T16:42:12.000Z</time>
      </trkpt>
      <trkpt lat="57.605906613171100616455078125" lon="-4.42614200524985790252685546875">
        <ele>49.40000152587890625</ele>
        <time>2026-08-08T16:42:14.000Z</time>
      </trkpt>
      <trkpt lat="57.6058407314121723175048828125" lon="-4.4263655506074428558349609375">
        <ele>48.799999237060546875</ele>
        <time>2026-08-08T16:42:16.000Z</time>
      </trkpt>
      <trkpt lat="57.60570419020950794219970703125" lon="-4.4268185086548328399658203125">
        <ele>47.59999847412109375</ele>
        <time>2026-08-08T16:42:20.000Z</time>
      </trkpt>
      <trkpt lat="57.6056331954896450042724609375" lon="-4.42705680616199970245361328125">
        <ele>46.799999237060546875</ele>
        <time>2026-08-08T16:42:22.000Z</time>
      </trkpt>
      <trkpt lat="57.60559958405792713165283203125" lon="-4.42718219943344593048095703125">
        <ele>46.40000152587890625</ele>
        <time>2026-08-08T16:42:23.000Z</time>
      </trkpt>
      <trkpt lat="57.60544468648731708526611328125" lon="-4.4276821799576282501220703125">
        <ele>45.40000152587890625</ele>
        <time>2026-08-08T16:42:27.000Z</time>
      </trkpt>
      <trkpt lat="57.6053669862449169158935546875" lon="-4.427922070026397705078125">
        <ele>45</ele>
        <time>2026-08-08T16:42:29.000Z</time>
      </trkpt>
      <trkpt lat="57.6052248291671276092529296875" lon="-4.42840713076293468475341796875">
        <ele>44</ele>
        <time>2026-08-08T16:42:33.000Z</time>
      </trkpt>
      <trkpt lat="57.60511494241654872894287109375" lon="-4.42877811379730701446533203125">
        <ele>43</ele>
        <time>2026-08-08T16:42:36.000Z</time>
      </trkpt>
      <trkpt lat="57.6049971766769886016845703125" lon="-4.4291661120951175689697265625">
        <ele>42.200000762939453125</ele>
        <time>2026-08-08T16:42:39.000Z</time>
      </trkpt>
      <trkpt lat="57.6049589551985263824462890625" lon="-4.42929561249911785125732421875">
        <ele>41.799999237060546875</ele>
        <time>2026-08-08T16:42:40.000Z</time>
      </trkpt>
      <trkpt lat="57.604850828647613525390625" lon="-4.4296552799642086029052734375">
        <ele>40.59999847412109375</ele>
        <time>2026-08-08T16:42:43.000Z</time>
      </trkpt>
      <trkpt lat="57.6046836934983730316162109375" lon="-4.43024821579456329345703125">
        <ele>39.40000152587890625</ele>
        <time>2026-08-08T16:42:48.000Z</time>
      </trkpt>
      <trkpt lat="57.6046293787658214569091796875" lon="-4.43044669926166534423828125">
        <ele>39</ele>
        <time>2026-08-08T16:42:50.000Z</time>
      </trkpt>
      <trkpt lat="57.60456852614879608154296875" lon="-4.430605955421924591064453125">
        <ele>38.59999847412109375</ele>
        <time>2026-08-08T16:42:52.000Z</time>
      </trkpt>
      <trkpt lat="57.60448143817484378814697265625" lon="-4.43068868480622768402099609375">
        <ele>38.40000152587890625</ele>
        <time>2026-08-08T16:42:54.000Z</time>
      </trkpt>
      <trkpt lat="57.6043946854770183563232421875" lon="-4.430658929049968719482421875">
        <ele>38.200000762939453125</ele>
        <time>2026-08-08T16:42:56.000Z</time>
      </trkpt>
      <trkpt lat="57.60435202158987522125244140625" lon="-4.4306248985230922698974609375">
        <ele>37.799999237060546875</ele>
        <time>2026-08-08T16:42:57.000Z</time>
      </trkpt>
      <trkpt lat="57.60425336658954620361328125" lon="-4.43055960349738597869873046875">
        <ele>37.40000152587890625</ele>
        <time>2026-08-08T16:42:59.000Z</time>
      </trkpt>
      <trkpt lat="57.604096122086048126220703125" lon="-4.4304562546312808990478515625">
        <ele>36.40000152587890625</ele>
        <time>2026-08-08T16:43:02.000Z</time>
      </trkpt>
      <trkpt lat="57.6040433160960674285888671875" lon="-4.43041258491575717926025390625">
        <ele>36</ele>
        <time>2026-08-08T16:43:03.000Z</time>
      </trkpt>
      <trkpt lat="57.6039241254329681396484375" lon="-4.4303365610539913177490234375">
        <ele>35</ele>
        <time>2026-08-08T16:43:05.000Z</time>
      </trkpt>
      <trkpt lat="57.6037846505641937255859375" lon="-4.43024058826267719268798828125">
        <ele>33.799999237060546875</ele>
        <time>2026-08-08T16:43:07.000Z</time>
      </trkpt>
      <trkpt lat="57.60362531058490276336669921875" lon="-4.430145956575870513916015625">
        <ele>32.59999847412109375</ele>
        <time>2026-08-08T16:43:09.000Z</time>
      </trkpt>
      <trkpt lat="57.60345750488340854644775390625" lon="-4.430042020976543426513671875">
        <ele>31.200000762939453125</ele>
        <time>2026-08-08T16:43:11.000Z</time>
      </trkpt>
      <trkpt lat="57.603371925652027130126953125" lon="-4.42998896352946758270263671875">
        <ele>30.200000762939453125</ele>
        <time>2026-08-08T16:43:12.000Z</time>
      </trkpt>
      <trkpt lat="57.6032849214971065521240234375" lon="-4.429934732615947723388671875">
        <ele>29.200000762939453125</ele>
        <time>2026-08-08T16:43:13.000Z</time>
      </trkpt>
      <trkpt lat="57.6031068898737430572509765625" lon="-4.42981772124767303466796875">
        <ele>27.3999996185302734375</ele>
        <time>2026-08-08T16:43:15.000Z</time>
      </trkpt>
      <trkpt lat="57.60293103754520416259765625" lon="-4.4296938367187976837158203125">
        <ele>26</ele>
        <time>2026-08-08T16:43:17.000Z</time>
      </trkpt>
      <trkpt lat="57.60275124572217464447021484375" lon="-4.42957707680761814117431640625">
        <ele>24.200000762939453125</ele>
        <time>2026-08-08T16:43:19.000Z</time>
      </trkpt>
      <trkpt lat="57.6025644131004810333251953125" lon="-4.4294641725718975067138671875">
        <ele>22.3999996185302734375</ele>
        <time>2026-08-08T16:43:21.000Z</time>
      </trkpt>
      <trkpt lat="57.60237171314656734466552734375" lon="-4.42935076542198657989501953125">
        <ele>20.3999996185302734375</ele>
        <time>2026-08-08T16:43:23.000Z</time>
      </trkpt>
      <trkpt lat="57.602272219955921173095703125" lon="-4.4292925111949443817138671875">
        <ele>19.3999996185302734375</ele>
        <time>2026-08-08T16:43:24.000Z</time>
      </trkpt>
      <trkpt lat="57.6021711342036724090576171875" lon="-4.42923526279628276824951171875">
        <ele>18.3999996185302734375</ele>
        <time>2026-08-08T16:43:25.000Z</time>
      </trkpt>
      <trkpt lat="57.6020688749849796295166015625" lon="-4.4291711412370204925537109375">
        <ele>17.200000762939453125</ele>
        <time>2026-08-08T16:43:26.000Z</time>
      </trkpt>
      <trkpt lat="57.60196619667112827301025390625" lon="-4.4291081093251705169677734375">
        <ele>16</ele>
        <time>2026-08-08T16:43:27.000Z</time>
      </trkpt>
      <trkpt lat="57.6017594151198863983154296875" lon="-4.42898196168243885040283203125">
        <ele>13.80000019073486328125</ele>
        <time>2026-08-08T16:43:29.000Z</time>
      </trkpt>
      <trkpt lat="57.6015716604888439178466796875" lon="-4.42886277101933956146240234375">
        <ele>12</ele>
        <time>2026-08-08T16:43:31.000Z</time>
      </trkpt>
      <trkpt lat="57.60148658417165279388427734375" lon="-4.42880912683904170989990234375">
        <ele>11</ele>
        <time>2026-08-08T16:43:32.000Z</time>
      </trkpt>
      <trkpt lat="57.60135180316865444183349609375" lon="-4.42870032973587512969970703125">
        <ele>9.3999996185302734375</ele>
        <time>2026-08-08T16:43:34.000Z</time>
      </trkpt>
      <trkpt lat="57.601296566426753997802734375" lon="-4.42865020595490932464599609375">
        <ele>8.80000019073486328125</ele>
        <time>2026-08-08T16:43:35.000Z</time>
      </trkpt>
      <trkpt lat="57.60125557892024517059326171875" lon="-4.42860829643905162811279296875">
        <ele>8.3999996185302734375</ele>
        <time>2026-08-08T16:43:36.000Z</time>
      </trkpt>
      <trkpt lat="57.601202018558979034423828125" lon="-4.428547360002994537353515625">
        <ele>7.80000019073486328125</ele>
        <time>2026-08-08T16:43:38.000Z</time>
      </trkpt>
      <trkpt lat="57.60117460973560810089111328125" lon="-4.42850771360099315643310546875">
        <ele>7.599999904632568359375</ele>
        <time>2026-08-08T16:43:42.000Z</time>
      </trkpt>
      <trkpt lat="57.601174525916576385498046875" lon="-4.4285076297819614410400390625">
        <ele>7.19999980926513671875</ele>
        <time>2026-08-08T16:43:48.000Z</time>
      </trkpt>
      <trkpt lat="57.601174525916576385498046875" lon="-4.4285076297819614410400390625">
        <ele>7.19999980926513671875</ele>
        <time>2026-08-08T16:43:53.000Z</time>
      </trkpt>
      <trkpt lat="57.601174525916576385498046875" lon="-4.4285076297819614410400390625">
        <ele>7</ele>
        <time>2026-08-08T16:44:03.000Z</time>
      </trkpt>
      <trkpt lat="57.6011716760694980621337890625" lon="-4.4285052828490734100341796875">
        <ele>6.80000019073486328125</ele>
        <time>2026-08-08T16:44:09.000Z</time>
      </trkpt>
      <trkpt lat="57.601174525916576385498046875" lon="-4.4285076297819614410400390625">
        <ele>6.599999904632568359375</ele>
        <time>2026-08-08T16:44:15.000Z</time>
      </trkpt>
      <trkpt lat="57.601157762110233306884765625" lon="-4.42850746214389801025390625">
        <ele>6.80000019073486328125</ele>
        <time>2026-08-08T16:44:19.000Z</time>
      </trkpt>
      <trkpt lat="57.60112783871591091156005859375" lon="-4.42848139442503452301025390625">
        <ele>6.80000019073486328125</ele>
        <time>2026-08-08T16:44:21.000Z</time>
      </trkpt>
      <trkpt lat="57.60105659253895282745361328125" lon="-4.4284207932651042938232421875">
        <ele>6.599999904632568359375</ele>
        <time>2026-08-08T16:44:24.000Z</time>
      </trkpt>
      <trkpt lat="57.60103060863912105560302734375" lon="-4.42843143828213214874267578125">
        <ele>6.599999904632568359375</ele>
        <time>2026-08-08T16:44:25.000Z</time>
      </trkpt>
      <trkpt lat="57.60091510601341724395751953125" lon="-4.428610391914844512939453125">
        <ele>6.400000095367431640625</ele>
        <time>2026-08-08T16:44:30.000Z</time>
      </trkpt>
      <trkpt lat="57.60084503330290317535400390625" lon="-4.428759925067424774169921875">
        <ele>6.400000095367431640625</ele>
        <time>2026-08-08T16:44:33.000Z</time>
      </trkpt>
      <trkpt lat="57.6008203066885471343994140625" lon="-4.42880527116358280181884765625">
        <ele>6.400000095367431640625</ele>
        <time>2026-08-08T16:44:34.000Z</time>
      </trkpt>
      <trkpt lat="57.60077110491693019866943359375" lon="-4.42890954203903675079345703125">
        <ele>6.19999980926513671875</ele>
        <time>2026-08-08T16:44:36.000Z</time>
      </trkpt>
      <trkpt lat="57.60068602859973907470703125" lon="-4.42906477488577365875244140625">
        <ele>5.80000019073486328125</ele>
        <time>2026-08-08T16:44:39.000Z</time>
      </trkpt>
      <trkpt lat="57.6006090827286243438720703125" lon="-4.4291121326386928558349609375">
        <ele>5.599999904632568359375</ele>
        <time>2026-08-08T16:44:41.000Z</time>
      </trkpt>
      <trkpt lat="57.60047220624983310699462890625" lon="-4.42911171354353427886962890625">
        <ele>5.400000095367431640625</ele>
        <time>2026-08-08T16:44:44.000Z</time>
      </trkpt>
      <trkpt lat="57.60042577050626277923583984375" lon="-4.4291252084076404571533203125">
        <ele>5.400000095367431640625</ele>
        <time>2026-08-08T16:44:45.000Z</time>
      </trkpt>
      <trkpt lat="57.60037757456302642822265625" lon="-4.42914926446974277496337890625">
        <ele>5.400000095367431640625</ele>
        <time>2026-08-08T16:44:46.000Z</time>
      </trkpt>
      <trkpt lat="57.6001883111894130706787109375" lon="-4.42922721616923809051513671875">
        <ele>5.400000095367431640625</ele>
        <time>2026-08-08T16:44:50.000Z</time>
      </trkpt>
      <trkpt lat="57.60014045052230358123779296875" lon="-4.42923165857791900634765625">
        <ele>5.400000095367431640625</ele>
        <time>2026-08-08T16:44:51.000Z</time>
      </trkpt>
      <trkpt lat="57.5999915041029453277587890625" lon="-4.429238028824329376220703125">
        <ele>5</ele>
        <time>2026-08-08T16:44:54.000Z</time>
      </trkpt>
      <trkpt lat="57.59979553520679473876953125" lon="-4.42925185896456241607666015625">
        <ele>5.19999980926513671875</ele>
        <time>2026-08-08T16:44:58.000Z</time>
      </trkpt>
      <trkpt lat="57.5993994064629077911376953125" lon="-4.42918648011982440948486328125">
        <ele>4.80000019073486328125</ele>
        <time>2026-08-08T16:45:06.000Z</time>
      </trkpt>
      <trkpt lat="57.5992919504642486572265625" lon="-4.42917206324636936187744140625">
        <ele>4.80000019073486328125</ele>
        <time>2026-08-08T16:45:08.000Z</time>
      </trkpt>
      <trkpt lat="57.599036805331707000732421875" lon="-4.4291339255869388580322265625">
        <ele>4.599999904632568359375</ele>
        <time>2026-08-08T16:45:13.000Z</time>
      </trkpt>
      <trkpt lat="57.59898760356009006500244140625" lon="-4.42912864498794078826904296875">
        <ele>4.400000095367431640625</ele>
        <time>2026-08-08T16:45:14.000Z</time>
      </trkpt>
      <trkpt lat="57.598893307149410247802734375" lon="-4.429114647209644317626953125">
        <ele>4.400000095367431640625</ele>
        <time>2026-08-08T16:45:16.000Z</time>
      </trkpt>
      <trkpt lat="57.59879498742520809173583984375" lon="-4.42908287979662418365478515625">
        <ele>4.19999980926513671875</ele>
        <time>2026-08-08T16:45:18.000Z</time>
      </trkpt>
      <trkpt lat="57.59863992221653461456298828125" lon="-4.4290521182119846343994140625">
        <ele>4</ele>
        <time>2026-08-08T16:45:21.000Z</time>
      </trkpt>
      <trkpt lat="57.59828520007431507110595703125" lon="-4.428912140429019927978515625">
        <ele>4</ele>
        <time>2026-08-08T16:45:28.000Z</time>
      </trkpt>
      <trkpt lat="57.59793248958885669708251953125" lon="-4.428583569824695587158203125">
        <ele>4</ele>
        <time>2026-08-08T16:45:35.000Z</time>
      </trkpt>
      <trkpt lat="57.597613222897052764892578125" lon="-4.4282434321939945220947265625">
        <ele>4</ele>
        <time>2026-08-08T16:45:42.000Z</time>
      </trkpt>
      <trkpt lat="57.597378529608249664306640625" lon="-4.42796163260936737060546875">
        <ele>3.599999904632568359375</ele>
        <time>2026-08-08T16:45:48.000Z</time>
      </trkpt>
      <trkpt lat="57.5971000827848911285400390625" lon="-4.4276848621666431427001953125">
        <ele>3.400000095367431640625</ele>
        <time>2026-08-08T16:45:54.000Z</time>
      </trkpt>
      <trkpt lat="57.5968328677117824554443359375" lon="-4.42748897708952426910400390625">
        <ele>3.7999999523162841796875</ele>
        <time>2026-08-08T16:46:00.000Z</time>
      </trkpt>
      <trkpt lat="57.5967845879495143890380859375" lon="-4.42746274173259735107421875">
        <ele>3.7999999523162841796875</ele>
        <time>2026-08-08T16:46:01.000Z</time>
      </trkpt>
      <trkpt lat="57.59646515361964702606201171875" lon="-4.427295438945293426513671875">
        <ele>3.7999999523162841796875</ele>
        <time>2026-08-08T16:46:08.000Z</time>
      </trkpt>
      <trkpt lat="57.596165500581264495849609375" lon="-4.42723785527050495147705078125">
        <ele>4.400000095367431640625</ele>
        <time>2026-08-08T16:46:16.000Z</time>
      </trkpt>
      <trkpt lat="57.5959259457886219024658203125" lon="-4.427219666540622711181640625">
        <ele>4.599999904632568359375</ele>
        <time>2026-08-08T16:46:22.000Z</time>
      </trkpt>
      <trkpt lat="57.59560751728713512420654296875" lon="-4.427188821136951446533203125">
        <ele>4.80000019073486328125</ele>
        <time>2026-08-08T16:46:29.000Z</time>
      </trkpt>
      <trkpt lat="57.59540475904941558837890625" lon="-4.427121095359325408935546875">
        <ele>4.80000019073486328125</ele>
        <time>2026-08-08T16:46:34.000Z</time>
      </trkpt>
      <trkpt lat="57.5953868217766284942626953125" lon="-4.4270651042461395263671875">
        <ele>5</ele>
        <time>2026-08-08T16:46:35.000Z</time>
      </trkpt>
      <trkpt lat="57.59537751786410808563232421875" lon="-4.42699746228754520416259765625">
        <ele>4.80000019073486328125</ele>
        <time>2026-08-08T16:46:36.000Z</time>
      </trkpt>
      <trkpt lat="57.59536184370517730712890625" lon="-4.4268429838120937347412109375">
        <ele>5</ele>
        <time>2026-08-08T16:46:38.000Z</time>
      </trkpt>
      <trkpt lat="57.59535773657262325286865234375" lon="-4.42675866186618804931640625">
        <ele>5</ele>
        <time>2026-08-08T16:46:39.000Z</time>
      </trkpt>
      <trkpt lat="57.5953542999923229217529296875" lon="-4.42659127525985240936279296875">
        <ele>5</ele>
        <time>2026-08-08T16:46:41.000Z</time>
      </trkpt>
      <trkpt lat="57.59533979929983615875244140625" lon="-4.42616463638842105865478515625">
        <ele>4.80000019073486328125</ele>
        <time>2026-08-08T16:46:46.000Z</time>
      </trkpt>
      <trkpt lat="57.59532420895993709564208984375" lon="-4.42567127756774425506591796875">
        <ele>5</ele>
        <time>2026-08-08T16:46:52.000Z</time>
      </trkpt>
      <trkpt lat="57.59532202966511249542236328125" lon="-4.42560355179011821746826171875">
        <ele>5</ele>
        <time>2026-08-08T16:46:53.000Z</time>
      </trkpt>
      <trkpt lat="57.5952875800430774688720703125" lon="-4.4252948462963104248046875">
        <ele>5.19999980926513671875</ele>
        <time>2026-08-08T16:46:59.000Z</time>
      </trkpt>
      <trkpt lat="57.595295123755931854248046875" lon="-4.42520356737077236175537109375">
        <ele>5</ele>
        <time>2026-08-08T16:47:02.000Z</time>
      </trkpt>
      <trkpt lat="57.59530995972454547882080078125" lon="-4.425202645361423492431640625">
        <ele>5</ele>
        <time>2026-08-08T16:47:03.000Z</time>
      </trkpt>
      <trkpt lat="57.59540551342070102691650390625" lon="-4.42514288239181041717529296875">
        <ele>5</ele>
        <time>2026-08-08T16:47:08.000Z</time>
      </trkpt>
      <trkpt lat="57.59560248814523220062255859375" lon="-4.4249513559043407440185546875">
        <ele>5</ele>
        <time>2026-08-08T16:47:14.000Z</time>
      </trkpt>
      <trkpt lat="57.5957402028143405914306640625" lon="-4.42495730705559253692626953125">
        <ele>4.80000019073486328125</ele>
        <time>2026-08-08T16:47:19.000Z</time>
      </trkpt>
      <trkpt lat="57.59577800519764423370361328125" lon="-4.42500852048397064208984375">
        <ele>5</ele>
        <time>2026-08-08T16:47:23.000Z</time>
      </trkpt>
      <trkpt lat="57.59578068740665912628173828125" lon="-4.4250063411891460418701171875">
        <ele>4.599999904632568359375</ele>
        <time>2026-08-08T16:47:29.000Z</time>
      </trkpt>
      <trkpt lat="57.59579627774655818939208984375" lon="-4.4250070117413997650146484375">
        <ele>4.80000019073486328125</ele>
        <time>2026-08-08T16:47:36.000Z</time>
      </trkpt>
      <trkpt lat="57.59579627774655818939208984375" lon="-4.4250070117413997650146484375">
        <ele>5</ele>
        <time>2026-08-08T16:47:42.000Z</time>
      </trkpt>
      <trkpt lat="57.59579644538462162017822265625" lon="-4.425022602081298828125">
        <ele>5</ele>
        <time>2026-08-08T16:47:48.000Z</time>
      </trkpt>
      <trkpt lat="57.5957915000617504119873046875" lon="-4.42499376833438873291015625">
        <ele>5.19999980926513671875</ele>
        <time>2026-08-08T16:47:54.000Z</time>
      </trkpt>
      <trkpt lat="57.5957995466887950897216796875" lon="-4.42497591488063335418701171875">
        <ele>5.400000095367431640625</ele>
        <time>2026-08-08T16:47:59.000Z</time>
      </trkpt>
      <trkpt lat="57.5958092696964740753173828125" lon="-4.4250056706368923187255859375">
        <ele>5.400000095367431640625</ele>
        <time>2026-08-08T16:48:02.000Z</time>
      </trkpt>
      <trkpt lat="57.5957975350320339202880859375" lon="-4.425004832446575164794921875">
        <ele>5.400000095367431640625</ele>
        <time>2026-08-08T16:48:04.000Z</time>
      </trkpt>
      <trkpt lat="57.59579862467944622039794921875" lon="-4.4250341691076755523681640625">
        <ele>5.80000019073486328125</ele>
        <time>2026-08-08T16:48:10.000Z</time>
      </trkpt>
      <trkpt lat="57.595804743468761444091796875" lon="-4.42503576166927814483642578125">
        <ele>5.80000019073486328125</ele>
        <time>2026-08-08T16:48:11.000Z</time>
      </trkpt>
      <trkpt lat="57.59567272849380970001220703125" lon="-4.4248403795063495635986328125">
        <ele>6.400000095367431640625</ele>
        <time>2026-08-08T17:57:41.000Z</time>
      </trkpt>
      <trkpt lat="57.59565093554556369781494140625" lon="-4.42485622130334377288818359375">
        <ele>6.400000095367431640625</ele>
        <time>2026-08-08T17:57:42.000Z</time>
      </trkpt>
      <trkpt lat="57.5955661945044994354248046875" lon="-4.4249381124973297119140625">
        <ele>7.599999904632568359375</ele>
        <time>2026-08-08T17:57:45.000Z</time>
      </trkpt>
      <trkpt lat="57.59552814066410064697265625" lon="-4.42496786825358867645263671875">
        <ele>8.19999980926513671875</ele>
        <time>2026-08-08T17:57:46.000Z</time>
      </trkpt>
      <trkpt lat="57.59549050591886043548583984375" lon="-4.42500843666493892669677734375">
        <ele>8.6000003814697265625</ele>
        <time>2026-08-08T17:57:47.000Z</time>
      </trkpt>
      <trkpt lat="57.59531616233289241790771484375" lon="-4.42518889904022216796875">
        <ele>8.80000019073486328125</ele>
        <time>2026-08-08T17:57:52.000Z</time>
      </trkpt>
      <trkpt lat="57.59528095833957195281982421875" lon="-4.42518311552703380584716796875">
        <ele>9</ele>
        <time>2026-08-08T17:57:53.000Z</time>
      </trkpt>
      <trkpt lat="57.5952604226768016815185546875" lon="-4.42514665424823760986328125">
        <ele>9</ele>
        <time>2026-08-08T17:57:54.000Z</time>
      </trkpt>
      <trkpt lat="57.5952429883182048797607421875" lon="-4.425098039209842681884765625">
        <ele>9.19999980926513671875</ele>
        <time>2026-08-08T17:57:55.000Z</time>
      </trkpt>
      <trkpt lat="57.59521708823740482330322265625" lon="-4.424965269863605499267578125">
        <ele>9.3999996185302734375</ele>
        <time>2026-08-08T17:57:57.000Z</time>
      </trkpt>
      <trkpt lat="57.59519361890852451324462890625" lon="-4.42481808364391326904296875">
        <ele>9.3999996185302734375</ele>
        <time>2026-08-08T17:57:59.000Z</time>
      </trkpt>
      <trkpt lat="57.59514215402305126190185546875" lon="-4.42448272369801998138427734375">
        <ele>9.3999996185302734375</ele>
        <time>2026-08-08T17:58:03.000Z</time>
      </trkpt>
      <trkpt lat="57.59511633776128292083740234375" lon="-4.42431441508233547210693359375">
        <ele>9.3999996185302734375</ele>
        <time>2026-08-08T17:58:05.000Z</time>
      </trkpt>
      <trkpt lat="57.59507342241704463958740234375" lon="-4.42405926994979381561279296875">
        <ele>9.6000003814697265625</ele>
        <time>2026-08-08T17:58:08.000Z</time>
      </trkpt>
      <trkpt lat="57.5950267352163791656494140625" lon="-4.423829019069671630859375">
        <ele>10</ele>
        <time>2026-08-08T17:58:11.000Z</time>
      </trkpt>
      <trkpt lat="57.59498055092990398406982421875" lon="-4.4236759655177593231201171875">
        <ele>10</ele>
        <time>2026-08-08T17:58:13.000Z</time>
      </trkpt>
      <trkpt lat="57.5949172675609588623046875" lon="-4.42353657446801662445068359375">
        <ele>10.19999980926513671875</ele>
        <time>2026-08-08T17:58:15.000Z</time>
      </trkpt>
      <trkpt lat="57.594840824604034423828125" lon="-4.42342375405132770538330078125">
        <ele>10.3999996185302734375</ele>
        <time>2026-08-08T17:58:17.000Z</time>
      </trkpt>
      <trkpt lat="57.594798244535923004150390625" lon="-4.42337413318455219268798828125">
        <ele>10.3999996185302734375</ele>
        <time>2026-08-08T17:58:18.000Z</time>
      </trkpt>
      <trkpt lat="57.5946986675262451171875" lon="-4.42329199053347110748291015625">
        <ele>10.6000003814697265625</ele>
        <time>2026-08-08T17:58:20.000Z</time>
      </trkpt>
      <trkpt lat="57.594589032232761383056640625" lon="-4.42324438132345676422119140625">
        <ele>10.80000019073486328125</ele>
        <time>2026-08-08T17:58:22.000Z</time>
      </trkpt>
      <trkpt lat="57.59453161619603633880615234375" lon="-4.42323423922061920166015625">
        <ele>10.80000019073486328125</ele>
        <time>2026-08-08T17:58:23.000Z</time>
      </trkpt>
      <trkpt lat="57.594472356140613555908203125" lon="-4.42323348484933376312255859375">
        <ele>10.80000019073486328125</ele>
        <time>2026-08-08T17:58:24.000Z</time>
      </trkpt>
      <trkpt lat="57.59424068033695220947265625" lon="-4.4232756458222866058349609375">
        <ele>11</ele>
        <time>2026-08-08T17:58:28.000Z</time>
      </trkpt>
      <trkpt lat="57.594070024788379669189453125" lon="-4.4233021326363086700439453125">
        <ele>11.3999996185302734375</ele>
        <time>2026-08-08T17:58:31.000Z</time>
      </trkpt>
      <trkpt lat="57.5938445515930652618408203125" lon="-4.42334177903831005096435546875">
        <ele>11.6000003814697265625</ele>
        <time>2026-08-08T17:58:35.000Z</time>
      </trkpt>
      <trkpt lat="57.59367364458739757537841796875" lon="-4.42337212152779102325439453125">
        <ele>11.80000019073486328125</ele>
        <time>2026-08-08T17:58:38.000Z</time>
      </trkpt>
      <trkpt lat="57.5936168991029262542724609375" lon="-4.4233846105635166168212890625">
        <ele>11.80000019073486328125</ele>
        <time>2026-08-08T17:58:39.000Z</time>
      </trkpt>
      <trkpt lat="57.59355881251394748687744140625" lon="-4.42339877597987651824951171875">
        <ele>11.80000019073486328125</ele>
        <time>2026-08-08T17:58:40.000Z</time>
      </trkpt>
      <trkpt lat="57.5935005582869052886962890625" lon="-4.42340816371142864227294921875">
        <ele>12</ele>
        <time>2026-08-08T17:58:41.000Z</time>
      </trkpt>
      <trkpt lat="57.59344113059341907501220703125" lon="-4.42341864109039306640625">
        <ele>12</ele>
        <time>2026-08-08T17:58:42.000Z</time>
      </trkpt>
      <trkpt lat="57.59338178671896457672119140625" lon="-4.42343247123062610626220703125">
        <ele>12.19999980926513671875</ele>
        <time>2026-08-08T17:58:43.000Z</time>
      </trkpt>
      <trkpt lat="57.59290971793234348297119140625" lon="-4.42352794110774993896484375">
        <ele>12.80000019073486328125</ele>
        <time>2026-08-08T17:58:51.000Z</time>
      </trkpt>
      <trkpt lat="57.59267988614737987518310546875" lon="-4.42351511679589748382568359375">
        <ele>12.80000019073486328125</ele>
        <time>2026-08-08T17:58:55.000Z</time>
      </trkpt>
      <trkpt lat="57.59257444180548191070556640625" lon="-4.4235153682529926300048828125">
        <ele>13</ele>
        <time>2026-08-08T17:58:57.000Z</time>
      </trkpt>
      <trkpt lat="57.59252616204321384429931640625" lon="-4.4235341437160968780517578125">
        <ele>13</ele>
        <time>2026-08-08T17:58:58.000Z</time>
      </trkpt>
      <trkpt lat="57.59243966080248355865478515625" lon="-4.4236665777862071990966796875">
        <ele>13.3999996185302734375</ele>
        <time>2026-08-08T17:59:01.000Z</time>
      </trkpt>
      <trkpt lat="57.5923458673059940338134765625" lon="-4.4238271750509738922119140625">
        <ele>14</ele>
        <time>2026-08-08T17:59:05.000Z</time>
      </trkpt>
      <trkpt lat="57.592314518988132476806640625" lon="-4.42384854890406131744384765625">
        <ele>14.19999980926513671875</ele>
        <time>2026-08-08T17:59:06.000Z</time>
      </trkpt>
      <trkpt lat="57.59223480708897113800048828125" lon="-4.42385139875113964080810546875">
        <ele>14.6000003814697265625</ele>
        <time>2026-08-08T17:59:08.000Z</time>
      </trkpt>
      <trkpt lat="57.5921492278575897216796875" lon="-4.42383362911641597747802734375">
        <ele>14.6000003814697265625</ele>
        <time>2026-08-08T17:59:10.000Z</time>
      </trkpt>
      <trkpt lat="57.59189483709633350372314453125" lon="-4.42378954030573368072509765625">
        <ele>14.6000003814697265625</ele>
        <time>2026-08-08T17:59:15.000Z</time>
      </trkpt>
      <trkpt lat="57.59172770194709300994873046875" lon="-4.42378140985965728759765625">
        <ele>14.3999996185302734375</ele>
        <time>2026-08-08T17:59:18.000Z</time>
      </trkpt>
      <trkpt lat="57.59166978299617767333984375" lon="-4.4237869419157505035400390625">
        <ele>14.3999996185302734375</ele>
        <time>2026-08-08T17:59:19.000Z</time>
      </trkpt>
      <trkpt lat="57.59156073443591594696044921875" lon="-4.42380429245531558990478515625">
        <ele>14.19999980926513671875</ele>
        <time>2026-08-08T17:59:21.000Z</time>
      </trkpt>
      <trkpt lat="57.59106628596782684326171875" lon="-4.42389733158051967620849609375">
        <ele>15</ele>
        <time>2026-08-08T17:59:30.000Z</time>
      </trkpt>
      <trkpt lat="57.590644843876361846923828125" lon="-4.42399288527667522430419921875">
        <ele>15.3999996185302734375</ele>
        <time>2026-08-08T17:59:37.000Z</time>
      </trkpt>
      <trkpt lat="57.59052070789039134979248046875" lon="-4.42402205429971218109130859375">
        <ele>15.3999996185302734375</ele>
        <time>2026-08-08T17:59:39.000Z</time>
      </trkpt>
      <trkpt lat="57.59019331075251102447509765625" lon="-4.424131102859973907470703125">
        <ele>15.3999996185302734375</ele>
        <time>2026-08-08T17:59:44.000Z</time>
      </trkpt>
      <trkpt lat="57.59012944065034389495849609375" lon="-4.42415532656013965606689453125">
        <ele>15.19999980926513671875</ele>
        <time>2026-08-08T17:59:45.000Z</time>
      </trkpt>
      <trkpt lat="57.58976943790912628173828125" lon="-4.4242434203624725341796875">
        <ele>15.80000019073486328125</ele>
        <time>2026-08-08T17:59:51.000Z</time>
      </trkpt>
      <trkpt lat="57.58958009071648120880126953125" lon="-4.424333274364471435546875">
        <ele>16.200000762939453125</ele>
        <time>2026-08-08T17:59:54.000Z</time>
      </trkpt>
      <trkpt lat="57.58939786814153194427490234375" lon="-4.42442916333675384521484375">
        <ele>16.200000762939453125</ele>
        <time>2026-08-08T17:59:57.000Z</time>
      </trkpt>
      <trkpt lat="57.58934221230447292327880859375" lon="-4.42446243949234485626220703125">
        <ele>16.200000762939453125</ele>
        <time>2026-08-08T17:59:58.000Z</time>
      </trkpt>
      <trkpt lat="57.5890212692320346832275390625" lon="-4.4247377850115299224853515625">
        <ele>16.799999237060546875</ele>
        <time>2026-08-08T18:00:04.000Z</time>
      </trkpt>
      <trkpt lat="57.58887986652553081512451171875" lon="-4.42488723434507846832275390625">
        <ele>17.200000762939453125</ele>
        <time>2026-08-08T18:00:07.000Z</time>
      </trkpt>
      <trkpt lat="57.58865791372954845428466796875" lon="-4.4251729734241962432861328125">
        <ele>18</ele>
        <time>2026-08-08T18:00:12.000Z</time>
      </trkpt>
      <trkpt lat="57.58857158012688159942626953125" lon="-4.42529124207794666290283203125">
        <ele>18.3999996185302734375</ele>
        <time>2026-08-08T18:00:14.000Z</time>
      </trkpt>
      <trkpt lat="57.5883916206657886505126953125" lon="-4.425533898174762725830078125">
        <ele>19.3999996185302734375</ele>
        <time>2026-08-08T18:00:18.000Z</time>
      </trkpt>
      <trkpt lat="57.58834761567413806915283203125" lon="-4.425593912601470947265625">
        <ele>19.6000003814697265625</ele>
        <time>2026-08-08T18:00:19.000Z</time>
      </trkpt>
      <trkpt lat="57.58814058266580104827880859375" lon="-4.425878562033176422119140625">
        <ele>20.200000762939453125</ele>
        <time>2026-08-08T18:00:24.000Z</time>
      </trkpt>
      <trkpt lat="57.58801049552857875823974609375" lon="-4.4260467030107975006103515625">
        <ele>20.6000003814697265625</ele>
        <time>2026-08-08T18:00:27.000Z</time>
      </trkpt>
      <trkpt lat="57.58787420578300952911376953125" lon="-4.4262200407683849334716796875">
        <ele>21</ele>
        <time>2026-08-08T18:00:30.000Z</time>
      </trkpt>
      <trkpt lat="57.58758938871324062347412109375" lon="-4.4265335239470005035400390625">
        <ele>21</ele>
        <time>2026-08-08T18:00:36.000Z</time>
      </trkpt>
      <trkpt lat="57.58737967349588871002197265625" lon="-4.42675489000976085662841796875">
        <ele>21</ele>
        <time>2026-08-08T18:00:40.000Z</time>
      </trkpt>
      <trkpt lat="57.58710323832929134368896484375" lon="-4.4270555488765239715576171875">
        <ele>21.200000762939453125</ele>
        <time>2026-08-08T18:00:45.000Z</time>
      </trkpt>
      <trkpt lat="57.586688585579395294189453125" lon="-4.427589140832424163818359375">
        <ele>21.6000003814697265625</ele>
        <time>2026-08-08T18:00:53.000Z</time>
      </trkpt>
      <trkpt lat="57.58644911460578441619873046875" lon="-4.42792416550219058990478515625">
        <ele>22.200000762939453125</ele>
        <time>2026-08-08T18:00:58.000Z</time>
      </trkpt>
      <trkpt lat="57.586266808211803436279296875" lon="-4.4282011874020099639892578125">
        <ele>22.200000762939453125</ele>
        <time>2026-08-08T18:01:02.000Z</time>
      </trkpt>
      <trkpt lat="57.58622095920145511627197265625" lon="-4.42827201448380947113037109375">
        <ele>22.200000762939453125</ele>
        <time>2026-08-08T18:01:03.000Z</time>
      </trkpt>
      <trkpt lat="57.58609020151197910308837890625" lon="-4.42847393453121185302734375">
        <ele>22.6000003814697265625</ele>
        <time>2026-08-08T18:01:06.000Z</time>
      </trkpt>
      <trkpt lat="57.58595910854637622833251953125" lon="-4.428668059408664703369140625">
        <ele>22.799999237060546875</ele>
        <time>2026-08-08T18:01:09.000Z</time>
      </trkpt>
      <trkpt lat="57.5855706073343753814697265625" lon="-4.42925085313618183135986328125">
        <ele>23</ele>
        <time>2026-08-08T18:01:18.000Z</time>
      </trkpt>
      <trkpt lat="57.58510918356478214263916015625" lon="-4.429953508079051971435546875">
        <ele>23</ele>
        <time>2026-08-08T18:01:28.000Z</time>
      </trkpt>
      <trkpt lat="57.58469645865261554718017578125" lon="-4.43058776669204235076904296875">
        <ele>22.799999237060546875</ele>
        <time>2026-08-08T18:01:37.000Z</time>
      </trkpt>
      <trkpt lat="57.584603168070316314697265625" lon="-4.4307288341224193572998046875">
        <ele>22.799999237060546875</ele>
        <time>2026-08-08T18:01:39.000Z</time>
      </trkpt>
      <trkpt lat="57.58446143008768558502197265625" lon="-4.43093578331172466278076171875">
        <ele>22.6000003814697265625</ele>
        <time>2026-08-08T18:01:42.000Z</time>
      </trkpt>
      <trkpt lat="57.58411358110606670379638671875" lon="-4.43143551237881183624267578125">
        <ele>22.799999237060546875</ele>
        <time>2026-08-08T18:01:49.000Z</time>
      </trkpt>
      <trkpt lat="57.58382323198020458221435546875" lon="-4.4318469800055027008056640625">
        <ele>22.799999237060546875</ele>
        <time>2026-08-08T18:01:55.000Z</time>
      </trkpt>
      <trkpt lat="57.58362843655049800872802734375" lon="-4.432119391858577728271484375">
        <ele>22.799999237060546875</ele>
        <time>2026-08-08T18:01:59.000Z</time>
      </trkpt>
      <trkpt lat="57.58332677185535430908203125" lon="-4.43254460580646991729736328125">
        <ele>22.6000003814697265625</ele>
        <time>2026-08-08T18:02:05.000Z</time>
      </trkpt>
      <trkpt lat="57.583172209560871124267578125" lon="-4.43276220001280307769775390625">
        <ele>22.3999996185302734375</ele>
        <time>2026-08-08T18:02:08.000Z</time>
      </trkpt>
      <trkpt lat="57.582745067775249481201171875" lon="-4.4333584047853946685791015625">
        <ele>21.6000003814697265625</ele>
        <time>2026-08-08T18:02:16.000Z</time>
      </trkpt>
      <trkpt lat="57.582691423594951629638671875" lon="-4.43342864513397216796875">
        <ele>21.6000003814697265625</ele>
        <time>2026-08-08T18:02:17.000Z</time>
      </trkpt>
      <trkpt lat="57.58220166899263858795166015625" lon="-4.43409626372158527374267578125">
        <ele>21.6000003814697265625</ele>
        <time>2026-08-08T18:02:26.000Z</time>
      </trkpt>
      <trkpt lat="57.58214634843170642852783203125" lon="-4.4341734610497951507568359375">
        <ele>21.799999237060546875</ele>
        <time>2026-08-08T18:02:27.000Z</time>
      </trkpt>
      <trkpt lat="57.581690289080142974853515625" lon="-4.43478559143841266632080078125">
        <ele>21.3999996185302734375</ele>
        <time>2026-08-08T18:02:35.000Z</time>
      </trkpt>
      <trkpt lat="57.5815700925886631011962890625" lon="-4.4349409081041812896728515625">
        <ele>21.3999996185302734375</ele>
        <time>2026-08-08T18:02:37.000Z</time>
      </trkpt>
      <trkpt lat="57.581323496997356414794921875" lon="-4.43526118062436580657958984375">
        <ele>21.200000762939453125</ele>
        <time>2026-08-08T18:02:41.000Z</time>
      </trkpt>
      <trkpt lat="57.58101881481707096099853515625" lon="-4.43567030131816864013671875">
        <ele>21.200000762939453125</ele>
        <time>2026-08-08T18:02:46.000Z</time>
      </trkpt>
      <trkpt lat="57.58052612654864788055419921875" lon="-4.43628989160060882568359375">
        <ele>21</ele>
        <time>2026-08-08T18:02:54.000Z</time>
      </trkpt>
      <trkpt lat="57.58040928281843662261962890625" lon="-4.43643741309642791748046875">
        <ele>21</ele>
        <time>2026-08-08T18:02:56.000Z</time>
      </trkpt>
      <trkpt lat="57.58035161532461643218994140625" lon="-4.43651025183498859405517578125">
        <ele>21</ele>
        <time>2026-08-08T18:02:57.000Z</time>
      </trkpt>
      <trkpt lat="57.58001265116035938262939453125" lon="-4.436928927898406982421875">
        <ele>21.3999996185302734375</ele>
        <time>2026-08-08T18:03:03.000Z</time>
      </trkpt>
      <trkpt lat="57.5796566717326641082763671875" lon="-4.43728222511708736419677734375">
        <ele>22.200000762939453125</ele>
        <time>2026-08-08T18:03:09.000Z</time>
      </trkpt>
      <trkpt lat="57.57958819158375263214111328125" lon="-4.43731239996850490570068359375">
        <ele>22.200000762939453125</ele>
        <time>2026-08-08T18:03:10.000Z</time>
      </trkpt>
      <trkpt lat="57.57944888435304164886474609375" lon="-4.437273256480693817138671875">
        <ele>21.799999237060546875</ele>
        <time>2026-08-08T18:03:12.000Z</time>
      </trkpt>
      <trkpt lat="57.5793076492846012115478515625" lon="-4.4371902756392955780029296875">
        <ele>21.799999237060546875</ele>
        <time>2026-08-08T18:03:14.000Z</time>
      </trkpt>
      <trkpt lat="57.57916607894003391265869140625" lon="-4.43720527924597263336181640625">
        <ele>21.799999237060546875</ele>
        <time>2026-08-08T18:03:16.000Z</time>
      </trkpt>
      <trkpt lat="57.57904864847660064697265625" lon="-4.43732698448002338409423828125">
        <ele>21.3999996185302734375</ele>
        <time>2026-08-08T18:03:18.000Z</time>
      </trkpt>
      <trkpt lat="57.5789998658001422882080078125" lon="-4.4374157488346099853515625">
        <ele>21.3999996185302734375</ele>
        <time>2026-08-08T18:03:19.000Z</time>
      </trkpt>
      <trkpt lat="57.57891948334872722625732421875" lon="-4.43760023452341556549072265625">
        <ele>21.3999996185302734375</ele>
        <time>2026-08-08T18:03:21.000Z</time>
      </trkpt>
      <trkpt lat="57.57879643701016902923583984375" lon="-4.43788848817348480224609375">
        <ele>21.200000762939453125</ele>
        <time>2026-08-08T18:03:24.000Z</time>
      </trkpt>
      <trkpt lat="57.5786458142101764678955078125" lon="-4.4381293840706348419189453125">
        <ele>20.6000003814697265625</ele>
        <time>2026-08-08T18:03:27.000Z</time>
      </trkpt>
      <trkpt lat="57.57858688943088054656982421875" lon="-4.438196606934070587158203125">
        <ele>20.6000003814697265625</ele>
        <time>2026-08-08T18:03:28.000Z</time>
      </trkpt>
      <trkpt lat="57.57852737791836261749267578125" lon="-4.4382564537227153778076171875">
        <ele>20.6000003814697265625</ele>
        <time>2026-08-08T18:03:29.000Z</time>
      </trkpt>
      <trkpt lat="57.5782984681427478790283203125" lon="-4.4385297037661075592041015625">
        <ele>20.200000762939453125</ele>
        <time>2026-08-08T18:03:33.000Z</time>
      </trkpt>
      <trkpt lat="57.57812990806996822357177734375" lon="-4.4387134350836277008056640625">
        <ele>20.200000762939453125</ele>
        <time>2026-08-08T18:03:36.000Z</time>
      </trkpt>
      <trkpt lat="57.5778310932219028472900390625" lon="-4.4390389882028102874755859375">
        <ele>20</ele>
        <time>2026-08-08T18:03:42.000Z</time>
      </trkpt>
      <trkpt lat="57.577738054096698760986328125" lon="-4.43913278169929981231689453125">
        <ele>19.6000003814697265625</ele>
        <time>2026-08-08T18:03:44.000Z</time>
      </trkpt>
      <trkpt lat="57.5776912830770015716552734375" lon="-4.4391741044819355010986328125">
        <ele>19.6000003814697265625</ele>
        <time>2026-08-08T18:03:45.000Z</time>
      </trkpt>
      <trkpt lat="57.57759631611406803131103515625" lon="-4.439241327345371246337890625">
        <ele>19.6000003814697265625</ele>
        <time>2026-08-08T18:03:47.000Z</time>
      </trkpt>
      <trkpt lat="57.5775043666362762451171875" lon="-4.4392961449921131134033203125">
        <ele>19.6000003814697265625</ele>
        <time>2026-08-08T18:03:49.000Z</time>
      </trkpt>
      <trkpt lat="57.57746103219687938690185546875" lon="-4.4393219612538814544677734375">
        <ele>19.3999996185302734375</ele>
        <time>2026-08-08T18:03:50.000Z</time>
      </trkpt>
      <trkpt lat="57.57738324813544750213623046875" lon="-4.43935926072299480438232421875">
        <ele>19.200000762939453125</ele>
        <time>2026-08-08T18:03:52.000Z</time>
      </trkpt>
      <trkpt lat="57.5773033685982227325439453125" lon="-4.4393818080425262451171875">
        <ele>19.200000762939453125</ele>
        <time>2026-08-08T18:03:54.000Z</time>
      </trkpt>
      <trkpt lat="57.577219717204570770263671875" lon="-4.43940519355237483978271484375">
        <ele>19.200000762939453125</ele>
        <time>2026-08-08T18:03:56.000Z</time>
      </trkpt>
      <trkpt lat="57.57694135420024394989013671875" lon="-4.43943486548960208892822265625">
        <ele>19.6000003814697265625</ele>
        <time>2026-08-08T18:04:02.000Z</time>
      </trkpt>
      <trkpt lat="57.57674789987504482269287109375" lon="-4.439460597932338714599609375">
        <ele>20</ele>
        <time>2026-08-08T18:04:06.000Z</time>
      </trkpt>
      <trkpt lat="57.5765996240079402923583984375" lon="-4.4394755177199840545654296875">
        <ele>20.3999996185302734375</ele>
        <time>2026-08-08T18:04:09.000Z</time>
      </trkpt>
      <trkpt lat="57.5765506736934185028076171875" lon="-4.43947979249060153961181640625">
        <ele>20.3999996185302734375</ele>
        <time>2026-08-08T18:04:10.000Z</time>
      </trkpt>
      <trkpt lat="57.57650457322597503662109375" lon="-4.43948331288993358612060546875">
        <ele>20.6000003814697265625</ele>
        <time>2026-08-08T18:04:11.000Z</time>
      </trkpt>
      <trkpt lat="57.57645587436854839324951171875" lon="-4.43948364816606044769287109375">
        <ele>20.799999237060546875</ele>
        <time>2026-08-08T18:04:12.000Z</time>
      </trkpt>
      <trkpt lat="57.576236017048358917236328125" lon="-4.43950192071497440338134765625">
        <ele>21.200000762939453125</ele>
        <time>2026-08-08T18:04:17.000Z</time>
      </trkpt>
      <trkpt lat="57.57607131265103816986083984375" lon="-4.4395063631236553192138671875">
        <ele>21.799999237060546875</ele>
        <time>2026-08-08T18:04:21.000Z</time>
      </trkpt>
      <trkpt lat="57.57602856494486331939697265625" lon="-4.43951399065554141998291015625">
        <ele>21.799999237060546875</ele>
        <time>2026-08-08T18:04:22.000Z</time>
      </trkpt>
      <trkpt lat="57.57598782889544963836669921875" lon="-4.43951818160712718963623046875">
        <ele>21.799999237060546875</ele>
        <time>2026-08-08T18:04:23.000Z</time>
      </trkpt>
      <trkpt lat="57.57590509951114654541015625" lon="-4.43952555768191814422607421875">
        <ele>22</ele>
        <time>2026-08-08T18:04:25.000Z</time>
      </trkpt>
      <trkpt lat="57.57586662657558917999267578125" lon="-4.43953410722315311431884765625">
        <ele>22</ele>
        <time>2026-08-08T18:04:26.000Z</time>
      </trkpt>
      <trkpt lat="57.5757537223398685455322265625" lon="-4.43955003283917903900146484375">
        <ele>22.3999996185302734375</ele>
        <time>2026-08-08T18:04:29.000Z</time>
      </trkpt>
      <trkpt lat="57.57567250169813632965087890625" lon="-4.43955942057073116302490234375">
        <ele>22.3999996185302734375</ele>
        <time>2026-08-08T18:04:31.000Z</time>
      </trkpt>
      <trkpt lat="57.575358934700489044189453125" lon="-4.43958674557507038116455078125">
        <ele>22.6000003814697265625</ele>
        <time>2026-08-08T18:04:38.000Z</time>
      </trkpt>
      <trkpt lat="57.57525600492954254150390625" lon="-4.4395972229540348052978515625">
        <ele>22.799999237060546875</ele>
        <time>2026-08-08T18:04:40.000Z</time>
      </trkpt>
      <trkpt lat="57.5750073976814746856689453125" lon="-4.4396183453500270843505859375">
        <ele>22.6000003814697265625</ele>
        <time>2026-08-08T18:04:45.000Z</time>
      </trkpt>
      <trkpt lat="57.57466432638466358184814453125" lon="-4.43964977748692035675048828125">
        <ele>21.6000003814697265625</ele>
        <time>2026-08-08T18:04:51.000Z</time>
      </trkpt>
      <trkpt lat="57.57423902861773967742919921875" lon="-4.43970945663750171661376953125">
        <ele>20.6000003814697265625</ele>
        <time>2026-08-08T18:04:57.000Z</time>
      </trkpt>
      <trkpt lat="57.574166357517242431640625" lon="-4.439745582640171051025390625">
        <ele>20.6000003814697265625</ele>
        <time>2026-08-08T18:04:58.000Z</time>
      </trkpt>
      <trkpt lat="57.5739187560975551605224609375" lon="-4.439981617033481597900390625">
        <ele>20.799999237060546875</ele>
        <time>2026-08-08T18:05:02.000Z</time>
      </trkpt>
      <trkpt lat="57.57372446358203887939453125" lon="-4.44019963033497333526611328125">
        <ele>22</ele>
        <time>2026-08-08T18:05:06.000Z</time>
      </trkpt>
      <trkpt lat="57.57364424876868724822998046875" lon="-4.44029618985950946807861328125">
        <ele>22.3999996185302734375</ele>
        <time>2026-08-08T18:05:08.000Z</time>
      </trkpt>
      <trkpt lat="57.573565542697906494140625" lon="-4.44036643020808696746826171875">
        <ele>23</ele>
        <time>2026-08-08T18:05:10.000Z</time>
      </trkpt>
      <trkpt lat="57.5734118185937404632568359375" lon="-4.4404776580631732940673828125">
        <ele>24</ele>
        <time>2026-08-08T18:05:14.000Z</time>
      </trkpt>
      <trkpt lat="57.5733752734959125518798828125" lon="-4.4404981099069118499755859375">
        <ele>24.200000762939453125</ele>
        <time>2026-08-08T18:05:15.000Z</time>
      </trkpt>
      <trkpt lat="57.5731429271399974822998046875" lon="-4.440542198717594146728515625">
        <ele>25</ele>
        <time>2026-08-08T18:05:21.000Z</time>
      </trkpt>
      <trkpt lat="57.57310344837605953216552734375" lon="-4.44053222425282001495361328125">
        <ele>24.799999237060546875</ele>
        <time>2026-08-08T18:05:22.000Z</time>
      </trkpt>
      <trkpt lat="57.57291401736438274383544921875" lon="-4.44049157202243804931640625">
        <ele>24.6000003814697265625</ele>
        <time>2026-08-08T18:05:26.000Z</time>
      </trkpt>
      <trkpt lat="57.5726088322699069976806640625" lon="-4.4403581321239471435546875">
        <ele>23.3999996185302734375</ele>
        <time>2026-08-08T18:05:31.000Z</time>
      </trkpt>
      <trkpt lat="57.5725377537310123443603515625" lon="-4.440346397459506988525390625">
        <ele>23</ele>
        <time>2026-08-08T18:05:32.000Z</time>
      </trkpt>
      <trkpt lat="57.5723144598305225372314453125" lon="-4.4403532706201076507568359375">
        <ele>22.3999996185302734375</ele>
        <time>2026-08-08T18:05:35.000Z</time>
      </trkpt>
      <trkpt lat="57.5721575506031513214111328125" lon="-4.4404065795242786407470703125">
        <ele>21.6000003814697265625</ele>
        <time>2026-08-08T18:05:37.000Z</time>
      </trkpt>
      <trkpt lat="57.571922354400157928466796875" lon="-4.44054781459271907806396484375">
        <ele>20.799999237060546875</ele>
        <time>2026-08-08T18:05:40.000Z</time>
      </trkpt>
      <trkpt lat="57.57184557616710662841796875" lon="-4.44060246460139751434326171875">
        <ele>20.6000003814697265625</ele>
        <time>2026-08-08T18:05:41.000Z</time>
      </trkpt>
      <trkpt lat="57.57161582820117473602294921875" lon="-4.44079868495464324951171875">
        <ele>19.799999237060546875</ele>
        <time>2026-08-08T18:05:44.000Z</time>
      </trkpt>
      <trkpt lat="57.57153804413974285125732421875" lon="-4.4408685900270938873291015625">
        <ele>19.6000003814697265625</ele>
        <time>2026-08-08T18:05:45.000Z</time>
      </trkpt>
      <trkpt lat="57.57138700224459171295166015625" lon="-4.44100663997232913970947265625">
        <ele>19</ele>
        <time>2026-08-08T18:05:47.000Z</time>
      </trkpt>
      <trkpt lat="57.5712331943213939666748046875" lon="-4.4411143474280834197998046875">
        <ele>18.6000003814697265625</ele>
        <time>2026-08-08T18:05:49.000Z</time>
      </trkpt>
      <trkpt lat="57.57115784101188182830810546875" lon="-4.44116489030420780181884765625">
        <ele>18.200000762939453125</ele>
        <time>2026-08-08T18:05:50.000Z</time>
      </trkpt>
      <trkpt lat="57.571009732782840728759765625" lon="-4.44129916839301586151123046875">
        <ele>17.799999237060546875</ele>
        <time>2026-08-08T18:05:52.000Z</time>
      </trkpt>
      <trkpt lat="57.57079456932842731475830078125" lon="-4.4414901919662952423095703125">
        <ele>17.6000003814697265625</ele>
        <time>2026-08-08T18:05:55.000Z</time>
      </trkpt>
      <trkpt lat="57.570508830249309539794921875" lon="-4.4417074508965015411376953125">
        <ele>17.3999996185302734375</ele>
        <time>2026-08-08T18:05:59.000Z</time>
      </trkpt>
      <trkpt lat="57.57021856494247913360595703125" lon="-4.44185681641101837158203125">
        <ele>17.200000762939453125</ele>
        <time>2026-08-08T18:06:03.000Z</time>
      </trkpt>
      <trkpt lat="57.57014296017587184906005859375" lon="-4.44186092354357242584228515625">
        <ele>17.200000762939453125</ele>
        <time>2026-08-08T18:06:04.000Z</time>
      </trkpt>
      <trkpt lat="57.5699936784803867340087890625" lon="-4.44184835068881511688232421875">
        <ele>17</ele>
        <time>2026-08-08T18:06:06.000Z</time>
      </trkpt>
      <trkpt lat="57.56985210813581943511962890625" lon="-4.44181297905743122100830078125">
        <ele>16.799999237060546875</ele>
        <time>2026-08-08T18:06:08.000Z</time>
      </trkpt>
      <trkpt lat="57.569783963263034820556640625" lon="-4.44177660159766674041748046875">
        <ele>16.799999237060546875</ele>
        <time>2026-08-08T18:06:09.000Z</time>
      </trkpt>
      <trkpt lat="57.56957433186471462249755859375" lon="-4.44162941537797451019287109375">
        <ele>16.200000762939453125</ele>
        <time>2026-08-08T18:06:12.000Z</time>
      </trkpt>
      <trkpt lat="57.56950400769710540771484375" lon="-4.44156638346612453460693359375">
        <ele>16</ele>
        <time>2026-08-08T18:06:13.000Z</time>
      </trkpt>
      <trkpt lat="57.56916470825672149658203125" lon="-4.4412015192210674285888671875">
        <ele>16.6000003814697265625</ele>
        <time>2026-08-08T18:06:18.000Z</time>
      </trkpt>
      <trkpt lat="57.56903872825205326080322265625" lon="-4.4410637207329273223876953125">
        <ele>16.799999237060546875</ele>
        <time>2026-08-08T18:06:20.000Z</time>
      </trkpt>
      <trkpt lat="57.56896966136991977691650390625" lon="-4.44099255837500095367431640625">
        <ele>17.200000762939453125</ele>
        <time>2026-08-08T18:06:21.000Z</time>
      </trkpt>
      <trkpt lat="57.56890495307743549346923828125" lon="-4.44092634133994579315185546875">
        <ele>17.3999996185302734375</ele>
        <time>2026-08-08T18:06:22.000Z</time>
      </trkpt>
      <trkpt lat="57.5687089003622531890869140625" lon="-4.4407073222100734710693359375">
        <ele>16</ele>
        <time>2026-08-08T18:06:25.000Z</time>
      </trkpt>
      <trkpt lat="57.56858895532786846160888671875" lon="-4.4405728764832019805908203125">
        <ele>15</ele>
        <time>2026-08-08T18:06:27.000Z</time>
      </trkpt>
      <trkpt lat="57.568528354167938232421875" lon="-4.44050406105816364288330078125">
        <ele>14.6000003814697265625</ele>
        <time>2026-08-08T18:06:28.000Z</time>
      </trkpt>
      <trkpt lat="57.56828821264207363128662109375" lon="-4.44018638692796230316162109375">
        <ele>14.19999980926513671875</ele>
        <time>2026-08-08T18:06:32.000Z</time>
      </trkpt>
      <trkpt lat="57.568237669765949249267578125" lon="-4.44012134335935115814208984375">
        <ele>14</ele>
        <time>2026-08-08T18:06:33.000Z</time>
      </trkpt>
      <trkpt lat="57.5681895576417446136474609375" lon="-4.44005395285785198211669921875">
        <ele>13.80000019073486328125</ele>
        <time>2026-08-08T18:06:34.000Z</time>
      </trkpt>
      <trkpt lat="57.568162567913532257080078125" lon="-4.43998404778540134429931640625">
        <ele>13.6000003814697265625</ele>
        <time>2026-08-08T18:06:35.000Z</time>
      </trkpt>
      <trkpt lat="57.56809643469750881195068359375" lon="-4.43989117629826068878173828125">
        <ele>13</ele>
        <time>2026-08-08T18:06:37.000Z</time>
      </trkpt>
      <trkpt lat="57.5680457241833209991455078125" lon="-4.43981431424617767333984375">
        <ele>12.80000019073486328125</ele>
        <time>2026-08-08T18:06:39.000Z</time>
      </trkpt>
      <trkpt lat="57.56802703253924846649169921875" lon="-4.4397172518074512481689453125">
        <ele>12.3999996185302734375</ele>
        <time>2026-08-08T18:06:41.000Z</time>
      </trkpt>
      <trkpt lat="57.56800825707614421844482421875" lon="-4.43968079052865505218505859375">
        <ele>12.3999996185302734375</ele>
        <time>2026-08-08T18:06:42.000Z</time>
      </trkpt>
      <trkpt lat="57.56797690875828266143798828125" lon="-4.4396310858428478240966796875">
        <ele>12</ele>
        <time>2026-08-08T18:06:45.000Z</time>
      </trkpt>
      <trkpt lat="57.56798730231821537017822265625" lon="-4.43961448967456817626953125">
        <ele>11.80000019073486328125</ele>
        <time>2026-08-08T18:06:51.000Z</time>
      </trkpt>
      <trkpt lat="57.56796953268349170684814453125" lon="-4.43961524404585361480712890625">
        <ele>11.19999980926513671875</ele>
        <time>2026-08-08T18:06:55.000Z</time>
      </trkpt>
      <trkpt lat="57.5679686106741428375244140625" lon="-4.43958221934735774993896484375">
        <ele>10.80000019073486328125</ele>
        <time>2026-08-08T18:06:57.000Z</time>
      </trkpt>
      <trkpt lat="57.56796299479901790618896484375" lon="-4.43957165814936161041259765625">
        <ele>10.6000003814697265625</ele>
        <time>2026-08-08T18:06:58.000Z</time>
      </trkpt>
      <trkpt lat="57.56794564425945281982421875" lon="-4.4395848177373409271240234375">
        <ele>10.3999996185302734375</ele>
        <time>2026-08-08T18:07:02.000Z</time>
      </trkpt>
      <trkpt lat="57.56792494095861911773681640625" lon="-4.43961876444518566131591796875">
        <ele>10.19999980926513671875</ele>
        <time>2026-08-08T18:07:07.000Z</time>
      </trkpt>
      <trkpt lat="57.5679288804531097412109375" lon="-4.43962446413934230804443359375">
        <ele>10</ele>
        <time>2026-08-08T18:07:11.000Z</time>
      </trkpt>
      <trkpt lat="57.56790541112422943115234375" lon="-4.43966285325586795806884765625">
        <ele>9.6000003814697265625</ele>
        <time>2026-08-08T18:07:18.000Z</time>
      </trkpt>
      <trkpt lat="57.56791152991354465484619140625" lon="-4.43966318853199481964111328125">
        <ele>9.6000003814697265625</ele>
        <time>2026-08-08T18:07:19.000Z</time>
      </trkpt>
      <trkpt lat="57.56791622377932071685791015625" lon="-4.43965631537139415740966796875">
        <ele>9.3999996185302734375</ele>
        <time>2026-08-08T18:07:22.000Z</time>
      </trkpt>
      <trkpt lat="57.567906416952610015869140625" lon="-4.43967710249125957489013671875">
        <ele>9.19999980926513671875</ele>
        <time>2026-08-08T18:07:24.000Z</time>
      </trkpt>
      <trkpt lat="57.56789342500269412994384765625" lon="-4.43976343609392642974853515625">
        <ele>9</ele>
        <time>2026-08-08T18:07:30.000Z</time>
      </trkpt>
      <trkpt lat="57.56793281994760036468505859375" lon="-4.4397102110087871551513671875">
        <ele>8.80000019073486328125</ele>
        <time>2026-08-08T18:07:34.000Z</time>
      </trkpt>
      <trkpt lat="57.56794153712689876556396484375" lon="-4.4396404735743999481201171875">
        <ele>8.6000003814697265625</ele>
        <time>2026-08-08T18:07:40.000Z</time>
      </trkpt>
      <trkpt lat="57.567942626774311065673828125" lon="-4.43963988684117794036865234375">
        <ele>8</ele>
        <time>2026-08-08T18:07:45.000Z</time>
      </trkpt>
      <trkpt lat="57.5679344125092029571533203125" lon="-4.43965866230428218841552734375">
        <ele>7.599999904632568359375</ele>
        <time>2026-08-08T18:07:49.000Z</time>
      </trkpt>
      <trkpt lat="57.56793231703341007232666015625" lon="-4.43966947495937347412109375">
        <ele>7.599999904632568359375</ele>
        <time>2026-08-08T18:07:51.000Z</time>
      </trkpt>
      <trkpt lat="57.56793013773858547210693359375" lon="-4.43969688378274440765380859375">
        <ele>7.599999904632568359375</ele>
        <time>2026-08-08T18:07:54.000Z</time>
      </trkpt>
      <trkpt lat="57.56793558597564697265625" lon="-4.43942547775804996490478515625">
        <ele>7.19999980926513671875</ele>
        <time>2026-08-08T18:08:13.000Z</time>
      </trkpt>
      <trkpt lat="57.56799786351621150970458984375" lon="-4.4394476898014545440673828125">
        <ele>7</ele>
        <time>2026-08-08T18:08:20.000Z</time>
      </trkpt>
      <trkpt lat="57.56782452575862407684326171875" lon="-4.4396124780178070068359375">
        <ele>5.599999904632568359375</ele>
        <time>2026-08-08T18:09:24.000Z</time>
      </trkpt>
      <trkpt lat="57.56795226596295833587646484375" lon="-4.43944928236305713653564453125">
        <ele>6.19999980926513671875</ele>
        <time>2026-08-08T18:09:41.000Z</time>
      </trkpt>
      <trkpt lat="57.5679692812263965606689453125" lon="-4.439407289028167724609375">
        <ele>6.599999904632568359375</ele>
        <time>2026-08-08T18:09:42.000Z</time>
      </trkpt>
      <trkpt lat="57.56797707639634609222412109375" lon="-4.43942346610128879547119140625">
        <ele>7.599999904632568359375</ele>
        <time>2026-08-08T18:09:44.000Z</time>
      </trkpt>
      <trkpt lat="57.5679773278534412384033203125" lon="-4.4394631125032901763916015625">
        <ele>8.3999996185302734375</ele>
        <time>2026-08-08T18:09:47.000Z</time>
      </trkpt>
      <trkpt lat="57.56800021044909954071044921875" lon="-4.43941994570195674896240234375">
        <ele>8</ele>
        <time>2026-08-08T18:10:00.000Z</time>
      </trkpt>
      <trkpt lat="57.5679669342935085296630859375" lon="-4.4393725879490375518798828125">
        <ele>8</ele>
        <time>2026-08-08T18:10:07.000Z</time>
      </trkpt>
      <trkpt lat="57.567958720028400421142578125" lon="-4.43932053633034229278564453125">
        <ele>7.599999904632568359375</ele>
        <time>2026-08-08T18:10:16.000Z</time>
      </trkpt>
      <trkpt lat="57.567950673401355743408203125" lon="-4.43933419883251190185546875">
        <ele>7.400000095367431640625</ele>
        <time>2026-08-08T18:10:22.000Z</time>
      </trkpt>
      <trkpt lat="57.56794388405978679656982421875" lon="-4.4393357075750827789306640625">
        <ele>7.400000095367431640625</ele>
        <time>2026-08-08T18:10:24.000Z</time>
      </trkpt>
      <trkpt lat="57.567945308983325958251953125" lon="-4.43933579139411449432373046875">
        <ele>7.400000095367431640625</ele>
        <time>2026-08-08T18:10:25.000Z</time>
      </trkpt>
      <trkpt lat="57.56797171197831630706787109375" lon="-4.43930963985621929168701171875">
        <ele>7.19999980926513671875</ele>
        <time>2026-08-08T18:10:31.000Z</time>
      </trkpt>
      <trkpt lat="57.56798277609050273895263671875" lon="-4.43929622881114482879638671875">
        <ele>7.19999980926513671875</ele>
        <time>2026-08-08T18:10:33.000Z</time>
      </trkpt>
      <trkpt lat="57.567989565432071685791015625" lon="-4.43926437757909297943115234375">
        <ele>7.19999980926513671875</ele>
        <time>2026-08-08T18:10:41.000Z</time>
      </trkpt>
      <trkpt lat="57.5679991208016872406005859375" lon="-4.43926437757909297943115234375">
        <ele>6.80000019073486328125</ele>
        <time>2026-08-08T18:10:45.000Z</time>
      </trkpt>
      <trkpt lat="57.5679986178874969482421875" lon="-4.439262114465236663818359375">
        <ele>6.80000019073486328125</ele>
        <time>2026-08-08T18:10:48.000Z</time>
      </trkpt>
      <trkpt lat="57.56797590292990207672119140625" lon="-4.43926068954169750213623046875">
        <ele>6.80000019073486328125</ele>
        <time>2026-08-08T18:10:56.000Z</time>
      </trkpt>
      <trkpt lat="57.56792577914893627166748046875" lon="-4.43928499706089496612548828125">
        <ele>6.599999904632568359375</ele>
        <time>2026-08-08T18:11:04.000Z</time>
      </trkpt>
      <trkpt lat="57.56791882216930389404296875" lon="-4.43924828432500362396240234375">
        <ele>6.19999980926513671875</ele>
        <time>2026-08-08T18:11:11.000Z</time>
      </trkpt>
      <trkpt lat="57.56793491542339324951171875" lon="-4.4391875155270099639892578125">
        <ele>6.19999980926513671875</ele>
        <time>2026-08-08T18:11:14.000Z</time>
      </trkpt>
      <trkpt lat="57.5679317303001880645751953125" lon="-4.43917016498744487762451171875">
        <ele>6.599999904632568359375</ele>
        <time>2026-08-08T18:11:18.000Z</time>
      </trkpt>
      <trkpt lat="57.56792745552957057952880859375" lon="-4.43914988078176975250244140625">
        <ele>6.599999904632568359375</ele>
        <time>2026-08-08T18:11:21.000Z</time>
      </trkpt>
      <trkpt lat="57.5679317303001880645751953125" lon="-4.4391539879143238067626953125">
        <ele>6.400000095367431640625</ele>
        <time>2026-08-08T18:11:23.000Z</time>
      </trkpt>
      <trkpt lat="57.5679186545312404632568359375" lon="-4.43914921022951602935791015625">
        <ele>6.400000095367431640625</ele>
        <time>2026-08-08T18:11:28.000Z</time>
      </trkpt>
      <trkpt lat="57.56790683604776859283447265625" lon="-4.4391482882201671600341796875">
        <ele>6.400000095367431640625</ele>
        <time>2026-08-08T18:11:31.000Z</time>
      </trkpt>
      <trkpt lat="57.5678913295269012451171875" lon="-4.43916044197976589202880859375">
        <ele>6.400000095367431640625</ele>
        <time>2026-08-08T18:11:38.000Z</time>
      </trkpt>
      <trkpt lat="57.56789258681237697601318359375" lon="-4.439196400344371795654296875">
        <ele>6.400000095367431640625</ele>
        <time>2026-08-08T18:11:45.000Z</time>
      </trkpt>
      <trkpt lat="57.56790314801037311553955078125" lon="-4.43920318968594074249267578125">
        <ele>6.400000095367431640625</ele>
        <time>2026-08-08T18:11:47.000Z</time>
      </trkpt>
      <trkpt lat="57.56792125292122364044189453125" lon="-4.4392101466655731201171875">
        <ele>6.400000095367431640625</ele>
        <time>2026-08-08T18:11:51.000Z</time>
      </trkpt>
      <trkpt lat="57.56795679219067096710205078125" lon="-4.43922380916774272918701171875">
        <ele>6.400000095367431640625</ele>
        <time>2026-08-08T18:11:58.000Z</time>
      </trkpt>
      <trkpt lat="57.56797255016863346099853515625" lon="-4.43924023769795894622802734375">
        <ele>6.400000095367431640625</ele>
        <time>2026-08-08T18:12:04.000Z</time>
      </trkpt>
      <trkpt lat="57.5679820217192173004150390625" lon="-4.439234621822834014892578125">
        <ele>6.400000095367431640625</ele>
        <time>2026-08-08T18:12:08.000Z</time>
      </trkpt>
      <trkpt lat="57.5679910741746425628662109375" lon="-4.439246021211147308349609375">
        <ele>6.400000095367431640625</ele>
        <time>2026-08-08T18:12:12.000Z</time>
      </trkpt>
      <trkpt lat="57.5679852068424224853515625" lon="-4.4392388127744197845458984375">
        <ele>6.400000095367431640625</ele>
        <time>2026-08-08T18:12:14.000Z</time>
      </trkpt>
      <trkpt lat="57.5679887272417545318603515625" lon="-4.43923118524253368377685546875">
        <ele>6.400000095367431640625</ele>
        <time>2026-08-08T18:12:18.000Z</time>
      </trkpt>
      <trkpt lat="57.5679904036223888397216796875" lon="-4.439231939613819122314453125">
        <ele>6.400000095367431640625</ele>
        <time>2026-08-08T18:12:19.000Z</time>
      </trkpt>
      <trkpt lat="57.567994929850101470947265625" lon="-4.439276196062564849853515625">
        <ele>6.400000095367431640625</ele>
        <time>2026-08-08T18:12:25.000Z</time>
      </trkpt>
      <trkpt lat="57.5680252723395824432373046875" lon="-4.43932925350964069366455078125">
        <ele>6.400000095367431640625</ele>
        <time>2026-08-08T18:12:31.000Z</time>
      </trkpt>
      <trkpt lat="57.56802904419600963592529296875" lon="-4.43942195735871791839599609375">
        <ele>6.400000095367431640625</ele>
        <time>2026-08-08T18:12:41.000Z</time>
      </trkpt>
      <trkpt lat="57.5680710375308990478515625" lon="-4.4394808821380138397216796875">
        <ele>6.80000019073486328125</ele>
        <time>2026-08-08T18:12:48.000Z</time>
      </trkpt>
      <trkpt lat="57.568087466061115264892578125" lon="-4.43942933343350887298583984375">
        <ele>6</ele>
        <time>2026-08-08T18:12:55.000Z</time>
      </trkpt>
      <trkpt lat="57.56808905862271785736083984375" lon="-4.43942866288125514984130859375">
        <ele>5.19999980926513671875</ele>
        <time>2026-08-08T18:12:57.000Z</time>
      </trkpt>
      <trkpt lat="57.568061314523220062255859375" lon="-4.4394463486969470977783203125">
        <ele>4.19999980926513671875</ele>
        <time>2026-08-08T18:13:00.000Z</time>
      </trkpt>
      <trkpt lat="57.56808369420468807220458984375" lon="-4.43945766426622867584228515625">
        <ele>4</ele>
        <time>2026-08-08T18:13:03.000Z</time>
      </trkpt>
      <trkpt lat="57.56813851185142993927001953125" lon="-4.43948280997574329376220703125">
        <ele>4</ele>
        <time>2026-08-08T18:13:13.000Z</time>
      </trkpt>
      <trkpt lat="57.568154521286487579345703125" lon="-4.43954483605921268463134765625">
        <ele>4</ele>
        <time>2026-08-08T18:13:23.000Z</time>
      </trkpt>
      <trkpt lat="57.568158544600009918212890625" lon="-4.43955841474235057830810546875">
        <ele>4</ele>
        <time>2026-08-08T18:13:32.000Z</time>
      </trkpt>
      <trkpt lat="57.56816902197897434234619140625" lon="-4.43953176029026508331298828125">
        <ele>3.7999999523162841796875</ele>
        <time>2026-08-08T18:13:41.000Z</time>
      </trkpt>
      <trkpt lat="57.5681510008871555328369140625" lon="-4.43954684771597385406494140625">
        <ele>3.2000000476837158203125</ele>
        <time>2026-08-08T18:13:53.000Z</time>
      </trkpt>
      <trkpt lat="57.5681241787970066070556640625" lon="-4.4395512901246547698974609375">
        <ele>3.2000000476837158203125</ele>
        <time>2026-08-08T18:13:59.000Z</time>
      </trkpt>
      <trkpt lat="57.56812711246311664581298828125" lon="-4.43954718299210071563720703125">
        <ele>3</ele>
        <time>2026-08-08T18:14:02.000Z</time>
      </trkpt>
      <trkpt lat="57.568126358091831207275390625" lon="-4.4395412318408489227294921875">
        <ele>3</ele>
        <time>2026-08-08T18:14:03.000Z</time>
      </trkpt>
      <trkpt lat="57.56812795065343379974365234375" lon="-4.43953259848058223724365234375">
        <ele>3</ele>
        <time>2026-08-08T18:14:04.000Z</time>
      </trkpt>
      <trkpt lat="57.568123340606689453125" lon="-4.43944014608860015869140625">
        <ele>3</ele>
        <time>2026-08-08T18:14:12.000Z</time>
      </trkpt>
      <trkpt lat="57.56809676997363567352294921875" lon="-4.439402259886264801025390625">
        <ele>2.7999999523162841796875</ele>
        <time>2026-08-08T18:14:21.000Z</time>
      </trkpt>
      <trkpt lat="57.56809257902204990386962890625" lon="-4.43943075835704803466796875">
        <ele>2.7999999523162841796875</ele>
        <time>2026-08-08T18:14:24.000Z</time>
      </trkpt>
      <trkpt lat="57.56813113577663898468017578125" lon="-4.43951868452131748199462890625">
        <ele>3</ele>
        <time>2026-08-08T18:14:34.000Z</time>
      </trkpt>
      <trkpt lat="57.5681515038013458251953125" lon="-4.43955573253333568572998046875">
        <ele>2.7999999523162841796875</ele>
        <time>2026-08-08T18:14:38.000Z</time>
      </trkpt>
      <trkpt lat="57.56819819100201129913330078125" lon="-4.4395898468792438507080078125">
        <ele>2.7999999523162841796875</ele>
        <time>2026-08-08T18:14:45.000Z</time>
      </trkpt>
      <trkpt lat="57.56819869391620159149169921875" lon="-4.43957719020545482635498046875">
        <ele>2.7999999523162841796875</ele>
        <time>2026-08-08T18:14:50.000Z</time>
      </trkpt>
      <trkpt lat="57.56817941553890705108642578125" lon="-4.4395647011697292327880859375">
        <ele>2.7999999523162841796875</ele>
        <time>2026-08-08T18:14:54.000Z</time>
      </trkpt>
      <trkpt lat="57.56815443746745586395263671875" lon="-4.439568221569061279296875">
        <ele>2.7999999523162841796875</ele>
        <time>2026-08-08T18:14:57.000Z</time>
      </trkpt>
      <trkpt lat="57.56814689375460147857666015625" lon="-4.43958272226154804229736328125">
        <ele>2.599999904632568359375</ele>
        <time>2026-08-08T18:15:04.000Z</time>
      </trkpt>
      <trkpt lat="57.5681622326374053955078125" lon="-4.4396196864545345306396484375">
        <ele>2.599999904632568359375</ele>
        <time>2026-08-08T18:15:09.000Z</time>
      </trkpt>
      <trkpt lat="57.56818436086177825927734375" lon="-4.43961557932198047637939453125">
        <ele>2.599999904632568359375</ele>
        <time>2026-08-08T18:15:13.000Z</time>
      </trkpt>
      <trkpt lat="57.56819215603172779083251953125" lon="-4.4396133162081241607666015625">
        <ele>2.599999904632568359375</ele>
        <time>2026-08-08T18:15:14.000Z</time>
      </trkpt>
      <trkpt lat="57.56820355542004108428955078125" lon="-4.4396190159022808074951171875">
        <ele>2.599999904632568359375</ele>
        <time>2026-08-08T18:15:15.000Z</time>
      </trkpt>
      <trkpt lat="57.56825870834290981292724609375" lon="-4.43964592181146144866943359375">
        <ele>2.400000095367431640625</ele>
        <time>2026-08-08T18:15:22.000Z</time>
      </trkpt>
      <trkpt lat="57.5682453811168670654296875" lon="-4.43961977027356624603271484375">
        <ele>2.599999904632568359375</ele>
        <time>2026-08-08T18:15:30.000Z</time>
      </trkpt>
      <trkpt lat="57.56823909468948841094970703125" lon="-4.439599402248859405517578125">
        <ele>2.599999904632568359375</ele>
        <time>2026-08-08T18:15:31.000Z</time>
      </trkpt>
      <trkpt lat="57.56817606277763843536376953125" lon="-4.4395533017814159393310546875">
        <ele>2.599999904632568359375</ele>
        <time>2026-08-08T18:15:37.000Z</time>
      </trkpt>
      <trkpt lat="57.56816558539867401123046875" lon="-4.439545087516307830810546875">
        <ele>2.599999904632568359375</ele>
        <time>2026-08-08T18:15:38.000Z</time>
      </trkpt>
      <trkpt lat="57.568110264837741851806640625" lon="-4.43959127180278301239013671875">
        <ele>2.400000095367431640625</ele>
        <time>2026-08-08T18:15:48.000Z</time>
      </trkpt>
      <trkpt lat="57.56806894205510616302490234375" lon="-4.43966704420745372772216796875">
        <ele>2.400000095367431640625</ele>
        <time>2026-08-08T18:15:58.000Z</time>
      </trkpt>
      <trkpt lat="57.5680712051689624786376953125" lon="-4.43964491598308086395263671875">
        <ele>2.400000095367431640625</ele>
        <time>2026-08-08T18:16:07.000Z</time>
      </trkpt>
      <trkpt lat="57.56808235310018062591552734375" lon="-4.4396294094622135162353515625">
        <ele>2.400000095367431640625</ele>
        <time>2026-08-08T18:16:09.000Z</time>
      </trkpt>
    </trkseg>
  </trk>
</gpx>
