<?xml version="1.0" encoding="UTF-8"?>
<gpx creator="nc500-visualise" version="1.1"
  xsi:schemaLocation="http://www.topografix.com/GPX/1/1 http://www.topografix.com/GPX/11.xsd"
  xmlns:ns3="http://www.garmin.com/xmlschemas/TrackPointExtension/v1"
  xmlns="http://www.topografix.com/GPX/1/1"
  xmlns:xsi="http://www.w3.org/2001/XMLSchema-instance" xmlns:ns2="http://www.garmin.com/xmlschemas/GpxExtensions/v3">
  <metadata>
    <time>2026-08-07T07:06:44.000Z</time>
  </metadata>
  <trk>
    <name>Highlands Cycling</name>
    <type>cycling</type>
    <trkseg>
      <trkpt lat="58.00898797810077667236328125" lon="-3.8489298708736896514892578125">
        <time>2026-08-07T07:06:44.000Z</time>
      </trkpt>
      <trkpt lat="58.00899803638458251953125" lon="-3.84900136850774288177490234375">
        <ele>18</ele>
        <time>2026-08-07T07:06:45.000Z</time>
      </trkpt>
      <trkpt lat="58.00904070027172565460205078125" lon="-3.84910731576383113861083984375">
        <ele>19</ele>
        <time>2026-08-07T07:06:47.000Z</time>
      </trkpt>
      <trkpt lat="58.00908990204334259033203125" lon="-3.8492081500589847564697265625">
        <ele>19</ele>
        <time>2026-08-07T07:06:49.000Z</time>
      </trkpt>
      <trkpt lat="58.009198866784572601318359375" lon="-3.8494938053190708160400390625">
        <ele>19</ele>
        <time>2026-08-07T07:06:55.000Z</time>
      </trkpt>
      <trkpt lat="58.00924521870911121368408203125" lon="-3.84971919469535350799560546875">
        <ele>19.200000762939453125</ele>
        <time>2026-08-07T07:06:59.000Z</time>
      </trkpt>
      <trkpt lat="58.00926365889608860015869140625" lon="-3.84977568872272968292236328125">
        <ele>19.3999996185302734375</ele>
        <time>2026-08-07T07:07:00.000Z</time>
      </trkpt>
      <trkpt lat="58.00937547348439693450927734375" lon="-3.8499947078526020050048828125">
        <ele>19.799999237060546875</ele>
        <time>2026-08-07T07:07:05.000Z</time>
      </trkpt>
      <trkpt lat="58.00941981375217437744140625" lon="-3.85008179582655429840087890625">
        <ele>20.200000762939453125</ele>
        <time>2026-08-07T07:07:08.000Z</time>
      </trkpt>
      <trkpt lat="58.0094679258763790130615234375" lon="-3.85016343556344509124755859375">
        <ele>20.799999237060546875</ele>
        <time>2026-08-07T07:07:11.000Z</time>
      </trkpt>
      <trkpt lat="58.00947588868439197540283203125" lon="-3.85019159875810146331787109375">
        <ele>21.200000762939453125</ele>
        <time>2026-08-07T07:07:12.000Z</time>
      </trkpt>
      <trkpt lat="58.00950162112712860107421875" lon="-3.85028891265392303466796875">
        <ele>22.3999996185302734375</ele>
        <time>2026-08-07T07:07:16.000Z</time>
      </trkpt>
      <trkpt lat="58.0095138587057590484619140625" lon="-3.85033048689365386962890625">
        <ele>22.799999237060546875</ele>
        <time>2026-08-07T07:07:18.000Z</time>
      </trkpt>
      <trkpt lat="58.009530790150165557861328125" lon="-3.85038723237812519073486328125">
        <ele>23.6000003814697265625</ele>
        <time>2026-08-07T07:07:21.000Z</time>
      </trkpt>
      <trkpt lat="58.00954713486135005950927734375" lon="-3.85044758208096027374267578125">
        <ele>24.200000762939453125</ele>
        <time>2026-08-07T07:07:24.000Z</time>
      </trkpt>
      <trkpt lat="58.0095805786550045013427734375" lon="-3.8505985401570796966552734375">
        <ele>24.6000003814697265625</ele>
        <time>2026-08-07T07:07:30.000Z</time>
      </trkpt>
      <trkpt lat="58.00958300940692424774169921875" lon="-3.8506297208368778228759765625">
        <ele>24.799999237060546875</ele>
        <time>2026-08-07T07:07:31.000Z</time>
      </trkpt>
      <trkpt lat="58.0095993541181087493896484375" lon="-3.85080783627927303314208984375">
        <ele>25.799999237060546875</ele>
        <time>2026-08-07T07:07:37.000Z</time>
      </trkpt>
      <trkpt lat="58.00963564775884151458740234375" lon="-3.85098000057041645050048828125">
        <ele>26.6000003814697265625</ele>
        <time>2026-08-07T07:07:42.000Z</time>
      </trkpt>
      <trkpt lat="58.00964956171810626983642578125" lon="-3.8510494865477085113525390625">
        <ele>26.6000003814697265625</ele>
        <time>2026-08-07T07:07:44.000Z</time>
      </trkpt>
      <trkpt lat="58.00968208350241184234619140625" lon="-3.85113858617842197418212890625">
        <ele>26.799999237060546875</ele>
        <time>2026-08-07T07:07:47.000Z</time>
      </trkpt>
      <trkpt lat="58.0096939019858837127685546875" lon="-3.8511668331921100616455078125">
        <ele>26.799999237060546875</ele>
        <time>2026-08-07T07:07:48.000Z</time>
      </trkpt>
      <trkpt lat="58.00970287062227725982666015625" lon="-3.85120614431798458099365234375">
        <ele>27</ele>
        <time>2026-08-07T07:07:49.000Z</time>
      </trkpt>
      <trkpt lat="58.00971485674381256103515625" lon="-3.85124419815838336944580078125">
        <ele>27.200000762939453125</ele>
        <time>2026-08-07T07:07:50.000Z</time>
      </trkpt>
      <trkpt lat="58.00972918979823589324951171875" lon="-3.85128024034202098846435546875">
        <ele>27.3999996185302734375</ele>
        <time>2026-08-07T07:07:51.000Z</time>
      </trkpt>
      <trkpt lat="58.00984821282327175140380859375" lon="-3.85164334438741207122802734375">
        <ele>27</ele>
        <time>2026-08-07T07:07:59.000Z</time>
      </trkpt>
      <trkpt lat="58.00992733798921108245849609375" lon="-3.8518883474171161651611328125">
        <ele>27.6000003814697265625</ele>
        <time>2026-08-07T07:08:04.000Z</time>
      </trkpt>
      <trkpt lat="58.0099433474242687225341796875" lon="-3.85193972848355770111083984375">
        <ele>27.799999237060546875</ele>
        <time>2026-08-07T07:08:05.000Z</time>
      </trkpt>
      <trkpt lat="58.0099917948246002197265625" lon="-3.8520932011306285858154296875">
        <ele>28</ele>
        <time>2026-08-07T07:08:08.000Z</time>
      </trkpt>
      <trkpt lat="58.0100771225988864898681640625" lon="-3.85235060937702655792236328125">
        <ele>28.200000762939453125</ele>
        <time>2026-08-07T07:08:13.000Z</time>
      </trkpt>
      <trkpt lat="58.0100868456065654754638671875" lon="-3.85239738039672374725341796875">
        <ele>28.200000762939453125</ele>
        <time>2026-08-07T07:08:14.000Z</time>
      </trkpt>
      <trkpt lat="58.01015281118452548980712890625" lon="-3.852600641548633575439453125">
        <ele>28.200000762939453125</ele>
        <time>2026-08-07T07:08:19.000Z</time>
      </trkpt>
      <trkpt lat="58.01017980091273784637451171875" lon="-3.8526735641062259674072265625">
        <ele>28.3999996185302734375</ele>
        <time>2026-08-07T07:08:21.000Z</time>
      </trkpt>
      <trkpt lat="58.010276444256305694580078125" lon="-3.85297757573425769805908203125">
        <ele>28.3999996185302734375</ele>
        <time>2026-08-07T07:08:28.000Z</time>
      </trkpt>
      <trkpt lat="58.010289855301380157470703125" lon="-3.853023089468479156494140625">
        <ele>28.200000762939453125</ele>
        <time>2026-08-07T07:08:29.000Z</time>
      </trkpt>
      <trkpt lat="58.01030703820288181304931640625" lon="-3.85306441225111484527587890625">
        <ele>28.200000762939453125</ele>
        <time>2026-08-07T07:08:30.000Z</time>
      </trkpt>
      <trkpt lat="58.0103359557688236236572265625" lon="-3.853150494396686553955078125">
        <ele>28.200000762939453125</ele>
        <time>2026-08-07T07:08:32.000Z</time>
      </trkpt>
      <trkpt lat="58.01037333905696868896484375" lon="-3.8532381691038608551025390625">
        <ele>28.3999996185302734375</ele>
        <time>2026-08-07T07:08:34.000Z</time>
      </trkpt>
      <trkpt lat="58.0103887617588043212890625" lon="-3.8532869517803192138671875">
        <ele>28.3999996185302734375</ele>
        <time>2026-08-07T07:08:35.000Z</time>
      </trkpt>
      <trkpt lat="58.010406531393527984619140625" lon="-3.85333498008549213409423828125">
        <ele>28.200000762939453125</ele>
        <time>2026-08-07T07:08:36.000Z</time>
      </trkpt>
      <trkpt lat="58.01049663685262203216552734375" lon="-3.853656090795993804931640625">
        <ele>28.6000003814697265625</ele>
        <time>2026-08-07T07:08:42.000Z</time>
      </trkpt>
      <trkpt lat="58.01057509146630764007568359375" lon="-3.85389857925474643707275390625">
        <ele>29.200000762939453125</ele>
        <time>2026-08-07T07:08:47.000Z</time>
      </trkpt>
      <trkpt lat="58.01059252582490444183349609375" lon="-3.8539469428360462188720703125">
        <ele>29.200000762939453125</ele>
        <time>2026-08-07T07:08:48.000Z</time>
      </trkpt>
      <trkpt lat="58.01065027713775634765625" lon="-3.8542004115879535675048828125">
        <ele>28.3999996185302734375</ele>
        <time>2026-08-07T07:08:53.000Z</time>
      </trkpt>
      <trkpt lat="58.01066595129668712615966796875" lon="-3.8542439974844455718994140625">
        <ele>28</ele>
        <time>2026-08-07T07:08:54.000Z</time>
      </trkpt>
      <trkpt lat="58.01070392131805419921875" lon="-3.85437123477458953857421875">
        <ele>27.6000003814697265625</ele>
        <time>2026-08-07T07:08:57.000Z</time>
      </trkpt>
      <trkpt lat="58.010709621012210845947265625" lon="-3.85444524697959423065185546875">
        <ele>28</ele>
        <time>2026-08-07T07:08:59.000Z</time>
      </trkpt>
      <trkpt lat="58.01070383749902248382568359375" lon="-3.854484222829341888427734375">
        <ele>28.200000762939453125</ele>
        <time>2026-08-07T07:09:00.000Z</time>
      </trkpt>
      <trkpt lat="58.01075899042189121246337890625" lon="-3.854690082371234893798828125">
        <ele>28.799999237060546875</ele>
        <time>2026-08-07T07:09:05.000Z</time>
      </trkpt>
      <trkpt lat="58.0107589066028594970703125" lon="-3.85473408736288547515869140625">
        <ele>28.6000003814697265625</ele>
        <time>2026-08-07T07:09:06.000Z</time>
      </trkpt>
      <trkpt lat="58.0107255466282367706298828125" lon="-3.85477918200194835662841796875">
        <ele>28.6000003814697265625</ele>
        <time>2026-08-07T07:09:08.000Z</time>
      </trkpt>
      <trkpt lat="58.0107074417173862457275390625" lon="-3.854790665209293365478515625">
        <ele>28.6000003814697265625</ele>
        <time>2026-08-07T07:09:09.000Z</time>
      </trkpt>
      <trkpt lat="58.01066528074443340301513671875" lon="-3.85479812510311603546142578125">
        <ele>29</ele>
        <time>2026-08-07T07:09:11.000Z</time>
      </trkpt>
      <trkpt lat="58.0106008239090442657470703125" lon="-3.85479770600795745849609375">
        <ele>29</ele>
        <time>2026-08-07T07:09:14.000Z</time>
      </trkpt>
      <trkpt lat="58.01057291217148303985595703125" lon="-3.85475068353116512298583984375">
        <ele>28.799999237060546875</ele>
        <time>2026-08-07T07:09:16.000Z</time>
      </trkpt>
      <trkpt lat="58.0105414800345897674560546875" lon="-3.854735009372234344482421875">
        <ele>28.799999237060546875</ele>
        <time>2026-08-07T07:09:18.000Z</time>
      </trkpt>
      <trkpt lat="58.01052832044661045074462890625" lon="-3.8547425530850887298583984375">
        <ele>28.799999237060546875</ele>
        <time>2026-08-07T07:09:19.000Z</time>
      </trkpt>
      <trkpt lat="58.0104781128466129302978515625" lon="-3.8547968678176403045654296875">
        <ele>28.6000003814697265625</ele>
        <time>2026-08-07T07:09:24.000Z</time>
      </trkpt>
      <trkpt lat="58.0104737542569637298583984375" lon="-3.85481120087206363677978515625">
        <ele>28.3999996185302734375</ele>
        <time>2026-08-07T07:09:29.000Z</time>
      </trkpt>
      <trkpt lat="58.0104864947497844696044921875" lon="-3.85478421114385128021240234375">
        <ele>28.200000762939453125</ele>
        <time>2026-08-07T07:09:34.000Z</time>
      </trkpt>
      <trkpt lat="58.0104962177574634552001953125" lon="-3.85478136129677295684814453125">
        <ele>28.200000762939453125</ele>
        <time>2026-08-07T07:09:35.000Z</time>
      </trkpt>
      <trkpt lat="58.0105069465935230255126953125" lon="-3.85482528246939182281494140625">
        <ele>28.200000762939453125</ele>
        <time>2026-08-07T07:09:38.000Z</time>
      </trkpt>
      <trkpt lat="58.01050007343292236328125" lon="-3.85484791360795497894287109375">
        <ele>28.200000762939453125</ele>
        <time>2026-08-07T07:09:40.000Z</time>
      </trkpt>
      <trkpt lat="58.010497055947780609130859375" lon="-3.854857720434665679931640625">
        <ele>28.200000762939453125</ele>
        <time>2026-08-07T07:09:41.000Z</time>
      </trkpt>
      <trkpt lat="58.01049462519586086273193359375" lon="-3.854866437613964080810546875">
        <ele>28.200000762939453125</ele>
        <time>2026-08-07T07:09:42.000Z</time>
      </trkpt>
      <trkpt lat="58.0104978941380977630615234375" lon="-3.854872472584247589111328125">
        <ele>28.200000762939453125</ele>
        <time>2026-08-07T07:09:44.000Z</time>
      </trkpt>
      <trkpt lat="58.01049512811005115509033203125" lon="-3.85487389750778675079345703125">
        <ele>27.6000003814697265625</ele>
        <time>2026-08-07T07:09:50.000Z</time>
      </trkpt>
      <trkpt lat="58.0104891769587993621826171875" lon="-3.85488261468708515167236328125">
        <ele>27.3999996185302734375</ele>
        <time>2026-08-07T07:09:54.000Z</time>
      </trkpt>
      <trkpt lat="58.01048087887465953826904296875" lon="-3.8548830337822437286376953125">
        <ele>27.200000762939453125</ele>
        <time>2026-08-07T07:09:57.000Z</time>
      </trkpt>
      <trkpt lat="58.01047735847532749176025390625" lon="-3.85488353669643402099609375">
        <ele>27</ele>
        <time>2026-08-07T07:09:59.000Z</time>
      </trkpt>
      <trkpt lat="58.01045942120254039764404296875" lon="-3.8548749871551990509033203125">
        <ele>26.6000003814697265625</ele>
        <time>2026-08-07T07:10:04.000Z</time>
      </trkpt>
      <trkpt lat="58.01044332794845104217529296875" lon="-3.8548753224313259124755859375">
        <ele>26.200000762939453125</ele>
        <time>2026-08-07T07:10:10.000Z</time>
      </trkpt>
      <trkpt lat="58.01044232212007045745849609375" lon="-3.85487507097423076629638671875">
        <ele>26</ele>
        <time>2026-08-07T07:10:11.000Z</time>
      </trkpt>
      <trkpt lat="58.0104378797113895416259765625" lon="-3.85487490333616733551025390625">
        <ele>25.799999237060546875</ele>
        <time>2026-08-07T07:10:12.000Z</time>
      </trkpt>
      <trkpt lat="58.0104351975023746490478515625" lon="-3.8548736460506916046142578125">
        <ele>25.6000003814697265625</ele>
        <time>2026-08-07T07:10:14.000Z</time>
      </trkpt>
      <trkpt lat="58.01043394021689891815185546875" lon="-3.8548775017261505126953125">
        <ele>25.6000003814697265625</ele>
        <time>2026-08-07T07:10:15.000Z</time>
      </trkpt>
      <trkpt lat="58.010424636304378509521484375" lon="-3.85488831438124179840087890625">
        <ele>25.3999996185302734375</ele>
        <time>2026-08-07T07:10:19.000Z</time>
      </trkpt>
      <trkpt lat="58.01041918806731700897216796875" lon="-3.85489602573215961456298828125">
        <ele>25.200000762939453125</ele>
        <time>2026-08-07T07:10:21.000Z</time>
      </trkpt>
      <trkpt lat="58.0104110576212406158447265625" lon="-3.8549137115478515625">
        <ele>25</ele>
        <time>2026-08-07T07:10:24.000Z</time>
      </trkpt>
      <trkpt lat="58.01040963269770145416259765625" lon="-3.85491572320461273193359375">
        <ele>24.799999237060546875</ele>
        <time>2026-08-07T07:10:25.000Z</time>
      </trkpt>
      <trkpt lat="58.0104221217334270477294921875" lon="-3.8548987917602062225341796875">
        <ele>24.6000003814697265625</ele>
        <time>2026-08-07T07:10:29.000Z</time>
      </trkpt>
      <trkpt lat="58.01046914421021938323974609375" lon="-3.8548426330089569091796875">
        <ele>24.200000762939453125</ele>
        <time>2026-08-07T07:10:36.000Z</time>
      </trkpt>
      <trkpt lat="58.010499067604541778564453125" lon="-3.85482343845069408416748046875">
        <ele>24</ele>
        <time>2026-08-07T07:10:42.000Z</time>
      </trkpt>
      <trkpt lat="58.01051205955445766448974609375" lon="-3.8548330776393413543701171875">
        <ele>24</ele>
        <time>2026-08-07T07:10:44.000Z</time>
      </trkpt>
      <trkpt lat="58.0105099640786647796630859375" lon="-3.85483257472515106201171875">
        <ele>24</ele>
        <time>2026-08-07T07:10:46.000Z</time>
      </trkpt>
      <trkpt lat="58.01054189912974834442138671875" lon="-3.85491580702364444732666015625">
        <ele>23.799999237060546875</ele>
        <time>2026-08-07T07:10:51.000Z</time>
      </trkpt>
      <trkpt lat="58.01062068901956081390380859375" lon="-3.85500415228307247161865234375">
        <ele>23.799999237060546875</ele>
        <time>2026-08-07T07:10:57.000Z</time>
      </trkpt>
      <trkpt lat="58.0106886662542819976806640625" lon="-3.85507053695619106292724609375">
        <ele>24.6000003814697265625</ele>
        <time>2026-08-07T07:11:02.000Z</time>
      </trkpt>
      <trkpt lat="58.01074004732072353363037109375" lon="-3.85512895882129669189453125">
        <ele>24.3999996185302734375</ele>
        <time>2026-08-07T07:11:06.000Z</time>
      </trkpt>
      <trkpt lat="58.0107654444873332977294921875" lon="-3.85520917363464832305908203125">
        <ele>24.200000762939453125</ele>
        <time>2026-08-07T07:11:14.000Z</time>
      </trkpt>
      <trkpt lat="58.01076284609735012054443359375" lon="-3.85522040538489818572998046875">
        <ele>24</ele>
        <time>2026-08-07T07:11:16.000Z</time>
      </trkpt>
      <trkpt lat="58.01074977032840251922607421875" lon="-3.85524697601795196533203125">
        <ele>23.799999237060546875</ele>
        <time>2026-08-07T07:11:20.000Z</time>
      </trkpt>
      <trkpt lat="58.01073585636913776397705078125" lon="-3.85525091551244258880615234375">
        <ele>23.6000003814697265625</ele>
        <time>2026-08-07T07:11:22.000Z</time>
      </trkpt>
      <trkpt lat="58.01072697155177593231201171875" lon="-3.85525695048272609710693359375">
        <ele>23.3999996185302734375</ele>
        <time>2026-08-07T07:11:25.000Z</time>
      </trkpt>
      <trkpt lat="58.01072479225695133209228515625" lon="-3.8552625663578510284423828125">
        <ele>23.200000762939453125</ele>
        <time>2026-08-07T07:11:26.000Z</time>
      </trkpt>
      <trkpt lat="58.01072194240987300872802734375" lon="-3.85527002625167369842529296875">
        <ele>23</ele>
        <time>2026-08-07T07:11:30.000Z</time>
      </trkpt>
      <trkpt lat="58.0107245407998561859130859375" lon="-3.85527153499424457550048828125">
        <ele>22.3999996185302734375</ele>
        <time>2026-08-07T07:11:36.000Z</time>
      </trkpt>
      <trkpt lat="58.01074591465294361114501953125" lon="-3.85527488775551319122314453125">
        <ele>22</ele>
        <time>2026-08-07T07:11:43.000Z</time>
      </trkpt>
      <trkpt lat="58.0107510276138782501220703125" lon="-3.85528762824833393096923828125">
        <ele>21.799999237060546875</ele>
        <time>2026-08-07T07:11:46.000Z</time>
      </trkpt>
      <trkpt lat="58.0107600800693035125732421875" lon="-3.8553027994930744171142578125">
        <ele>21.6000003814697265625</ele>
        <time>2026-08-07T07:11:48.000Z</time>
      </trkpt>
      <trkpt lat="58.0107815377414226531982421875" lon="-3.855302296578884124755859375">
        <ele>21</ele>
        <time>2026-08-07T07:12:00.000Z</time>
      </trkpt>
      <trkpt lat="58.01078078337013721466064453125" lon="-3.855297267436981201171875">
        <ele>20.799999237060546875</ele>
        <time>2026-08-07T07:12:02.000Z</time>
      </trkpt>
      <trkpt lat="58.0107454955577850341796875" lon="-3.855292238295078277587890625">
        <ele>20.200000762939453125</ele>
        <time>2026-08-07T07:12:11.000Z</time>
      </trkpt>
      <trkpt lat="58.01075614057481288909912109375" lon="-3.855269439518451690673828125">
        <ele>20.3999996185302734375</ele>
        <time>2026-08-07T07:12:23.000Z</time>
      </trkpt>
      <trkpt lat="58.0107587389647960662841796875" lon="-3.85527689941227436065673828125">
        <ele>19.799999237060546875</ele>
        <time>2026-08-07T07:12:29.000Z</time>
      </trkpt>
      <trkpt lat="58.01076469011604785919189453125" lon="-3.85528276674449443817138671875">
        <ele>19.6000003814697265625</ele>
        <time>2026-08-07T07:12:34.000Z</time>
      </trkpt>
      <trkpt lat="58.010787405073642730712890625" lon="-3.8552853651344776153564453125">
        <ele>19.200000762939453125</ele>
        <time>2026-08-07T07:12:42.000Z</time>
      </trkpt>
      <trkpt lat="58.01080039702355861663818359375" lon="-3.8552796654403209686279296875">
        <ele>19</ele>
        <time>2026-08-07T07:12:46.000Z</time>
      </trkpt>
      <trkpt lat="58.0108261294662952423095703125" lon="-3.85527019388973712921142578125">
        <ele>18.799999237060546875</ele>
        <time>2026-08-07T07:12:54.000Z</time>
      </trkpt>
      <trkpt lat="58.0104975588619709014892578125" lon="-3.85479192249476909637451171875">
        <ele>18.6000003814697265625</ele>
        <time>2026-08-07T07:14:39.000Z</time>
      </trkpt>
      <trkpt lat="58.01049781031906604766845703125" lon="-3.85479695163667201995849609375">
        <ele>18.6000003814697265625</ele>
        <time>2026-08-07T07:14:40.000Z</time>
      </trkpt>
      <trkpt lat="58.0105014145374298095703125" lon="-3.85478823445737361907958984375">
        <ele>18.6000003814697265625</ele>
        <time>2026-08-07T07:14:41.000Z</time>
      </trkpt>
      <trkpt lat="58.01046025939285755157470703125" lon="-3.853378482162952423095703125">
        <ele>15.19999980926513671875</ele>
        <time>2026-08-07T07:23:47.000Z</time>
      </trkpt>
      <trkpt lat="58.01042790524661540985107421875" lon="-3.85328225791454315185546875">
        <ele>15</ele>
        <time>2026-08-07T07:23:48.000Z</time>
      </trkpt>
      <trkpt lat="58.0103684775531291961669921875" lon="-3.8530849479138851165771484375">
        <ele>14.80000019073486328125</ele>
        <time>2026-08-07T07:23:50.000Z</time>
      </trkpt>
      <trkpt lat="58.010289184749126434326171875" lon="-3.852874226868152618408203125">
        <ele>15</ele>
        <time>2026-08-07T07:23:52.000Z</time>
      </trkpt>
      <trkpt lat="58.01021777093410491943359375" lon="-3.852657973766326904296875">
        <ele>16.200000762939453125</ele>
        <time>2026-08-07T07:23:54.000Z</time>
      </trkpt>
      <trkpt lat="58.01013998687267303466796875" lon="-3.8524499349296092987060546875">
        <ele>17.799999237060546875</ele>
        <time>2026-08-07T07:23:56.000Z</time>
      </trkpt>
      <trkpt lat="58.0101044476032257080078125" lon="-3.8523453287780284881591796875">
        <ele>17.6000003814697265625</ele>
        <time>2026-08-07T07:23:57.000Z</time>
      </trkpt>
      <trkpt lat="58.01002867519855499267578125" lon="-3.85213787667453289031982421875">
        <ele>17.200000762939453125</ele>
        <time>2026-08-07T07:23:59.000Z</time>
      </trkpt>
      <trkpt lat="58.01000042818486690521240234375" lon="-3.85202203877270221710205078125">
        <ele>17.3999996185302734375</ele>
        <time>2026-08-07T07:24:00.000Z</time>
      </trkpt>
      <trkpt lat="58.00994091667234897613525390625" lon="-3.851787261664867401123046875">
        <ele>17.200000762939453125</ele>
        <time>2026-08-07T07:24:02.000Z</time>
      </trkpt>
      <trkpt lat="58.00982826389372348785400390625" lon="-3.85145273990929126739501953125">
        <ele>17.3999996185302734375</ele>
        <time>2026-08-07T07:24:05.000Z</time>
      </trkpt>
      <trkpt lat="58.00979121588170528411865234375" lon="-3.85134746320545673370361328125">
        <ele>17.6000003814697265625</ele>
        <time>2026-08-07T07:24:06.000Z</time>
      </trkpt>
      <trkpt lat="58.00975643098354339599609375" lon="-3.851246796548366546630859375">
        <ele>17.799999237060546875</ele>
        <time>2026-08-07T07:24:07.000Z</time>
      </trkpt>
      <trkpt lat="58.00971913151443004608154296875" lon="-3.8511519134044647216796875">
        <ele>17.799999237060546875</ele>
        <time>2026-08-07T07:24:08.000Z</time>
      </trkpt>
      <trkpt lat="58.0096841789782047271728515625" lon="-3.85105778463184833526611328125">
        <ele>18</ele>
        <time>2026-08-07T07:24:09.000Z</time>
      </trkpt>
      <trkpt lat="58.00965392030775547027587890625" lon="-3.85096038691699504852294921875">
        <ele>18</ele>
        <time>2026-08-07T07:24:10.000Z</time>
      </trkpt>
      <trkpt lat="58.0096003599464893341064453125" lon="-3.8505965285003185272216796875">
        <ele>17.3999996185302734375</ele>
        <time>2026-08-07T07:24:13.000Z</time>
      </trkpt>
      <trkpt lat="58.00954210571944713592529296875" lon="-3.8503464125096797943115234375">
        <ele>16.3999996185302734375</ele>
        <time>2026-08-07T07:24:15.000Z</time>
      </trkpt>
      <trkpt lat="58.0095038004219532012939453125" lon="-3.8502273894846439361572265625">
        <ele>15.3999996185302734375</ele>
        <time>2026-08-07T07:24:16.000Z</time>
      </trkpt>
      <trkpt lat="58.009455688297748565673828125" lon="-3.85011096484959125518798828125">
        <ele>14.19999980926513671875</ele>
        <time>2026-08-07T07:24:17.000Z</time>
      </trkpt>
      <trkpt lat="58.0094035528600215911865234375" lon="-3.85000585578382015228271484375">
        <ele>13</ele>
        <time>2026-08-07T07:24:18.000Z</time>
      </trkpt>
      <trkpt lat="58.0093024671077728271484375" lon="-3.84980955161154270172119140625">
        <ele>11.80000019073486328125</ele>
        <time>2026-08-07T07:24:20.000Z</time>
      </trkpt>
      <trkpt lat="58.00926399417221546173095703125" lon="-3.84970259852707386016845703125">
        <ele>11.19999980926513671875</ele>
        <time>2026-08-07T07:24:21.000Z</time>
      </trkpt>
      <trkpt lat="58.00923968665301799774169921875" lon="-3.84959430433809757232666015625">
        <ele>10.80000019073486328125</ele>
        <time>2026-08-07T07:24:22.000Z</time>
      </trkpt>
      <trkpt lat="58.009224347770214080810546875" lon="-3.8494931347668170928955078125">
        <ele>10.6000003814697265625</ele>
        <time>2026-08-07T07:24:23.000Z</time>
      </trkpt>
      <trkpt lat="58.00920364446938037872314453125" lon="-3.84940872900187969207763671875">
        <ele>10.80000019073486328125</ele>
        <time>2026-08-07T07:24:24.000Z</time>
      </trkpt>
      <trkpt lat="58.00913273356854915618896484375" lon="-3.84929624386131763458251953125">
        <ele>11.19999980926513671875</ele>
        <time>2026-08-07T07:24:26.000Z</time>
      </trkpt>
      <trkpt lat="58.0091044865548610687255859375" lon="-3.84921871125698089599609375">
        <ele>10.80000019073486328125</ele>
        <time>2026-08-07T07:24:27.000Z</time>
      </trkpt>
      <trkpt lat="58.0090196616947650909423828125" lon="-3.84897337295114994049072265625">
        <ele>9.80000019073486328125</ele>
        <time>2026-08-07T07:24:30.000Z</time>
      </trkpt>
      <trkpt lat="58.0089603178203105926513671875" lon="-3.84880539961159229278564453125">
        <ele>9.80000019073486328125</ele>
        <time>2026-08-07T07:24:32.000Z</time>
      </trkpt>
      <trkpt lat="58.00890273414552211761474609375" lon="-3.8486252725124359130859375">
        <ele>10.19999980926513671875</ele>
        <time>2026-08-07T07:24:34.000Z</time>
      </trkpt>
      <trkpt lat="58.00884070806205272674560546875" lon="-3.8484333269298076629638671875">
        <ele>10.19999980926513671875</ele>
        <time>2026-08-07T07:24:36.000Z</time>
      </trkpt>
      <trkpt lat="58.0086294002830982208251953125" lon="-3.847871907055377960205078125">
        <ele>10.6000003814697265625</ele>
        <time>2026-08-07T07:24:42.000Z</time>
      </trkpt>
      <trkpt lat="58.008528314530849456787109375" lon="-3.847590275108814239501953125">
        <ele>10.19999980926513671875</ele>
        <time>2026-08-07T07:24:45.000Z</time>
      </trkpt>
      <trkpt lat="58.00851163454353809356689453125" lon="-3.847496397793292999267578125">
        <ele>10.19999980926513671875</ele>
        <time>2026-08-07T07:24:46.000Z</time>
      </trkpt>
      <trkpt lat="58.008508197963237762451171875" lon="-3.84740176610648632049560546875">
        <ele>10.19999980926513671875</ele>
        <time>2026-08-07T07:24:47.000Z</time>
      </trkpt>
      <trkpt lat="58.00856418907642364501953125" lon="-3.84725592099130153656005859375">
        <ele>10.19999980926513671875</ele>
        <time>2026-08-07T07:24:49.000Z</time>
      </trkpt>
      <trkpt lat="58.008758313953876495361328125" lon="-3.84707160294055938720703125">
        <ele>10.3999996185302734375</ele>
        <time>2026-08-07T07:24:53.000Z</time>
      </trkpt>
      <trkpt lat="58.00890927202999591827392578125" lon="-3.84691745974123477935791015625">
        <ele>10.3999996185302734375</ele>
        <time>2026-08-07T07:24:56.000Z</time>
      </trkpt>
      <trkpt lat="58.008952438831329345703125" lon="-3.8468508236110210418701171875">
        <ele>10.3999996185302734375</ele>
        <time>2026-08-07T07:24:57.000Z</time>
      </trkpt>
      <trkpt lat="58.0089633353054523468017578125" lon="-3.846709839999675750732421875">
        <ele>10.6000003814697265625</ele>
        <time>2026-08-07T07:24:59.000Z</time>
      </trkpt>
      <trkpt lat="58.00889586098492145538330078125" lon="-3.8466637395322322845458984375">
        <ele>10.80000019073486328125</ele>
        <time>2026-08-07T07:25:02.000Z</time>
      </trkpt>
      <trkpt lat="58.0087767541408538818359375" lon="-3.846617974340915679931640625">
        <ele>11.80000019073486328125</ele>
        <time>2026-08-07T07:25:07.000Z</time>
      </trkpt>
      <trkpt lat="58.00874850712716579437255859375" lon="-3.84661168791353702545166015625">
        <ele>12.19999980926513671875</ele>
        <time>2026-08-07T07:25:08.000Z</time>
      </trkpt>
      <trkpt lat="58.008722774684429168701171875" lon="-3.846612274646759033203125">
        <ele>12.3999996185302734375</ele>
        <time>2026-08-07T07:25:09.000Z</time>
      </trkpt>
      <trkpt lat="58.0085353553295135498046875" lon="-3.8465353287756443023681640625">
        <ele>12.80000019073486328125</ele>
        <time>2026-08-07T07:25:15.000Z</time>
      </trkpt>
      <trkpt lat="58.00849637947976589202880859375" lon="-3.846517391502857208251953125">
        <ele>13</ele>
        <time>2026-08-07T07:25:16.000Z</time>
      </trkpt>
      <trkpt lat="58.0084540508687496185302734375" lon="-3.8465024717152118682861328125">
        <ele>13.19999980926513671875</ele>
        <time>2026-08-07T07:25:17.000Z</time>
      </trkpt>
      <trkpt lat="58.0084092915058135986328125" lon="-3.8464964367449283599853515625">
        <ele>13.3999996185302734375</ele>
        <time>2026-08-07T07:25:18.000Z</time>
      </trkpt>
      <trkpt lat="58.00828398205339908599853515625" lon="-3.84649652056396007537841796875">
        <ele>13.19999980926513671875</ele>
        <time>2026-08-07T07:25:21.000Z</time>
      </trkpt>
      <trkpt lat="58.00811491906642913818359375" lon="-3.846534825861454010009765625">
        <ele>13</ele>
        <time>2026-08-07T07:25:25.000Z</time>
      </trkpt>
      <trkpt lat="58.00807334482669830322265625" lon="-3.8465492427349090576171875">
        <ele>13</ele>
        <time>2026-08-07T07:25:26.000Z</time>
      </trkpt>
      <trkpt lat="58.008028753101825714111328125" lon="-3.84655904956161975860595703125">
        <ele>12.80000019073486328125</ele>
        <time>2026-08-07T07:25:27.000Z</time>
      </trkpt>
      <trkpt lat="58.00787947140634059906005859375" lon="-3.8465584628283977508544921875">
        <ele>11.80000019073486328125</ele>
        <time>2026-08-07T07:25:31.000Z</time>
      </trkpt>
      <trkpt lat="58.00782180391252040863037109375" lon="-3.84656994603574275970458984375">
        <ele>10.80000019073486328125</ele>
        <time>2026-08-07T07:25:33.000Z</time>
      </trkpt>
      <trkpt lat="58.00769423134624958038330078125" lon="-3.84663063101470470428466796875">
        <ele>10.6000003814697265625</ele>
        <time>2026-08-07T07:25:38.000Z</time>
      </trkpt>
      <trkpt lat="58.00767210312187671661376953125" lon="-3.84664773009717464447021484375">
        <ele>9.80000019073486328125</ele>
        <time>2026-08-07T07:25:41.000Z</time>
      </trkpt>
      <trkpt lat="58.00767503678798675537109375" lon="-3.8466417789459228515625">
        <ele>9.80000019073486328125</ele>
        <time>2026-08-07T07:25:42.000Z</time>
      </trkpt>
      <trkpt lat="58.0076648108661174774169921875" lon="-3.8466499932110309600830078125">
        <ele>10.19999980926513671875</ele>
        <time>2026-08-07T07:25:47.000Z</time>
      </trkpt>
      <trkpt lat="58.00766564905643463134765625" lon="-3.84664689190685749053955078125">
        <ele>9.6000003814697265625</ele>
        <time>2026-08-07T07:25:48.000Z</time>
      </trkpt>
      <trkpt lat="58.007664643228054046630859375" lon="-3.8466439582407474517822265625">
        <ele>9.3999996185302734375</ele>
        <time>2026-08-07T07:25:50.000Z</time>
      </trkpt>
      <trkpt lat="58.0076581053435802459716796875" lon="-3.84670271538197994232177734375">
        <ele>9.19999980926513671875</ele>
        <time>2026-08-07T07:25:52.000Z</time>
      </trkpt>
      <trkpt lat="58.007716946303844451904296875" lon="-3.8468260131776332855224609375">
        <ele>10</ele>
        <time>2026-08-07T07:25:56.000Z</time>
      </trkpt>
      <trkpt lat="58.00774955190718173980712890625" lon="-3.84691142477095127105712890625">
        <ele>9.6000003814697265625</ele>
        <time>2026-08-07T07:25:59.000Z</time>
      </trkpt>
      <trkpt lat="58.0077709257602691650390625" lon="-3.84692768566310405731201171875">
        <ele>9.3999996185302734375</ele>
        <time>2026-08-07T07:26:00.000Z</time>
      </trkpt>
      <trkpt lat="58.007814846932888031005859375" lon="-3.84690488688647747039794921875">
        <ele>9.19999980926513671875</ele>
        <time>2026-08-07T07:26:02.000Z</time>
      </trkpt>
      <trkpt lat="58.00785298459231853485107421875" lon="-3.84683162905275821685791015625">
        <ele>9.19999980926513671875</ele>
        <time>2026-08-07T07:26:04.000Z</time>
      </trkpt>
      <trkpt lat="58.0079544894397258758544921875" lon="-3.8466687686741352081298828125">
        <ele>8.80000019073486328125</ele>
        <time>2026-08-07T07:26:08.000Z</time>
      </trkpt>
      <trkpt lat="58.00802062265574932098388671875" lon="-3.84665720164775848388671875">
        <ele>8.80000019073486328125</ele>
        <time>2026-08-07T07:26:10.000Z</time>
      </trkpt>
      <trkpt lat="58.0081385560333728790283203125" lon="-3.8466050662100315093994140625">
        <ele>9.3999996185302734375</ele>
        <time>2026-08-07T07:26:14.000Z</time>
      </trkpt>
      <trkpt lat="58.00816194154322147369384765625" lon="-3.84657137095928192138671875">
        <ele>9.6000003814697265625</ele>
        <time>2026-08-07T07:26:15.000Z</time>
      </trkpt>
      <trkpt lat="58.0082429945468902587890625" lon="-3.8465219177305698394775390625">
        <ele>9.80000019073486328125</ele>
        <time>2026-08-07T07:26:18.000Z</time>
      </trkpt>
      <trkpt lat="58.0083075352013111114501953125" lon="-3.846508003771305084228515625">
        <ele>10</ele>
        <time>2026-08-07T07:26:20.000Z</time>
      </trkpt>
      <trkpt lat="58.0084119737148284912109375" lon="-3.84651211090385913848876953125">
        <ele>10</ele>
        <time>2026-08-07T07:26:23.000Z</time>
      </trkpt>
      <trkpt lat="58.00851766951382160186767578125" lon="-3.84653708897531032562255859375">
        <ele>9.80000019073486328125</ele>
        <time>2026-08-07T07:26:26.000Z</time>
      </trkpt>
      <trkpt lat="58.008738867938518524169921875" lon="-3.84661453776061534881591796875">
        <ele>9.80000019073486328125</ele>
        <time>2026-08-07T07:26:32.000Z</time>
      </trkpt>
      <trkpt lat="58.00892771221697330474853515625" lon="-3.84669366292655467987060546875">
        <ele>8.80000019073486328125</ele>
        <time>2026-08-07T07:26:37.000Z</time>
      </trkpt>
      <trkpt lat="58.0089482478797435760498046875" lon="-3.84675300680100917816162109375">
        <ele>8.19999980926513671875</ele>
        <time>2026-08-07T07:26:38.000Z</time>
      </trkpt>
      <trkpt lat="58.00894548185169696807861328125" lon="-3.846817128360271453857421875">
        <ele>7.599999904632568359375</ele>
        <time>2026-08-07T07:26:39.000Z</time>
      </trkpt>
      <trkpt lat="58.008898794651031494140625" lon="-3.8469105027616024017333984375">
        <ele>7.400000095367431640625</ele>
        <time>2026-08-07T07:26:41.000Z</time>
      </trkpt>
      <trkpt lat="58.008757643401622772216796875" lon="-3.8470184616744518280029296875">
        <ele>8.6000003814697265625</ele>
        <time>2026-08-07T07:26:45.000Z</time>
      </trkpt>
      <trkpt lat="58.00872336141765117645263671875" lon="-3.847051151096820831298828125">
        <ele>8.80000019073486328125</ele>
        <time>2026-08-07T07:26:46.000Z</time>
      </trkpt>
      <trkpt lat="58.00854465924203395843505859375" lon="-3.84722851216793060302734375">
        <ele>8.6000003814697265625</ele>
        <time>2026-08-07T07:26:51.000Z</time>
      </trkpt>
      <trkpt lat="58.008492104709148406982421875" lon="-3.84735147468745708465576171875">
        <ele>8.19999980926513671875</ele>
        <time>2026-08-07T07:26:53.000Z</time>
      </trkpt>
      <trkpt lat="58.0084996484220027923583984375" lon="-3.84751458652317523956298828125">
        <ele>8</ele>
        <time>2026-08-07T07:26:55.000Z</time>
      </trkpt>
      <trkpt lat="58.008522279560565948486328125" lon="-3.84759672917425632476806640625">
        <ele>8.19999980926513671875</ele>
        <time>2026-08-07T07:26:56.000Z</time>
      </trkpt>
      <trkpt lat="58.0085499398410320281982421875" lon="-3.84767199866473674774169921875">
        <ele>8.3999996185302734375</ele>
        <time>2026-08-07T07:26:57.000Z</time>
      </trkpt>
      <trkpt lat="58.00868229009211063385009765625" lon="-3.8480591587722301483154296875">
        <ele>9</ele>
        <time>2026-08-07T07:27:02.000Z</time>
      </trkpt>
      <trkpt lat="58.0087866447865962982177734375" lon="-3.848345316946506500244140625">
        <ele>9.80000019073486328125</ele>
        <time>2026-08-07T07:27:06.000Z</time>
      </trkpt>
      <trkpt lat="58.00885680131614208221435546875" lon="-3.84853935800492763519287109375">
        <ele>10.6000003814697265625</ele>
        <time>2026-08-07T07:27:09.000Z</time>
      </trkpt>
      <trkpt lat="58.008877672255039215087890625" lon="-3.8486063294112682342529296875">
        <ele>10.3999996185302734375</ele>
        <time>2026-08-07T07:27:10.000Z</time>
      </trkpt>
      <trkpt lat="58.00894782878458499908447265625" lon="-3.84882283397018909454345703125">
        <ele>9.80000019073486328125</ele>
        <time>2026-08-07T07:27:13.000Z</time>
      </trkpt>
      <trkpt lat="58.0089931748807430267333984375" lon="-3.848968259990215301513671875">
        <ele>9.80000019073486328125</ele>
        <time>2026-08-07T07:27:15.000Z</time>
      </trkpt>
      <trkpt lat="58.00903868861496448516845703125" lon="-3.8491027057170867919921875">
        <ele>9.6000003814697265625</ele>
        <time>2026-08-07T07:27:17.000Z</time>
      </trkpt>
      <trkpt lat="58.00914547406136989593505859375" lon="-3.849367238581180572509765625">
        <ele>9.6000003814697265625</ele>
        <time>2026-08-07T07:27:21.000Z</time>
      </trkpt>
      <trkpt lat="58.0091929994523525238037109375" lon="-3.84948131628334522247314453125">
        <ele>9</ele>
        <time>2026-08-07T07:27:23.000Z</time>
      </trkpt>
      <trkpt lat="58.0092027224600315093994140625" lon="-3.84955021552741527557373046875">
        <ele>8.80000019073486328125</ele>
        <time>2026-08-07T07:27:24.000Z</time>
      </trkpt>
      <trkpt lat="58.0092354118824005126953125" lon="-3.84969756938517093658447265625">
        <ele>9.19999980926513671875</ele>
        <time>2026-08-07T07:27:26.000Z</time>
      </trkpt>
      <trkpt lat="58.00929148681461811065673828125" lon="-3.8498314283788204193115234375">
        <ele>10</ele>
        <time>2026-08-07T07:27:28.000Z</time>
      </trkpt>
      <trkpt lat="58.0093722045421600341796875" lon="-3.84997165761888027191162109375">
        <ele>10.3999996185302734375</ele>
        <time>2026-08-07T07:27:31.000Z</time>
      </trkpt>
      <trkpt lat="58.0094119347631931304931640625" lon="-3.85004776529967784881591796875">
        <ele>10</ele>
        <time>2026-08-07T07:27:33.000Z</time>
      </trkpt>
      <trkpt lat="58.0094903893768787384033203125" lon="-3.8502287305891513824462890625">
        <ele>11.19999980926513671875</ele>
        <time>2026-08-07T07:27:38.000Z</time>
      </trkpt>
      <trkpt lat="58.009504638612270355224609375" lon="-3.85027659125626087188720703125">
        <ele>12.19999980926513671875</ele>
        <time>2026-08-07T07:27:40.000Z</time>
      </trkpt>
      <trkpt lat="58.0095188878476619720458984375" lon="-3.850324116647243499755859375">
        <ele>13.19999980926513671875</ele>
        <time>2026-08-07T07:27:43.000Z</time>
      </trkpt>
      <trkpt lat="58.009522072970867156982421875" lon="-3.85034599341452121734619140625">
        <ele>13.3999996185302734375</ele>
        <time>2026-08-07T07:27:44.000Z</time>
      </trkpt>
      <trkpt lat="58.00953020341694355010986328125" lon="-3.8504034094512462615966796875">
        <ele>13.6000003814697265625</ele>
        <time>2026-08-07T07:27:46.000Z</time>
      </trkpt>
      <trkpt lat="58.00953791476786136627197265625" lon="-3.85044339112937450408935546875">
        <ele>13.80000019073486328125</ele>
        <time>2026-08-07T07:27:47.000Z</time>
      </trkpt>
      <trkpt lat="58.00954881124198436737060546875" lon="-3.85047390125691890716552734375">
        <ele>14.19999980926513671875</ele>
        <time>2026-08-07T07:27:48.000Z</time>
      </trkpt>
      <trkpt lat="58.00957228057086467742919921875" lon="-3.85061681270599365234375">
        <ele>15.19999980926513671875</ele>
        <time>2026-08-07T07:27:52.000Z</time>
      </trkpt>
      <trkpt lat="58.0095829255878925323486328125" lon="-3.85068361647427082061767578125">
        <ele>15.3999996185302734375</ele>
        <time>2026-08-07T07:27:54.000Z</time>
      </trkpt>
      <trkpt lat="58.00960061140358448028564453125" lon="-3.85081169195473194122314453125">
        <ele>16.3999996185302734375</ele>
        <time>2026-08-07T07:27:59.000Z</time>
      </trkpt>
      <trkpt lat="58.00963279791176319122314453125" lon="-3.85094605386257171630859375">
        <ele>17.6000003814697265625</ele>
        <time>2026-08-07T07:28:03.000Z</time>
      </trkpt>
      <trkpt lat="58.009640760719776153564453125" lon="-3.85097882710397243499755859375">
        <ele>18.200000762939453125</ele>
        <time>2026-08-07T07:28:04.000Z</time>
      </trkpt>
      <trkpt lat="58.00966364331543445587158203125" lon="-3.8510545156896114349365234375">
        <ele>18.799999237060546875</ele>
        <time>2026-08-07T07:28:06.000Z</time>
      </trkpt>
      <trkpt lat="58.0097344703972339630126953125" lon="-3.85125559754669666290283203125">
        <ele>18.799999237060546875</ele>
        <time>2026-08-07T07:28:11.000Z</time>
      </trkpt>
      <trkpt lat="58.009803034365177154541015625" lon="-3.8514762930572032928466796875">
        <ele>19</ele>
        <time>2026-08-07T07:28:16.000Z</time>
      </trkpt>
      <trkpt lat="58.00988961942493915557861328125" lon="-3.8517458550631999969482421875">
        <ele>18.6000003814697265625</ele>
        <time>2026-08-07T07:28:22.000Z</time>
      </trkpt>
      <trkpt lat="58.0099929682910442352294921875" lon="-3.852078281342983245849609375">
        <ele>19</ele>
        <time>2026-08-07T07:28:29.000Z</time>
      </trkpt>
      <trkpt lat="58.01008961163461208343505859375" lon="-3.852422274649143218994140625">
        <ele>19.799999237060546875</ele>
        <time>2026-08-07T07:28:36.000Z</time>
      </trkpt>
      <trkpt lat="58.01010402850806713104248046875" lon="-3.85247399099171161651611328125">
        <ele>20.200000762939453125</ele>
        <time>2026-08-07T07:28:37.000Z</time>
      </trkpt>
      <trkpt lat="58.01014602184295654296875" lon="-3.85264255106449127197265625">
        <ele>20.3999996185302734375</ele>
        <time>2026-08-07T07:28:40.000Z</time>
      </trkpt>
      <trkpt lat="58.01016303710639476776123046875" lon="-3.85269007645547389984130859375">
        <ele>20.200000762939453125</ele>
        <time>2026-08-07T07:28:41.000Z</time>
      </trkpt>
      <trkpt lat="58.01019958220422267913818359375" lon="-3.8527969457209110260009765625">
        <ele>20.3999996185302734375</ele>
        <time>2026-08-07T07:28:43.000Z</time>
      </trkpt>
      <trkpt lat="58.01031709648668766021728515625" lon="-3.85312895290553569793701171875">
        <ele>20.3999996185302734375</ele>
        <time>2026-08-07T07:28:48.000Z</time>
      </trkpt>
      <trkpt lat="58.01034291274845600128173828125" lon="-3.85320455767214298248291015625">
        <ele>20.6000003814697265625</ele>
        <time>2026-08-07T07:28:49.000Z</time>
      </trkpt>
      <trkpt lat="58.010543994605541229248046875" lon="-3.8538262434303760528564453125">
        <ele>20.6000003814697265625</ele>
        <time>2026-08-07T07:28:57.000Z</time>
      </trkpt>
      <trkpt lat="58.0106179229915142059326171875" lon="-3.85406940244138240814208984375">
        <ele>20.6000003814697265625</ele>
        <time>2026-08-07T07:29:00.000Z</time>
      </trkpt>
      <trkpt lat="58.01071138121187686920166015625" lon="-3.85438757948577404022216796875">
        <ele>20.200000762939453125</ele>
        <time>2026-08-07T07:29:04.000Z</time>
      </trkpt>
      <trkpt lat="58.01087164320051670074462890625" lon="-3.85492066852748394012451171875">
        <ele>21.3999996185302734375</ele>
        <time>2026-08-07T07:29:11.000Z</time>
      </trkpt>
      <trkpt lat="58.010916821658611297607421875" lon="-3.855058886110782623291015625">
        <ele>21.6000003814697265625</ele>
        <time>2026-08-07T07:29:13.000Z</time>
      </trkpt>
      <trkpt lat="58.01097088493406772613525390625" lon="-3.85517992079257965087890625">
        <ele>21</ele>
        <time>2026-08-07T07:29:15.000Z</time>
      </trkpt>
      <trkpt lat="58.01105436868965625762939453125" lon="-3.85532098822295665740966796875">
        <ele>20.6000003814697265625</ele>
        <time>2026-08-07T07:29:18.000Z</time>
      </trkpt>
      <trkpt lat="58.01108471117913722991943359375" lon="-3.8554067350924015045166015625">
        <ele>20.3999996185302734375</ele>
        <time>2026-08-07T07:29:20.000Z</time>
      </trkpt>
      <trkpt lat="58.011107929050922393798828125" lon="-3.8554996065795421600341796875">
        <ele>19.6000003814697265625</ele>
        <time>2026-08-07T07:29:23.000Z</time>
      </trkpt>
      <trkpt lat="58.01109359599649906158447265625" lon="-3.85552366264164447784423828125">
        <ele>19.6000003814697265625</ele>
        <time>2026-08-07T07:29:25.000Z</time>
      </trkpt>
      <trkpt lat="58.0110909976065158843994140625" lon="-3.8555465452373027801513671875">
        <ele>19.6000003814697265625</ele>
        <time>2026-08-07T07:29:26.000Z</time>
      </trkpt>
      <trkpt lat="58.01110013388097286224365234375" lon="-3.85557931847870349884033203125">
        <ele>19.3999996185302734375</ele>
        <time>2026-08-07T07:29:29.000Z</time>
      </trkpt>
      <trkpt lat="58.01110013388097286224365234375" lon="-3.8555794022977352142333984375">
        <ele>19.3999996185302734375</ele>
        <time>2026-08-07T07:29:30.000Z</time>
      </trkpt>
      <trkpt lat="58.01110013388097286224365234375" lon="-3.8555794022977352142333984375">
        <ele>19.200000762939453125</ele>
        <time>2026-08-07T07:29:31.000Z</time>
      </trkpt>
      <trkpt lat="58.0111107788980007171630859375" lon="-3.8555958308279514312744140625">
        <ele>18.6000003814697265625</ele>
        <time>2026-08-07T07:29:38.000Z</time>
      </trkpt>
      <trkpt lat="58.01112997345626354217529296875" lon="-3.8556177914142608642578125">
        <ele>18.6000003814697265625</ele>
        <time>2026-08-07T07:29:40.000Z</time>
      </trkpt>
      <trkpt lat="58.0111235193908214569091796875" lon="-3.8557384908199310302734375">
        <ele>19.3999996185302734375</ele>
        <time>2026-08-07T07:29:44.000Z</time>
      </trkpt>
      <trkpt lat="58.01111496984958648681640625" lon="-3.8559016026556491851806640625">
        <ele>20</ele>
        <time>2026-08-07T07:29:49.000Z</time>
      </trkpt>
      <trkpt lat="58.011114299297332763671875" lon="-3.8559156842529773712158203125">
        <ele>20</ele>
        <time>2026-08-07T07:29:50.000Z</time>
      </trkpt>
      <trkpt lat="58.0111151374876499176025390625" lon="-3.855921886861324310302734375">
        <ele>19.6000003814697265625</ele>
        <time>2026-08-07T07:29:52.000Z</time>
      </trkpt>
      <trkpt lat="58.01111522130668163299560546875" lon="-3.8559250719845294952392578125">
        <ele>19.200000762939453125</ele>
        <time>2026-08-07T07:29:54.000Z</time>
      </trkpt>
      <trkpt lat="58.01110516302287578582763671875" lon="-3.85591057129204273223876953125">
        <ele>19.6000003814697265625</ele>
        <time>2026-08-07T07:30:00.000Z</time>
      </trkpt>
      <trkpt lat="58.0111084319651126861572265625" lon="-3.855916522443294525146484375">
        <ele>19.6000003814697265625</ele>
        <time>2026-08-07T07:30:02.000Z</time>
      </trkpt>
      <trkpt lat="58.01109946332871913909912109375" lon="-3.8558824919164180755615234375">
        <ele>20</ele>
        <time>2026-08-07T07:30:05.000Z</time>
      </trkpt>
      <trkpt lat="58.01109619438648223876953125" lon="-3.85584913194179534912109375">
        <ele>20</ele>
        <time>2026-08-07T07:30:09.000Z</time>
      </trkpt>
      <trkpt lat="58.0111344158649444580078125" lon="-3.85584510862827301025390625">
        <ele>20</ele>
        <time>2026-08-07T07:30:16.000Z</time>
      </trkpt>
      <trkpt lat="58.01107607781887054443359375" lon="-3.855954073369503021240234375">
        <ele>19.200000762939453125</ele>
        <time>2026-08-07T07:30:26.000Z</time>
      </trkpt>
      <trkpt lat="58.01106157712638378143310546875" lon="-3.85598466731607913970947265625">
        <ele>19.200000762939453125</ele>
        <time>2026-08-07T07:30:28.000Z</time>
      </trkpt>
      <trkpt lat="58.011088483035564422607421875" lon="-3.85602422989904880523681640625">
        <ele>18.799999237060546875</ele>
        <time>2026-08-07T07:30:32.000Z</time>
      </trkpt>
      <trkpt lat="58.011127375066280364990234375" lon="-3.856031857430934906005859375">
        <ele>18.799999237060546875</ele>
        <time>2026-08-07T07:30:38.000Z</time>
      </trkpt>
      <trkpt lat="58.0111593939363956451416015625" lon="-3.85602749884128570556640625">
        <ele>18.799999237060546875</ele>
        <time>2026-08-07T07:30:44.000Z</time>
      </trkpt>
      <trkpt lat="58.01116450689733028411865234375" lon="-3.85602121241390705108642578125">
        <ele>18.799999237060546875</ele>
        <time>2026-08-07T07:30:46.000Z</time>
      </trkpt>
      <trkpt lat="58.0111614055931568145751953125" lon="-3.85596069507300853729248046875">
        <ele>18.799999237060546875</ele>
        <time>2026-08-07T07:30:52.000Z</time>
      </trkpt>
      <trkpt lat="58.01116182468831539154052734375" lon="-3.8559557497501373291015625">
        <ele>18.799999237060546875</ele>
        <time>2026-08-07T07:30:53.000Z</time>
      </trkpt>
      <trkpt lat="58.01114715635776519775390625" lon="-3.85592850856482982635498046875">
        <ele>16.799999237060546875</ele>
        <time>2026-08-07T07:30:58.000Z</time>
      </trkpt>
      <trkpt lat="58.01114573143422603607177734375" lon="-3.8559021055698394775390625">
        <ele>15.80000019073486328125</ele>
        <time>2026-08-07T07:31:02.000Z</time>
      </trkpt>
      <trkpt lat="58.011182360351085662841796875" lon="-3.855834715068340301513671875">
        <ele>14.6000003814697265625</ele>
        <time>2026-08-07T07:31:14.000Z</time>
      </trkpt>
      <trkpt lat="58.0112086795270442962646484375" lon="-3.85584150440990924835205078125">
        <ele>14</ele>
        <time>2026-08-07T07:31:23.000Z</time>
      </trkpt>
      <trkpt lat="58.0112116970121860504150390625" lon="-3.85584217496216297149658203125">
        <ele>14</ele>
        <time>2026-08-07T07:31:24.000Z</time>
      </trkpt>
      <trkpt lat="58.0112314783036708831787109375" lon="-3.8558484613895416259765625">
        <ele>13.80000019073486328125</ele>
        <time>2026-08-07T07:31:31.000Z</time>
      </trkpt>
      <trkpt lat="58.01124078221619129180908203125" lon="-3.85583697818219661712646484375">
        <ele>13.6000003814697265625</ele>
        <time>2026-08-07T07:31:34.000Z</time>
      </trkpt>
      <trkpt lat="58.01124698482453823089599609375" lon="-3.8558377325534820556640625">
        <ele>13.6000003814697265625</ele>
        <time>2026-08-07T07:31:35.000Z</time>
      </trkpt>
      <trkpt lat="58.01125352270901203155517578125" lon="-3.85584703646600246429443359375">
        <ele>13.6000003814697265625</ele>
        <time>2026-08-07T07:31:36.000Z</time>
      </trkpt>
      <trkpt lat="58.01126022823154926300048828125" lon="-3.8558591902256011962890625">
        <ele>13.6000003814697265625</ele>
        <time>2026-08-07T07:31:38.000Z</time>
      </trkpt>
      <trkpt lat="58.01129358820617198944091796875" lon="-3.85590101592242717742919921875">
        <ele>13.3999996185302734375</ele>
        <time>2026-08-07T07:31:45.000Z</time>
      </trkpt>
      <trkpt lat="58.01128034479916095733642578125" lon="-3.85595373809337615966796875">
        <ele>13</ele>
        <time>2026-08-07T07:31:54.000Z</time>
      </trkpt>
      <trkpt lat="58.011306412518024444580078125" lon="-3.85596136562526226043701171875">
        <ele>12.80000019073486328125</ele>
        <time>2026-08-07T07:32:00.000Z</time>
      </trkpt>
      <trkpt lat="58.0113038979470729827880859375" lon="-3.855974189937114715576171875">
        <ele>12.6000003814697265625</ele>
        <time>2026-08-07T07:32:03.000Z</time>
      </trkpt>
      <trkpt lat="58.01130649633705615997314453125" lon="-3.8560223020613193511962890625">
        <ele>12.6000003814697265625</ele>
        <time>2026-08-07T07:32:10.000Z</time>
      </trkpt>
      <trkpt lat="58.0113028921186923980712890625" lon="-3.8560236431658267974853515625">
        <ele>12.6000003814697265625</ele>
        <time>2026-08-07T07:32:11.000Z</time>
      </trkpt>
      <trkpt lat="58.01128470338881015777587890625" lon="-3.8560015149414539337158203125">
        <ele>12.3999996185302734375</ele>
        <time>2026-08-07T07:32:16.000Z</time>
      </trkpt>
      <trkpt lat="58.01061951555311679840087890625" lon="-3.85895437560975551605224609375">
        <ele>26.3999996185302734375</ele>
        <time>2026-08-07T09:49:10.000Z</time>
      </trkpt>
      <trkpt lat="58.01061348058283329010009765625" lon="-3.858997039496898651123046875">
        <ele>26.3999996185302734375</ele>
        <time>2026-08-07T09:49:11.000Z</time>
      </trkpt>
      <trkpt lat="58.01053066737949848175048828125" lon="-3.859239108860492706298828125">
        <ele>27.6000003814697265625</ele>
        <time>2026-08-07T09:49:16.000Z</time>
      </trkpt>
      <trkpt lat="58.0105119757354259490966796875" lon="-3.85928361676633358001708984375">
        <ele>28.200000762939453125</ele>
        <time>2026-08-07T09:49:17.000Z</time>
      </trkpt>
      <trkpt lat="58.01047928631305694580078125" lon="-3.85937682352960109710693359375">
        <ele>28.799999237060546875</ele>
        <time>2026-08-07T09:49:19.000Z</time>
      </trkpt>
      <trkpt lat="58.0103926174342632293701171875" lon="-3.85961252264678478240966796875">
        <ele>29.3999996185302734375</ele>
        <time>2026-08-07T09:49:24.000Z</time>
      </trkpt>
      <trkpt lat="58.0103235505521297454833984375" lon="-3.85970975272357463836669921875">
        <ele>29.799999237060546875</ele>
        <time>2026-08-07T09:49:27.000Z</time>
      </trkpt>
      <trkpt lat="58.01027082838118076324462890625" lon="-3.8597220741212368011474609375">
        <ele>30.200000762939453125</ele>
        <time>2026-08-07T09:49:29.000Z</time>
      </trkpt>
      <trkpt lat="58.0102293379604816436767578125" lon="-3.85976088233292102813720703125">
        <ele>30.3999996185302734375</ele>
        <time>2026-08-07T09:49:32.000Z</time>
      </trkpt>
      <trkpt lat="58.01021735183894634246826171875" lon="-3.85978904552757740020751953125">
        <ele>30.200000762939453125</ele>
        <time>2026-08-07T09:49:33.000Z</time>
      </trkpt>
      <trkpt lat="58.01020544953644275665283203125" lon="-3.85985492728650569915771484375">
        <ele>30.200000762939453125</ele>
        <time>2026-08-07T09:49:35.000Z</time>
      </trkpt>
      <trkpt lat="58.01021064631640911102294921875" lon="-3.8598783127963542938232421875">
        <ele>30.200000762939453125</ele>
        <time>2026-08-07T09:49:37.000Z</time>
      </trkpt>
      <trkpt lat="58.01021047867834568023681640625" lon="-3.8598776422441005706787109375">
        <ele>30</ele>
        <time>2026-08-07T09:49:44.000Z</time>
      </trkpt>
      <trkpt lat="58.01021047867834568023681640625" lon="-3.8598776422441005706787109375">
        <ele>30.200000762939453125</ele>
        <time>2026-08-07T09:49:52.000Z</time>
      </trkpt>
      <trkpt lat="58.01020394079387187957763671875" lon="-3.859881497919559478759765625">
        <ele>30.200000762939453125</ele>
        <time>2026-08-07T09:49:53.000Z</time>
      </trkpt>
      <trkpt lat="58.01021047867834568023681640625" lon="-3.8598776422441005706787109375">
        <ele>29.6000003814697265625</ele>
        <time>2026-08-07T09:49:58.000Z</time>
      </trkpt>
      <trkpt lat="58.01021047867834568023681640625" lon="-3.8598776422441005706787109375">
        <ele>29.6000003814697265625</ele>
        <time>2026-08-07T09:50:02.000Z</time>
      </trkpt>
      <trkpt lat="58.01019438542425632476806640625" lon="-3.8598752953112125396728515625">
        <ele>29.3999996185302734375</ele>
        <time>2026-08-07T09:50:05.000Z</time>
      </trkpt>
      <trkpt lat="58.01019472070038318634033203125" lon="-3.85987688787281513214111328125">
        <ele>30</ele>
        <time>2026-08-07T09:50:13.000Z</time>
      </trkpt>
      <trkpt lat="58.01019472070038318634033203125" lon="-3.85987688787281513214111328125">
        <ele>29.3999996185302734375</ele>
        <time>2026-08-07T09:50:23.000Z</time>
      </trkpt>
      <trkpt lat="58.01019472070038318634033203125" lon="-3.85987688787281513214111328125">
        <ele>29.6000003814697265625</ele>
        <time>2026-08-07T09:50:26.000Z</time>
      </trkpt>
      <trkpt lat="58.01019472070038318634033203125" lon="-3.85987688787281513214111328125">
        <ele>29.6000003814697265625</ele>
        <time>2026-08-07T09:50:27.000Z</time>
      </trkpt>
      <trkpt lat="58.01019472070038318634033203125" lon="-3.85987688787281513214111328125">
        <ele>29.6000003814697265625</ele>
        <time>2026-08-07T09:50:28.000Z</time>
      </trkpt>
      <trkpt lat="58.01019472070038318634033203125" lon="-3.85987688787281513214111328125">
        <ele>29.3999996185302734375</ele>
        <time>2026-08-07T09:50:29.000Z</time>
      </trkpt>
      <trkpt lat="58.01019472070038318634033203125" lon="-3.85987688787281513214111328125">
        <ele>29.3999996185302734375</ele>
        <time>2026-08-07T09:50:30.000Z</time>
      </trkpt>
      <trkpt lat="58.01019472070038318634033203125" lon="-3.85987688787281513214111328125">
        <ele>29.200000762939453125</ele>
        <time>2026-08-07T09:50:31.000Z</time>
      </trkpt>
      <trkpt lat="58.01019472070038318634033203125" lon="-3.85987688787281513214111328125">
        <ele>29.3999996185302734375</ele>
        <time>2026-08-07T09:50:39.000Z</time>
      </trkpt>
      <trkpt lat="58.01019472070038318634033203125" lon="-3.85987688787281513214111328125">
        <ele>29</ele>
        <time>2026-08-07T09:50:45.000Z</time>
      </trkpt>
      <trkpt lat="58.01019472070038318634033203125" lon="-3.85987688787281513214111328125">
        <ele>29</ele>
        <time>2026-08-07T09:50:54.000Z</time>
      </trkpt>
      <trkpt lat="58.0101971514523029327392578125" lon="-3.85989834554493427276611328125">
        <ele>29.3999996185302734375</ele>
        <time>2026-08-07T09:51:02.000Z</time>
      </trkpt>
      <trkpt lat="58.0102001689374446868896484375" lon="-3.8599081523716449737548828125">
        <ele>29.6000003814697265625</ele>
        <time>2026-08-07T09:51:08.000Z</time>
      </trkpt>
      <trkpt lat="58.01019907929003238677978515625" lon="-3.8599081523716449737548828125">
        <ele>29.3999996185302734375</ele>
        <time>2026-08-07T09:51:15.000Z</time>
      </trkpt>
      <trkpt lat="58.01019907929003238677978515625" lon="-3.8599081523716449737548828125">
        <ele>29</ele>
        <time>2026-08-07T09:51:20.000Z</time>
      </trkpt>
      <trkpt lat="58.01019907929003238677978515625" lon="-3.8599081523716449737548828125">
        <ele>28.6000003814697265625</ele>
        <time>2026-08-07T09:51:23.000Z</time>
      </trkpt>
      <trkpt lat="58.01019907929003238677978515625" lon="-3.8599081523716449737548828125">
        <ele>28.3999996185302734375</ele>
        <time>2026-08-07T09:51:27.000Z</time>
      </trkpt>
      <trkpt lat="58.01019907929003238677978515625" lon="-3.8599081523716449737548828125">
        <ele>28.3999996185302734375</ele>
        <time>2026-08-07T09:51:32.000Z</time>
      </trkpt>
      <trkpt lat="58.01019907929003238677978515625" lon="-3.8599081523716449737548828125">
        <ele>28</ele>
        <time>2026-08-07T09:51:39.000Z</time>
      </trkpt>
      <trkpt lat="58.01019907929003238677978515625" lon="-3.8599081523716449737548828125">
        <ele>28</ele>
        <time>2026-08-07T09:51:40.000Z</time>
      </trkpt>
      <trkpt lat="58.01022087223827838897705078125" lon="-3.8599379919469356536865234375">
        <ele>27.799999237060546875</ele>
        <time>2026-08-07T09:51:43.000Z</time>
      </trkpt>
      <trkpt lat="58.01023176871240139007568359375" lon="-3.85994310490787029266357421875">
        <ele>27.6000003814697265625</ele>
        <time>2026-08-07T09:51:44.000Z</time>
      </trkpt>
      <trkpt lat="58.01025532186031341552734375" lon="-3.85992969386279582977294921875">
        <ele>27.6000003814697265625</ele>
        <time>2026-08-07T09:51:45.000Z</time>
      </trkpt>
      <trkpt lat="58.010279797017574310302734375" lon="-3.85990194976329803466796875">
        <ele>27.799999237060546875</ele>
        <time>2026-08-07T09:51:46.000Z</time>
      </trkpt>
      <trkpt lat="58.01039211452007293701171875" lon="-3.85967588983476161956787109375">
        <ele>27.799999237060546875</ele>
        <time>2026-08-07T09:51:50.000Z</time>
      </trkpt>
      <trkpt lat="58.0105716548860073089599609375" lon="-3.8591966964304447174072265625">
        <ele>26.6000003814697265625</ele>
        <time>2026-08-07T09:51:55.000Z</time>
      </trkpt>
      <trkpt lat="58.0106719024479389190673828125" lon="-3.85877600871026515960693359375">
        <ele>25.3999996185302734375</ele>
        <time>2026-08-07T09:51:58.000Z</time>
      </trkpt>
      <trkpt lat="58.0107037536799907684326171875" lon="-3.858619518578052520751953125">
        <ele>24.799999237060546875</ele>
        <time>2026-08-07T09:51:59.000Z</time>
      </trkpt>
      <trkpt lat="58.01074038259685039520263671875" lon="-3.8584609329700469970703125">
        <ele>24</ele>
        <time>2026-08-07T09:52:00.000Z</time>
      </trkpt>
      <trkpt lat="58.01087348721921443939208984375" lon="-3.8578046299517154693603515625">
        <ele>23.799999237060546875</ele>
        <time>2026-08-07T09:52:04.000Z</time>
      </trkpt>
      <trkpt lat="58.01096183247864246368408203125" lon="-3.85724865831434726715087890625">
        <ele>24.3999996185302734375</ele>
        <time>2026-08-07T09:52:08.000Z</time>
      </trkpt>
      <trkpt lat="58.01099024713039398193359375" lon="-3.857023604214191436767578125">
        <ele>24.200000762939453125</ele>
        <time>2026-08-07T09:52:10.000Z</time>
      </trkpt>
      <trkpt lat="58.011033497750759124755859375" lon="-3.85669947601854801177978515625">
        <ele>24.200000762939453125</ele>
        <time>2026-08-07T09:52:13.000Z</time>
      </trkpt>
      <trkpt lat="58.01107096485793590545654296875" lon="-3.8561818934977054595947265625">
        <ele>25.200000762939453125</ele>
        <time>2026-08-07T09:52:18.000Z</time>
      </trkpt>
      <trkpt lat="58.01112812943756580352783203125" lon="-3.8554167933762073516845703125">
        <ele>24.799999237060546875</ele>
        <time>2026-08-07T09:52:24.000Z</time>
      </trkpt>
      <trkpt lat="58.01121823489665985107421875" lon="-3.85469854809343814849853515625">
        <ele>25.200000762939453125</ele>
        <time>2026-08-07T09:52:30.000Z</time>
      </trkpt>
      <trkpt lat="58.01127322018146514892578125" lon="-3.8544371165335178375244140625">
        <ele>24.3999996185302734375</ele>
        <time>2026-08-07T09:52:32.000Z</time>
      </trkpt>
      <trkpt lat="58.01129425875842571258544921875" lon="-3.85429386980831623077392578125">
        <ele>24.200000762939453125</ele>
        <time>2026-08-07T09:52:33.000Z</time>
      </trkpt>
      <trkpt lat="58.0113206617534160614013671875" lon="-3.854147605597972869873046875">
        <ele>23.799999237060546875</ele>
        <time>2026-08-07T09:52:34.000Z</time>
      </trkpt>
      <trkpt lat="58.01134957931935787200927734375" lon="-3.853993713855743408203125">
        <ele>23.200000762939453125</ele>
        <time>2026-08-07T09:52:35.000Z</time>
      </trkpt>
      <trkpt lat="58.01137858070433139801025390625" lon="-3.85382984764873981475830078125">
        <ele>22.6000003814697265625</ele>
        <time>2026-08-07T09:52:36.000Z</time>
      </trkpt>
      <trkpt lat="58.011409342288970947265625" lon="-3.85364972054958343505859375">
        <ele>21.799999237060546875</ele>
        <time>2026-08-07T09:52:37.000Z</time>
      </trkpt>
      <trkpt lat="58.01145267672836780548095703125" lon="-3.85347898118197917938232421875">
        <ele>21.200000762939453125</ele>
        <time>2026-08-07T09:52:38.000Z</time>
      </trkpt>
      <trkpt lat="58.0115121044218540191650390625" lon="-3.85331838391721248626708984375">
        <ele>20.6000003814697265625</ele>
        <time>2026-08-07T09:52:39.000Z</time>
      </trkpt>
      <trkpt lat="58.01158997230231761932373046875" lon="-3.85318729095160961151123046875">
        <ele>20.200000762939453125</ele>
        <time>2026-08-07T09:52:40.000Z</time>
      </trkpt>
      <trkpt lat="58.01176364533603191375732421875" lon="-3.85302535258233547210693359375">
        <ele>19.799999237060546875</ele>
        <time>2026-08-07T09:52:42.000Z</time>
      </trkpt>
      <trkpt lat="58.01199750043451786041259765625" lon="-3.8529776595532894134521484375">
        <ele>19.799999237060546875</ele>
        <time>2026-08-07T09:52:45.000Z</time>
      </trkpt>
      <trkpt lat="58.0122332833707332611083984375" lon="-3.85303013026714324951171875">
        <ele>21.3999996185302734375</ele>
        <time>2026-08-07T09:52:49.000Z</time>
      </trkpt>
      <trkpt lat="58.01232892088592052459716796875" lon="-3.8530644960701465606689453125">
        <ele>22.6000003814697265625</ele>
        <time>2026-08-07T09:52:51.000Z</time>
      </trkpt>
      <trkpt lat="58.01247577182948589324951171875" lon="-3.8531087525188922882080078125">
        <ele>24</ele>
        <time>2026-08-07T09:52:54.000Z</time>
      </trkpt>
      <trkpt lat="58.0126550607383251190185546875" lon="-3.85316465981304645538330078125">
        <ele>24.799999237060546875</ele>
        <time>2026-08-07T09:52:59.000Z</time>
      </trkpt>
      <trkpt lat="58.01269437186419963836669921875" lon="-3.8531716167926788330078125">
        <ele>24.799999237060546875</ele>
        <time>2026-08-07T09:53:00.000Z</time>
      </trkpt>
      <trkpt lat="58.01288522779941558837890625" lon="-3.85322861373424530029296875">
        <ele>24.799999237060546875</ele>
        <time>2026-08-07T09:53:04.000Z</time>
      </trkpt>
      <trkpt lat="58.0129370279610157012939453125" lon="-3.85325007140636444091796875">
        <ele>25</ele>
        <time>2026-08-07T09:53:05.000Z</time>
      </trkpt>
      <trkpt lat="58.01309066824615001678466796875" lon="-3.8532965071499347686767578125">
        <ele>24.799999237060546875</ele>
        <time>2026-08-07T09:53:08.000Z</time>
      </trkpt>
      <trkpt lat="58.0131415463984012603759765625" lon="-3.85331771336495876312255859375">
        <ele>24.799999237060546875</ele>
        <time>2026-08-07T09:53:09.000Z</time>
      </trkpt>
      <trkpt lat="58.01318831741809844970703125" lon="-3.8533300347626209259033203125">
        <ele>24.799999237060546875</ele>
        <time>2026-08-07T09:53:10.000Z</time>
      </trkpt>
      <trkpt lat="58.0132847093045711517333984375" lon="-3.85336163453757762908935546875">
        <ele>24.799999237060546875</ele>
        <time>2026-08-07T09:53:12.000Z</time>
      </trkpt>
      <trkpt lat="58.0134372599422931671142578125" lon="-3.85341125540435314178466796875">
        <ele>24.799999237060546875</ele>
        <time>2026-08-07T09:53:15.000Z</time>
      </trkpt>
      <trkpt lat="58.0138010345399379730224609375" lon="-3.853536061942577362060546875">
        <ele>24.200000762939453125</ele>
        <time>2026-08-07T09:53:22.000Z</time>
      </trkpt>
      <trkpt lat="58.0141232348978519439697265625" lon="-3.8536525703966617584228515625">
        <ele>24.799999237060546875</ele>
        <time>2026-08-07T09:53:28.000Z</time>
      </trkpt>
      <trkpt lat="58.01417293958365917205810546875" lon="-3.85367193259298801422119140625">
        <ele>24.6000003814697265625</ele>
        <time>2026-08-07T09:53:29.000Z</time>
      </trkpt>
      <trkpt lat="58.01439262926578521728515625" lon="-3.85375474579632282257080078125">
        <ele>24.6000003814697265625</ele>
        <time>2026-08-07T09:53:34.000Z</time>
      </trkpt>
      <trkpt lat="58.0146110616624355316162109375" lon="-3.85385348461568355560302734375">
        <ele>24</ele>
        <time>2026-08-07T09:53:40.000Z</time>
      </trkpt>
      <trkpt lat="58.01463210023939609527587890625" lon="-3.85386186651885509490966796875">
        <ele>24.200000762939453125</ele>
        <time>2026-08-07T09:53:41.000Z</time>
      </trkpt>
      <trkpt lat="58.01465037278831005096435546875" lon="-3.85386521928012371063232421875">
        <ele>24.200000762939453125</ele>
        <time>2026-08-07T09:53:42.000Z</time>
      </trkpt>
      <trkpt lat="58.0146603472530841827392578125" lon="-3.85386832058429718017578125">
        <ele>24.6000003814697265625</ele>
        <time>2026-08-07T09:53:43.000Z</time>
      </trkpt>
      <trkpt lat="58.01466361619532108306884765625" lon="-3.85387360118329524993896484375">
        <ele>24.799999237060546875</ele>
        <time>2026-08-07T09:53:44.000Z</time>
      </trkpt>
      <trkpt lat="58.0146642029285430908203125" lon="-3.8538728468120098114013671875">
        <ele>25</ele>
        <time>2026-08-07T09:53:50.000Z</time>
      </trkpt>
      <trkpt lat="58.01466428674757480621337890625" lon="-3.85387360118329524993896484375">
        <ele>24.799999237060546875</ele>
        <time>2026-08-07T09:53:51.000Z</time>
      </trkpt>
      <trkpt lat="58.0146623589098453521728515625" lon="-3.85387837886810302734375">
        <ele>24.6000003814697265625</ele>
        <time>2026-08-07T09:53:52.000Z</time>
      </trkpt>
      <trkpt lat="58.0146642029285430908203125" lon="-3.8538728468120098114013671875">
        <ele>24.200000762939453125</ele>
        <time>2026-08-07T09:53:58.000Z</time>
      </trkpt>
      <trkpt lat="58.0146642029285430908203125" lon="-3.8538728468120098114013671875">
        <ele>24</ele>
        <time>2026-08-07T09:54:04.000Z</time>
      </trkpt>
      <trkpt lat="58.01467602141201496124267578125" lon="-3.8538852520287036895751953125">
        <ele>24</ele>
        <time>2026-08-07T09:54:07.000Z</time>
      </trkpt>
      <trkpt lat="58.0146764405071735382080078125" lon="-3.85388550348579883575439453125">
        <ele>24</ele>
        <time>2026-08-07T09:54:08.000Z</time>
      </trkpt>
      <trkpt lat="58.0146888457238674163818359375" lon="-3.85387879796326160430908203125">
        <ele>24</ele>
        <time>2026-08-07T09:54:09.000Z</time>
      </trkpt>
      <trkpt lat="58.014696724712848663330078125" lon="-3.85387762449681758880615234375">
        <ele>23.799999237060546875</ele>
        <time>2026-08-07T09:54:10.000Z</time>
      </trkpt>
      <trkpt lat="58.01470049656927585601806640625" lon="-3.85386052541434764862060546875">
        <ele>23.799999237060546875</ele>
        <time>2026-08-07T09:54:11.000Z</time>
      </trkpt>
      <trkpt lat="58.0147029273211956024169921875" lon="-3.85383705608546733856201171875">
        <ele>23.6000003814697265625</ele>
        <time>2026-08-07T09:54:12.000Z</time>
      </trkpt>
      <trkpt lat="58.0146995745599269866943359375" lon="-3.8538108207285404205322265625">
        <ele>23.3999996185302734375</ele>
        <time>2026-08-07T09:54:13.000Z</time>
      </trkpt>
      <trkpt lat="58.01467015407979488372802734375" lon="-3.85368802584707736968994140625">
        <ele>23.200000762939453125</ele>
        <time>2026-08-07T09:54:17.000Z</time>
      </trkpt>
      <trkpt lat="58.0146191082894802093505859375" lon="-3.85353899560868740081787109375">
        <ele>23.200000762939453125</ele>
        <time>2026-08-07T09:54:23.000Z</time>
      </trkpt>
      <trkpt lat="58.01456688903272151947021484375" lon="-3.85348887182772159576416015625">
        <ele>23</ele>
        <time>2026-08-07T09:54:26.000Z</time>
      </trkpt>
      <trkpt lat="58.0145453475415706634521484375" lon="-3.853478729724884033203125">
        <ele>22.799999237060546875</ele>
        <time>2026-08-07T09:54:27.000Z</time>
      </trkpt>
      <trkpt lat="58.01450570113956928253173828125" lon="-3.85345651768147945404052734375">
        <ele>22.799999237060546875</ele>
        <time>2026-08-07T09:54:29.000Z</time>
      </trkpt>
      <trkpt lat="58.01438994705677032470703125" lon="-3.85341125540435314178466796875">
        <ele>22.6000003814697265625</ele>
        <time>2026-08-07T09:54:33.000Z</time>
      </trkpt>
      <trkpt lat="58.01438282243907451629638671875" lon="-3.85337487794458866119384765625">
        <ele>22.6000003814697265625</ele>
        <time>2026-08-07T09:54:34.000Z</time>
      </trkpt>
      <trkpt lat="58.01438651047646999359130859375" lon="-3.85330664925277233123779296875">
        <ele>22.3999996185302734375</ele>
        <time>2026-08-07T09:54:36.000Z</time>
      </trkpt>
      <trkpt lat="58.01437276415526866912841796875" lon="-3.8531662523746490478515625">
        <ele>22.6000003814697265625</ele>
        <time>2026-08-07T09:54:42.000Z</time>
      </trkpt>
      <trkpt lat="58.01438047550618648529052734375" lon="-3.85315091349184513092041015625">
        <ele>22.6000003814697265625</ele>
        <time>2026-08-07T09:54:44.000Z</time>
      </trkpt>
      <trkpt lat="58.01437645219266414642333984375" lon="-3.85315996594727039337158203125">
        <ele>22.6000003814697265625</ele>
        <time>2026-08-07T09:54:48.000Z</time>
      </trkpt>
      <trkpt lat="58.01435382105410099029541015625" lon="-3.85317991487681865692138671875">
        <ele>22.200000762939453125</ele>
        <time>2026-08-07T09:54:53.000Z</time>
      </trkpt>
      <trkpt lat="58.0143485404551029205322265625" lon="-3.8531796634197235107421875">
        <ele>22.200000762939453125</ele>
        <time>2026-08-07T09:54:54.000Z</time>
      </trkpt>
      <trkpt lat="58.01434476859867572784423828125" lon="-3.853175975382328033447265625">
        <ele>22</ele>
        <time>2026-08-07T09:54:55.000Z</time>
      </trkpt>
      <trkpt lat="58.01433739252388477325439453125" lon="-3.85317807085812091827392578125">
        <ele>22</ele>
        <time>2026-08-07T09:54:58.000Z</time>
      </trkpt>
      <trkpt lat="58.01433362066745758056640625" lon="-3.85318829677999019622802734375">
        <ele>22</ele>
        <time>2026-08-07T09:54:59.000Z</time>
      </trkpt>
      <trkpt lat="58.01430721767246723175048828125" lon="-3.85322199203073978424072265625">
        <ele>22.200000762939453125</ele>
        <time>2026-08-07T09:55:01.000Z</time>
      </trkpt>
      <trkpt lat="58.014302439987659454345703125" lon="-3.8532686792314052581787109375">
        <ele>22.3999996185302734375</ele>
        <time>2026-08-07T09:55:02.000Z</time>
      </trkpt>
      <trkpt lat="58.01430948078632354736328125" lon="-3.85339264757931232452392578125">
        <ele>22.3999996185302734375</ele>
        <time>2026-08-07T09:55:05.000Z</time>
      </trkpt>
      <trkpt lat="58.01438458263874053955078125" lon="-3.85341410525143146514892578125">
        <ele>22.200000762939453125</ele>
        <time>2026-08-07T09:55:08.000Z</time>
      </trkpt>
      <trkpt lat="58.01457107998430728912353515625" lon="-3.8535104133188724517822265625">
        <ele>22.3999996185302734375</ele>
        <time>2026-08-07T09:55:13.000Z</time>
      </trkpt>
      <trkpt lat="58.01462866365909576416015625" lon="-3.85348451323807239532470703125">
        <ele>22.3999996185302734375</ele>
        <time>2026-08-07T09:55:15.000Z</time>
      </trkpt>
      <trkpt lat="58.01465213298797607421875" lon="-3.8534467108547687530517578125">
        <ele>22.3999996185302734375</ele>
        <time>2026-08-07T09:55:16.000Z</time>
      </trkpt>
      <trkpt lat="58.01466059871017932891845703125" lon="-3.85340304113924503326416015625">
        <ele>22.3999996185302734375</ele>
        <time>2026-08-07T09:55:17.000Z</time>
      </trkpt>
      <trkpt lat="58.01469680853188037872314453125" lon="-3.85326658375561237335205078125">
        <ele>22.3999996185302734375</ele>
        <time>2026-08-07T09:55:20.000Z</time>
      </trkpt>
      <trkpt lat="58.0146990716457366943359375" lon="-3.853216208517551422119140625">
        <ele>22.200000762939453125</ele>
        <time>2026-08-07T09:55:21.000Z</time>
      </trkpt>
      <trkpt lat="58.01468557678163051605224609375" lon="-3.8531754724681377410888671875">
        <ele>22.200000762939453125</ele>
        <time>2026-08-07T09:55:22.000Z</time>
      </trkpt>
      <trkpt lat="58.01465012133121490478515625" lon="-3.8531382568180561065673828125">
        <ele>22.3999996185302734375</ele>
        <time>2026-08-07T09:55:24.000Z</time>
      </trkpt>
      <trkpt lat="58.0146529711782932281494140625" lon="-3.85313800536096096038818359375">
        <ele>22.3999996185302734375</ele>
        <time>2026-08-07T09:55:27.000Z</time>
      </trkpt>
      <trkpt lat="58.0146529711782932281494140625" lon="-3.85313800536096096038818359375">
        <ele>22</ele>
        <time>2026-08-07T09:55:33.000Z</time>
      </trkpt>
      <trkpt lat="58.0146529711782932281494140625" lon="-3.85313800536096096038818359375">
        <ele>22.200000762939453125</ele>
        <time>2026-08-07T09:55:40.000Z</time>
      </trkpt>
      <trkpt lat="58.01463981159031391143798828125" lon="-3.85312995873391628265380859375">
        <ele>22.200000762939453125</ele>
        <time>2026-08-07T09:55:48.000Z</time>
      </trkpt>
      <trkpt lat="58.0146288312971591949462890625" lon="-3.85313599370419979095458984375">
        <ele>22</ele>
        <time>2026-08-07T09:55:51.000Z</time>
      </trkpt>
      <trkpt lat="58.0146253108978271484375" lon="-3.85313867591321468353271484375">
        <ele>21.799999237060546875</ele>
        <time>2026-08-07T09:55:54.000Z</time>
      </trkpt>
      <trkpt lat="58.01462690345942974090576171875" lon="-3.85312811471521854400634765625">
        <ele>22</ele>
        <time>2026-08-07T09:56:02.000Z</time>
      </trkpt>
      <trkpt lat="58.01462522707879543304443359375" lon="-3.85312844999134540557861328125">
        <ele>21.799999237060546875</ele>
        <time>2026-08-07T09:56:03.000Z</time>
      </trkpt>
      <trkpt lat="58.0146284960210323333740234375" lon="-3.85312610305845737457275390625">
        <ele>21.3999996185302734375</ele>
        <time>2026-08-07T09:56:04.000Z</time>
      </trkpt>
      <trkpt lat="58.01462908275425434112548828125" lon="-3.8531235046684741973876953125">
        <ele>21.200000762939453125</ele>
        <time>2026-08-07T09:56:05.000Z</time>
      </trkpt>
      <trkpt lat="58.01463981159031391143798828125" lon="-3.85312995873391628265380859375">
        <ele>21</ele>
        <time>2026-08-07T09:56:07.000Z</time>
      </trkpt>
      <trkpt lat="58.01463981159031391143798828125" lon="-3.85312995873391628265380859375">
        <ele>21</ele>
        <time>2026-08-07T09:56:10.000Z</time>
      </trkpt>
      <trkpt lat="58.01463981159031391143798828125" lon="-3.85312995873391628265380859375">
        <ele>21</ele>
        <time>2026-08-07T09:56:14.000Z</time>
      </trkpt>
      <trkpt lat="58.01463981159031391143798828125" lon="-3.85312995873391628265380859375">
        <ele>20.799999237060546875</ele>
        <time>2026-08-07T09:56:19.000Z</time>
      </trkpt>
      <trkpt lat="58.01462539471685886383056640625" lon="-3.85311671532690525054931640625">
        <ele>20.6000003814697265625</ele>
        <time>2026-08-07T09:56:25.000Z</time>
      </trkpt>
      <trkpt lat="58.01462539471685886383056640625" lon="-3.85311671532690525054931640625">
        <ele>20.799999237060546875</ele>
        <time>2026-08-07T09:56:28.000Z</time>
      </trkpt>
      <trkpt lat="58.01462539471685886383056640625" lon="-3.85311671532690525054931640625">
        <ele>20.6000003814697265625</ele>
        <time>2026-08-07T09:56:34.000Z</time>
      </trkpt>
      <trkpt lat="58.01461500115692615509033203125" lon="-3.85310514830052852630615234375">
        <ele>20.799999237060546875</ele>
        <time>2026-08-07T09:56:38.000Z</time>
      </trkpt>
      <trkpt lat="58.0146120674908161163330078125" lon="-3.85312006808817386627197265625">
        <ele>20.799999237060546875</ele>
        <time>2026-08-07T09:56:40.000Z</time>
      </trkpt>
      <trkpt lat="58.01462539471685886383056640625" lon="-3.85311671532690525054931640625">
        <ele>20.3999996185302734375</ele>
        <time>2026-08-07T09:56:45.000Z</time>
      </trkpt>
      <trkpt lat="58.01462539471685886383056640625" lon="-3.85311671532690525054931640625">
        <ele>20.200000762939453125</ele>
        <time>2026-08-07T09:56:47.000Z</time>
      </trkpt>
      <trkpt lat="58.01462539471685886383056640625" lon="-3.85311671532690525054931640625">
        <ele>19.799999237060546875</ele>
        <time>2026-08-07T09:56:54.000Z</time>
      </trkpt>
      <trkpt lat="58.01462539471685886383056640625" lon="-3.85311671532690525054931640625">
        <ele>19.799999237060546875</ele>
        <time>2026-08-07T09:56:55.000Z</time>
      </trkpt>
      <trkpt lat="58.01462539471685886383056640625" lon="-3.85311671532690525054931640625">
        <ele>19.799999237060546875</ele>
        <time>2026-08-07T09:57:03.000Z</time>
      </trkpt>
      <trkpt lat="58.01462539471685886383056640625" lon="-3.85311671532690525054931640625">
        <ele>19.6000003814697265625</ele>
        <time>2026-08-07T09:57:12.000Z</time>
      </trkpt>
      <trkpt lat="58.01462288014590740203857421875" lon="-3.85319232009351253509521484375">
        <ele>19.6000003814697265625</ele>
        <time>2026-08-07T09:57:17.000Z</time>
      </trkpt>
      <trkpt lat="58.014625646173954010009765625" lon="-3.8532026298344135284423828125">
        <ele>19.6000003814697265625</ele>
        <time>2026-08-07T09:57:26.000Z</time>
      </trkpt>
      <trkpt lat="58.01462598145008087158203125" lon="-3.85319164954125881195068359375">
        <ele>19.6000003814697265625</ele>
        <time>2026-08-07T09:57:31.000Z</time>
      </trkpt>
      <trkpt lat="58.0146274901926517486572265625" lon="-3.853170610964298248291015625">
        <ele>19.6000003814697265625</ele>
        <time>2026-08-07T09:57:34.000Z</time>
      </trkpt>
      <trkpt lat="58.0146238021552562713623046875" lon="-3.85317790322005748748779296875">
        <ele>19.3999996185302734375</ele>
        <time>2026-08-07T09:57:38.000Z</time>
      </trkpt>
      <trkpt lat="58.0146238021552562713623046875" lon="-3.85317790322005748748779296875">
        <ele>19.200000762939453125</ele>
        <time>2026-08-07T09:57:41.000Z</time>
      </trkpt>
      <trkpt lat="58.0146238021552562713623046875" lon="-3.85317790322005748748779296875">
        <ele>19.799999237060546875</ele>
        <time>2026-08-07T09:57:45.000Z</time>
      </trkpt>
      <trkpt lat="58.0146238021552562713623046875" lon="-3.85317790322005748748779296875">
        <ele>19.799999237060546875</ele>
        <time>2026-08-07T09:57:46.000Z</time>
      </trkpt>
      <trkpt lat="58.0146238021552562713623046875" lon="-3.85317790322005748748779296875">
        <ele>19.799999237060546875</ele>
        <time>2026-08-07T09:57:47.000Z</time>
      </trkpt>
      <trkpt lat="58.0146238021552562713623046875" lon="-3.85317790322005748748779296875">
        <ele>19.799999237060546875</ele>
        <time>2026-08-07T09:57:48.000Z</time>
      </trkpt>
      <trkpt lat="58.0146238021552562713623046875" lon="-3.85317790322005748748779296875">
        <ele>19.799999237060546875</ele>
        <time>2026-08-07T09:57:49.000Z</time>
      </trkpt>
      <trkpt lat="58.01460175774991512298583984375" lon="-3.8531744666397571563720703125">
        <ele>19.799999237060546875</ele>
        <time>2026-08-07T09:57:56.000Z</time>
      </trkpt>
      <trkpt lat="58.0145808868110179901123046875" lon="-3.85320355184376239776611328125">
        <ele>19.799999237060546875</ele>
        <time>2026-08-07T09:58:05.000Z</time>
      </trkpt>
      <trkpt lat="58.014580719172954559326171875" lon="-3.8532237522304058074951171875">
        <ele>19.799999237060546875</ele>
        <time>2026-08-07T09:58:08.000Z</time>
      </trkpt>
      <trkpt lat="58.014583401381969451904296875" lon="-3.8532314635813236236572265625">
        <ele>19.799999237060546875</ele>
        <time>2026-08-07T09:58:11.000Z</time>
      </trkpt>
      <trkpt lat="58.01459237001836299896240234375" lon="-3.85322266258299350738525390625">
        <ele>19.799999237060546875</ele>
        <time>2026-08-07T09:58:17.000Z</time>
      </trkpt>
      <trkpt lat="58.01459237001836299896240234375" lon="-3.85322266258299350738525390625">
        <ele>19.799999237060546875</ele>
        <time>2026-08-07T09:58:24.000Z</time>
      </trkpt>
      <trkpt lat="58.01459237001836299896240234375" lon="-3.85322266258299350738525390625">
        <ele>19.799999237060546875</ele>
        <time>2026-08-07T09:58:32.000Z</time>
      </trkpt>
      <trkpt lat="58.01459237001836299896240234375" lon="-3.85322266258299350738525390625">
        <ele>19.799999237060546875</ele>
        <time>2026-08-07T09:58:35.000Z</time>
      </trkpt>
      <trkpt lat="58.01459237001836299896240234375" lon="-3.85322266258299350738525390625">
        <ele>19.799999237060546875</ele>
        <time>2026-08-07T09:58:39.000Z</time>
      </trkpt>
      <trkpt lat="58.01459237001836299896240234375" lon="-3.85322266258299350738525390625">
        <ele>19.799999237060546875</ele>
        <time>2026-08-07T09:58:42.000Z</time>
      </trkpt>
      <trkpt lat="58.01459237001836299896240234375" lon="-3.85322266258299350738525390625">
        <ele>19.799999237060546875</ele>
        <time>2026-08-07T09:58:45.000Z</time>
      </trkpt>
      <trkpt lat="58.01459237001836299896240234375" lon="-3.85322266258299350738525390625">
        <ele>19.799999237060546875</ele>
        <time>2026-08-07T09:58:50.000Z</time>
      </trkpt>
      <trkpt lat="58.01459237001836299896240234375" lon="-3.85322266258299350738525390625">
        <ele>19.799999237060546875</ele>
        <time>2026-08-07T09:58:52.000Z</time>
      </trkpt>
      <trkpt lat="58.01459237001836299896240234375" lon="-3.85322266258299350738525390625">
        <ele>19.799999237060546875</ele>
        <time>2026-08-07T09:59:00.000Z</time>
      </trkpt>
      <trkpt lat="58.01459237001836299896240234375" lon="-3.85322266258299350738525390625">
        <ele>19.799999237060546875</ele>
        <time>2026-08-07T09:59:02.000Z</time>
      </trkpt>
      <trkpt lat="58.01459237001836299896240234375" lon="-3.85322266258299350738525390625">
        <ele>19.799999237060546875</ele>
        <time>2026-08-07T09:59:07.000Z</time>
      </trkpt>
      <trkpt lat="58.01459237001836299896240234375" lon="-3.85322266258299350738525390625">
        <ele>19.799999237060546875</ele>
        <time>2026-08-07T09:59:13.000Z</time>
      </trkpt>
      <trkpt lat="58.01459237001836299896240234375" lon="-3.85322266258299350738525390625">
        <ele>19.799999237060546875</ele>
        <time>2026-08-07T09:59:18.000Z</time>
      </trkpt>
      <trkpt lat="58.01459237001836299896240234375" lon="-3.85322266258299350738525390625">
        <ele>17.799999237060546875</ele>
        <time>2026-08-07T09:59:21.000Z</time>
      </trkpt>
      <trkpt lat="58.01459237001836299896240234375" lon="-3.85322266258299350738525390625">
        <ele>17.6000003814697265625</ele>
        <time>2026-08-07T09:59:29.000Z</time>
      </trkpt>
      <trkpt lat="58.01459237001836299896240234375" lon="-3.85322266258299350738525390625">
        <ele>18.200000762939453125</ele>
        <time>2026-08-07T09:59:35.000Z</time>
      </trkpt>
      <trkpt lat="58.01459237001836299896240234375" lon="-3.85322266258299350738525390625">
        <ele>18.3999996185302734375</ele>
        <time>2026-08-07T09:59:37.000Z</time>
      </trkpt>
      <trkpt lat="58.01459237001836299896240234375" lon="-3.85322266258299350738525390625">
        <ele>18.200000762939453125</ele>
        <time>2026-08-07T09:59:43.000Z</time>
      </trkpt>
      <trkpt lat="58.01459237001836299896240234375" lon="-3.85322266258299350738525390625">
        <ele>18.6000003814697265625</ele>
        <time>2026-08-07T09:59:51.000Z</time>
      </trkpt>
      <trkpt lat="58.01459890790283679962158203125" lon="-3.8531996123492717742919921875">
        <ele>18.6000003814697265625</ele>
        <time>2026-08-07T09:59:58.000Z</time>
      </trkpt>
      <trkpt lat="58.0145998299121856689453125" lon="-3.853199444711208343505859375">
        <ele>18.6000003814697265625</ele>
        <time>2026-08-07T10:00:04.000Z</time>
      </trkpt>
      <trkpt lat="58.01461650989949703216552734375" lon="-3.85319718159735202789306640625">
        <ele>18.6000003814697265625</ele>
        <time>2026-08-07T10:00:06.000Z</time>
      </trkpt>
      <trkpt lat="58.01463746465742588043212890625" lon="-3.85320120491087436676025390625">
        <ele>19</ele>
        <time>2026-08-07T10:00:09.000Z</time>
      </trkpt>
      <trkpt lat="58.01463981159031391143798828125" lon="-3.85320908389985561370849609375">
        <ele>19</ele>
        <time>2026-08-07T10:00:10.000Z</time>
      </trkpt>
      <trkpt lat="58.01463134586811065673828125" lon="-3.85320556350052356719970703125">
        <ele>19.200000762939453125</ele>
        <time>2026-08-07T10:00:15.000Z</time>
      </trkpt>
      <trkpt lat="58.0146318487823009490966796875" lon="-3.85321109555661678314208984375">
        <ele>19.6000003814697265625</ele>
        <time>2026-08-07T10:00:21.000Z</time>
      </trkpt>
      <trkpt lat="58.0146293342113494873046875" lon="-3.8532170467078685760498046875">
        <ele>19.3999996185302734375</ele>
        <time>2026-08-07T10:00:27.000Z</time>
      </trkpt>
      <trkpt lat="58.01464685238897800445556640625" lon="-3.8531929068267345428466796875">
        <ele>19.3999996185302734375</ele>
        <time>2026-08-07T10:00:32.000Z</time>
      </trkpt>
      <trkpt lat="58.014647103846073150634765625" lon="-3.853196091949939727783203125">
        <ele>19.3999996185302734375</ele>
        <time>2026-08-07T10:00:33.000Z</time>
      </trkpt>
      <trkpt lat="58.01464852876961231231689453125" lon="-3.85320187546312808990478515625">
        <ele>19.6000003814697265625</ele>
        <time>2026-08-07T10:00:38.000Z</time>
      </trkpt>
      <trkpt lat="58.01464852876961231231689453125" lon="-3.85320187546312808990478515625">
        <ele>19.6000003814697265625</ele>
        <time>2026-08-07T10:00:39.000Z</time>
      </trkpt>
      <trkpt lat="58.01464852876961231231689453125" lon="-3.85320187546312808990478515625">
        <ele>19.3999996185302734375</ele>
        <time>2026-08-07T10:00:40.000Z</time>
      </trkpt>
      <trkpt lat="58.0146462656557559967041015625" lon="-3.85320179164409637451171875">
        <ele>19.200000762939453125</ele>
        <time>2026-08-07T10:00:45.000Z</time>
      </trkpt>
      <trkpt lat="58.01464903168380260467529296875" lon="-3.85320179164409637451171875">
        <ele>20</ele>
        <time>2026-08-07T10:00:49.000Z</time>
      </trkpt>
      <trkpt lat="58.014658503234386444091796875" lon="-3.85320455767214298248291015625">
        <ele>19.799999237060546875</ele>
        <time>2026-08-07T10:00:53.000Z</time>
      </trkpt>
      <trkpt lat="58.01464886404573917388916015625" lon="-3.853214196860790252685546875">
        <ele>19.6000003814697265625</ele>
        <time>2026-08-07T10:00:54.000Z</time>
      </trkpt>
      <trkpt lat="58.01465406082570552825927734375" lon="-3.8532180525362491607666015625">
        <ele>19.6000003814697265625</ele>
        <time>2026-08-07T10:00:59.000Z</time>
      </trkpt>
      <trkpt lat="58.01467333920300006866455078125" lon="-3.85320036672055721282958984375">
        <ele>20</ele>
        <time>2026-08-07T10:01:05.000Z</time>
      </trkpt>
      <trkpt lat="58.01468691788613796234130859375" lon="-3.85319198481738567352294921875">
        <ele>20.3999996185302734375</ele>
        <time>2026-08-07T10:01:12.000Z</time>
      </trkpt>
      <trkpt lat="58.014681302011013031005859375" lon="-3.85319131426513195037841796875">
        <ele>20.200000762939453125</ele>
        <time>2026-08-07T10:01:14.000Z</time>
      </trkpt>
      <trkpt lat="58.01467618905007839202880859375" lon="-3.8531982712447643280029296875">
        <ele>20.3999996185302734375</ele>
        <time>2026-08-07T10:01:17.000Z</time>
      </trkpt>
      <trkpt lat="58.0146771110594272613525390625" lon="-3.85320019908249378204345703125">
        <ele>20.6000003814697265625</ele>
        <time>2026-08-07T10:01:20.000Z</time>
      </trkpt>
      <trkpt lat="58.0146771110594272613525390625" lon="-3.85320019908249378204345703125">
        <ele>20.3999996185302734375</ele>
        <time>2026-08-07T10:01:24.000Z</time>
      </trkpt>
      <trkpt lat="58.0146781168878078460693359375" lon="-3.8531979359686374664306640625">
        <ele>20.3999996185302734375</ele>
        <time>2026-08-07T10:01:29.000Z</time>
      </trkpt>
      <trkpt lat="58.0146771110594272613525390625" lon="-3.85320019908249378204345703125">
        <ele>20.3999996185302734375</ele>
        <time>2026-08-07T10:01:34.000Z</time>
      </trkpt>
      <trkpt lat="58.0146734230220317840576171875" lon="-3.8531858660280704498291015625">
        <ele>20.6000003814697265625</ele>
        <time>2026-08-07T10:01:37.000Z</time>
      </trkpt>
      <trkpt lat="58.0146771110594272613525390625" lon="-3.85320019908249378204345703125">
        <ele>20.6000003814697265625</ele>
        <time>2026-08-07T10:01:38.000Z</time>
      </trkpt>
      <trkpt lat="58.0146871693432331085205078125" lon="-3.85318175889551639556884765625">
        <ele>20.6000003814697265625</ele>
        <time>2026-08-07T10:01:44.000Z</time>
      </trkpt>
      <trkpt lat="58.01468423567712306976318359375" lon="-3.8531727902591228485107421875">
        <ele>20.6000003814697265625</ele>
        <time>2026-08-07T10:01:46.000Z</time>
      </trkpt>
      <trkpt lat="58.01470510661602020263671875" lon="-3.85317404754459857940673828125">
        <ele>20.3999996185302734375</ele>
        <time>2026-08-07T10:01:48.000Z</time>
      </trkpt>
      <trkpt lat="58.01468574441969394683837890625" lon="-3.853176645934581756591796875">
        <ele>19.799999237060546875</ele>
        <time>2026-08-07T10:01:54.000Z</time>
      </trkpt>
      <trkpt lat="58.01468507386744022369384765625" lon="-3.85318930260837078094482421875">
        <ele>19.799999237060546875</ele>
        <time>2026-08-07T10:01:59.000Z</time>
      </trkpt>
      <trkpt lat="58.01469278521835803985595703125" lon="-3.853191398084163665771484375">
        <ele>19.200000762939453125</ele>
        <time>2026-08-07T10:02:05.000Z</time>
      </trkpt>
      <trkpt lat="58.0147052742540836334228515625" lon="-3.85321008972823619842529296875">
        <ele>19.200000762939453125</ele>
        <time>2026-08-07T10:02:07.000Z</time>
      </trkpt>
      <trkpt lat="58.0147025920450687408447265625" lon="-3.85318142361938953399658203125">
        <ele>19</ele>
        <time>2026-08-07T10:02:09.000Z</time>
      </trkpt>
      <trkpt lat="58.0147029273211956024169921875" lon="-3.8531674258410930633544921875">
        <ele>19</ele>
        <time>2026-08-07T10:02:11.000Z</time>
      </trkpt>
      <trkpt lat="58.01471021957695484161376953125" lon="-3.85316424071788787841796875">
        <ele>19.200000762939453125</ele>
        <time>2026-08-07T10:02:15.000Z</time>
      </trkpt>
      <trkpt lat="58.01470133475959300994873046875" lon="-3.8531744666397571563720703125">
        <ele>19.3999996185302734375</ele>
        <time>2026-08-07T10:02:20.000Z</time>
      </trkpt>
      <trkpt lat="58.0146948806941509246826171875" lon="-3.85320983827114105224609375">
        <ele>19.200000762939453125</ele>
        <time>2026-08-07T10:02:24.000Z</time>
      </trkpt>
      <trkpt lat="58.01469169557094573974609375" lon="-3.8532700203359127044677734375">
        <ele>19.200000762939453125</ele>
        <time>2026-08-07T10:02:26.000Z</time>
      </trkpt>
      <trkpt lat="58.01467317156493663787841796875" lon="-3.8534678332507610321044921875">
        <ele>19.3999996185302734375</ele>
        <time>2026-08-07T10:02:30.000Z</time>
      </trkpt>
      <trkpt lat="58.014666549861431121826171875" lon="-3.85354737751185894012451171875">
        <ele>19.200000762939453125</ele>
        <time>2026-08-07T10:02:32.000Z</time>
      </trkpt>
      <trkpt lat="58.0146647058427333831787109375" lon="-3.85357202030718326568603515625">
        <ele>19</ele>
        <time>2026-08-07T10:02:33.000Z</time>
      </trkpt>
      <trkpt lat="58.0146626941859722137451171875" lon="-3.85361426509916782379150390625">
        <ele>18.799999237060546875</ele>
        <time>2026-08-07T10:02:34.000Z</time>
      </trkpt>
      <trkpt lat="58.014675267040729522705078125" lon="-3.8537266664206981658935546875">
        <ele>18.3999996185302734375</ele>
        <time>2026-08-07T10:02:38.000Z</time>
      </trkpt>
      <trkpt lat="58.014679290354251861572265625" lon="-3.85374762117862701416015625">
        <ele>18.200000762939453125</ele>
        <time>2026-08-07T10:02:43.000Z</time>
      </trkpt>
      <trkpt lat="58.014679290354251861572265625" lon="-3.85374762117862701416015625">
        <ele>18.200000762939453125</ele>
        <time>2026-08-07T10:02:49.000Z</time>
      </trkpt>
      <trkpt lat="58.014679290354251861572265625" lon="-3.85374762117862701416015625">
        <ele>18.200000762939453125</ele>
        <time>2026-08-07T10:02:51.000Z</time>
      </trkpt>
      <trkpt lat="58.01469110883772373199462890625" lon="-3.85380688123404979705810546875">
        <ele>18.200000762939453125</ele>
        <time>2026-08-07T10:02:55.000Z</time>
      </trkpt>
      <trkpt lat="58.01479621790349483489990234375" lon="-3.8539040274918079376220703125">
        <ele>18</ele>
        <time>2026-08-07T10:02:59.000Z</time>
      </trkpt>
      <trkpt lat="58.0148385465145111083984375" lon="-3.8539253175258636474609375">
        <ele>17.799999237060546875</ele>
        <time>2026-08-07T10:03:00.000Z</time>
      </trkpt>
      <trkpt lat="58.0150402151048183441162109375" lon="-3.85401374660432338714599609375">
        <ele>18.200000762939453125</ele>
        <time>2026-08-07T10:03:04.000Z</time>
      </trkpt>
      <trkpt lat="58.01539015956223011016845703125" lon="-3.854149617254734039306640625">
        <ele>18.200000762939453125</ele>
        <time>2026-08-07T10:03:11.000Z</time>
      </trkpt>
      <trkpt lat="58.01543894223868846893310546875" lon="-3.85416797362267971038818359375">
        <ele>18.200000762939453125</ele>
        <time>2026-08-07T10:03:12.000Z</time>
      </trkpt>
      <trkpt lat="58.01548906601965427398681640625" lon="-3.85418825782835483551025390625">
        <ele>18.200000762939453125</ele>
        <time>2026-08-07T10:03:13.000Z</time>
      </trkpt>
      <trkpt lat="58.01563859917223453521728515625" lon="-3.85424693115055561065673828125">
        <ele>18</ele>
        <time>2026-08-07T10:03:16.000Z</time>
      </trkpt>
      <trkpt lat="58.01573767326772212982177734375" lon="-3.854289762675762176513671875">
        <ele>18</ele>
        <time>2026-08-07T10:03:18.000Z</time>
      </trkpt>
      <trkpt lat="58.015840686857700347900390625" lon="-3.85433242656290531158447265625">
        <ele>17.799999237060546875</ele>
        <time>2026-08-07T10:03:20.000Z</time>
      </trkpt>
      <trkpt lat="58.01589592359960079193115234375" lon="-3.854355476796627044677734375">
        <ele>17.799999237060546875</ele>
        <time>2026-08-07T10:03:21.000Z</time>
      </trkpt>
      <trkpt lat="58.01645834930241107940673828125" lon="-3.8545849733054637908935546875">
        <ele>17.200000762939453125</ele>
        <time>2026-08-07T10:03:31.000Z</time>
      </trkpt>
      <trkpt lat="58.01699009723961353302001953125" lon="-3.85480038821697235107421875">
        <ele>17.6000003814697265625</ele>
        <time>2026-08-07T10:03:40.000Z</time>
      </trkpt>
      <trkpt lat="58.01745881326496601104736328125" lon="-3.85498411953449249267578125">
        <ele>17.200000762939453125</ele>
        <time>2026-08-07T10:03:48.000Z</time>
      </trkpt>
      <trkpt lat="58.0177727155387401580810546875" lon="-3.855125270783901214599609375">
        <ele>16.799999237060546875</ele>
        <time>2026-08-07T10:03:53.000Z</time>
      </trkpt>
      <trkpt lat="58.0178394354879856109619140625" lon="-3.85515351779758930206298828125">
        <ele>16.799999237060546875</ele>
        <time>2026-08-07T10:03:54.000Z</time>
      </trkpt>
      <trkpt lat="58.01815576851367950439453125" lon="-3.85528025217354297637939453125">
        <ele>16.799999237060546875</ele>
        <time>2026-08-07T10:03:59.000Z</time>
      </trkpt>
      <trkpt lat="58.01821888424456119537353515625" lon="-3.855306990444660186767578125">
        <ele>16.6000003814697265625</ele>
        <time>2026-08-07T10:04:00.000Z</time>
      </trkpt>
      <trkpt lat="58.01841200329363346099853515625" lon="-3.85537974536418914794921875">
        <ele>16.3999996185302734375</ele>
        <time>2026-08-07T10:04:03.000Z</time>
      </trkpt>
      <trkpt lat="58.018871583044528961181640625" lon="-3.8555653207004070281982421875">
        <ele>15.80000019073486328125</ele>
        <time>2026-08-07T10:04:10.000Z</time>
      </trkpt>
      <trkpt lat="58.01900343038141727447509765625" lon="-3.85561645030975341796875">
        <ele>15.80000019073486328125</ele>
        <time>2026-08-07T10:04:12.000Z</time>
      </trkpt>
      <trkpt lat="58.0195433087646961212158203125" lon="-3.85583144612610340118408203125">
        <ele>15.19999980926513671875</ele>
        <time>2026-08-07T10:04:20.000Z</time>
      </trkpt>
      <trkpt lat="58.02008067257702350616455078125" lon="-3.8560461066663265228271484375">
        <ele>15.19999980926513671875</ele>
        <time>2026-08-07T10:04:28.000Z</time>
      </trkpt>
      <trkpt lat="58.02014353685081005096435546875" lon="-3.85607016272842884063720703125">
        <ele>15.19999980926513671875</ele>
        <time>2026-08-07T10:04:29.000Z</time>
      </trkpt>
      <trkpt lat="58.0206939764320850372314453125" lon="-3.856299407780170440673828125">
        <ele>16</ele>
        <time>2026-08-07T10:04:38.000Z</time>
      </trkpt>
      <trkpt lat="58.02075759507715702056884765625" lon="-3.856325559318065643310546875">
        <ele>16.200000762939453125</ele>
        <time>2026-08-07T10:04:39.000Z</time>
      </trkpt>
      <trkpt lat="58.02121390588581562042236328125" lon="-3.85651071555912494659423828125">
        <ele>16.3999996185302734375</ele>
        <time>2026-08-07T10:04:46.000Z</time>
      </trkpt>
      <trkpt lat="58.02140652202069759368896484375" lon="-3.85659721679985523223876953125">
        <ele>16.3999996185302734375</ele>
        <time>2026-08-07T10:04:49.000Z</time>
      </trkpt>
      <trkpt lat="58.0217283032834529876708984375" lon="-3.85672143660485744476318359375">
        <ele>16.799999237060546875</ele>
        <time>2026-08-07T10:04:54.000Z</time>
      </trkpt>
      <trkpt lat="58.021976239979267120361328125" lon="-3.85681414045393466949462890625">
        <ele>17.3999996185302734375</ele>
        <time>2026-08-07T10:04:58.000Z</time>
      </trkpt>
      <trkpt lat="58.02227170206606388092041015625" lon="-3.8569374382495880126953125">
        <ele>17.6000003814697265625</ele>
        <time>2026-08-07T10:05:03.000Z</time>
      </trkpt>
      <trkpt lat="58.022511005401611328125" lon="-3.85703927837312221527099609375">
        <ele>17.3999996185302734375</ele>
        <time>2026-08-07T10:05:07.000Z</time>
      </trkpt>
      <trkpt lat="58.02281267009675502777099609375" lon="-3.857160396873950958251953125">
        <ele>17.799999237060546875</ele>
        <time>2026-08-07T10:05:12.000Z</time>
      </trkpt>
      <trkpt lat="58.02310117520391941070556640625" lon="-3.8572846166789531707763671875">
        <ele>18</ele>
        <time>2026-08-07T10:05:17.000Z</time>
      </trkpt>
      <trkpt lat="58.02352429367601871490478515625" lon="-3.85743842460215091705322265625">
        <ele>18.6000003814697265625</ele>
        <time>2026-08-07T10:05:25.000Z</time>
      </trkpt>
      <trkpt lat="58.02363744936883449554443359375" lon="-3.8575246743857860565185546875">
        <ele>18.799999237060546875</ele>
        <time>2026-08-07T10:05:29.000Z</time>
      </trkpt>
      <trkpt lat="58.02363895811140537261962890625" lon="-3.8575545139610767364501953125">
        <ele>18.799999237060546875</ele>
        <time>2026-08-07T10:05:30.000Z</time>
      </trkpt>
      <trkpt lat="58.02364013157784938812255859375" lon="-3.8575649075210094451904296875">
        <ele>18.799999237060546875</ele>
        <time>2026-08-07T10:05:31.000Z</time>
      </trkpt>
      <trkpt lat="58.02363728173077106475830078125" lon="-3.85756666772067546844482421875">
        <ele>19</ele>
        <time>2026-08-07T10:05:33.000Z</time>
      </trkpt>
      <trkpt lat="58.02363728173077106475830078125" lon="-3.85756666772067546844482421875">
        <ele>19</ele>
        <time>2026-08-07T10:05:40.000Z</time>
      </trkpt>
      <trkpt lat="58.02363728173077106475830078125" lon="-3.85756666772067546844482421875">
        <ele>19</ele>
        <time>2026-08-07T10:05:42.000Z</time>
      </trkpt>
      <trkpt lat="58.02363728173077106475830078125" lon="-3.85756666772067546844482421875">
        <ele>19</ele>
        <time>2026-08-07T10:05:44.000Z</time>
      </trkpt>
      <trkpt lat="58.02363728173077106475830078125" lon="-3.85756666772067546844482421875">
        <ele>19</ele>
        <time>2026-08-07T10:05:45.000Z</time>
      </trkpt>
      <trkpt lat="58.02363728173077106475830078125" lon="-3.85756666772067546844482421875">
        <ele>19</ele>
        <time>2026-08-07T10:05:46.000Z</time>
      </trkpt>
      <trkpt lat="58.02363728173077106475830078125" lon="-3.85756666772067546844482421875">
        <ele>19</ele>
        <time>2026-08-07T10:05:49.000Z</time>
      </trkpt>
      <trkpt lat="58.02363728173077106475830078125" lon="-3.85756666772067546844482421875">
        <ele>19</ele>
        <time>2026-08-07T10:05:50.000Z</time>
      </trkpt>
      <trkpt lat="58.02366259507834911346435546875" lon="-3.8576222397387027740478515625">
        <ele>19</ele>
        <time>2026-08-07T10:05:55.000Z</time>
      </trkpt>
      <trkpt lat="58.02366770803928375244140625" lon="-3.85765618644654750823974609375">
        <ele>18.6000003814697265625</ele>
        <time>2026-08-07T10:05:56.000Z</time>
      </trkpt>
      <trkpt lat="58.02369561977684497833251953125" lon="-3.85788568295538425445556640625">
        <ele>18.799999237060546875</ele>
        <time>2026-08-07T10:06:02.000Z</time>
      </trkpt>
      <trkpt lat="58.02371338941156864166259765625" lon="-3.85803521610796451568603515625">
        <ele>18.799999237060546875</ele>
        <time>2026-08-07T10:06:05.000Z</time>
      </trkpt>
      <trkpt lat="58.02372545935213565826416015625" lon="-3.8580979965627193450927734375">
        <ele>18.799999237060546875</ele>
        <time>2026-08-07T10:06:06.000Z</time>
      </trkpt>
      <trkpt lat="58.02373149432241916656494140625" lon="-3.85816060937941074371337890625">
        <ele>18.799999237060546875</ele>
        <time>2026-08-07T10:06:07.000Z</time>
      </trkpt>
      <trkpt lat="58.02373836748301982879638671875" lon="-3.85823369957506656646728515625">
        <ele>18.799999237060546875</ele>
        <time>2026-08-07T10:06:08.000Z</time>
      </trkpt>
      <trkpt lat="58.02380139939486980438232421875" lon="-3.85882646776735782623291015625">
        <ele>18.799999237060546875</ele>
        <time>2026-08-07T10:06:15.000Z</time>
      </trkpt>
      <trkpt lat="58.0238784290850162506103515625" lon="-3.85951814241707324981689453125">
        <ele>19.200000762939453125</ele>
        <time>2026-08-07T10:06:23.000Z</time>
      </trkpt>
      <trkpt lat="58.023903407156467437744140625" lon="-3.85980715043842792510986328125">
        <ele>19.200000762939453125</ele>
        <time>2026-08-07T10:06:26.000Z</time>
      </trkpt>
      <trkpt lat="58.0239116214215755462646484375" lon="-3.85990865528583526611328125">
        <ele>19.200000762939453125</ele>
        <time>2026-08-07T10:06:27.000Z</time>
      </trkpt>
      <trkpt lat="58.02392109297215938568115234375" lon="-3.86000915430486202239990234375">
        <ele>19.3999996185302734375</ele>
        <time>2026-08-07T10:06:28.000Z</time>
      </trkpt>
      <trkpt lat="58.02393333055078983306884765625" lon="-3.86011250317096710205078125">
        <ele>19.3999996185302734375</ele>
        <time>2026-08-07T10:06:29.000Z</time>
      </trkpt>
      <trkpt lat="58.02394866943359375" lon="-3.8602075539529323577880859375">
        <ele>19.3999996185302734375</ele>
        <time>2026-08-07T10:06:30.000Z</time>
      </trkpt>
      <trkpt lat="58.02397239021956920623779296875" lon="-3.8603956438601016998291015625">
        <ele>19.6000003814697265625</ele>
        <time>2026-08-07T10:06:32.000Z</time>
      </trkpt>
      <trkpt lat="58.02403810434043407440185546875" lon="-3.86095949448645114898681640625">
        <ele>19.3999996185302734375</ele>
        <time>2026-08-07T10:06:39.000Z</time>
      </trkpt>
      <trkpt lat="58.0240948498249053955078125" lon="-3.86149006895720958709716796875">
        <ele>18.799999237060546875</ele>
        <time>2026-08-07T10:06:46.000Z</time>
      </trkpt>
      <trkpt lat="58.024149499833583831787109375" lon="-3.86204578913748264312744140625">
        <ele>20</ele>
        <time>2026-08-07T10:06:53.000Z</time>
      </trkpt>
      <trkpt lat="58.0241565406322479248046875" lon="-3.8621223159134387969970703125">
        <ele>20</ele>
        <time>2026-08-07T10:06:54.000Z</time>
      </trkpt>
      <trkpt lat="58.02418009378015995025634765625" lon="-3.86234653182327747344970703125">
        <ele>21</ele>
        <time>2026-08-07T10:06:57.000Z</time>
      </trkpt>
      <trkpt lat="58.0242200754582881927490234375" lon="-3.86271416209638118743896484375">
        <ele>21.799999237060546875</ele>
        <time>2026-08-07T10:07:02.000Z</time>
      </trkpt>
      <trkpt lat="58.02424496971070766448974609375" lon="-3.86293997056782245635986328125">
        <ele>22.200000762939453125</ele>
        <time>2026-08-07T10:07:05.000Z</time>
      </trkpt>
      <trkpt lat="58.02425351925194263458251953125" lon="-3.86302043683826923370361328125">
        <ele>22.200000762939453125</ele>
        <time>2026-08-07T10:07:06.000Z</time>
      </trkpt>
      <trkpt lat="58.0242807604372501373291015625" lon="-3.86332805268466472625732421875">
        <ele>22.200000762939453125</ele>
        <time>2026-08-07T10:07:10.000Z</time>
      </trkpt>
      <trkpt lat="58.02434370853006839752197265625" lon="-3.86388863436877727508544921875">
        <ele>23</ele>
        <time>2026-08-07T10:07:17.000Z</time>
      </trkpt>
      <trkpt lat="58.0243766494095325469970703125" lon="-3.86413992382586002349853515625">
        <ele>23.200000762939453125</ele>
        <time>2026-08-07T10:07:20.000Z</time>
      </trkpt>
      <trkpt lat="58.024416379630565643310546875" lon="-3.864534795284271240234375">
        <ele>24</ele>
        <time>2026-08-07T10:07:25.000Z</time>
      </trkpt>
      <trkpt lat="58.0244219116866588592529296875" lon="-3.86461266316473484039306640625">
        <ele>24</ele>
        <time>2026-08-07T10:07:26.000Z</time>
      </trkpt>
      <trkpt lat="58.02444378845393657684326171875" lon="-3.864856325089931488037109375">
        <ele>24.200000762939453125</ele>
        <time>2026-08-07T10:07:29.000Z</time>
      </trkpt>
      <trkpt lat="58.02446030080318450927734375" lon="-3.8651119731366634368896484375">
        <ele>24.3999996185302734375</ele>
        <time>2026-08-07T10:07:32.000Z</time>
      </trkpt>
      <trkpt lat="58.024476058781147003173828125" lon="-3.86527533642947673797607421875">
        <ele>24.3999996185302734375</ele>
        <time>2026-08-07T10:07:34.000Z</time>
      </trkpt>
      <trkpt lat="58.024565912783145904541015625" lon="-3.8657580502331256866455078125">
        <ele>24.799999237060546875</ele>
        <time>2026-08-07T10:07:41.000Z</time>
      </trkpt>
      <trkpt lat="58.02464948035776615142822265625" lon="-3.86598478071391582489013671875">
        <ele>25.6000003814697265625</ele>
        <time>2026-08-07T10:07:45.000Z</time>
      </trkpt>
      <trkpt lat="58.0247062258422374725341796875" lon="-3.86610464192926883697509765625">
        <ele>26.6000003814697265625</ele>
        <time>2026-08-07T10:07:47.000Z</time>
      </trkpt>
      <trkpt lat="58.02485031075775623321533203125" lon="-3.86643111705780029296875">
        <ele>24.6000003814697265625</ele>
        <time>2026-08-07T10:07:52.000Z</time>
      </trkpt>
      <trkpt lat="58.02493396215140819549560546875" lon="-3.86661761440336704254150390625">
        <ele>24.799999237060546875</ele>
        <time>2026-08-07T10:07:55.000Z</time>
      </trkpt>
      <trkpt lat="58.0251273326575756072998046875" lon="-3.86707057245075702667236328125">
        <ele>25</ele>
        <time>2026-08-07T10:08:02.000Z</time>
      </trkpt>
      <trkpt lat="58.0252698250114917755126953125" lon="-3.86749771423637866973876953125">
        <ele>25</ele>
        <time>2026-08-07T10:08:08.000Z</time>
      </trkpt>
      <trkpt lat="58.02531014196574687957763671875" lon="-3.8676587305963039398193359375">
        <ele>25.200000762939453125</ele>
        <time>2026-08-07T10:08:10.000Z</time>
      </trkpt>
      <trkpt lat="58.02532522939145565032958984375" lon="-3.8677375204861164093017578125">
        <ele>25.6000003814697265625</ele>
        <time>2026-08-07T10:08:11.000Z</time>
      </trkpt>
      <trkpt lat="58.02536261267960071563720703125" lon="-3.86800364591181278228759765625">
        <ele>25.6000003814697265625</ele>
        <time>2026-08-07T10:08:14.000Z</time>
      </trkpt>
      <trkpt lat="58.02538172341883182525634765625" lon="-3.8681824319064617156982421875">
        <ele>25.3999996185302734375</ele>
        <time>2026-08-07T10:08:16.000Z</time>
      </trkpt>
      <trkpt lat="58.02546520717442035675048828125" lon="-3.86890687979757785797119140625">
        <ele>24.799999237060546875</ele>
        <time>2026-08-07T10:08:24.000Z</time>
      </trkpt>
      <trkpt lat="58.0255407281219959259033203125" lon="-3.86964641511440277099609375">
        <ele>26.799999237060546875</ele>
        <time>2026-08-07T10:08:33.000Z</time>
      </trkpt>
      <trkpt lat="58.02555573172867298126220703125" lon="-3.86981497518718242645263671875">
        <ele>28</ele>
        <time>2026-08-07T10:08:35.000Z</time>
      </trkpt>
      <trkpt lat="58.02557735703885555267333984375" lon="-3.870075903832912445068359375">
        <ele>29.200000762939453125</ele>
        <time>2026-08-07T10:08:38.000Z</time>
      </trkpt>
      <trkpt lat="58.025631420314311981201171875" lon="-3.87057068757712841033935546875">
        <ele>29.6000003814697265625</ele>
        <time>2026-08-07T10:08:44.000Z</time>
      </trkpt>
      <trkpt lat="58.0256768502295017242431640625" lon="-3.87102029286324977874755859375">
        <ele>28.6000003814697265625</ele>
        <time>2026-08-07T10:08:49.000Z</time>
      </trkpt>
      <trkpt lat="58.02567911334335803985595703125" lon="-3.8711134158074855804443359375">
        <ele>27.3999996185302734375</ele>
        <time>2026-08-07T10:08:50.000Z</time>
      </trkpt>
      <trkpt lat="58.02568615414202213287353515625" lon="-3.8712793774902820587158203125">
        <ele>26</ele>
        <time>2026-08-07T10:08:52.000Z</time>
      </trkpt>
      <trkpt lat="58.02567961625754833221435546875" lon="-3.871537707746028900146484375">
        <ele>26</ele>
        <time>2026-08-07T10:08:55.000Z</time>
      </trkpt>
      <trkpt lat="58.02562706172466278076171875" lon="-3.8720910809934139251708984375">
        <ele>25.799999237060546875</ele>
        <time>2026-08-07T10:09:01.000Z</time>
      </trkpt>
      <trkpt lat="58.02549605257809162139892578125" lon="-3.87265719473361968994140625">
        <ele>25.200000762939453125</ele>
        <time>2026-08-07T10:09:08.000Z</time>
      </trkpt>
      <trkpt lat="58.02548222243785858154296875" lon="-3.87272366322576999664306640625">
        <ele>24.799999237060546875</ele>
        <time>2026-08-07T10:09:09.000Z</time>
      </trkpt>
      <trkpt lat="58.02546654827892780303955078125" lon="-3.87278728187084197998046875">
        <ele>25</ele>
        <time>2026-08-07T10:09:10.000Z</time>
      </trkpt>
      <trkpt lat="58.025448359549045562744140625" lon="-3.87291871011257171630859375">
        <ele>26.3999996185302734375</ele>
        <time>2026-08-07T10:09:12.000Z</time>
      </trkpt>
      <trkpt lat="58.02543570287525653839111328125" lon="-3.87303479947149753570556640625">
        <ele>28.200000762939453125</ele>
        <time>2026-08-07T10:09:14.000Z</time>
      </trkpt>
      <trkpt lat="58.0254183523356914520263671875" lon="-3.873166479170322418212890625">
        <ele>28.799999237060546875</ele>
        <time>2026-08-07T10:09:19.000Z</time>
      </trkpt>
      <trkpt lat="58.0253895185887813568115234375" lon="-3.8732135854661464691162109375">
        <ele>28.799999237060546875</ele>
        <time>2026-08-07T10:09:23.000Z</time>
      </trkpt>
      <trkpt lat="58.02535959519445896148681640625" lon="-3.873257339000701904296875">
        <ele>28.799999237060546875</ele>
        <time>2026-08-07T10:09:25.000Z</time>
      </trkpt>
      <trkpt lat="58.0253056995570659637451171875" lon="-3.87351290322840213775634765625">
        <ele>28.3999996185302734375</ele>
        <time>2026-08-07T10:09:30.000Z</time>
      </trkpt>
      <trkpt lat="58.02525482140481472015380859375" lon="-3.8737537153065204620361328125">
        <ele>28.3999996185302734375</ele>
        <time>2026-08-07T10:09:34.000Z</time>
      </trkpt>
      <trkpt lat="58.02524308674037456512451171875" lon="-3.87381750158965587615966796875">
        <ele>28.200000762939453125</ele>
        <time>2026-08-07T10:09:35.000Z</time>
      </trkpt>
      <trkpt lat="58.025229759514331817626953125" lon="-3.873890340328216552734375">
        <ele>28.200000762939453125</ele>
        <time>2026-08-07T10:09:36.000Z</time>
      </trkpt>
      <trkpt lat="58.02521794103085994720458984375" lon="-3.87395965866744518280029296875">
        <ele>28</ele>
        <time>2026-08-07T10:09:37.000Z</time>
      </trkpt>
      <trkpt lat="58.02517401985824108123779296875" lon="-3.8742583058774471282958984375">
        <ele>27.200000762939453125</ele>
        <time>2026-08-07T10:09:41.000Z</time>
      </trkpt>
      <trkpt lat="58.02514719776809215545654296875" lon="-3.8744242675602436065673828125">
        <ele>27</ele>
        <time>2026-08-07T10:09:43.000Z</time>
      </trkpt>
      <trkpt lat="58.0250944755971431732177734375" lon="-3.87480522505939006805419921875">
        <ele>26.799999237060546875</ele>
        <time>2026-08-07T10:09:48.000Z</time>
      </trkpt>
      <trkpt lat="58.0250750295817852020263671875" lon="-3.8749533332884311676025390625">
        <ele>26.6000003814697265625</ele>
        <time>2026-08-07T10:09:50.000Z</time>
      </trkpt>
      <trkpt lat="58.02501979283988475799560546875" lon="-3.87532490305602550506591796875">
        <ele>26.3999996185302734375</ele>
        <time>2026-08-07T10:09:55.000Z</time>
      </trkpt>
      <trkpt lat="58.024956174194812774658203125" lon="-3.875751458108425140380859375">
        <ele>26.3999996185302734375</ele>
        <time>2026-08-07T10:10:01.000Z</time>
      </trkpt>
      <trkpt lat="58.02491971291601657867431640625" lon="-3.8760553859174251556396484375">
        <ele>27.200000762939453125</ele>
        <time>2026-08-07T10:10:05.000Z</time>
      </trkpt>
      <trkpt lat="58.02487914450466632843017578125" lon="-3.87635705061256885528564453125">
        <ele>26</ele>
        <time>2026-08-07T10:10:09.000Z</time>
      </trkpt>
      <trkpt lat="58.0248165316879749298095703125" lon="-3.87679542414844036102294921875">
        <ele>26.200000762939453125</ele>
        <time>2026-08-07T10:10:15.000Z</time>
      </trkpt>
      <trkpt lat="58.02473254501819610595703125" lon="-3.8774095661938190460205078125">
        <ele>26.200000762939453125</ele>
        <time>2026-08-07T10:10:23.000Z</time>
      </trkpt>
      <trkpt lat="58.02472156472504138946533203125" lon="-3.8774900324642658233642578125">
        <ele>26.200000762939453125</ele>
        <time>2026-08-07T10:10:24.000Z</time>
      </trkpt>
      <trkpt lat="58.02461092360317707061767578125" lon="-3.87822655029594898223876953125">
        <ele>26</ele>
        <time>2026-08-07T10:10:33.000Z</time>
      </trkpt>
      <trkpt lat="58.02456666715443134307861328125" lon="-3.8785243593156337738037109375">
        <ele>26.6000003814697265625</ele>
        <time>2026-08-07T10:10:37.000Z</time>
      </trkpt>
      <trkpt lat="58.0245174653828144073486328125" lon="-3.87881630100309848785400390625">
        <ele>26.3999996185302734375</ele>
        <time>2026-08-07T10:10:41.000Z</time>
      </trkpt>
      <trkpt lat="58.02443959750235080718994140625" lon="-3.87935659848153591156005859375">
        <ele>26.3999996185302734375</ele>
        <time>2026-08-07T10:10:48.000Z</time>
      </trkpt>
      <trkpt lat="58.024335242807865142822265625" lon="-3.88002547435462474822998046875">
        <ele>25.799999237060546875</ele>
        <time>2026-08-07T10:10:56.000Z</time>
      </trkpt>
      <trkpt lat="58.024288974702358245849609375" lon="-3.880356140434741973876953125">
        <ele>25.6000003814697265625</ele>
        <time>2026-08-07T10:11:00.000Z</time>
      </trkpt>
      <trkpt lat="58.02426324225962162017822265625" lon="-3.88051765970885753631591796875">
        <ele>25.6000003814697265625</ele>
        <time>2026-08-07T10:11:02.000Z</time>
      </trkpt>
      <trkpt lat="58.02418411709368228912353515625" lon="-3.88105175457894802093505859375">
        <ele>25.799999237060546875</ele>
        <time>2026-08-07T10:11:08.000Z</time>
      </trkpt>
      <trkpt lat="58.0240873061120510101318359375" lon="-3.88168819248676300048828125">
        <ele>26</ele>
        <time>2026-08-07T10:11:15.000Z</time>
      </trkpt>
      <trkpt lat="58.0240090191364288330078125" lon="-3.8822264783084392547607421875">
        <ele>26.799999237060546875</ele>
        <time>2026-08-07T10:11:21.000Z</time>
      </trkpt>
      <trkpt lat="58.0239562131464481353759765625" lon="-3.88264381326735019683837890625">
        <ele>27</ele>
        <time>2026-08-07T10:11:26.000Z</time>
      </trkpt>
      <trkpt lat="58.02393215708434581756591796875" lon="-3.88280038721859455108642578125">
        <ele>27.200000762939453125</ele>
        <time>2026-08-07T10:11:28.000Z</time>
      </trkpt>
      <trkpt lat="58.02391656674444675445556640625" lon="-3.88296266086399555206298828125">
        <ele>27.3999996185302734375</ele>
        <time>2026-08-07T10:11:30.000Z</time>
      </trkpt>
      <trkpt lat="58.02386946044862270355224609375" lon="-3.88327631168067455291748046875">
        <ele>27.799999237060546875</ele>
        <time>2026-08-07T10:11:34.000Z</time>
      </trkpt>
      <trkpt lat="58.02379335276782512664794921875" lon="-3.88378878124058246612548828125">
        <ele>27.799999237060546875</ele>
        <time>2026-08-07T10:11:40.000Z</time>
      </trkpt>
      <trkpt lat="58.02378530614078044891357421875" lon="-3.883872516453266143798828125">
        <ele>28</ele>
        <time>2026-08-07T10:11:41.000Z</time>
      </trkpt>
      <trkpt lat="58.02376158535480499267578125" lon="-3.8840383104979991912841796875">
        <ele>28.3999996185302734375</ele>
        <time>2026-08-07T10:11:43.000Z</time>
      </trkpt>
      <trkpt lat="58.02372931502759456634521484375" lon="-3.88429303653538227081298828125">
        <ele>28.6000003814697265625</ele>
        <time>2026-08-07T10:11:46.000Z</time>
      </trkpt>
      <trkpt lat="58.02365521900355815887451171875" lon="-3.88484808616340160369873046875">
        <ele>28.3999996185302734375</ele>
        <time>2026-08-07T10:11:52.000Z</time>
      </trkpt>
      <trkpt lat="58.02357072941958904266357421875" lon="-3.885466754436492919921875">
        <ele>29.3999996185302734375</ele>
        <time>2026-08-07T10:11:59.000Z</time>
      </trkpt>
      <trkpt lat="58.02349512465298175811767578125" lon="-3.88603345490992069244384765625">
        <ele>29.200000762939453125</ele>
        <time>2026-08-07T10:12:06.000Z</time>
      </trkpt>
      <trkpt lat="58.02344952709972858428955078125" lon="-3.88637627474963665008544921875">
        <ele>29.3999996185302734375</ele>
        <time>2026-08-07T10:12:10.000Z</time>
      </trkpt>
      <trkpt lat="58.023421280086040496826171875" lon="-3.8865478523075580596923828125">
        <ele>29.200000762939453125</ele>
        <time>2026-08-07T10:12:12.000Z</time>
      </trkpt>
      <trkpt lat="58.02339571528136730194091796875" lon="-3.88672462664544582366943359375">
        <ele>29.200000762939453125</ele>
        <time>2026-08-07T10:12:14.000Z</time>
      </trkpt>
      <trkpt lat="58.02337073720991611480712890625" lon="-3.886906765401363372802734375">
        <ele>29.3999996185302734375</ele>
        <time>2026-08-07T10:12:16.000Z</time>
      </trkpt>
      <trkpt lat="58.02335657179355621337890625" lon="-3.8869941048324108123779296875">
        <ele>29.3999996185302734375</ele>
        <time>2026-08-07T10:12:17.000Z</time>
      </trkpt>
      <trkpt lat="58.02329488098621368408203125" lon="-3.88739819638431072235107421875">
        <ele>30.6000003814697265625</ele>
        <time>2026-08-07T10:12:22.000Z</time>
      </trkpt>
      <trkpt lat="58.02328356541693210601806640625" lon="-3.88747011311352252960205078125">
        <ele>31</ele>
        <time>2026-08-07T10:12:23.000Z</time>
      </trkpt>
      <trkpt lat="58.02327753044664859771728515625" lon="-3.88754622079432010650634765625">
        <ele>31.200000762939453125</ele>
        <time>2026-08-07T10:12:24.000Z</time>
      </trkpt>
      <trkpt lat="58.02325389347970485687255859375" lon="-3.8877082429826259613037109375">
        <ele>30.799999237060546875</ele>
        <time>2026-08-07T10:12:26.000Z</time>
      </trkpt>
      <trkpt lat="58.0232150852680206298828125" lon="-3.88795039616525173187255859375">
        <ele>30</ele>
        <time>2026-08-07T10:12:29.000Z</time>
      </trkpt>
      <trkpt lat="58.02314844913780689239501953125" lon="-3.88842497952282428741455078125">
        <ele>30.6000003814697265625</ele>
        <time>2026-08-07T10:12:35.000Z</time>
      </trkpt>
      <trkpt lat="58.023128248751163482666015625" lon="-3.888581804931163787841796875">
        <ele>30.6000003814697265625</ele>
        <time>2026-08-07T10:12:37.000Z</time>
      </trkpt>
      <trkpt lat="58.0230231396853923797607421875" lon="-3.88931228779256343841552734375">
        <ele>31</ele>
        <time>2026-08-07T10:12:46.000Z</time>
      </trkpt>
      <trkpt lat="58.0229741893708705902099609375" lon="-3.889646641910076141357421875">
        <ele>31</ele>
        <time>2026-08-07T10:12:50.000Z</time>
      </trkpt>
      <trkpt lat="58.0229158513247966766357421875" lon="-3.890047967433929443359375">
        <ele>31.6000003814697265625</ele>
        <time>2026-08-07T10:12:55.000Z</time>
      </trkpt>
      <trkpt lat="58.02290327847003936767578125" lon="-3.89012667350471019744873046875">
        <ele>31.6000003814697265625</ele>
        <time>2026-08-07T10:12:56.000Z</time>
      </trkpt>
      <trkpt lat="58.02286765538156032562255859375" lon="-3.8903746940195560455322265625">
        <ele>31.799999237060546875</ele>
        <time>2026-08-07T10:12:59.000Z</time>
      </trkpt>
      <trkpt lat="58.0228021927177906036376953125" lon="-3.89086092822253704071044921875">
        <ele>31.6000003814697265625</ele>
        <time>2026-08-07T10:13:05.000Z</time>
      </trkpt>
      <trkpt lat="58.02269448526203632354736328125" lon="-3.89159736223518848419189453125">
        <ele>31.799999237060546875</ele>
        <time>2026-08-07T10:13:14.000Z</time>
      </trkpt>
      <trkpt lat="58.02264100871980190277099609375" lon="-3.89191277325153350830078125">
        <ele>32</ele>
        <time>2026-08-07T10:13:18.000Z</time>
      </trkpt>
      <trkpt lat="58.0225886218249797821044921875" lon="-3.8922110013663768768310546875">
        <ele>32.40000152587890625</ele>
        <time>2026-08-07T10:13:22.000Z</time>
      </trkpt>
      <trkpt lat="58.02257428877055644989013671875" lon="-3.8922827504575252532958984375">
        <ele>32.799999237060546875</ele>
        <time>2026-08-07T10:13:23.000Z</time>
      </trkpt>
      <trkpt lat="58.02249290049076080322265625" lon="-3.89271081425249576568603515625">
        <ele>33</ele>
        <time>2026-08-07T10:13:29.000Z</time>
      </trkpt>
      <trkpt lat="58.02240681834518909454345703125" lon="-3.893173076212406158447265625">
        <ele>32.40000152587890625</ele>
        <time>2026-08-07T10:13:35.000Z</time>
      </trkpt>
      <trkpt lat="58.02237194962799549102783203125" lon="-3.89333375729620456695556640625">
        <ele>32.40000152587890625</ele>
        <time>2026-08-07T10:13:37.000Z</time>
      </trkpt>
      <trkpt lat="58.0222446285188198089599609375" lon="-3.89399240724742412567138671875">
        <ele>32</ele>
        <time>2026-08-07T10:13:45.000Z</time>
      </trkpt>
      <trkpt lat="58.02219710312783718109130859375" lon="-3.8942451216280460357666015625">
        <ele>31.6000003814697265625</ele>
        <time>2026-08-07T10:13:48.000Z</time>
      </trkpt>
      <trkpt lat="58.02210154943168163299560546875" lon="-3.89473177492618560791015625">
        <ele>32.200000762939453125</ele>
        <time>2026-08-07T10:13:54.000Z</time>
      </trkpt>
      <trkpt lat="58.0220206640660762786865234375" lon="-3.8951252214610576629638671875">
        <ele>32.40000152587890625</ele>
        <time>2026-08-07T10:13:59.000Z</time>
      </trkpt>
      <trkpt lat="58.0219727195799350738525390625" lon="-3.8953679613769054412841796875">
        <ele>32.200000762939453125</ele>
        <time>2026-08-07T10:14:02.000Z</time>
      </trkpt>
      <trkpt lat="58.0218479968607425689697265625" lon="-3.895964585244655609130859375">
        <ele>32.40000152587890625</ele>
        <time>2026-08-07T10:14:09.000Z</time>
      </trkpt>
      <trkpt lat="58.0216984637081623077392578125" lon="-3.89674368314445018768310546875">
        <ele>32.799999237060546875</ele>
        <time>2026-08-07T10:14:18.000Z</time>
      </trkpt>
      <trkpt lat="58.0216796882450580596923828125" lon="-3.89683454297482967376708984375">
        <ele>33.200000762939453125</ele>
        <time>2026-08-07T10:14:19.000Z</time>
      </trkpt>
      <trkpt lat="58.0215117149055004119873046875" lon="-3.897702656686305999755859375">
        <ele>33.40000152587890625</ele>
        <time>2026-08-07T10:14:29.000Z</time>
      </trkpt>
      <trkpt lat="58.02138154394924640655517578125" lon="-3.8983411900699138641357421875">
        <ele>33.59999847412109375</ele>
        <time>2026-08-07T10:14:37.000Z</time>
      </trkpt>
      <trkpt lat="58.0213303305208683013916015625" lon="-3.89858451671898365020751953125">
        <ele>33.799999237060546875</ele>
        <time>2026-08-07T10:14:40.000Z</time>
      </trkpt>
      <trkpt lat="58.0212870799005031585693359375" lon="-3.8988256640732288360595703125">
        <ele>34</ele>
        <time>2026-08-07T10:14:43.000Z</time>
      </trkpt>
      <trkpt lat="58.02127375267446041107177734375" lon="-3.898898251354694366455078125">
        <ele>34</ele>
        <time>2026-08-07T10:14:44.000Z</time>
      </trkpt>
      <trkpt lat="58.02116344682872295379638671875" lon="-3.8994465954601764678955078125">
        <ele>34.799999237060546875</ele>
        <time>2026-08-07T10:14:51.000Z</time>
      </trkpt>
      <trkpt lat="58.021132685244083404541015625" lon="-3.89960275031626224517822265625">
        <ele>34.799999237060546875</ele>
        <time>2026-08-07T10:14:53.000Z</time>
      </trkpt>
      <trkpt lat="58.0211050249636173248291015625" lon="-3.8997530378401279449462890625">
        <ele>34.799999237060546875</ele>
        <time>2026-08-07T10:14:55.000Z</time>
      </trkpt>
      <trkpt lat="58.02103503607213497161865234375" lon="-3.9001298882067203521728515625">
        <ele>34.799999237060546875</ele>
        <time>2026-08-07T10:15:00.000Z</time>
      </trkpt>
      <trkpt lat="58.0210195295512676239013671875" lon="-3.9002039842307567596435546875">
        <ele>35</ele>
        <time>2026-08-07T10:15:01.000Z</time>
      </trkpt>
      <trkpt lat="58.0209271609783172607421875" lon="-3.90066741965711116790771484375">
        <ele>35.200000762939453125</ele>
        <time>2026-08-07T10:15:07.000Z</time>
      </trkpt>
      <trkpt lat="58.020843006670475006103515625" lon="-3.90108316205441951751708984375">
        <ele>36</ele>
        <time>2026-08-07T10:15:13.000Z</time>
      </trkpt>
      <trkpt lat="58.02081828005611896514892578125" lon="-3.90121006406843662261962890625">
        <ele>36.200000762939453125</ele>
        <time>2026-08-07T10:15:15.000Z</time>
      </trkpt>
      <trkpt lat="58.020732700824737548828125" lon="-3.90170761384069919586181640625">
        <ele>36</ele>
        <time>2026-08-07T10:15:22.000Z</time>
      </trkpt>
      <trkpt lat="58.020639158785343170166015625" lon="-3.90215420164167881011962890625">
        <ele>35.59999847412109375</ele>
        <time>2026-08-07T10:15:27.000Z</time>
      </trkpt>
      <trkpt lat="58.02058719098567962646484375" lon="-3.90243013389408588409423828125">
        <ele>36</ele>
        <time>2026-08-07T10:15:30.000Z</time>
      </trkpt>
      <trkpt lat="58.02042852155864238739013671875" lon="-3.90322909690439701080322265625">
        <ele>35.40000152587890625</ele>
        <time>2026-08-07T10:15:39.000Z</time>
      </trkpt>
      <trkpt lat="58.020394407212734222412109375" lon="-3.90340511687099933624267578125">
        <ele>35.40000152587890625</ele>
        <time>2026-08-07T10:15:41.000Z</time>
      </trkpt>
      <trkpt lat="58.0202960036695003509521484375" lon="-3.9039185084402561187744140625">
        <ele>35.59999847412109375</ele>
        <time>2026-08-07T10:15:47.000Z</time>
      </trkpt>
      <trkpt lat="58.02018427290022373199462890625" lon="-3.9045025594532489776611328125">
        <ele>36.59999847412109375</ele>
        <time>2026-08-07T10:15:54.000Z</time>
      </trkpt>
      <trkpt lat="58.02007354795932769775390625" lon="-3.9050738699734210968017578125">
        <ele>36.200000762939453125</ele>
        <time>2026-08-07T10:16:01.000Z</time>
      </trkpt>
      <trkpt lat="58.019949831068515777587890625" lon="-3.90566806308925151824951171875">
        <ele>35.799999237060546875</ele>
        <time>2026-08-07T10:16:08.000Z</time>
      </trkpt>
      <trkpt lat="58.01993398927152156829833984375" lon="-3.9057561568915843963623046875">
        <ele>35.799999237060546875</ele>
        <time>2026-08-07T10:16:09.000Z</time>
      </trkpt>
      <trkpt lat="58.0198542773723602294921875" lon="-3.90612303279340267181396484375">
        <ele>36.59999847412109375</ele>
        <time>2026-08-07T10:16:14.000Z</time>
      </trkpt>
      <trkpt lat="58.01981982775032520294189453125" lon="-3.90625479631125926971435546875">
        <ele>37.200000762939453125</ele>
        <time>2026-08-07T10:16:16.000Z</time>
      </trkpt>
      <trkpt lat="58.0198048241436481475830078125" lon="-3.9063410460948944091796875">
        <ele>37.200000762939453125</ele>
        <time>2026-08-07T10:16:17.000Z</time>
      </trkpt>
      <trkpt lat="58.019741289317607879638671875" lon="-3.906640447676181793212890625">
        <ele>37.200000762939453125</ele>
        <time>2026-08-07T10:16:21.000Z</time>
      </trkpt>
      <trkpt lat="58.01971388049423694610595703125" lon="-3.90679425559937953948974609375">
        <ele>37.40000152587890625</ele>
        <time>2026-08-07T10:16:23.000Z</time>
      </trkpt>
      <trkpt lat="58.01969175226986408233642578125" lon="-3.9068686030805110931396484375">
        <ele>37.799999237060546875</ele>
        <time>2026-08-07T10:16:24.000Z</time>
      </trkpt>
      <trkpt lat="58.0196214281022548675537109375" lon="-3.907085694372653961181640625">
        <ele>38.200000762939453125</ele>
        <time>2026-08-07T10:16:27.000Z</time>
      </trkpt>
      <trkpt lat="58.01948287524282932281494140625" lon="-3.9073674939572811126708984375">
        <ele>37.59999847412109375</ele>
        <time>2026-08-07T10:16:31.000Z</time>
      </trkpt>
      <trkpt lat="58.0194390378892421722412109375" lon="-3.9074335433542728424072265625">
        <ele>37.40000152587890625</ele>
        <time>2026-08-07T10:16:32.000Z</time>
      </trkpt>
      <trkpt lat="58.01934792660176753997802734375" lon="-3.90755047090351581573486328125">
        <ele>37.200000762939453125</ele>
        <time>2026-08-07T10:16:34.000Z</time>
      </trkpt>
      <trkpt lat="58.019203841686248779296875" lon="-3.90769950114190578460693359375">
        <ele>36.799999237060546875</ele>
        <time>2026-08-07T10:16:37.000Z</time>
      </trkpt>
      <trkpt lat="58.0188761092722415924072265625" lon="-3.908007033169269561767578125">
        <ele>37</ele>
        <time>2026-08-07T10:16:44.000Z</time>
      </trkpt>
      <trkpt lat="58.01856740377843379974365234375" lon="-3.9082677103579044342041015625">
        <ele>36.799999237060546875</ele>
        <time>2026-08-07T10:16:51.000Z</time>
      </trkpt>
      <trkpt lat="58.01830002106726169586181640625" lon="-3.9084987156093120574951171875">
        <ele>38</ele>
        <time>2026-08-07T10:16:58.000Z</time>
      </trkpt>
      <trkpt lat="58.0182380788028240203857421875" lon="-3.90855881385505199432373046875">
        <ele>38.200000762939453125</ele>
        <time>2026-08-07T10:17:00.000Z</time>
      </trkpt>
      <trkpt lat="58.01813808269798755645751953125" lon="-3.908647410571575164794921875">
        <ele>38</ele>
        <time>2026-08-07T10:17:03.000Z</time>
      </trkpt>
      <trkpt lat="58.01800598390400409698486328125" lon="-3.90876685269176959991455078125">
        <ele>38</ele>
        <time>2026-08-07T10:17:07.000Z</time>
      </trkpt>
      <trkpt lat="58.01794764585793018341064453125" lon="-3.90883491374552249908447265625">
        <ele>38.200000762939453125</ele>
        <time>2026-08-07T10:17:09.000Z</time>
      </trkpt>
      <trkpt lat="58.0179177224636077880859375" lon="-3.90896483324468135833740234375">
        <ele>38.40000152587890625</ele>
        <time>2026-08-07T10:17:11.000Z</time>
      </trkpt>
      <trkpt lat="58.01790053956210613250732421875" lon="-3.90910749323666095733642578125">
        <ele>38.200000762939453125</ele>
        <time>2026-08-07T10:17:13.000Z</time>
      </trkpt>
      <trkpt lat="58.0178903974592685699462890625" lon="-3.909253589808940887451171875">
        <ele>38.200000762939453125</ele>
        <time>2026-08-07T10:17:15.000Z</time>
      </trkpt>
      <trkpt lat="58.01789559423923492431640625" lon="-3.90956833027303218841552734375">
        <ele>38</ele>
        <time>2026-08-07T10:17:19.000Z</time>
      </trkpt>
      <trkpt lat="58.01789601333439350128173828125" lon="-3.90964997000992298126220703125">
        <ele>38</ele>
        <time>2026-08-07T10:17:20.000Z</time>
      </trkpt>
      <trkpt lat="58.0179145373404026031494140625" lon="-3.90997208654880523681640625">
        <ele>38.799999237060546875</ele>
        <time>2026-08-07T10:17:24.000Z</time>
      </trkpt>
      <trkpt lat="58.01795116625726222991943359375" lon="-3.910552449524402618408203125">
        <ele>39</ele>
        <time>2026-08-07T10:17:31.000Z</time>
      </trkpt>
      <trkpt lat="58.0179633200168609619140625" lon="-3.9107179082930088043212890625">
        <ele>39.200000762939453125</ele>
        <time>2026-08-07T10:17:33.000Z</time>
      </trkpt>
      <trkpt lat="58.0179701931774616241455078125" lon="-3.91080348752439022064208984375">
        <ele>39.200000762939453125</ele>
        <time>2026-08-07T10:17:34.000Z</time>
      </trkpt>
      <trkpt lat="58.0179836042225360870361328125" lon="-3.91105259768664836883544921875">
        <ele>39.59999847412109375</ele>
        <time>2026-08-07T10:17:37.000Z</time>
      </trkpt>
      <trkpt lat="58.0179913155734539031982421875" lon="-3.911135494709014892578125">
        <ele>39.40000152587890625</ele>
        <time>2026-08-07T10:17:38.000Z</time>
      </trkpt>
      <trkpt lat="58.01803565584123134613037109375" lon="-3.9114236645400524139404296875">
        <ele>39</ele>
        <time>2026-08-07T10:17:42.000Z</time>
      </trkpt>
      <trkpt lat="58.0181066505610942840576171875" lon="-3.91172985546290874481201171875">
        <ele>39.59999847412109375</ele>
        <time>2026-08-07T10:17:46.000Z</time>
      </trkpt>
      <trkpt lat="58.01814110018312931060791015625" lon="-3.911878131330013275146484375">
        <ele>39.799999237060546875</ele>
        <time>2026-08-07T10:17:48.000Z</time>
      </trkpt>
      <trkpt lat="58.0181832611560821533203125" lon="-3.91203998588025569915771484375">
        <ele>39.59999847412109375</ele>
        <time>2026-08-07T10:17:50.000Z</time>
      </trkpt>
      <trkpt lat="58.0182342231273651123046875" lon="-3.9123547263443470001220703125">
        <ele>39.40000152587890625</ele>
        <time>2026-08-07T10:17:53.000Z</time>
      </trkpt>
      <trkpt lat="58.01826012320816516876220703125" lon="-3.91243678517639636993408203125">
        <ele>39.40000152587890625</ele>
        <time>2026-08-07T10:17:54.000Z</time>
      </trkpt>
      <trkpt lat="58.018338494002819061279296875" lon="-3.9127314090728759765625">
        <ele>39.40000152587890625</ele>
        <time>2026-08-07T10:17:57.000Z</time>
      </trkpt>
      <trkpt lat="58.01848241128027439117431640625" lon="-3.91324731521308422088623046875">
        <ele>38.799999237060546875</ele>
        <time>2026-08-07T10:18:02.000Z</time>
      </trkpt>
      <trkpt lat="58.01849565468728542327880859375" lon="-3.91335309483110904693603515625">
        <ele>38.799999237060546875</ele>
        <time>2026-08-07T10:18:03.000Z</time>
      </trkpt>
      <trkpt lat="58.0185190401971340179443359375" lon="-3.91355241648852825164794921875">
        <ele>38.799999237060546875</ele>
        <time>2026-08-07T10:18:05.000Z</time>
      </trkpt>
      <trkpt lat="58.01855801604688167572021484375" lon="-3.91393412835896015167236328125">
        <ele>39.799999237060546875</ele>
        <time>2026-08-07T10:18:09.000Z</time>
      </trkpt>
      <trkpt lat="58.018602021038532257080078125" lon="-3.9141997508704662322998046875">
        <ele>39.799999237060546875</ele>
        <time>2026-08-07T10:18:12.000Z</time>
      </trkpt>
      <trkpt lat="58.0186392366886138916015625" lon="-3.91435339115560054779052734375">
        <ele>39.799999237060546875</ele>
        <time>2026-08-07T10:18:14.000Z</time>
      </trkpt>
      <trkpt lat="58.01875163801014423370361328125" lon="-3.91479126177728176116943359375">
        <ele>40.200000762939453125</ele>
        <time>2026-08-07T10:18:19.000Z</time>
      </trkpt>
      <trkpt lat="58.01879891194403171539306640625" lon="-3.9149621687829494476318359375">
        <ele>40.40000152587890625</ele>
        <time>2026-08-07T10:18:21.000Z</time>
      </trkpt>
      <trkpt lat="58.018844760954380035400390625" lon="-3.9151264540851116180419921875">
        <ele>40.799999237060546875</ele>
        <time>2026-08-07T10:18:23.000Z</time>
      </trkpt>
      <trkpt lat="58.01887803710997104644775390625" lon="-3.91520918346941471099853515625">
        <ele>40.799999237060546875</ele>
        <time>2026-08-07T10:18:24.000Z</time>
      </trkpt>
      <trkpt lat="58.01894366741180419921875" lon="-3.915367685258388519287109375">
        <ele>40.59999847412109375</ele>
        <time>2026-08-07T10:18:26.000Z</time>
      </trkpt>
      <trkpt lat="58.01915765739977359771728515625" lon="-3.91580178402364253997802734375">
        <ele>40</ele>
        <time>2026-08-07T10:18:32.000Z</time>
      </trkpt>
      <trkpt lat="58.0193371139466762542724609375" lon="-3.91611032187938690185546875">
        <ele>40.200000762939453125</ele>
        <time>2026-08-07T10:18:37.000Z</time>
      </trkpt>
      <trkpt lat="58.01939855329692363739013671875" lon="-3.91625356860458850860595703125">
        <ele>40</ele>
        <time>2026-08-07T10:18:39.000Z</time>
      </trkpt>
      <trkpt lat="58.01944725215435028076171875" lon="-3.9164233021438121795654296875">
        <ele>39.799999237060546875</ele>
        <time>2026-08-07T10:18:41.000Z</time>
      </trkpt>
      <trkpt lat="58.01947667263448238372802734375" lon="-3.9166291616857051849365234375">
        <ele>39.59999847412109375</ele>
        <time>2026-08-07T10:18:43.000Z</time>
      </trkpt>
      <trkpt lat="58.01948036067187786102294921875" lon="-3.916735947132110595703125">
        <ele>39.40000152587890625</ele>
        <time>2026-08-07T10:18:44.000Z</time>
      </trkpt>
      <trkpt lat="58.01946870982646942138671875" lon="-3.91693937592208385467529296875">
        <ele>39.40000152587890625</ele>
        <time>2026-08-07T10:18:46.000Z</time>
      </trkpt>
      <trkpt lat="58.01945890299975872039794921875" lon="-3.91703627072274684906005859375">
        <ele>39.40000152587890625</ele>
        <time>2026-08-07T10:18:47.000Z</time>
      </trkpt>
      <trkpt lat="58.0194460786879062652587890625" lon="-3.91723307780921459197998046875">
        <ele>39.200000762939453125</ele>
        <time>2026-08-07T10:18:49.000Z</time>
      </trkpt>
      <trkpt lat="58.01944649778306484222412109375" lon="-3.9175119437277317047119140625">
        <ele>39.40000152587890625</ele>
        <time>2026-08-07T10:18:52.000Z</time>
      </trkpt>
      <trkpt lat="58.01946829073131084442138671875" lon="-3.9176983572542667388916015625">
        <ele>39.40000152587890625</ele>
        <time>2026-08-07T10:18:54.000Z</time>
      </trkpt>
      <trkpt lat="58.0195158161222934722900390625" lon="-3.91786473803222179412841796875">
        <ele>39.59999847412109375</ele>
        <time>2026-08-07T10:18:56.000Z</time>
      </trkpt>
      <trkpt lat="58.01955311559140682220458984375" lon="-3.91804595477879047393798828125">
        <ele>39.59999847412109375</ele>
        <time>2026-08-07T10:18:58.000Z</time>
      </trkpt>
      <trkpt lat="58.0196415446698665618896484375" lon="-3.91843822784721851348876953125">
        <ele>39.59999847412109375</ele>
        <time>2026-08-07T10:19:02.000Z</time>
      </trkpt>
      <trkpt lat="58.01977942697703838348388671875" lon="-3.91905547119677066802978515625">
        <ele>39.799999237060546875</ele>
        <time>2026-08-07T10:19:08.000Z</time>
      </trkpt>
      <trkpt lat="58.019937761127948760986328125" lon="-3.9196644164621829986572265625">
        <ele>39.40000152587890625</ele>
        <time>2026-08-07T10:19:14.000Z</time>
      </trkpt>
      <trkpt lat="58.0199738033115863800048828125" lon="-3.91976407729089260101318359375">
        <ele>39.40000152587890625</ele>
        <time>2026-08-07T10:19:15.000Z</time>
      </trkpt>
      <trkpt lat="58.0200472287833690643310546875" lon="-3.91996792517602443695068359375">
        <ele>39.200000762939453125</ele>
        <time>2026-08-07T10:19:17.000Z</time>
      </trkpt>
      <trkpt lat="58.02009726874530315399169921875" lon="-3.92005509696900844573974609375">
        <ele>39</ele>
        <time>2026-08-07T10:19:18.000Z</time>
      </trkpt>
      <trkpt lat="58.020239509642124176025390625" lon="-3.92035416327416896820068359375">
        <ele>38.59999847412109375</ele>
        <time>2026-08-07T10:19:21.000Z</time>
      </trkpt>
      <trkpt lat="58.02036582492291927337646484375" lon="-3.9206286706030368804931640625">
        <ele>38.40000152587890625</ele>
        <time>2026-08-07T10:19:24.000Z</time>
      </trkpt>
      <trkpt lat="58.02056782878935337066650390625" lon="-3.92108917236328125">
        <ele>38.40000152587890625</ele>
        <time>2026-08-07T10:19:29.000Z</time>
      </trkpt>
      <trkpt lat="58.02060730755329132080078125" lon="-3.92118598334491252899169921875">
        <ele>38.40000152587890625</ele>
        <time>2026-08-07T10:19:30.000Z</time>
      </trkpt>
      <trkpt lat="58.02063957788050174713134765625" lon="-3.92128321342170238494873046875">
        <ele>38.200000762939453125</ele>
        <time>2026-08-07T10:19:31.000Z</time>
      </trkpt>
      <trkpt lat="58.02067159675061702728271484375" lon="-3.92137759365141391754150390625">
        <ele>38.40000152587890625</ele>
        <time>2026-08-07T10:19:32.000Z</time>
      </trkpt>
      <trkpt lat="58.0207045376300811767578125" lon="-3.92146912403404712677001953125">
        <ele>38.200000762939453125</ele>
        <time>2026-08-07T10:19:33.000Z</time>
      </trkpt>
      <trkpt lat="58.020833618938922882080078125" lon="-3.9218306355178356170654296875">
        <ele>38.200000762939453125</ele>
        <time>2026-08-07T10:19:37.000Z</time>
      </trkpt>
      <trkpt lat="58.02094602026045322418212890625" lon="-3.922185860574245452880859375">
        <ele>38.799999237060546875</ele>
        <time>2026-08-07T10:19:41.000Z</time>
      </trkpt>
      <trkpt lat="58.0209752731025218963623046875" lon="-3.92227345146238803863525390625">
        <ele>39</ele>
        <time>2026-08-07T10:19:42.000Z</time>
      </trkpt>
      <trkpt lat="58.0210258997976779937744140625" lon="-3.92246740870177745819091796875">
        <ele>39</ele>
        <time>2026-08-07T10:19:44.000Z</time>
      </trkpt>
      <trkpt lat="58.0211315117776393890380859375" lon="-3.92288080416619777679443359375">
        <ele>38.59999847412109375</ele>
        <time>2026-08-07T10:19:48.000Z</time>
      </trkpt>
      <trkpt lat="58.0211858265101909637451171875" lon="-3.92308448441326618194580078125">
        <ele>38.59999847412109375</ele>
        <time>2026-08-07T10:19:50.000Z</time>
      </trkpt>
      <trkpt lat="58.02134223282337188720703125" lon="-3.92360785044729709625244140625">
        <ele>38.40000152587890625</ele>
        <time>2026-08-07T10:19:55.000Z</time>
      </trkpt>
      <trkpt lat="58.02150576375424861907958984375" lon="-3.9239428751170635223388671875">
        <ele>38.40000152587890625</ele>
        <time>2026-08-07T10:19:59.000Z</time>
      </trkpt>
      <trkpt lat="58.02154851146042346954345703125" lon="-3.92401873134076595306396484375">
        <ele>38</ele>
        <time>2026-08-07T10:20:00.000Z</time>
      </trkpt>
      <trkpt lat="58.0216203443706035614013671875" lon="-3.924190811812877655029296875">
        <ele>37.59999847412109375</ele>
        <time>2026-08-07T10:20:02.000Z</time>
      </trkpt>
      <trkpt lat="58.0217142216861248016357421875" lon="-3.92447085119783878326416015625">
        <ele>37.40000152587890625</ele>
        <time>2026-08-07T10:20:05.000Z</time>
      </trkpt>
      <trkpt lat="58.02173811011016368865966796875" lon="-3.92457160167396068572998046875">
        <ele>37.40000152587890625</ele>
        <time>2026-08-07T10:20:06.000Z</time>
      </trkpt>
      <trkpt lat="58.0217806063592433929443359375" lon="-3.9247723482549190521240234375">
        <ele>37.200000762939453125</ele>
        <time>2026-08-07T10:20:08.000Z</time>
      </trkpt>
      <trkpt lat="58.0218040756881237030029296875" lon="-3.9248670637607574462890625">
        <ele>37.200000762939453125</ele>
        <time>2026-08-07T10:20:09.000Z</time>
      </trkpt>
      <trkpt lat="58.02184808067977428436279296875" lon="-3.9250580035150051116943359375">
        <ele>37.200000762939453125</ele>
        <time>2026-08-07T10:20:11.000Z</time>
      </trkpt>
      <trkpt lat="58.02186232991516590118408203125" lon="-3.9251626096665859222412109375">
        <ele>37</ele>
        <time>2026-08-07T10:20:12.000Z</time>
      </trkpt>
      <trkpt lat="58.02190415561199188232421875" lon="-3.92557893879711627960205078125">
        <ele>36.40000152587890625</ele>
        <time>2026-08-07T10:20:16.000Z</time>
      </trkpt>
      <trkpt lat="58.02196710370481014251708984375" lon="-3.926069028675556182861328125">
        <ele>37.40000152587890625</ele>
        <time>2026-08-07T10:20:21.000Z</time>
      </trkpt>
      <trkpt lat="58.02210004068911075592041015625" lon="-3.92649717628955841064453125">
        <ele>37</ele>
        <time>2026-08-07T10:20:26.000Z</time>
      </trkpt>
      <trkpt lat="58.022204227745532989501953125" lon="-3.92683438025414943695068359375">
        <ele>37.40000152587890625</ele>
        <time>2026-08-07T10:20:30.000Z</time>
      </trkpt>
      <trkpt lat="58.0222352407872676849365234375" lon="-3.92689959146082401275634765625">
        <ele>37.799999237060546875</ele>
        <time>2026-08-07T10:20:31.000Z</time>
      </trkpt>
      <trkpt lat="58.0223059840500354766845703125" lon="-3.92705733887851238250732421875">
        <ele>37.799999237060546875</ele>
        <time>2026-08-07T10:20:33.000Z</time>
      </trkpt>
      <trkpt lat="58.02234931848943233489990234375" lon="-3.92712255008518695831298828125">
        <ele>37.59999847412109375</ele>
        <time>2026-08-07T10:20:34.000Z</time>
      </trkpt>
      <trkpt lat="58.0224506556987762451171875" lon="-3.927225731313228607177734375">
        <ele>37.200000762939453125</ele>
        <time>2026-08-07T10:20:36.000Z</time>
      </trkpt>
      <trkpt lat="58.02250564098358154296875" lon="-3.92727979458868503570556640625">
        <ele>37</ele>
        <time>2026-08-07T10:20:37.000Z</time>
      </trkpt>
      <trkpt lat="58.02271812222898006439208984375" lon="-3.92752354033291339874267578125">
        <ele>36.59999847412109375</ele>
        <time>2026-08-07T10:20:41.000Z</time>
      </trkpt>
      <trkpt lat="58.02279992960393428802490234375" lon="-3.92769017256796360015869140625">
        <ele>36.200000762939453125</ele>
        <time>2026-08-07T10:20:43.000Z</time>
      </trkpt>
      <trkpt lat="58.02283412776887416839599609375" lon="-3.927774243056774139404296875">
        <ele>36.40000152587890625</ele>
        <time>2026-08-07T10:20:44.000Z</time>
      </trkpt>
      <trkpt lat="58.02286564372479915618896484375" lon="-3.927862755954265594482421875">
        <ele>36.40000152587890625</ele>
        <time>2026-08-07T10:20:45.000Z</time>
      </trkpt>
      <trkpt lat="58.0229349620640277862548828125" lon="-3.92802603542804718017578125">
        <ele>36.59999847412109375</ele>
        <time>2026-08-07T10:20:47.000Z</time>
      </trkpt>
      <trkpt lat="58.02296354435384273529052734375" lon="-3.928106836974620819091796875">
        <ele>36.799999237060546875</ele>
        <time>2026-08-07T10:20:48.000Z</time>
      </trkpt>
      <trkpt lat="58.02319320850074291229248046875" lon="-3.92871662043035030364990234375">
        <ele>36.40000152587890625</ele>
        <time>2026-08-07T10:20:55.000Z</time>
      </trkpt>
      <trkpt lat="58.02322120405733585357666015625" lon="-3.928812928497791290283203125">
        <ele>36.40000152587890625</ele>
        <time>2026-08-07T10:20:56.000Z</time>
      </trkpt>
      <trkpt lat="58.02327166311442852020263671875" lon="-3.92901183106005191802978515625">
        <ele>36.59999847412109375</ele>
        <time>2026-08-07T10:20:58.000Z</time>
      </trkpt>
      <trkpt lat="58.0233279056847095489501953125" lon="-3.92920327372848987579345703125">
        <ele>36.59999847412109375</ele>
        <time>2026-08-07T10:21:00.000Z</time>
      </trkpt>
      <trkpt lat="58.0233644507825374603271484375" lon="-3.92929631285369396209716796875">
        <ele>36.59999847412109375</ele>
        <time>2026-08-07T10:21:01.000Z</time>
      </trkpt>
      <trkpt lat="58.0234680511057376861572265625" lon="-3.9294444210827350616455078125">
        <ele>36.40000152587890625</ele>
        <time>2026-08-07T10:21:03.000Z</time>
      </trkpt>
      <trkpt lat="58.02352362312376499176025390625" lon="-3.92951876856386661529541015625">
        <ele>36</ele>
        <time>2026-08-07T10:21:04.000Z</time>
      </trkpt>
      <trkpt lat="58.02377558313310146331787109375" lon="-3.9297807030379772186279296875">
        <ele>35.59999847412109375</ele>
        <time>2026-08-07T10:21:08.000Z</time>
      </trkpt>
      <trkpt lat="58.0238972045481204986572265625" lon="-3.9299064315855503082275390625">
        <ele>35.59999847412109375</ele>
        <time>2026-08-07T10:21:10.000Z</time>
      </trkpt>
      <trkpt lat="58.0241580493748188018798828125" lon="-3.93017088063061237335205078125">
        <ele>35</ele>
        <time>2026-08-07T10:21:15.000Z</time>
      </trkpt>
      <trkpt lat="58.0242061614990234375" lon="-3.9302249439060688018798828125">
        <ele>35</ele>
        <time>2026-08-07T10:21:16.000Z</time>
      </trkpt>
      <trkpt lat="58.0244014598429203033447265625" lon="-3.930501379072666168212890625">
        <ele>34.799999237060546875</ele>
        <time>2026-08-07T10:21:20.000Z</time>
      </trkpt>
      <trkpt lat="58.0244462192058563232421875" lon="-3.9305914007127285003662109375">
        <ele>34.59999847412109375</ele>
        <time>2026-08-07T10:21:21.000Z</time>
      </trkpt>
      <trkpt lat="58.0246160365641117095947265625" lon="-3.9309581927955150604248046875">
        <ele>34.40000152587890625</ele>
        <time>2026-08-07T10:21:25.000Z</time>
      </trkpt>
      <trkpt lat="58.024722151458263397216796875" lon="-3.9310859329998493194580078125">
        <ele>34.40000152587890625</ele>
        <time>2026-08-07T10:21:27.000Z</time>
      </trkpt>
      <trkpt lat="58.02483203820884227752685546875" lon="-3.93119833432137966156005859375">
        <ele>34.200000762939453125</ele>
        <time>2026-08-07T10:21:29.000Z</time>
      </trkpt>
      <trkpt lat="58.0248902924358844757080078125" lon="-3.93125616945326328277587890625">
        <ele>34.200000762939453125</ele>
        <time>2026-08-07T10:21:30.000Z</time>
      </trkpt>
      <trkpt lat="58.0249499715864658355712890625" lon="-3.93131266348063945770263671875">
        <ele>34.40000152587890625</ele>
        <time>2026-08-07T10:21:31.000Z</time>
      </trkpt>
      <trkpt lat="58.02518575452268123626708984375" lon="-3.9315063692629337310791015625">
        <ele>34.200000762939453125</ele>
        <time>2026-08-07T10:21:35.000Z</time>
      </trkpt>
      <trkpt lat="58.025241829454898834228515625" lon="-3.9315372146666049957275390625">
        <ele>34.40000152587890625</ele>
        <time>2026-08-07T10:21:36.000Z</time>
      </trkpt>
      <trkpt lat="58.0253942124545574188232421875" lon="-3.93166285939514636993408203125">
        <ele>34.799999237060546875</ele>
        <time>2026-08-07T10:21:39.000Z</time>
      </trkpt>
      <trkpt lat="58.0254991538822650909423828125" lon="-3.9317249692976474761962890625">
        <ele>34.799999237060546875</ele>
        <time>2026-08-07T10:21:41.000Z</time>
      </trkpt>
      <trkpt lat="58.02582579664885997772216796875" lon="-3.9319636858999729156494140625">
        <ele>35</ele>
        <time>2026-08-07T10:21:47.000Z</time>
      </trkpt>
      <trkpt lat="58.026118576526641845703125" lon="-3.932137526571750640869140625">
        <ele>35.799999237060546875</ele>
        <time>2026-08-07T10:21:53.000Z</time>
      </trkpt>
      <trkpt lat="58.0263370089232921600341796875" lon="-3.9322758279740810394287109375">
        <ele>34.799999237060546875</ele>
        <time>2026-08-07T10:21:58.000Z</time>
      </trkpt>
      <trkpt lat="58.0263789184391498565673828125" lon="-3.93230658955872058868408203125">
        <ele>34.799999237060546875</ele>
        <time>2026-08-07T10:21:59.000Z</time>
      </trkpt>
      <trkpt lat="58.02663833834230899810791015625" lon="-3.93249182961881160736083984375">
        <ele>34.40000152587890625</ele>
        <time>2026-08-07T10:22:05.000Z</time>
      </trkpt>
      <trkpt lat="58.02668075077235698699951171875" lon="-3.93251379020512104034423828125">
        <ele>34.799999237060546875</ele>
        <time>2026-08-07T10:22:06.000Z</time>
      </trkpt>
      <trkpt lat="58.02676440216600894927978515625" lon="-3.93256877548992633819580078125">
        <ele>35.40000152587890625</ele>
        <time>2026-08-07T10:22:08.000Z</time>
      </trkpt>
      <trkpt lat="58.0268989317119121551513671875" lon="-3.9326499961316585540771484375">
        <ele>35.200000762939453125</ele>
        <time>2026-08-07T10:22:11.000Z</time>
      </trkpt>
      <trkpt lat="58.02698987536132335662841796875" lon="-3.9327079989016056060791015625">
        <ele>35.200000762939453125</ele>
        <time>2026-08-07T10:22:13.000Z</time>
      </trkpt>
      <trkpt lat="58.02718366496264934539794921875" lon="-3.93284202553331851959228515625">
        <ele>35.200000762939453125</ele>
        <time>2026-08-07T10:22:17.000Z</time>
      </trkpt>
      <trkpt lat="58.02723378874361515045166015625" lon="-3.9328702725470066070556640625">
        <ele>35</ele>
        <time>2026-08-07T10:22:18.000Z</time>
      </trkpt>
      <trkpt lat="58.02727955393493175506591796875" lon="-3.932909332215785980224609375">
        <ele>34.799999237060546875</ele>
        <time>2026-08-07T10:22:19.000Z</time>
      </trkpt>
      <trkpt lat="58.027326576411724090576171875" lon="-3.93294009380042552947998046875">
        <ele>34.59999847412109375</ele>
        <time>2026-08-07T10:22:20.000Z</time>
      </trkpt>
      <trkpt lat="58.027421794831752777099609375" lon="-3.93301469273865222930908203125">
        <ele>34.40000152587890625</ele>
        <time>2026-08-07T10:22:22.000Z</time>
      </trkpt>
      <trkpt lat="58.02747015841305255889892578125" lon="-3.9330529980361461639404296875">
        <ele>34.40000152587890625</ele>
        <time>2026-08-07T10:22:23.000Z</time>
      </trkpt>
      <trkpt lat="58.02773569710552692413330078125" lon="-3.9333587698638439178466796875">
        <ele>34.799999237060546875</ele>
        <time>2026-08-07T10:22:29.000Z</time>
      </trkpt>
      <trkpt lat="58.027921356260776519775390625" lon="-3.93358432687819004058837890625">
        <ele>34.59999847412109375</ele>
        <time>2026-08-07T10:22:33.000Z</time>
      </trkpt>
      <trkpt lat="58.02806762047111988067626953125" lon="-3.93371592275798320770263671875">
        <ele>34.59999847412109375</ele>
        <time>2026-08-07T10:22:36.000Z</time>
      </trkpt>
      <trkpt lat="58.02836266346275806427001953125" lon="-3.93386495299637317657470703125">
        <ele>33.799999237060546875</ele>
        <time>2026-08-07T10:22:41.000Z</time>
      </trkpt>
      <trkpt lat="58.0288814194500446319580078125" lon="-3.9341211877763271331787109375">
        <ele>33.799999237060546875</ele>
        <time>2026-08-07T10:22:49.000Z</time>
      </trkpt>
      <trkpt lat="58.02894135005772113800048828125" lon="-3.934150524437427520751953125">
        <ele>34</ele>
        <time>2026-08-07T10:22:50.000Z</time>
      </trkpt>
      <trkpt lat="58.02911133505403995513916015625" lon="-3.9342358522117137908935546875">
        <ele>34.59999847412109375</ele>
        <time>2026-08-07T10:22:53.000Z</time>
      </trkpt>
      <trkpt lat="58.02916816435754299163818359375" lon="-3.934263177216053009033203125">
        <ele>34.59999847412109375</ele>
        <time>2026-08-07T10:22:54.000Z</time>
      </trkpt>
      <trkpt lat="58.0293967388570308685302734375" lon="-3.93437993712723255157470703125">
        <ele>34.40000152587890625</ele>
        <time>2026-08-07T10:22:58.000Z</time>
      </trkpt>
      <trkpt lat="58.02977065555751323699951171875" lon="-3.93458076752722263336181640625">
        <ele>35</ele>
        <time>2026-08-07T10:23:05.000Z</time>
      </trkpt>
      <trkpt lat="58.02991591393947601318359375" lon="-3.93464078195393085479736328125">
        <ele>35.200000762939453125</ele>
        <time>2026-08-07T10:23:08.000Z</time>
      </trkpt>
      <trkpt lat="58.03013526834547519683837890625" lon="-3.93470297567546367645263671875">
        <ele>35</ele>
        <time>2026-08-07T10:23:12.000Z</time>
      </trkpt>
      <trkpt lat="58.03066567517817020416259765625" lon="-3.9348239265382289886474609375">
        <ele>34</ele>
        <time>2026-08-07T10:23:21.000Z</time>
      </trkpt>
      <trkpt lat="58.0307230912148952484130859375" lon="-3.93485468812286853790283203125">
        <ele>33.799999237060546875</ele>
        <time>2026-08-07T10:23:22.000Z</time>
      </trkpt>
      <trkpt lat="58.0309779010713100433349609375" lon="-3.935075886547565460205078125">
        <ele>32.799999237060546875</ele>
        <time>2026-08-07T10:23:27.000Z</time>
      </trkpt>
      <trkpt lat="58.03101872093975543975830078125" lon="-3.9351360686123371124267578125">
        <ele>32.799999237060546875</ele>
        <time>2026-08-07T10:23:28.000Z</time>
      </trkpt>
      <trkpt lat="58.031166158616542816162109375" lon="-3.93541686236858367919921875">
        <ele>33.40000152587890625</ele>
        <time>2026-08-07T10:23:32.000Z</time>
      </trkpt>
      <trkpt lat="58.0314285121858119964599609375" lon="-3.9360621012747287750244140625">
        <ele>33.59999847412109375</ele>
        <time>2026-08-07T10:23:40.000Z</time>
      </trkpt>
      <trkpt lat="58.031697906553745269775390625" lon="-3.9365328289568424224853515625">
        <ele>34.200000762939453125</ele>
        <time>2026-08-07T10:23:47.000Z</time>
      </trkpt>
      <trkpt lat="58.031826652586460113525390625" lon="-3.93669418059289455413818359375">
        <ele>34.59999847412109375</ele>
        <time>2026-08-07T10:23:50.000Z</time>
      </trkpt>
      <trkpt lat="58.0318707413971424102783203125" lon="-3.93674614839255809783935546875">
        <ele>34.799999237060546875</ele>
        <time>2026-08-07T10:23:51.000Z</time>
      </trkpt>
      <trkpt lat="58.0320625193417072296142578125" lon="-3.93694303929805755615234375">
        <ele>35</ele>
        <time>2026-08-07T10:23:55.000Z</time>
      </trkpt>
      <trkpt lat="58.03238564170897006988525390625" lon="-3.93727337010204792022705078125">
        <ele>34.40000152587890625</ele>
        <time>2026-08-07T10:24:02.000Z</time>
      </trkpt>
      <trkpt lat="58.0326242744922637939453125" lon="-3.9375232346355915069580078125">
        <ele>34</ele>
        <time>2026-08-07T10:24:07.000Z</time>
      </trkpt>
      <trkpt lat="58.03272393532097339630126953125" lon="-3.937624990940093994140625">
        <ele>33.59999847412109375</ele>
        <time>2026-08-07T10:24:09.000Z</time>
      </trkpt>
      <trkpt lat="58.03277456201612949371337890625" lon="-3.9376772940158843994140625">
        <ele>33.59999847412109375</ele>
        <time>2026-08-07T10:24:10.000Z</time>
      </trkpt>
      <trkpt lat="58.03312291391193866729736328125" lon="-3.9380295015871524810791015625">
        <ele>34.799999237060546875</ele>
        <time>2026-08-07T10:24:17.000Z</time>
      </trkpt>
      <trkpt lat="58.03326867520809173583984375" lon="-3.93817811273038387298583984375">
        <ele>34.799999237060546875</ele>
        <time>2026-08-07T10:24:20.000Z</time>
      </trkpt>
      <trkpt lat="58.03331636823713779449462890625" lon="-3.938226141035556793212890625">
        <ele>34.799999237060546875</ele>
        <time>2026-08-07T10:24:21.000Z</time>
      </trkpt>
      <trkpt lat="58.03355701267719268798828125" lon="-3.93846762366592884063720703125">
        <ele>34.40000152587890625</ele>
        <time>2026-08-07T10:24:26.000Z</time>
      </trkpt>
      <trkpt lat="58.033704869449138641357421875" lon="-3.93862134777009487152099609375">
        <ele>34</ele>
        <time>2026-08-07T10:24:29.000Z</time>
      </trkpt>
      <trkpt lat="58.03386102430522441864013671875" lon="-3.93878127448260784149169921875">
        <ele>33.59999847412109375</ele>
        <time>2026-08-07T10:24:32.000Z</time>
      </trkpt>
      <trkpt lat="58.0340711586177349090576171875" lon="-3.93900423310697078704833984375">
        <ele>32.40000152587890625</ele>
        <time>2026-08-07T10:24:36.000Z</time>
      </trkpt>
      <trkpt lat="58.03433644585311412811279296875" lon="-3.939264155924320220947265625">
        <ele>33.40000152587890625</ele>
        <time>2026-08-07T10:24:41.000Z</time>
      </trkpt>
      <trkpt lat="58.034557141363620758056640625" lon="-3.93940840847790241241455078125">
        <ele>34.40000152587890625</ele>
        <time>2026-08-07T10:24:45.000Z</time>
      </trkpt>
      <trkpt lat="58.03492452017962932586669921875" lon="-3.93954302184283733367919921875">
        <ele>34</ele>
        <time>2026-08-07T10:24:51.000Z</time>
      </trkpt>
      <trkpt lat="58.03541301749646663665771484375" lon="-3.939711414277553558349609375">
        <ele>33.59999847412109375</ele>
        <time>2026-08-07T10:24:59.000Z</time>
      </trkpt>
      <trkpt lat="58.0357016064226627349853515625" lon="-3.9396988414227962493896484375">
        <ele>34.200000762939453125</ele>
        <time>2026-08-07T10:25:04.000Z</time>
      </trkpt>
      <trkpt lat="58.035816438496112823486328125" lon="-3.939690627157688140869140625">
        <ele>34.40000152587890625</ele>
        <time>2026-08-07T10:25:06.000Z</time>
      </trkpt>
      <trkpt lat="58.03617560304701328277587890625" lon="-3.93970437347888946533203125">
        <ele>34.59999847412109375</ele>
        <time>2026-08-07T10:25:12.000Z</time>
      </trkpt>
      <trkpt lat="58.036462850868701934814453125" lon="-3.93978056497871875762939453125">
        <ele>35.200000762939453125</ele>
        <time>2026-08-07T10:25:17.000Z</time>
      </trkpt>
      <trkpt lat="58.0365200154483318328857421875" lon="-3.93979598768055438995361328125">
        <ele>35.40000152587890625</ele>
        <time>2026-08-07T10:25:18.000Z</time>
      </trkpt>
      <trkpt lat="58.03657759912312030792236328125" lon="-3.93981442786753177642822265625">
        <ele>35.40000152587890625</ele>
        <time>2026-08-07T10:25:19.000Z</time>
      </trkpt>
      <trkpt lat="58.036866523325443267822265625" lon="-3.93988265655934810638427734375">
        <ele>35.40000152587890625</ele>
        <time>2026-08-07T10:25:24.000Z</time>
      </trkpt>
      <trkpt lat="58.03702116943895816802978515625" lon="-3.93990310840308666229248046875">
        <ele>35.59999847412109375</ele>
        <time>2026-08-07T10:25:27.000Z</time>
      </trkpt>
      <trkpt lat="58.03743280470371246337890625" lon="-3.940030597150325775146484375">
        <ele>35.59999847412109375</ele>
        <time>2026-08-07T10:25:35.000Z</time>
      </trkpt>
      <trkpt lat="58.0374869517982006072998046875" lon="-3.9400470256805419921875">
        <ele>35.799999237060546875</ele>
        <time>2026-08-07T10:25:36.000Z</time>
      </trkpt>
      <trkpt lat="58.03770211525261402130126953125" lon="-3.94008968956768512725830078125">
        <ele>36</ele>
        <time>2026-08-07T10:25:40.000Z</time>
      </trkpt>
      <trkpt lat="58.037754334509372711181640625" lon="-3.94011282362043857574462890625">
        <ele>36</ele>
        <time>2026-08-07T10:25:41.000Z</time>
      </trkpt>
      <trkpt lat="58.03780571557581424713134765625" lon="-3.94012941978871822357177734375">
        <ele>36.200000762939453125</ele>
        <time>2026-08-07T10:25:42.000Z</time>
      </trkpt>
      <trkpt lat="58.037856258451938629150390625" lon="-3.94013931043446063995361328125">
        <ele>36.59999847412109375</ele>
        <time>2026-08-07T10:25:43.000Z</time>
      </trkpt>
      <trkpt lat="58.03806069307029247283935546875" lon="-3.940183818340301513671875">
        <ele>37.59999847412109375</ele>
        <time>2026-08-07T10:25:47.000Z</time>
      </trkpt>
      <trkpt lat="58.03815758787095546722412109375" lon="-3.94019915722310543060302734375">
        <ele>38</ele>
        <time>2026-08-07T10:25:49.000Z</time>
      </trkpt>
      <trkpt lat="58.038483895361423492431640625" lon="-3.94018105231225490570068359375">
        <ele>37.799999237060546875</ele>
        <time>2026-08-07T10:25:55.000Z</time>
      </trkpt>
      <trkpt lat="58.03868003189563751220703125" lon="-3.940171413123607635498046875">
        <ele>36.59999847412109375</ele>
        <time>2026-08-07T10:25:58.000Z</time>
      </trkpt>
      <trkpt lat="58.03890810348093509674072265625" lon="-3.940175436437129974365234375">
        <ele>35.40000152587890625</ele>
        <time>2026-08-07T10:26:01.000Z</time>
      </trkpt>
      <trkpt lat="58.03906819783151149749755859375" lon="-3.94017199985682964324951171875">
        <ele>34</ele>
        <time>2026-08-07T10:26:03.000Z</time>
      </trkpt>
      <trkpt lat="58.0392387695610523223876953125" lon="-3.94016479142010211944580078125">
        <ele>33.40000152587890625</ele>
        <time>2026-08-07T10:26:05.000Z</time>
      </trkpt>
      <trkpt lat="58.03940699435770511627197265625" lon="-3.9401234686374664306640625">
        <ele>33</ele>
        <time>2026-08-07T10:26:07.000Z</time>
      </trkpt>
      <trkpt lat="58.03948997519910335540771484375" lon="-3.9400874264538288116455078125">
        <ele>33</ele>
        <time>2026-08-07T10:26:08.000Z</time>
      </trkpt>
      <trkpt lat="58.0400722660124301910400390625" lon="-3.9397588558495044708251953125">
        <ele>32</ele>
        <time>2026-08-07T10:26:15.000Z</time>
      </trkpt>
      <trkpt lat="58.04059655405580997467041015625" lon="-3.939571268856525421142578125">
        <ele>31.3999996185302734375</ele>
        <time>2026-08-07T10:26:22.000Z</time>
      </trkpt>
      <trkpt lat="58.04100961424410343170166015625" lon="-3.93941712565720081329345703125">
        <ele>31.799999237060546875</ele>
        <time>2026-08-07T10:26:28.000Z</time>
      </trkpt>
      <trkpt lat="58.04121262393891811370849609375" lon="-3.93927144818007946014404296875">
        <ele>31.6000003814697265625</ele>
        <time>2026-08-07T10:26:31.000Z</time>
      </trkpt>
      <trkpt lat="58.04136333055794239044189453125" lon="-3.9392022974789142608642578125">
        <ele>31.200000762939453125</ele>
        <time>2026-08-07T10:26:33.000Z</time>
      </trkpt>
      <trkpt lat="58.0414428748190402984619140625" lon="-3.9391900599002838134765625">
        <ele>31</ele>
        <time>2026-08-07T10:26:34.000Z</time>
      </trkpt>
      <trkpt lat="58.04152317345142364501953125" lon="-3.93920305185019969940185546875">
        <ele>30.799999237060546875</ele>
        <time>2026-08-07T10:26:35.000Z</time>
      </trkpt>
      <trkpt lat="58.041751496493816375732421875" lon="-3.93927899189293384552001953125">
        <ele>31.200000762939453125</ele>
        <time>2026-08-07T10:26:38.000Z</time>
      </trkpt>
      <trkpt lat="58.04195794276893138885498046875" lon="-3.9393541775643825531005859375">
        <ele>31.799999237060546875</ele>
        <time>2026-08-07T10:26:41.000Z</time>
      </trkpt>
      <trkpt lat="58.04202080704271793365478515625" lon="-3.9393763057887554168701171875">
        <ele>32</ele>
        <time>2026-08-07T10:26:42.000Z</time>
      </trkpt>
      <trkpt lat="58.0421419255435466766357421875" lon="-3.93940807320177555084228515625">
        <ele>32.59999847412109375</ele>
        <time>2026-08-07T10:26:44.000Z</time>
      </trkpt>
      <trkpt lat="58.042200095951557159423828125" lon="-3.9394168742001056671142578125">
        <ele>32.799999237060546875</ele>
        <time>2026-08-07T10:26:45.000Z</time>
      </trkpt>
      <trkpt lat="58.0423097312450408935546875" lon="-3.93942684866487979888916015625">
        <ele>33</ele>
        <time>2026-08-07T10:26:47.000Z</time>
      </trkpt>
      <trkpt lat="58.0423615314066410064697265625" lon="-3.93942232243716716766357421875">
        <ele>33</ele>
        <time>2026-08-07T10:26:48.000Z</time>
      </trkpt>
      <trkpt lat="58.04252363741397857666015625" lon="-3.93941662274301052093505859375">
        <ele>32.799999237060546875</ele>
        <time>2026-08-07T10:26:51.000Z</time>
      </trkpt>
      <trkpt lat="58.0430629290640354156494140625" lon="-3.93924647010862827301025390625">
        <ele>31.200000762939453125</ele>
        <time>2026-08-07T10:27:00.000Z</time>
      </trkpt>
      <trkpt lat="58.0431323312222957611083984375" lon="-3.93922023475170135498046875">
        <ele>31</ele>
        <time>2026-08-07T10:27:01.000Z</time>
      </trkpt>
      <trkpt lat="58.04320315830409526824951171875" lon="-3.93919500522315502166748046875">
        <ele>31</ele>
        <time>2026-08-07T10:27:02.000Z</time>
      </trkpt>
      <trkpt lat="58.04327306337654590606689453125" lon="-3.939166255295276641845703125">
        <ele>30.799999237060546875</ele>
        <time>2026-08-07T10:27:03.000Z</time>
      </trkpt>
      <trkpt lat="58.04334682412445545196533203125" lon="-3.939144127070903778076171875">
        <ele>30.799999237060546875</ele>
        <time>2026-08-07T10:27:04.000Z</time>
      </trkpt>
      <trkpt lat="58.043420501053333282470703125" lon="-3.93911856226623058319091796875">
        <ele>30.799999237060546875</ele>
        <time>2026-08-07T10:27:05.000Z</time>
      </trkpt>
      <trkpt lat="58.04357011802494525909423828125" lon="-3.93908604048192501068115234375">
        <ele>31.200000762939453125</ele>
        <time>2026-08-07T10:27:07.000Z</time>
      </trkpt>
      <trkpt lat="58.044056855142116546630859375" lon="-3.939103893935680389404296875">
        <ele>31.3999996185302734375</ele>
        <time>2026-08-07T10:27:14.000Z</time>
      </trkpt>
      <trkpt lat="58.0443723499774932861328125" lon="-3.9392034709453582763671875">
        <ele>32.200000762939453125</ele>
        <time>2026-08-07T10:27:19.000Z</time>
      </trkpt>
      <trkpt lat="58.044946677982807159423828125" lon="-3.939318470656871795654296875">
        <ele>32.40000152587890625</ele>
        <time>2026-08-07T10:27:28.000Z</time>
      </trkpt>
      <trkpt lat="58.04501314647495746612548828125" lon="-3.93932593055069446563720703125">
        <ele>32.40000152587890625</ele>
        <time>2026-08-07T10:27:29.000Z</time>
      </trkpt>
      <trkpt lat="58.04507869295775890350341796875" lon="-3.93932928331196308135986328125">
        <ele>32.40000152587890625</ele>
        <time>2026-08-07T10:27:30.000Z</time>
      </trkpt>
      <trkpt lat="58.04514407180249691009521484375" lon="-3.93933364190161228179931640625">
        <ele>32.40000152587890625</ele>
        <time>2026-08-07T10:27:31.000Z</time>
      </trkpt>
      <trkpt lat="58.0452086962759494781494140625" lon="-3.93933766521513462066650390625">
        <ele>32.200000762939453125</ele>
        <time>2026-08-07T10:27:32.000Z</time>
      </trkpt>
      <trkpt lat="58.04527424275875091552734375" lon="-3.9393451251089572906494140625">
        <ele>32.200000762939453125</ele>
        <time>2026-08-07T10:27:33.000Z</time>
      </trkpt>
      <trkpt lat="58.045475073158740997314453125" lon="-3.939297683537006378173828125">
        <ele>32</ele>
        <time>2026-08-07T10:27:36.000Z</time>
      </trkpt>
      <trkpt lat="58.0459506623446941375732421875" lon="-3.93900054506957530975341796875">
        <ele>31.6000003814697265625</ele>
        <time>2026-08-07T10:27:43.000Z</time>
      </trkpt>
      <trkpt lat="58.04634888656437397003173828125" lon="-3.93882150761783123016357421875">
        <ele>31.799999237060546875</ele>
        <time>2026-08-07T10:27:49.000Z</time>
      </trkpt>
      <trkpt lat="58.04641610942780971527099609375" lon="-3.9388197474181652069091796875">
        <ele>31.799999237060546875</ele>
        <time>2026-08-07T10:27:50.000Z</time>
      </trkpt>
      <trkpt lat="58.04660386405885219573974609375" lon="-3.93887196667492389678955078125">
        <ele>32</ele>
        <time>2026-08-07T10:27:53.000Z</time>
      </trkpt>
      <trkpt lat="58.046722970902919769287109375" lon="-3.93895176239311695098876953125">
        <ele>32</ele>
        <time>2026-08-07T10:27:55.000Z</time>
      </trkpt>
      <trkpt lat="58.0468880943953990936279296875" lon="-3.93912057392299175262451171875">
        <ele>32</ele>
        <time>2026-08-07T10:27:58.000Z</time>
      </trkpt>
      <trkpt lat="58.0470419861376285552978515625" lon="-3.939350657165050506591796875">
        <ele>31.799999237060546875</ele>
        <time>2026-08-07T10:28:01.000Z</time>
      </trkpt>
      <trkpt lat="58.0471355281770229339599609375" lon="-3.93955442123115062713623046875">
        <ele>31.799999237060546875</ele>
        <time>2026-08-07T10:28:03.000Z</time>
      </trkpt>
      <trkpt lat="58.04721607826650142669677734375" lon="-3.939781822264194488525390625">
        <ele>31.200000762939453125</ele>
        <time>2026-08-07T10:28:05.000Z</time>
      </trkpt>
      <trkpt lat="58.04732571355998516082763671875" lon="-3.94011332653462886810302734375">
        <ele>30.799999237060546875</ele>
        <time>2026-08-07T10:28:08.000Z</time>
      </trkpt>
      <trkpt lat="58.0475314892828464508056640625" lon="-3.94074783660471439361572265625">
        <ele>30.200000762939453125</ele>
        <time>2026-08-07T10:28:14.000Z</time>
      </trkpt>
      <trkpt lat="58.04756627418100833892822265625" lon="-3.940846659243106842041015625">
        <ele>30</ele>
        <time>2026-08-07T10:28:15.000Z</time>
      </trkpt>
      <trkpt lat="58.047606088221073150634765625" lon="-3.9409420453011989593505859375">
        <ele>30</ele>
        <time>2026-08-07T10:28:16.000Z</time>
      </trkpt>
      <trkpt lat="58.0476867221295833587646484375" lon="-3.94111244939267635345458984375">
        <ele>29.799999237060546875</ele>
        <time>2026-08-07T10:28:18.000Z</time>
      </trkpt>
      <trkpt lat="58.04782661609351634979248046875" lon="-3.941312693059444427490234375">
        <ele>30.3999996185302734375</ele>
        <time>2026-08-07T10:28:21.000Z</time>
      </trkpt>
      <trkpt lat="58.04787573404610157012939453125" lon="-3.941369690001010894775390625">
        <ele>31</ele>
        <time>2026-08-07T10:28:22.000Z</time>
      </trkpt>
      <trkpt lat="58.04792585782706737518310546875" lon="-3.94141654483973979949951171875">
        <ele>31.3999996185302734375</ele>
        <time>2026-08-07T10:28:23.000Z</time>
      </trkpt>
      <trkpt lat="58.04813406430184841156005859375" lon="-3.9415428601205348968505859375">
        <ele>32.200000762939453125</ele>
        <time>2026-08-07T10:28:27.000Z</time>
      </trkpt>
      <trkpt lat="58.0485990084707736968994140625" lon="-3.94176875241100788116455078125">
        <ele>31.3999996185302734375</ele>
        <time>2026-08-07T10:28:35.000Z</time>
      </trkpt>
      <trkpt lat="58.04893386550247669219970703125" lon="-3.94208190031349658966064453125">
        <ele>31.3999996185302734375</ele>
        <time>2026-08-07T10:28:41.000Z</time>
      </trkpt>
      <trkpt lat="58.04918230511248111724853515625" lon="-3.94238390028476715087890625">
        <ele>32.40000152587890625</ele>
        <time>2026-08-07T10:28:46.000Z</time>
      </trkpt>
      <trkpt lat="58.04927584715187549591064453125" lon="-3.942487500607967376708984375">
        <ele>32.59999847412109375</ele>
        <time>2026-08-07T10:28:48.000Z</time>
      </trkpt>
      <trkpt lat="58.04955127649009227752685546875" lon="-3.94276418723165988922119140625">
        <ele>33.59999847412109375</ele>
        <time>2026-08-07T10:28:54.000Z</time>
      </trkpt>
      <trkpt lat="58.0497325770556926727294921875" lon="-3.942970298230648040771484375">
        <ele>33.799999237060546875</ele>
        <time>2026-08-07T10:28:59.000Z</time>
      </trkpt>
      <trkpt lat="58.04974146187305450439453125" lon="-3.94298731349408626556396484375">
        <ele>33.799999237060546875</ele>
        <time>2026-08-07T10:29:00.000Z</time>
      </trkpt>
      <trkpt lat="58.0497386120259761810302734375" lon="-3.94296719692647457122802734375">
        <ele>34.200000762939453125</ele>
        <time>2026-08-07T10:29:02.000Z</time>
      </trkpt>
      <trkpt lat="58.049727380275726318359375" lon="-3.9429718069732189178466796875">
        <ele>34.40000152587890625</ele>
        <time>2026-08-07T10:29:04.000Z</time>
      </trkpt>
      <trkpt lat="58.04973668418824672698974609375" lon="-3.94298873841762542724609375">
        <ele>34.200000762939453125</ele>
        <time>2026-08-07T10:29:08.000Z</time>
      </trkpt>
      <trkpt lat="58.0497372709214687347412109375" lon="-3.94299234263598918914794921875">
        <ele>33.799999237060546875</ele>
        <time>2026-08-07T10:29:14.000Z</time>
      </trkpt>
      <trkpt lat="58.049736432731151580810546875" lon="-3.94298865459859371185302734375">
        <ele>33.59999847412109375</ele>
        <time>2026-08-07T10:29:19.000Z</time>
      </trkpt>
      <trkpt lat="58.0497372709214687347412109375" lon="-3.94299234263598918914794921875">
        <ele>33.200000762939453125</ele>
        <time>2026-08-07T10:29:25.000Z</time>
      </trkpt>
      <trkpt lat="58.0497372709214687347412109375" lon="-3.94299234263598918914794921875">
        <ele>32.799999237060546875</ele>
        <time>2026-08-07T10:29:29.000Z</time>
      </trkpt>
      <trkpt lat="58.0497372709214687347412109375" lon="-3.94299234263598918914794921875">
        <ele>32.799999237060546875</ele>
        <time>2026-08-07T10:29:32.000Z</time>
      </trkpt>
      <trkpt lat="58.0497372709214687347412109375" lon="-3.94299234263598918914794921875">
        <ele>32.59999847412109375</ele>
        <time>2026-08-07T10:29:34.000Z</time>
      </trkpt>
      <trkpt lat="58.0497372709214687347412109375" lon="-3.94299234263598918914794921875">
        <ele>32.40000152587890625</ele>
        <time>2026-08-07T10:29:37.000Z</time>
      </trkpt>
      <trkpt lat="58.0497372709214687347412109375" lon="-3.94299234263598918914794921875">
        <ele>32.40000152587890625</ele>
        <time>2026-08-07T10:29:38.000Z</time>
      </trkpt>
      <trkpt lat="58.0497372709214687347412109375" lon="-3.94299234263598918914794921875">
        <ele>32.200000762939453125</ele>
        <time>2026-08-07T10:29:44.000Z</time>
      </trkpt>
      <trkpt lat="58.0497372709214687347412109375" lon="-3.94299234263598918914794921875">
        <ele>32</ele>
        <time>2026-08-07T10:29:49.000Z</time>
      </trkpt>
      <trkpt lat="58.04973618127405643463134765625" lon="-3.94299033097922801971435546875">
        <ele>31.6000003814697265625</ele>
        <time>2026-08-07T10:29:57.000Z</time>
      </trkpt>
      <trkpt lat="58.0497372709214687347412109375" lon="-3.94299234263598918914794921875">
        <ele>31.3999996185302734375</ele>
        <time>2026-08-07T10:30:00.000Z</time>
      </trkpt>
      <trkpt lat="58.0497372709214687347412109375" lon="-3.94299234263598918914794921875">
        <ele>31.3999996185302734375</ele>
        <time>2026-08-07T10:30:02.000Z</time>
      </trkpt>
      <trkpt lat="58.04974020458757877349853515625" lon="-3.9430060051381587982177734375">
        <ele>31.3999996185302734375</ele>
        <time>2026-08-07T10:30:07.000Z</time>
      </trkpt>
      <trkpt lat="58.04973986931145191192626953125" lon="-3.94298982806503772735595703125">
        <ele>31.3999996185302734375</ele>
        <time>2026-08-07T10:30:08.000Z</time>
      </trkpt>
      <trkpt lat="58.0497379414737224578857421875" lon="-3.94298764877021312713623046875">
        <ele>31.200000762939453125</ele>
        <time>2026-08-07T10:30:11.000Z</time>
      </trkpt>
      <trkpt lat="58.0497372709214687347412109375" lon="-3.94299234263598918914794921875">
        <ele>30.799999237060546875</ele>
        <time>2026-08-07T10:30:16.000Z</time>
      </trkpt>
      <trkpt lat="58.0497372709214687347412109375" lon="-3.94299234263598918914794921875">
        <ele>30.6000003814697265625</ele>
        <time>2026-08-07T10:30:22.000Z</time>
      </trkpt>
      <trkpt lat="58.049808181822299957275390625" lon="-3.9430153928697109222412109375">
        <ele>30.6000003814697265625</ele>
        <time>2026-08-07T10:30:28.000Z</time>
      </trkpt>
      <trkpt lat="58.04995897226035594940185546875" lon="-3.9431168138980865478515625">
        <ele>30.799999237060546875</ele>
        <time>2026-08-07T10:30:34.000Z</time>
      </trkpt>
      <trkpt lat="58.05009157396852970123291015625" lon="-3.94316350109875202178955078125">
        <ele>31.6000003814697265625</ele>
        <time>2026-08-07T10:30:38.000Z</time>
      </trkpt>
      <trkpt lat="58.0502512492239475250244140625" lon="-3.94322418607771396636962890625">
        <ele>31.3999996185302734375</ele>
        <time>2026-08-07T10:30:42.000Z</time>
      </trkpt>
      <trkpt lat="58.050374127924442291259765625" lon="-3.94327179528772830963134765625">
        <ele>32</ele>
        <time>2026-08-07T10:30:45.000Z</time>
      </trkpt>
      <trkpt lat="58.0504502356052398681640625" lon="-3.9433137886226177215576171875">
        <ele>32.40000152587890625</ele>
        <time>2026-08-07T10:30:47.000Z</time>
      </trkpt>
      <trkpt lat="58.05049004964530467987060546875" lon="-3.94332828931510448455810546875">
        <ele>32.40000152587890625</ele>
        <time>2026-08-07T10:30:48.000Z</time>
      </trkpt>
      <trkpt lat="58.050531707704067230224609375" lon="-3.9433382637798786163330078125">
        <ele>32.59999847412109375</ele>
        <time>2026-08-07T10:30:49.000Z</time>
      </trkpt>
      <trkpt lat="58.05057185702025890350341796875" lon="-3.94335024990141391754150390625">
        <ele>32.59999847412109375</ele>
        <time>2026-08-07T10:30:50.000Z</time>
      </trkpt>
      <trkpt lat="58.050614185631275177001953125" lon="-3.94336558878421783447265625">
        <ele>32.799999237060546875</ele>
        <time>2026-08-07T10:30:51.000Z</time>
      </trkpt>
      <trkpt lat="58.0506545864045619964599609375" lon="-3.94338595680892467498779296875">
        <ele>32.799999237060546875</ele>
        <time>2026-08-07T10:30:52.000Z</time>
      </trkpt>
      <trkpt lat="58.05069574154913425445556640625" lon="-3.94340489991009235382080078125">
        <ele>32.799999237060546875</ele>
        <time>2026-08-07T10:30:53.000Z</time>
      </trkpt>
      <trkpt lat="58.050734885036945343017578125" lon="-3.9434311352670192718505859375">
        <ele>32.799999237060546875</ele>
        <time>2026-08-07T10:30:54.000Z</time>
      </trkpt>
      <trkpt lat="58.050773441791534423828125" lon="-3.9434599690139293670654296875">
        <ele>32.799999237060546875</ele>
        <time>2026-08-07T10:30:55.000Z</time>
      </trkpt>
      <trkpt lat="58.05097854696214199066162109375" lon="-3.94367747940123081207275390625">
        <ele>33.200000762939453125</ele>
        <time>2026-08-07T10:31:01.000Z</time>
      </trkpt>
      <trkpt lat="58.05124592967331409454345703125" lon="-3.9439670741558074951171875">
        <ele>33</ele>
        <time>2026-08-07T10:31:08.000Z</time>
      </trkpt>
      <trkpt lat="58.05142597295343875885009765625" lon="-3.94423252902925014495849609375">
        <ele>32.59999847412109375</ele>
        <time>2026-08-07T10:31:13.000Z</time>
      </trkpt>
      <trkpt lat="58.0514626018702983856201171875" lon="-3.94429388456046581268310546875">
        <ele>32.59999847412109375</ele>
        <time>2026-08-07T10:31:14.000Z</time>
      </trkpt>
      <trkpt lat="58.051504008471965789794921875" lon="-3.944357000291347503662109375">
        <ele>32.799999237060546875</ele>
        <time>2026-08-07T10:31:15.000Z</time>
      </trkpt>
      <trkpt lat="58.05157651193439960479736328125" lon="-3.9444765262305736541748046875">
        <ele>33</ele>
        <time>2026-08-07T10:31:17.000Z</time>
      </trkpt>
      <trkpt lat="58.0516915954649448394775390625" lon="-3.94460342824459075927734375">
        <ele>33.200000762939453125</ele>
        <time>2026-08-07T10:31:20.000Z</time>
      </trkpt>
      <trkpt lat="58.05177600122988224029541015625" lon="-3.9446679688990116119384765625">
        <ele>33.40000152587890625</ele>
        <time>2026-08-07T10:31:22.000Z</time>
      </trkpt>
      <trkpt lat="58.05190826766192913055419921875" lon="-3.94477919675409793853759765625">
        <ele>33.799999237060546875</ele>
        <time>2026-08-07T10:31:25.000Z</time>
      </trkpt>
      <trkpt lat="58.0519521050155162811279296875" lon="-3.94481674768030643463134765625">
        <ele>34</ele>
        <time>2026-08-07T10:31:26.000Z</time>
      </trkpt>
      <trkpt lat="58.05212016217410564422607421875" lon="-3.94498036243021488189697265625">
        <ele>34.200000762939453125</ele>
        <time>2026-08-07T10:31:30.000Z</time>
      </trkpt>
      <trkpt lat="58.0521894805133342742919921875" lon="-3.94508362747728824615478515625">
        <ele>34.200000762939453125</ele>
        <time>2026-08-07T10:31:32.000Z</time>
      </trkpt>
      <trkpt lat="58.05226013995707035064697265625" lon="-3.9452008903026580810546875">
        <ele>34.59999847412109375</ele>
        <time>2026-08-07T10:31:34.000Z</time>
      </trkpt>
      <trkpt lat="58.05233725346624851226806640625" lon="-3.9452986232936382293701171875">
        <ele>34.799999237060546875</ele>
        <time>2026-08-07T10:31:36.000Z</time>
      </trkpt>
      <trkpt lat="58.052519895136356353759765625" lon="-3.9454136230051517486572265625">
        <ele>35</ele>
        <time>2026-08-07T10:31:40.000Z</time>
      </trkpt>
      <trkpt lat="58.05276238359510898590087890625" lon="-3.94546818919479846954345703125">
        <ele>35.59999847412109375</ele>
        <time>2026-08-07T10:31:45.000Z</time>
      </trkpt>
      <trkpt lat="58.05280798114836215972900390625" lon="-3.94548696465790271759033203125">
        <ele>35.799999237060546875</ele>
        <time>2026-08-07T10:31:46.000Z</time>
      </trkpt>
      <trkpt lat="58.0530068837106227874755859375" lon="-3.94559307955205440521240234375">
        <ele>36.799999237060546875</ele>
        <time>2026-08-07T10:31:51.000Z</time>
      </trkpt>
      <trkpt lat="58.053040243685245513916015625" lon="-3.94562392495572566986083984375">
        <ele>36.799999237060546875</ele>
        <time>2026-08-07T10:31:52.000Z</time>
      </trkpt>
      <trkpt lat="58.05318650789558887481689453125" lon="-3.94573372788727283477783203125">
        <ele>38</ele>
        <time>2026-08-07T10:31:57.000Z</time>
      </trkpt>
      <trkpt lat="58.0532794632017612457275390625" lon="-3.94578100182116031646728515625">
        <ele>38.59999847412109375</ele>
        <time>2026-08-07T10:32:00.000Z</time>
      </trkpt>
      <trkpt lat="58.0533418245613574981689453125" lon="-3.9458317123353481292724609375">
        <ele>39</ele>
        <time>2026-08-07T10:32:02.000Z</time>
      </trkpt>
      <trkpt lat="58.05346562527120113372802734375" lon="-3.94590220414102077484130859375">
        <ele>39.59999847412109375</ele>
        <time>2026-08-07T10:32:06.000Z</time>
      </trkpt>
      <trkpt lat="58.0535255558788776397705078125" lon="-3.94593656994402408599853515625">
        <ele>39.799999237060546875</ele>
        <time>2026-08-07T10:32:08.000Z</time>
      </trkpt>
      <trkpt lat="58.05357609875500202178955078125" lon="-3.9459882862865924835205078125">
        <ele>40</ele>
        <time>2026-08-07T10:32:10.000Z</time>
      </trkpt>
      <trkpt lat="58.05364399217069149017333984375" lon="-3.94609398208558559417724609375">
        <ele>40.40000152587890625</ele>
        <time>2026-08-07T10:32:13.000Z</time>
      </trkpt>
      <trkpt lat="58.05369411595165729522705078125" lon="-3.94621468149125576019287109375">
        <ele>40.799999237060546875</ele>
        <time>2026-08-07T10:32:16.000Z</time>
      </trkpt>
      <trkpt lat="58.05370367132127285003662109375" lon="-3.946321047842502593994140625">
        <ele>41.200000762939453125</ele>
        <time>2026-08-07T10:32:18.000Z</time>
      </trkpt>
      <trkpt lat="58.053697049617767333984375" lon="-3.946724720299243927001953125">
        <ele>41</ele>
        <time>2026-08-07T10:32:24.000Z</time>
      </trkpt>
      <trkpt lat="58.05370383895933628082275390625" lon="-3.9468103833496570587158203125">
        <ele>41</ele>
        <time>2026-08-07T10:32:25.000Z</time>
      </trkpt>
      <trkpt lat="58.05374792777001857757568359375" lon="-3.94712512381374835968017578125">
        <ele>41.40000152587890625</ele>
        <time>2026-08-07T10:32:29.000Z</time>
      </trkpt>
      <trkpt lat="58.05376636795699596405029296875" lon="-3.94720843993127346038818359375">
        <ele>41.59999847412109375</ele>
        <time>2026-08-07T10:32:30.000Z</time>
      </trkpt>
      <trkpt lat="58.053798638284206390380859375" lon="-3.94736886955797672271728515625">
        <ele>42.200000762939453125</ele>
        <time>2026-08-07T10:32:32.000Z</time>
      </trkpt>
      <trkpt lat="58.05387181229889392852783203125" lon="-3.94770029000937938690185546875">
        <ele>42.40000152587890625</ele>
        <time>2026-08-07T10:32:36.000Z</time>
      </trkpt>
      <trkpt lat="58.05401681922376155853271484375" lon="-3.94827277399599552154541015625">
        <ele>42.200000762939453125</ele>
        <time>2026-08-07T10:32:42.000Z</time>
      </trkpt>
      <trkpt lat="58.05416786111891269683837890625" lon="-3.94867057912051677703857421875">
        <ele>41.799999237060546875</ele>
        <time>2026-08-07T10:32:46.000Z</time>
      </trkpt>
      <trkpt lat="58.05424748919904232025146484375" lon="-3.9488780312240123748779296875">
        <ele>41</ele>
        <time>2026-08-07T10:32:48.000Z</time>
      </trkpt>
      <trkpt lat="58.05428638122975826263427734375" lon="-3.948976434767246246337890625">
        <ele>40.40000152587890625</ele>
        <time>2026-08-07T10:32:49.000Z</time>
      </trkpt>
      <trkpt lat="58.0545706115663051605224609375" lon="-3.949565179646015167236328125">
        <ele>40.799999237060546875</ele>
        <time>2026-08-07T10:32:55.000Z</time>
      </trkpt>
      <trkpt lat="58.05492424406111240386962890625" lon="-3.95006180740892887115478515625">
        <ele>39.799999237060546875</ele>
        <time>2026-08-07T10:33:00.000Z</time>
      </trkpt>
      <trkpt lat="58.05523018352687358856201171875" lon="-3.95049498416483402252197265625">
        <ele>38.40000152587890625</ele>
        <time>2026-08-07T10:33:04.000Z</time>
      </trkpt>
      <trkpt lat="58.055466301739215850830078125" lon="-3.9508397318422794342041015625">
        <ele>37</ele>
        <time>2026-08-07T10:33:07.000Z</time>
      </trkpt>
      <trkpt lat="58.05570057593286037445068359375" lon="-3.95119168795645236968994140625">
        <ele>35.799999237060546875</ele>
        <time>2026-08-07T10:33:10.000Z</time>
      </trkpt>
      <trkpt lat="58.05595052428543567657470703125" lon="-3.95155210979282855987548828125">
        <ele>34.200000762939453125</ele>
        <time>2026-08-07T10:33:13.000Z</time>
      </trkpt>
      <trkpt lat="58.0561185814440250396728515625" lon="-3.95181345753371715545654296875">
        <ele>33.59999847412109375</ele>
        <time>2026-08-07T10:33:15.000Z</time>
      </trkpt>
      <trkpt lat="58.056566007435321807861328125" lon="-3.95247311331331729888916015625">
        <ele>33</ele>
        <time>2026-08-07T10:33:20.000Z</time>
      </trkpt>
      <trkpt lat="58.05674429051578044891357421875" lon="-3.952734209597110748291015625">
        <ele>32.59999847412109375</ele>
        <time>2026-08-07T10:33:22.000Z</time>
      </trkpt>
      <trkpt lat="58.0568312108516693115234375" lon="-3.952863626182079315185546875">
        <ele>32.200000762939453125</ele>
        <time>2026-08-07T10:33:23.000Z</time>
      </trkpt>
      <trkpt lat="58.056918047368526458740234375" lon="-3.95298977382481098175048828125">
        <ele>31.799999237060546875</ele>
        <time>2026-08-07T10:33:24.000Z</time>
      </trkpt>
      <trkpt lat="58.057085014879703521728515625" lon="-3.95322807133197784423828125">
        <ele>32</ele>
        <time>2026-08-07T10:33:26.000Z</time>
      </trkpt>
      <trkpt lat="58.05716590024530887603759765625" lon="-3.953345753252506256103515625">
        <ele>32.40000152587890625</ele>
        <time>2026-08-07T10:33:27.000Z</time>
      </trkpt>
      <trkpt lat="58.05724603123962879180908203125" lon="-3.95345547236502170562744140625">
        <ele>32.799999237060546875</ele>
        <time>2026-08-07T10:33:28.000Z</time>
      </trkpt>
      <trkpt lat="58.05732666514813899993896484375" lon="-3.95355203188955783843994140625">
        <ele>33.59999847412109375</ele>
        <time>2026-08-07T10:33:29.000Z</time>
      </trkpt>
      <trkpt lat="58.05740545503795146942138671875" lon="-3.9536433108150959014892578125">
        <ele>34.200000762939453125</ele>
        <time>2026-08-07T10:33:30.000Z</time>
      </trkpt>
      <trkpt lat="58.05755733512341976165771484375" lon="-3.95381622947752475738525390625">
        <ele>34.59999847412109375</ele>
        <time>2026-08-07T10:33:32.000Z</time>
      </trkpt>
      <trkpt lat="58.05770670063793659210205078125" lon="-3.953984118998050689697265625">
        <ele>34.799999237060546875</ele>
        <time>2026-08-07T10:33:34.000Z</time>
      </trkpt>
      <trkpt lat="58.05778264068067073822021484375" lon="-3.9540617354214191436767578125">
        <ele>34.59999847412109375</ele>
        <time>2026-08-07T10:33:35.000Z</time>
      </trkpt>
      <trkpt lat="58.0580041743814945220947265625" lon="-3.95429567433893680572509765625">
        <ele>34.59999847412109375</ele>
        <time>2026-08-07T10:33:38.000Z</time>
      </trkpt>
      <trkpt lat="58.05821246467530727386474609375" lon="-3.95453833043575286865234375">
        <ele>35.200000762939453125</ele>
        <time>2026-08-07T10:33:41.000Z</time>
      </trkpt>
      <trkpt lat="58.0585372634232044219970703125" lon="-3.95490637980401515960693359375">
        <ele>36.40000152587890625</ele>
        <time>2026-08-07T10:33:46.000Z</time>
      </trkpt>
      <trkpt lat="58.0586512573063373565673828125" lon="-3.9550404064357280731201171875">
        <ele>37.799999237060546875</ele>
        <time>2026-08-07T10:33:48.000Z</time>
      </trkpt>
      <trkpt lat="58.058705739676952362060546875" lon="-3.955093212425708770751953125">
        <ele>38.59999847412109375</ele>
        <time>2026-08-07T10:33:49.000Z</time>
      </trkpt>
      <trkpt lat="58.05875862948596477508544921875" lon="-3.955134451389312744140625">
        <ele>39</ele>
        <time>2026-08-07T10:33:50.000Z</time>
      </trkpt>
      <trkpt lat="58.0588547699153423309326171875" lon="-3.95525691099464893341064453125">
        <ele>40</ele>
        <time>2026-08-07T10:33:52.000Z</time>
      </trkpt>
      <trkpt lat="58.0589018762111663818359375" lon="-3.95530083216726779937744140625">
        <ele>40.59999847412109375</ele>
        <time>2026-08-07T10:33:53.000Z</time>
      </trkpt>
      <trkpt lat="58.0589952506124973297119140625" lon="-3.95537308417260646820068359375">
        <ele>41.40000152587890625</ele>
        <time>2026-08-07T10:33:55.000Z</time>
      </trkpt>
      <trkpt lat="58.05903531610965728759765625" lon="-3.95540493540465831756591796875">
        <ele>41.59999847412109375</ele>
        <time>2026-08-07T10:33:56.000Z</time>
      </trkpt>
      <trkpt lat="58.05907496251165866851806640625" lon="-3.95544365979731082916259765625">
        <ele>42</ele>
        <time>2026-08-07T10:33:57.000Z</time>
      </trkpt>
      <trkpt lat="58.059146963059902191162109375" lon="-3.95550392568111419677734375">
        <ele>42.799999237060546875</ele>
        <time>2026-08-07T10:33:59.000Z</time>
      </trkpt>
      <trkpt lat="58.05921007879078388214111328125" lon="-3.95556888543069362640380859375">
        <ele>43.799999237060546875</ele>
        <time>2026-08-07T10:34:01.000Z</time>
      </trkpt>
      <trkpt lat="58.0592470429837703704833984375" lon="-3.95561263896524906158447265625">
        <ele>44</ele>
        <time>2026-08-07T10:34:02.000Z</time>
      </trkpt>
      <trkpt lat="58.05944125168025493621826171875" lon="-3.9557776786386966705322265625">
        <ele>45.200000762939453125</ele>
        <time>2026-08-07T10:34:08.000Z</time>
      </trkpt>
      <trkpt lat="58.05947259999811649322509765625" lon="-3.95581346936523914337158203125">
        <ele>45.40000152587890625</ele>
        <time>2026-08-07T10:34:09.000Z</time>
      </trkpt>
      <trkpt lat="58.059707544744014739990234375" lon="-3.95610298030078411102294921875">
        <ele>45.799999237060546875</ele>
        <time>2026-08-07T10:34:16.000Z</time>
      </trkpt>
      <trkpt lat="58.05987509898841381072998046875" lon="-3.95636784844100475311279296875">
        <ele>46.200000762939453125</ele>
        <time>2026-08-07T10:34:22.000Z</time>
      </trkpt>
      <trkpt lat="58.059987835586071014404296875" lon="-3.9565498195588588714599609375">
        <ele>46.200000762939453125</ele>
        <time>2026-08-07T10:34:26.000Z</time>
      </trkpt>
      <trkpt lat="58.06003938429057598114013671875" lon="-3.95663942210376262664794921875">
        <ele>46.40000152587890625</ele>
        <time>2026-08-07T10:34:28.000Z</time>
      </trkpt>
      <trkpt lat="58.060182966291904449462890625" lon="-3.9568693377077579498291015625">
        <ele>47.40000152587890625</ele>
        <time>2026-08-07T10:34:34.000Z</time>
      </trkpt>
      <trkpt lat="58.06025546975433826446533203125" lon="-3.95697645843029022216796875">
        <ele>47.799999237060546875</ele>
        <time>2026-08-07T10:34:37.000Z</time>
      </trkpt>
      <trkpt lat="58.06036745198071002960205078125" lon="-3.957207463681697845458984375">
        <ele>48.40000152587890625</ele>
        <time>2026-08-07T10:34:42.000Z</time>
      </trkpt>
      <trkpt lat="58.0603866465389728546142578125" lon="-3.95725431852042675018310546875">
        <ele>48.59999847412109375</ele>
        <time>2026-08-07T10:34:43.000Z</time>
      </trkpt>
      <trkpt lat="58.06046091020107269287109375" lon="-3.9575177617371082305908203125">
        <ele>49.200000762939453125</ele>
        <time>2026-08-07T10:34:48.000Z</time>
      </trkpt>
      <trkpt lat="58.06050374172627925872802734375" lon="-3.95772404037415981292724609375">
        <ele>49.40000152587890625</ele>
        <time>2026-08-07T10:34:52.000Z</time>
      </trkpt>
      <trkpt lat="58.06052436120808124542236328125" lon="-3.95788312889635562896728515625">
        <ele>49.40000152587890625</ele>
        <time>2026-08-07T10:34:55.000Z</time>
      </trkpt>
      <trkpt lat="58.06057331152260303497314453125" lon="-3.95811715163290500640869140625">
        <ele>50.59999847412109375</ele>
        <time>2026-08-07T10:35:00.000Z</time>
      </trkpt>
      <trkpt lat="58.06061111390590667724609375" lon="-3.95822905004024505615234375">
        <ele>50.200000762939453125</ele>
        <time>2026-08-07T10:35:02.000Z</time>
      </trkpt>
      <trkpt lat="58.06067154742777347564697265625" lon="-3.9583821035921573638916015625">
        <ele>49.799999237060546875</ele>
        <time>2026-08-07T10:35:04.000Z</time>
      </trkpt>
      <trkpt lat="58.060705661773681640625" lon="-3.95847237668931484222412109375">
        <ele>49.59999847412109375</ele>
        <time>2026-08-07T10:35:05.000Z</time>
      </trkpt>
      <trkpt lat="58.06084454990923404693603515625" lon="-3.95879575051367282867431640625">
        <ele>48.59999847412109375</ele>
        <time>2026-08-07T10:35:08.000Z</time>
      </trkpt>
      <trkpt lat="58.0609965138137340545654296875" lon="-3.959215767681598663330078125">
        <ele>46.40000152587890625</ele>
        <time>2026-08-07T10:35:11.000Z</time>
      </trkpt>
      <trkpt lat="58.061036579310894012451171875" lon="-3.95937007851898670196533203125">
        <ele>46.40000152587890625</ele>
        <time>2026-08-07T10:35:12.000Z</time>
      </trkpt>
      <trkpt lat="58.0611792393028736114501953125" lon="-3.95982672460377216339111328125">
        <ele>46.200000762939453125</ele>
        <time>2026-08-07T10:35:15.000Z</time>
      </trkpt>
      <trkpt lat="58.06121687404811382293701171875" lon="-3.9599830470979213714599609375">
        <ele>46.40000152587890625</ele>
        <time>2026-08-07T10:35:16.000Z</time>
      </trkpt>
      <trkpt lat="58.06131661869585514068603515625" lon="-3.96026425994932651519775390625">
        <ele>45.40000152587890625</ele>
        <time>2026-08-07T10:35:18.000Z</time>
      </trkpt>
      <trkpt lat="58.06142055429518222808837890625" lon="-3.960524685680866241455078125">
        <ele>44.799999237060546875</ele>
        <time>2026-08-07T10:35:20.000Z</time>
      </trkpt>
      <trkpt lat="58.06146430782973766326904296875" lon="-3.9606666751205921173095703125">
        <ele>45</ele>
        <time>2026-08-07T10:35:21.000Z</time>
      </trkpt>
      <trkpt lat="58.06160428561270236968994140625" lon="-3.96126262843608856201171875">
        <ele>44.40000152587890625</ele>
        <time>2026-08-07T10:35:25.000Z</time>
      </trkpt>
      <trkpt lat="58.0616211332380771636962890625" lon="-3.96142213605344295501708984375">
        <ele>44.200000762939453125</ele>
        <time>2026-08-07T10:35:26.000Z</time>
      </trkpt>
      <trkpt lat="58.06171090342104434967041015625" lon="-3.96229662001132965087890625">
        <ele>42.59999847412109375</ele>
        <time>2026-08-07T10:35:32.000Z</time>
      </trkpt>
      <trkpt lat="58.06173420511186122894287109375" lon="-3.96244347095489501953125">
        <ele>41.40000152587890625</ele>
        <time>2026-08-07T10:35:33.000Z</time>
      </trkpt>
      <trkpt lat="58.06176689453423023223876953125" lon="-3.962588645517826080322265625">
        <ele>40.40000152587890625</ele>
        <time>2026-08-07T10:35:34.000Z</time>
      </trkpt>
      <trkpt lat="58.0617986619472503662109375" lon="-3.962737508118152618408203125">
        <ele>39.200000762939453125</ele>
        <time>2026-08-07T10:35:35.000Z</time>
      </trkpt>
      <trkpt lat="58.06186462752521038055419921875" lon="-3.963034562766551971435546875">
        <ele>38.200000762939453125</ele>
        <time>2026-08-07T10:35:37.000Z</time>
      </trkpt>
      <trkpt lat="58.06195766665041446685791015625" lon="-3.96349531598389148712158203125">
        <ele>41.200000762939453125</ele>
        <time>2026-08-07T10:35:40.000Z</time>
      </trkpt>
      <trkpt lat="58.06210133247077465057373046875" lon="-3.964083306491374969482421875">
        <ele>41.40000152587890625</ele>
        <time>2026-08-07T10:35:44.000Z</time>
      </trkpt>
      <trkpt lat="58.06217978708446025848388671875" lon="-3.9643587358295917510986328125">
        <ele>40.40000152587890625</ele>
        <time>2026-08-07T10:35:46.000Z</time>
      </trkpt>
      <trkpt lat="58.06221482343971729278564453125" lon="-3.96449695341289043426513671875">
        <ele>40</ele>
        <time>2026-08-07T10:35:47.000Z</time>
      </trkpt>
      <trkpt lat="58.06227332912385463714599609375" lon="-3.96477506496012210845947265625">
        <ele>39.59999847412109375</ele>
        <time>2026-08-07T10:35:49.000Z</time>
      </trkpt>
      <trkpt lat="58.0622953735291957855224609375" lon="-3.9649129472672939300537109375">
        <ele>39.40000152587890625</ele>
        <time>2026-08-07T10:35:50.000Z</time>
      </trkpt>
      <trkpt lat="58.0623242072761058807373046875" lon="-3.96518426947295665740966796875">
        <ele>39.200000762939453125</ele>
        <time>2026-08-07T10:35:52.000Z</time>
      </trkpt>
      <trkpt lat="58.0623537115752696990966796875" lon="-3.96544612012803554534912109375">
        <ele>38.799999237060546875</ele>
        <time>2026-08-07T10:35:54.000Z</time>
      </trkpt>
      <trkpt lat="58.0623791925609111785888671875" lon="-3.9657088927924633026123046875">
        <ele>38.40000152587890625</ele>
        <time>2026-08-07T10:35:56.000Z</time>
      </trkpt>
      <trkpt lat="58.0624154023826122283935546875" lon="-3.9660689793527126312255859375">
        <ele>38</ele>
        <time>2026-08-07T10:35:59.000Z</time>
      </trkpt>
      <trkpt lat="58.0624358542263507843017578125" lon="-3.966299481689929962158203125">
        <ele>38</ele>
        <time>2026-08-07T10:36:01.000Z</time>
      </trkpt>
      <trkpt lat="58.062446750700473785400390625" lon="-3.96641389466822147369384765625">
        <ele>37.799999237060546875</ele>
        <time>2026-08-07T10:36:02.000Z</time>
      </trkpt>
      <trkpt lat="58.06246007792651653289794921875" lon="-3.9665360189974308013916015625">
        <ele>37.59999847412109375</ele>
        <time>2026-08-07T10:36:03.000Z</time>
      </trkpt>
      <trkpt lat="58.0624894984066486358642578125" lon="-3.96680231206119060516357421875">
        <ele>37.200000762939453125</ele>
        <time>2026-08-07T10:36:05.000Z</time>
      </trkpt>
      <trkpt lat="58.0625040829181671142578125" lon="-3.96694346331059932708740234375">
        <ele>36.59999847412109375</ele>
        <time>2026-08-07T10:36:06.000Z</time>
      </trkpt>
      <trkpt lat="58.0625186674296855926513671875" lon="-3.967092745006084442138671875">
        <ele>35.799999237060546875</ele>
        <time>2026-08-07T10:36:07.000Z</time>
      </trkpt>
      <trkpt lat="58.06253501214087009429931640625" lon="-3.9672454632818698883056640625">
        <ele>35.40000152587890625</ele>
        <time>2026-08-07T10:36:08.000Z</time>
      </trkpt>
      <trkpt lat="58.06260156445205211639404296875" lon="-3.96798231638967990875244140625">
        <ele>34.59999847412109375</ele>
        <time>2026-08-07T10:36:13.000Z</time>
      </trkpt>
      <trkpt lat="58.06266208179295063018798828125" lon="-3.96835229359567165374755859375">
        <ele>35.40000152587890625</ele>
        <time>2026-08-07T10:36:16.000Z</time>
      </trkpt>
      <trkpt lat="58.0627389438450336456298828125" lon="-3.96856896579265594482421875">
        <ele>35.40000152587890625</ele>
        <time>2026-08-07T10:36:18.000Z</time>
      </trkpt>
      <trkpt lat="58.062983192503452301025390625" lon="-3.96922769956290721893310546875">
        <ele>34.59999847412109375</ele>
        <time>2026-08-07T10:36:24.000Z</time>
      </trkpt>
      <trkpt lat="58.0630085058510303497314453125" lon="-3.96935728378593921661376953125">
        <ele>34.59999847412109375</ele>
        <time>2026-08-07T10:36:25.000Z</time>
      </trkpt>
      <trkpt lat="58.0630500800907611846923828125" lon="-3.96961444057524204254150390625">
        <ele>34.200000762939453125</ele>
        <time>2026-08-07T10:36:27.000Z</time>
      </trkpt>
      <trkpt lat="58.063132725656032562255859375" lon="-3.97024744190275669097900390625">
        <ele>34.200000762939453125</ele>
        <time>2026-08-07T10:36:32.000Z</time>
      </trkpt>
      <trkpt lat="58.06323456577956676483154296875" lon="-3.97093626670539379119873046875">
        <ele>35.200000762939453125</ele>
        <time>2026-08-07T10:36:38.000Z</time>
      </trkpt>
      <trkpt lat="58.0632577836513519287109375" lon="-3.97103936411440372467041015625">
        <ele>35.40000152587890625</ele>
        <time>2026-08-07T10:36:39.000Z</time>
      </trkpt>
      <trkpt lat="58.06327982805669307708740234375" lon="-3.971144221723079681396484375">
        <ele>35.59999847412109375</ele>
        <time>2026-08-07T10:36:40.000Z</time>
      </trkpt>
      <trkpt lat="58.063301704823970794677734375" lon="-3.97125243209302425384521484375">
        <ele>35.799999237060546875</ele>
        <time>2026-08-07T10:36:41.000Z</time>
      </trkpt>
      <trkpt lat="58.06332425214350223541259765625" lon="-3.97135972045361995697021484375">
        <ele>35.59999847412109375</ele>
        <time>2026-08-07T10:36:42.000Z</time>
      </trkpt>
      <trkpt lat="58.063371442258358001708984375" lon="-3.9715685136616230010986328125">
        <ele>35.59999847412109375</ele>
        <time>2026-08-07T10:36:44.000Z</time>
      </trkpt>
      <trkpt lat="58.06347948499023914337158203125" lon="-3.97195969708263874053955078125">
        <ele>35.59999847412109375</ele>
        <time>2026-08-07T10:36:48.000Z</time>
      </trkpt>
      <trkpt lat="58.063701353967189788818359375" lon="-3.972677104175090789794921875">
        <ele>34.59999847412109375</ele>
        <time>2026-08-07T10:36:56.000Z</time>
      </trkpt>
      <trkpt lat="58.06390578858554363250732421875" lon="-3.97323441691696643829345703125">
        <ele>34.799999237060546875</ele>
        <time>2026-08-07T10:37:02.000Z</time>
      </trkpt>
      <trkpt lat="58.06412740610539913177490234375" lon="-3.97385048680007457733154296875">
        <ele>34.200000762939453125</ele>
        <time>2026-08-07T10:37:08.000Z</time>
      </trkpt>
      <trkpt lat="58.06420166976749897003173828125" lon="-3.9740535803139209747314453125">
        <ele>33.40000152587890625</ele>
        <time>2026-08-07T10:37:10.000Z</time>
      </trkpt>
      <trkpt lat="58.06434751488268375396728515625" lon="-3.97445498965680599212646484375">
        <ele>33.59999847412109375</ele>
        <time>2026-08-07T10:37:14.000Z</time>
      </trkpt>
      <trkpt lat="58.06452604942023754119873046875" lon="-3.9749789424240589141845703125">
        <ele>33.40000152587890625</ele>
        <time>2026-08-07T10:37:19.000Z</time>
      </trkpt>
      <trkpt lat="58.06476987898349761962890625" lon="-3.9756515063345432281494140625">
        <ele>33.799999237060546875</ele>
        <time>2026-08-07T10:37:26.000Z</time>
      </trkpt>
      <trkpt lat="58.06494598276913166046142578125" lon="-3.9761564321815967559814453125">
        <ele>33.59999847412109375</ele>
        <time>2026-08-07T10:37:31.000Z</time>
      </trkpt>
      <trkpt lat="58.06507908739149570465087890625" lon="-3.97653135471045970916748046875">
        <ele>33.799999237060546875</ele>
        <time>2026-08-07T10:37:35.000Z</time>
      </trkpt>
      <trkpt lat="58.065344206988811492919921875" lon="-3.97723040543496608734130859375">
        <ele>33.200000762939453125</ele>
        <time>2026-08-07T10:37:42.000Z</time>
      </trkpt>
      <trkpt lat="58.06566783227026462554931640625" lon="-3.97801830433309078216552734375">
        <ele>33.799999237060546875</ele>
        <time>2026-08-07T10:37:50.000Z</time>
      </trkpt>
      <trkpt lat="58.06579892523586750030517578125" lon="-3.978271186351776123046875">
        <ele>34.200000762939453125</ele>
        <time>2026-08-07T10:37:53.000Z</time>
      </trkpt>
      <trkpt lat="58.0658925510942935943603515625" lon="-3.97842197678983211517333984375">
        <ele>34.40000152587890625</ele>
        <time>2026-08-07T10:37:55.000Z</time>
      </trkpt>
      <trkpt lat="58.06608910672366619110107421875" lon="-3.9787286706268787384033203125">
        <ele>34.40000152587890625</ele>
        <time>2026-08-07T10:37:59.000Z</time>
      </trkpt>
      <trkpt lat="58.06629865430295467376708984375" lon="-3.97902212105691432952880859375">
        <ele>34</ele>
        <time>2026-08-07T10:38:03.000Z</time>
      </trkpt>
      <trkpt lat="58.06673468090593814849853515625" lon="-3.9795873127877712249755859375">
        <ele>33.799999237060546875</ele>
        <time>2026-08-07T10:38:11.000Z</time>
      </trkpt>
      <trkpt lat="58.06697591207921504974365234375" lon="-3.97987741045653820037841796875">
        <ele>33.59999847412109375</ele>
        <time>2026-08-07T10:38:15.000Z</time>
      </trkpt>
      <trkpt lat="58.0671679414808750152587890625" lon="-3.98011277429759502410888671875">
        <ele>33</ele>
        <time>2026-08-07T10:38:18.000Z</time>
      </trkpt>
      <trkpt lat="58.06729040108621120452880859375" lon="-3.98027144372463226318359375">
        <ele>33</ele>
        <time>2026-08-07T10:38:20.000Z</time>
      </trkpt>
      <trkpt lat="58.06749374605715274810791015625" lon="-3.98059993050992488861083984375">
        <ele>33.40000152587890625</ele>
        <time>2026-08-07T10:38:24.000Z</time>
      </trkpt>
      <trkpt lat="58.0677094124257564544677734375" lon="-3.981111310422420501708984375">
        <ele>33.200000762939453125</ele>
        <time>2026-08-07T10:38:29.000Z</time>
      </trkpt>
      <trkpt lat="58.067859113216400146484375" lon="-3.98140199482440948486328125">
        <ele>33.59999847412109375</ele>
        <time>2026-08-07T10:38:32.000Z</time>
      </trkpt>
      <trkpt lat="58.06796397082507610321044921875" lon="-3.9815825410187244415283203125">
        <ele>33.799999237060546875</ele>
        <time>2026-08-07T10:38:34.000Z</time>
      </trkpt>
      <trkpt lat="58.068241663277149200439453125" lon="-3.98209257982671260833740234375">
        <ele>33.799999237060546875</ele>
        <time>2026-08-07T10:38:40.000Z</time>
      </trkpt>
      <trkpt lat="58.0683279968798160552978515625" lon="-3.9822537638247013092041015625">
        <ele>34.200000762939453125</ele>
        <time>2026-08-07T10:38:42.000Z</time>
      </trkpt>
      <trkpt lat="58.06852354668080806732177734375" lon="-3.98262499831616878509521484375">
        <ele>34.799999237060546875</ele>
        <time>2026-08-07T10:38:47.000Z</time>
      </trkpt>
      <trkpt lat="58.06867676787078380584716796875" lon="-3.9829223044216632843017578125">
        <ele>35.200000762939453125</ele>
        <time>2026-08-07T10:38:51.000Z</time>
      </trkpt>
      <trkpt lat="58.0688389576971530914306640625" lon="-3.9832411520183086395263671875">
        <ele>35.40000152587890625</ele>
        <time>2026-08-07T10:38:55.000Z</time>
      </trkpt>
      <trkpt lat="58.068878687918186187744140625" lon="-3.98332069627940654754638671875">
        <ele>35.40000152587890625</ele>
        <time>2026-08-07T10:38:56.000Z</time>
      </trkpt>
      <trkpt lat="58.06911882944405078887939453125" lon="-3.98376778699457645416259765625">
        <ele>35.59999847412109375</ele>
        <time>2026-08-07T10:39:02.000Z</time>
      </trkpt>
      <trkpt lat="58.0694496631622314453125" lon="-3.984348066151142120361328125">
        <ele>36.200000762939453125</ele>
        <time>2026-08-07T10:39:10.000Z</time>
      </trkpt>
      <trkpt lat="58.06969684548676013946533203125" lon="-3.9848414249718189239501953125">
        <ele>36.200000762939453125</ele>
        <time>2026-08-07T10:39:16.000Z</time>
      </trkpt>
      <trkpt lat="58.0697408504784107208251953125" lon="-3.9849150180816650390625">
        <ele>36.200000762939453125</ele>
        <time>2026-08-07T10:39:17.000Z</time>
      </trkpt>
      <trkpt lat="58.06988912634551525115966796875" lon="-3.98521475493907928466796875">
        <ele>36.200000762939453125</ele>
        <time>2026-08-07T10:39:21.000Z</time>
      </trkpt>
      <trkpt lat="58.06993405334651470184326171875" lon="-3.9852945506572723388671875">
        <ele>36.200000762939453125</ele>
        <time>2026-08-07T10:39:22.000Z</time>
      </trkpt>
      <trkpt lat="58.07011024095118045806884765625" lon="-3.98564315401017665863037109375">
        <ele>35.59999847412109375</ele>
        <time>2026-08-07T10:39:26.000Z</time>
      </trkpt>
      <trkpt lat="58.070227168500423431396484375" lon="-3.98595261387526988983154296875">
        <ele>35.200000762939453125</ele>
        <time>2026-08-07T10:39:29.000Z</time>
      </trkpt>
      <trkpt lat="58.0702611990272998809814453125" lon="-3.9860601536929607391357421875">
        <ele>35</ele>
        <time>2026-08-07T10:39:30.000Z</time>
      </trkpt>
      <trkpt lat="58.07034074328839778900146484375" lon="-3.9863887242972850799560546875">
        <ele>35</ele>
        <time>2026-08-07T10:39:33.000Z</time>
      </trkpt>
      <trkpt lat="58.07037527672946453094482421875" lon="-3.9866195619106292724609375">
        <ele>35</ele>
        <time>2026-08-07T10:39:35.000Z</time>
      </trkpt>
      <trkpt lat="58.07038508355617523193359375" lon="-3.9867347292602062225341796875">
        <ele>35</ele>
        <time>2026-08-07T10:39:36.000Z</time>
      </trkpt>
      <trkpt lat="58.0703953094780445098876953125" lon="-3.98721073754131793975830078125">
        <ele>34.799999237060546875</ele>
        <time>2026-08-07T10:39:40.000Z</time>
      </trkpt>
      <trkpt lat="58.07039656676352024078369140625" lon="-3.987328670918941497802734375">
        <ele>34.59999847412109375</ele>
        <time>2026-08-07T10:39:41.000Z</time>
      </trkpt>
      <trkpt lat="58.07039673440158367156982421875" lon="-3.98744911886751651763916015625">
        <ele>34.40000152587890625</ele>
        <time>2026-08-07T10:39:42.000Z</time>
      </trkpt>
      <trkpt lat="58.07040444575250148773193359375" lon="-3.98768347688019275665283203125">
        <ele>34</ele>
        <time>2026-08-07T10:39:44.000Z</time>
      </trkpt>
      <trkpt lat="58.07040411047637462615966796875" lon="-3.98813710547983646392822265625">
        <ele>33.59999847412109375</ele>
        <time>2026-08-07T10:39:48.000Z</time>
      </trkpt>
      <trkpt lat="58.0704214610159397125244140625" lon="-3.9890642277896404266357421875">
        <ele>34</ele>
        <time>2026-08-07T10:39:56.000Z</time>
      </trkpt>
      <trkpt lat="58.07043126784265041351318359375" lon="-3.98966395296156406402587890625">
        <ele>33.59999847412109375</ele>
        <time>2026-08-07T10:40:01.000Z</time>
      </trkpt>
      <trkpt lat="58.0704419128596782684326171875" lon="-3.9901538752019405364990234375">
        <ele>33.799999237060546875</ele>
        <time>2026-08-07T10:40:05.000Z</time>
      </trkpt>
      <trkpt lat="58.0704533122479915618896484375" lon="-3.99128249846398830413818359375">
        <ele>33.59999847412109375</ele>
        <time>2026-08-07T10:40:14.000Z</time>
      </trkpt>
      <trkpt lat="58.07046731002628803253173828125" lon="-3.9921931922435760498046875">
        <ele>33.799999237060546875</ele>
        <time>2026-08-07T10:40:22.000Z</time>
      </trkpt>
      <trkpt lat="58.07047854177653789520263671875" lon="-3.993114531040191650390625">
        <ele>34.799999237060546875</ele>
        <time>2026-08-07T10:40:31.000Z</time>
      </trkpt>
      <trkpt lat="58.07048105634748935699462890625" lon="-3.99321268312633037567138671875">
        <ele>34.59999847412109375</ele>
        <time>2026-08-07T10:40:32.000Z</time>
      </trkpt>
      <trkpt lat="58.070502765476703643798828125" lon="-3.994184397161006927490234375">
        <ele>35</ele>
        <time>2026-08-07T10:40:42.000Z</time>
      </trkpt>
      <trkpt lat="58.07050385512411594390869140625" lon="-3.994276933372020721435546875">
        <ele>35</ele>
        <time>2026-08-07T10:40:43.000Z</time>
      </trkpt>
      <trkpt lat="58.07053855620324611663818359375" lon="-3.99491186253726482391357421875">
        <ele>36</ele>
        <time>2026-08-07T10:40:50.000Z</time>
      </trkpt>
      <trkpt lat="58.07058155536651611328125" lon="-3.995628096163272857666015625">
        <ele>35.59999847412109375</ele>
        <time>2026-08-07T10:40:57.000Z</time>
      </trkpt>
      <trkpt lat="58.0706068687140941619873046875" lon="-3.9960497058928012847900390625">
        <ele>35</ele>
        <time>2026-08-07T10:41:01.000Z</time>
      </trkpt>
      <trkpt lat="58.070640899240970611572265625" lon="-3.99642127566039562225341796875">
        <ele>35.200000762939453125</ele>
        <time>2026-08-07T10:41:05.000Z</time>
      </trkpt>
      <trkpt lat="58.070679791271686553955078125" lon="-3.99683584459125995635986328125">
        <ele>35.200000762939453125</ele>
        <time>2026-08-07T10:41:09.000Z</time>
      </trkpt>
      <trkpt lat="58.0706953816115856170654296875" lon="-3.9970360882580280303955078125">
        <ele>34</ele>
        <time>2026-08-07T10:41:11.000Z</time>
      </trkpt>
      <trkpt lat="58.070744834840297698974609375" lon="-3.99767017923295497894287109375">
        <ele>34.799999237060546875</ele>
        <time>2026-08-07T10:41:18.000Z</time>
      </trkpt>
      <trkpt lat="58.07076939381659030914306640625" lon="-3.9980162680149078369140625">
        <ele>34.40000152587890625</ele>
        <time>2026-08-07T10:41:22.000Z</time>
      </trkpt>
      <trkpt lat="58.07078481651842594146728515625" lon="-3.99820025078952312469482421875">
        <ele>34</ele>
        <time>2026-08-07T10:41:24.000Z</time>
      </trkpt>
      <trkpt lat="58.0708117224276065826416015625" lon="-3.99858732707798480987548828125">
        <ele>34.40000152587890625</ele>
        <time>2026-08-07T10:41:28.000Z</time>
      </trkpt>
      <trkpt lat="58.07086494751274585723876953125" lon="-3.9994111843407154083251953125">
        <ele>33.200000762939453125</ele>
        <time>2026-08-07T10:41:36.000Z</time>
      </trkpt>
      <trkpt lat="58.07088137604296207427978515625" lon="-3.999615870416164398193359375">
        <ele>33</ele>
        <time>2026-08-07T10:41:38.000Z</time>
      </trkpt>
      <trkpt lat="58.07092797942459583282470703125" lon="-4.00011576712131500244140625">
        <ele>32.799999237060546875</ele>
        <time>2026-08-07T10:41:43.000Z</time>
      </trkpt>
      <trkpt lat="58.0709736607968807220458984375" lon="-4.0006909333169460296630859375">
        <ele>34</ele>
        <time>2026-08-07T10:41:49.000Z</time>
      </trkpt>
      <trkpt lat="58.071002662181854248046875" lon="-4.00106518529355525970458984375">
        <ele>34</ele>
        <time>2026-08-07T10:41:53.000Z</time>
      </trkpt>
      <trkpt lat="58.07106074877083301544189453125" lon="-4.0018590353429317474365234375">
        <ele>34.40000152587890625</ele>
        <time>2026-08-07T10:42:01.000Z</time>
      </trkpt>
      <trkpt lat="58.07109075598418712615966796875" lon="-4.00219858624041080474853515625">
        <ele>35</ele>
        <time>2026-08-07T10:42:05.000Z</time>
      </trkpt>
      <trkpt lat="58.07111875154078006744384765625" lon="-4.0025532245635986328125">
        <ele>35.40000152587890625</ele>
        <time>2026-08-07T10:42:09.000Z</time>
      </trkpt>
      <trkpt lat="58.071133755147457122802734375" lon="-4.00273117236793041229248046875">
        <ele>35.40000152587890625</ele>
        <time>2026-08-07T10:42:11.000Z</time>
      </trkpt>
      <trkpt lat="58.07114423252642154693603515625" lon="-4.00281851179897785186767578125">
        <ele>35.40000152587890625</ele>
        <time>2026-08-07T10:42:12.000Z</time>
      </trkpt>
      <trkpt lat="58.07115328498184680938720703125" lon="-4.0029074437916278839111328125">
        <ele>35.40000152587890625</ele>
        <time>2026-08-07T10:42:13.000Z</time>
      </trkpt>
      <trkpt lat="58.0712016485631465911865234375" lon="-4.00340055115520954132080078125">
        <ele>35.200000762939453125</ele>
        <time>2026-08-07T10:42:18.000Z</time>
      </trkpt>
      <trkpt lat="58.07129477150738239288330078125" lon="-4.004315435886383056640625">
        <ele>35</ele>
        <time>2026-08-07T10:42:27.000Z</time>
      </trkpt>
      <trkpt lat="58.07137238793075084686279296875" lon="-4.00520869530737400054931640625">
        <ele>35.200000762939453125</ele>
        <time>2026-08-07T10:42:37.000Z</time>
      </trkpt>
      <trkpt lat="58.07143558748066425323486328125" lon="-4.00594999082386493682861328125">
        <ele>35.40000152587890625</ele>
        <time>2026-08-07T10:42:45.000Z</time>
      </trkpt>
      <trkpt lat="58.071499206125736236572265625" lon="-4.00671291165053844451904296875">
        <ele>36.200000762939453125</ele>
        <time>2026-08-07T10:42:53.000Z</time>
      </trkpt>
      <trkpt lat="58.07150482200086116790771484375" lon="-4.00680477730929851531982421875">
        <ele>36.200000762939453125</ele>
        <time>2026-08-07T10:42:54.000Z</time>
      </trkpt>
      <trkpt lat="58.071576990187168121337890625" lon="-4.00772527791559696197509765625">
        <ele>36.200000762939453125</ele>
        <time>2026-08-07T10:43:04.000Z</time>
      </trkpt>
      <trkpt lat="58.07164932601153850555419921875" lon="-4.008665643632411956787109375">
        <ele>36.40000152587890625</ele>
        <time>2026-08-07T10:43:14.000Z</time>
      </trkpt>
      <trkpt lat="58.07170799933373928070068359375" lon="-4.0092642791569232940673828125">
        <ele>37.200000762939453125</ele>
        <time>2026-08-07T10:43:21.000Z</time>
      </trkpt>
      <trkpt lat="58.07171814143657684326171875" lon="-4.00933242402970790863037109375">
        <ele>37.40000152587890625</ele>
        <time>2026-08-07T10:43:22.000Z</time>
      </trkpt>
      <trkpt lat="58.07173901237547397613525390625" lon="-4.00968253612518310546875">
        <ele>37.59999847412109375</ele>
        <time>2026-08-07T10:43:27.000Z</time>
      </trkpt>
      <trkpt lat="58.0717840231955051422119140625" lon="-4.0102976001799106597900390625">
        <ele>38</ele>
        <time>2026-08-07T10:43:35.000Z</time>
      </trkpt>
      <trkpt lat="58.0717947520315647125244140625" lon="-4.0104575268924236297607421875">
        <ele>38</ele>
        <time>2026-08-07T10:43:37.000Z</time>
      </trkpt>
      <trkpt lat="58.07181361131370067596435546875" lon="-4.010682664811611175537109375">
        <ele>38</ele>
        <time>2026-08-07T10:43:40.000Z</time>
      </trkpt>
      <trkpt lat="58.07185719721019268035888671875" lon="-4.0112652070820331573486328125">
        <ele>36.799999237060546875</ele>
        <time>2026-08-07T10:43:48.000Z</time>
      </trkpt>
      <trkpt lat="58.071886785328388214111328125" lon="-4.01168136857450008392333984375">
        <ele>37.799999237060546875</ele>
        <time>2026-08-07T10:43:53.000Z</time>
      </trkpt>
      <trkpt lat="58.0719167925417423248291015625" lon="-4.0120071731507778167724609375">
        <ele>38.200000762939453125</ele>
        <time>2026-08-07T10:43:57.000Z</time>
      </trkpt>
      <trkpt lat="58.0719238333404064178466796875" lon="-4.012083448469638824462890625">
        <ele>38.59999847412109375</ele>
        <time>2026-08-07T10:43:58.000Z</time>
      </trkpt>
      <trkpt lat="58.07194654829800128936767578125" lon="-4.01232627220451831817626953125">
        <ele>38.59999847412109375</ele>
        <time>2026-08-07T10:44:01.000Z</time>
      </trkpt>
      <trkpt lat="58.07194671593606472015380859375" lon="-4.01249458082020282745361328125">
        <ele>37.40000152587890625</ele>
        <time>2026-08-07T10:44:03.000Z</time>
      </trkpt>
      <trkpt lat="58.07194420136511325836181640625" lon="-4.01257404126226902008056640625">
        <ele>37</ele>
        <time>2026-08-07T10:44:04.000Z</time>
      </trkpt>
      <trkpt lat="58.07190849445760250091552734375" lon="-4.0128864347934722900390625">
        <ele>36.59999847412109375</ele>
        <time>2026-08-07T10:44:08.000Z</time>
      </trkpt>
      <trkpt lat="58.0718748830258846282958984375" lon="-4.01305298320949077606201171875">
        <ele>37.200000762939453125</ele>
        <time>2026-08-07T10:44:10.000Z</time>
      </trkpt>
      <trkpt lat="58.07184797711670398712158203125" lon="-4.013131521642208099365234375">
        <ele>37.40000152587890625</ele>
        <time>2026-08-07T10:44:11.000Z</time>
      </trkpt>
      <trkpt lat="58.07173331268131732940673828125" lon="-4.013378284871578216552734375">
        <ele>37.40000152587890625</ele>
        <time>2026-08-07T10:44:14.000Z</time>
      </trkpt>
      <trkpt lat="58.0715726315975189208984375" lon="-4.01360669173300266265869140625">
        <ele>36.799999237060546875</ele>
        <time>2026-08-07T10:44:17.000Z</time>
      </trkpt>
      <trkpt lat="58.071519993245601654052734375" lon="-4.01368238031864166259765625">
        <ele>36.59999847412109375</ele>
        <time>2026-08-07T10:44:18.000Z</time>
      </trkpt>
      <trkpt lat="58.0714708752930164337158203125" lon="-4.01375639252364635467529296875">
        <ele>36.40000152587890625</ele>
        <time>2026-08-07T10:44:19.000Z</time>
      </trkpt>
      <trkpt lat="58.07142586447298526763916015625" lon="-4.01383166201412677764892578125">
        <ele>36.59999847412109375</ele>
        <time>2026-08-07T10:44:20.000Z</time>
      </trkpt>
      <trkpt lat="58.07138563133776187896728515625" lon="-4.01391548104584217071533203125">
        <ele>36.40000152587890625</ele>
        <time>2026-08-07T10:44:21.000Z</time>
      </trkpt>
      <trkpt lat="58.0713277123868465423583984375" lon="-4.01409720070660114288330078125">
        <ele>36.40000152587890625</ele>
        <time>2026-08-07T10:44:23.000Z</time>
      </trkpt>
      <trkpt lat="58.07131237350404262542724609375" lon="-4.01419476605951786041259765625">
        <ele>36.59999847412109375</ele>
        <time>2026-08-07T10:44:24.000Z</time>
      </trkpt>
      <trkpt lat="58.07130265049636363983154296875" lon="-4.01429233141243457794189453125">
        <ele>36.200000762939453125</ele>
        <time>2026-08-07T10:44:25.000Z</time>
      </trkpt>
      <trkpt lat="58.0712871439754962921142578125" lon="-4.0145733766257762908935546875">
        <ele>36</ele>
        <time>2026-08-07T10:44:28.000Z</time>
      </trkpt>
      <trkpt lat="58.0712884850800037384033203125" lon="-4.01466582901775836944580078125">
        <ele>36</ele>
        <time>2026-08-07T10:44:29.000Z</time>
      </trkpt>
      <trkpt lat="58.0713072605431079864501953125" lon="-4.015027843415737152099609375">
        <ele>35.40000152587890625</ele>
        <time>2026-08-07T10:44:33.000Z</time>
      </trkpt>
      <trkpt lat="58.071348667144775390625" lon="-4.0153954736888408660888671875">
        <ele>35.200000762939453125</ele>
        <time>2026-08-07T10:44:37.000Z</time>
      </trkpt>
      <trkpt lat="58.071396611630916595458984375" lon="-4.0157481841742992401123046875">
        <ele>35.40000152587890625</ele>
        <time>2026-08-07T10:44:41.000Z</time>
      </trkpt>
      <trkpt lat="58.07140977121889591217041015625" lon="-4.0158350206911563873291015625">
        <ele>35.200000762939453125</ele>
        <time>2026-08-07T10:44:42.000Z</time>
      </trkpt>
      <trkpt lat="58.071437515318393707275390625" lon="-4.016011543571949005126953125">
        <ele>34.40000152587890625</ele>
        <time>2026-08-07T10:44:44.000Z</time>
      </trkpt>
      <trkpt lat="58.07148068211972713470458984375" lon="-4.01627548970282077789306640625">
        <ele>34.200000762939453125</ele>
        <time>2026-08-07T10:44:47.000Z</time>
      </trkpt>
      <trkpt lat="58.07161982171237468719482421875" lon="-4.0170993469655513763427734375">
        <ele>34.59999847412109375</ele>
        <time>2026-08-07T10:44:56.000Z</time>
      </trkpt>
      <trkpt lat="58.0718017928302288055419921875" lon="-4.01802160777151584625244140625">
        <ele>34.799999237060546875</ele>
        <time>2026-08-07T10:45:06.000Z</time>
      </trkpt>
      <trkpt lat="58.071946464478969573974609375" lon="-4.018665254116058349609375">
        <ele>34.200000762939453125</ele>
        <time>2026-08-07T10:45:13.000Z</time>
      </trkpt>
      <trkpt lat="58.072057105600833892822265625" lon="-4.01919976808130741119384765625">
        <ele>34.40000152587890625</ele>
        <time>2026-08-07T10:45:19.000Z</time>
      </trkpt>
      <trkpt lat="58.07208166457712650299072265625" lon="-4.019390456378459930419921875">
        <ele>34</ele>
        <time>2026-08-07T10:45:21.000Z</time>
      </trkpt>
      <trkpt lat="58.0720944888889789581298828125" lon="-4.0196719206869602203369140625">
        <ele>33.59999847412109375</ele>
        <time>2026-08-07T10:45:24.000Z</time>
      </trkpt>
      <trkpt lat="58.07208367623388767242431640625" lon="-4.01987149380147457122802734375">
        <ele>33.799999237060546875</ele>
        <time>2026-08-07T10:45:26.000Z</time>
      </trkpt>
      <trkpt lat="58.072054423391819000244140625" lon="-4.02053282596170902252197265625">
        <ele>35.799999237060546875</ele>
        <time>2026-08-07T10:45:33.000Z</time>
      </trkpt>
      <trkpt lat="58.07204562239348888397216796875" lon="-4.0206978656351566314697265625">
        <ele>35.799999237060546875</ele>
        <time>2026-08-07T10:45:35.000Z</time>
      </trkpt>
      <trkpt lat="58.072043694555759429931640625" lon="-4.02092694304883480072021484375">
        <ele>34.59999847412109375</ele>
        <time>2026-08-07T10:45:38.000Z</time>
      </trkpt>
      <trkpt lat="58.07204863987863063812255859375" lon="-4.02147017419338226318359375">
        <ele>34.200000762939453125</ele>
        <time>2026-08-07T10:45:45.000Z</time>
      </trkpt>
      <trkpt lat="58.07207353413105010986328125" lon="-4.02218456380069255828857421875">
        <ele>34</ele>
        <time>2026-08-07T10:45:54.000Z</time>
      </trkpt>
      <trkpt lat="58.07214084081351757049560546875" lon="-4.02274061925709247589111328125">
        <ele>34</ele>
        <time>2026-08-07T10:46:01.000Z</time>
      </trkpt>
      <trkpt lat="58.07219549082219600677490234375" lon="-4.02304857037961483001708984375">
        <ele>33.40000152587890625</ele>
        <time>2026-08-07T10:46:05.000Z</time>
      </trkpt>
      <trkpt lat="58.0722322873771190643310546875" lon="-4.02325225062668323516845703125">
        <ele>33.40000152587890625</ele>
        <time>2026-08-07T10:46:08.000Z</time>
      </trkpt>
      <trkpt lat="58.07224913500249385833740234375" lon="-4.023377895355224609375">
        <ele>34</ele>
        <time>2026-08-07T10:46:10.000Z</time>
      </trkpt>
      <trkpt lat="58.0722527392208576202392578125" lon="-4.02343631722033023834228515625">
        <ele>34.799999237060546875</ele>
        <time>2026-08-07T10:46:11.000Z</time>
      </trkpt>
      <trkpt lat="58.0722383223474025726318359375" lon="-4.02361401356756687164306640625">
        <ele>36</ele>
        <time>2026-08-07T10:46:14.000Z</time>
      </trkpt>
      <trkpt lat="58.07222683914005756378173828125" lon="-4.02367017231881618499755859375">
        <ele>36</ele>
        <time>2026-08-07T10:46:15.000Z</time>
      </trkpt>
      <trkpt lat="58.07220336981117725372314453125" lon="-4.02379053644835948944091796875">
        <ele>36.200000762939453125</ele>
        <time>2026-08-07T10:46:17.000Z</time>
      </trkpt>
      <trkpt lat="58.072140254080295562744140625" lon="-4.02404434047639369964599609375">
        <ele>36</ele>
        <time>2026-08-07T10:46:21.000Z</time>
      </trkpt>
      <trkpt lat="58.07210949249565601348876953125" lon="-4.02416386641561985015869140625">
        <ele>36.200000762939453125</ele>
        <time>2026-08-07T10:46:23.000Z</time>
      </trkpt>
      <trkpt lat="58.07207797653973102569580078125" lon="-4.02428775094449520111083984375">
        <ele>36.59999847412109375</ele>
        <time>2026-08-07T10:46:25.000Z</time>
      </trkpt>
      <trkpt lat="58.07195543311536312103271484375" lon="-4.024758227169513702392578125">
        <ele>36.200000762939453125</ele>
        <time>2026-08-07T10:46:33.000Z</time>
      </trkpt>
      <trkpt lat="58.071898519992828369140625" lon="-4.0250061638653278350830078125">
        <ele>36.200000762939453125</ele>
        <time>2026-08-07T10:46:37.000Z</time>
      </trkpt>
      <trkpt lat="58.07189206592738628387451171875" lon="-4.02507506310939788818359375">
        <ele>36.40000152587890625</ele>
        <time>2026-08-07T10:46:38.000Z</time>
      </trkpt>
      <trkpt lat="58.07188821025192737579345703125" lon="-4.02514488436281681060791015625">
        <ele>36.40000152587890625</ele>
        <time>2026-08-07T10:46:39.000Z</time>
      </trkpt>
      <trkpt lat="58.0718862824141979217529296875" lon="-4.0252190642058849334716796875">
        <ele>36.40000152587890625</ele>
        <time>2026-08-07T10:46:40.000Z</time>
      </trkpt>
      <trkpt lat="58.07188980281352996826171875" lon="-4.0252978540956974029541015625">
        <ele>36.40000152587890625</ele>
        <time>2026-08-07T10:46:41.000Z</time>
      </trkpt>
      <trkpt lat="58.07192735373973846435546875" lon="-4.025563895702362060546875">
        <ele>35.799999237060546875</ele>
        <time>2026-08-07T10:46:44.000Z</time>
      </trkpt>
      <trkpt lat="58.0719526670873165130615234375" lon="-4.02565416879951953887939453125">
        <ele>35.59999847412109375</ele>
        <time>2026-08-07T10:46:45.000Z</time>
      </trkpt>
      <trkpt lat="58.0719858594238758087158203125" lon="-4.0257390774786472320556640625">
        <ele>35.59999847412109375</ele>
        <time>2026-08-07T10:46:46.000Z</time>
      </trkpt>
      <trkpt lat="58.0721102468669414520263671875" lon="-4.0259268321096897125244140625">
        <ele>34.799999237060546875</ele>
        <time>2026-08-07T10:46:49.000Z</time>
      </trkpt>
      <trkpt lat="58.072181828320026397705078125" lon="-4.026055745780467987060546875">
        <ele>34.59999847412109375</ele>
        <time>2026-08-07T10:46:51.000Z</time>
      </trkpt>
      <trkpt lat="58.07222231291234493255615234375" lon="-4.02622112073004245758056640625">
        <ele>34.59999847412109375</ele>
        <time>2026-08-07T10:46:53.000Z</time>
      </trkpt>
      <trkpt lat="58.07225936092436313629150390625" lon="-4.0267677046358585357666015625">
        <ele>35.200000762939453125</ele>
        <time>2026-08-07T10:46:59.000Z</time>
      </trkpt>
      <trkpt lat="58.072265647351741790771484375" lon="-4.026861079037189483642578125">
        <ele>35</ele>
        <time>2026-08-07T10:47:00.000Z</time>
      </trkpt>
      <trkpt lat="58.072265647351741790771484375" lon="-4.02722041122615337371826171875">
        <ele>34.799999237060546875</ele>
        <time>2026-08-07T10:47:04.000Z</time>
      </trkpt>
      <trkpt lat="58.0722601152956485748291015625" lon="-4.027304314076900482177734375">
        <ele>35</ele>
        <time>2026-08-07T10:47:05.000Z</time>
      </trkpt>
      <trkpt lat="58.07218560017645359039306640625" lon="-4.02808039449155330657958984375">
        <ele>35.59999847412109375</ele>
        <time>2026-08-07T10:47:14.000Z</time>
      </trkpt>
      <trkpt lat="58.0721669085323810577392578125" lon="-4.02833302505314350128173828125">
        <ele>35.59999847412109375</ele>
        <time>2026-08-07T10:47:17.000Z</time>
      </trkpt>
      <trkpt lat="58.07216179557144641876220703125" lon="-4.02867886237800121307373046875">
        <ele>35.200000762939453125</ele>
        <time>2026-08-07T10:47:21.000Z</time>
      </trkpt>
      <trkpt lat="58.07216967456042766571044921875" lon="-4.02915931306779384613037109375">
        <ele>36</ele>
        <time>2026-08-07T10:47:27.000Z</time>
      </trkpt>
      <trkpt lat="58.07216665707528591156005859375" lon="-4.029326029121875762939453125">
        <ele>36</ele>
        <time>2026-08-07T10:47:29.000Z</time>
      </trkpt>
      <trkpt lat="58.07212558574974536895751953125" lon="-4.02990035712718963623046875">
        <ele>35.799999237060546875</ele>
        <time>2026-08-07T10:47:36.000Z</time>
      </trkpt>
      <trkpt lat="58.07203439064323902130126953125" lon="-4.030494801700115203857421875">
        <ele>34.799999237060546875</ele>
        <time>2026-08-07T10:47:44.000Z</time>
      </trkpt>
      <trkpt lat="58.07196532376110553741455078125" lon="-4.03087534010410308837890625">
        <ele>36.200000762939453125</ele>
        <time>2026-08-07T10:47:49.000Z</time>
      </trkpt>
      <trkpt lat="58.07192006148397922515869140625" lon="-4.03107776306569576263427734375">
        <ele>37.200000762939453125</ele>
        <time>2026-08-07T10:47:52.000Z</time>
      </trkpt>
      <trkpt lat="58.07181696407496929168701171875" lon="-4.03167220763862133026123046875">
        <ele>37</ele>
        <time>2026-08-07T10:48:00.000Z</time>
      </trkpt>
      <trkpt lat="58.07179584167897701263427734375" lon="-4.031877815723419189453125">
        <ele>36</ele>
        <time>2026-08-07T10:48:03.000Z</time>
      </trkpt>
      <trkpt lat="58.0717753060162067413330078125" lon="-4.03207294642925262451171875">
        <ele>37.59999847412109375</ele>
        <time>2026-08-07T10:48:06.000Z</time>
      </trkpt>
      <trkpt lat="58.0717709474265575408935546875" lon="-4.03219305910170078277587890625">
        <ele>39.40000152587890625</ele>
        <time>2026-08-07T10:48:08.000Z</time>
      </trkpt>
      <trkpt lat="58.0717511661350727081298828125" lon="-4.0324922092258930206298828125">
        <ele>40.40000152587890625</ele>
        <time>2026-08-07T10:48:13.000Z</time>
      </trkpt>
      <trkpt lat="58.07173683308064937591552734375" lon="-4.0327227115631103515625">
        <ele>39.200000762939453125</ele>
        <time>2026-08-07T10:48:17.000Z</time>
      </trkpt>
      <trkpt lat="58.0717290379106998443603515625" lon="-4.03291826136410236358642578125">
        <ele>39</ele>
        <time>2026-08-07T10:48:20.000Z</time>
      </trkpt>
      <trkpt lat="58.07172727771103382110595703125" lon="-4.0330668725073337554931640625">
        <ele>40.200000762939453125</ele>
        <time>2026-08-07T10:48:22.000Z</time>
      </trkpt>
      <trkpt lat="58.07172358967363834381103515625" lon="-4.0332787670195102691650390625">
        <ele>40</ele>
        <time>2026-08-07T10:48:25.000Z</time>
      </trkpt>
      <trkpt lat="58.07172258384525775909423828125" lon="-4.033353365957736968994140625">
        <ele>39.59999847412109375</ele>
        <time>2026-08-07T10:48:26.000Z</time>
      </trkpt>
      <trkpt lat="58.07172082364559173583984375" lon="-4.0334283001720905303955078125">
        <ele>39.40000152587890625</ele>
        <time>2026-08-07T10:48:27.000Z</time>
      </trkpt>
      <trkpt lat="58.07170833460986614227294921875" lon="-4.03398024849593639373779296875">
        <ele>40.799999237060546875</ele>
        <time>2026-08-07T10:48:34.000Z</time>
      </trkpt>
      <trkpt lat="58.07170808315277099609375" lon="-4.03413330204784870147705078125">
        <ele>41.40000152587890625</ele>
        <time>2026-08-07T10:48:36.000Z</time>
      </trkpt>
      <trkpt lat="58.0717065744102001190185546875" lon="-4.03420756570994853973388671875">
        <ele>41.40000152587890625</ele>
        <time>2026-08-07T10:48:37.000Z</time>
      </trkpt>
      <trkpt lat="58.0716995336115360260009765625" lon="-4.03473436832427978515625">
        <ele>42.59999847412109375</ele>
        <time>2026-08-07T10:48:44.000Z</time>
      </trkpt>
      <trkpt lat="58.071705065667629241943359375" lon="-4.034871496260166168212890625">
        <ele>42.799999237060546875</ele>
        <time>2026-08-07T10:48:46.000Z</time>
      </trkpt>
      <trkpt lat="58.07169727049767971038818359375" lon="-4.0350875817239284515380859375">
        <ele>42.799999237060546875</ele>
        <time>2026-08-07T10:48:49.000Z</time>
      </trkpt>
      <trkpt lat="58.0716934986412525177001953125" lon="-4.03516779653728008270263671875">
        <ele>42.799999237060546875</ele>
        <time>2026-08-07T10:48:50.000Z</time>
      </trkpt>
      <trkpt lat="58.071680925786495208740234375" lon="-4.03574463911354541778564453125">
        <ele>42.40000152587890625</ele>
        <time>2026-08-07T10:48:57.000Z</time>
      </trkpt>
      <trkpt lat="58.07164848782122135162353515625" lon="-4.03614529408514499664306640625">
        <ele>43.40000152587890625</ele>
        <time>2026-08-07T10:49:02.000Z</time>
      </trkpt>
      <trkpt lat="58.07163340039551258087158203125" lon="-4.03631863184273242950439453125">
        <ele>43.59999847412109375</ele>
        <time>2026-08-07T10:49:04.000Z</time>
      </trkpt>
      <trkpt lat="58.07159601710736751556396484375" lon="-4.03666966594755649566650390625">
        <ele>43</ele>
        <time>2026-08-07T10:49:08.000Z</time>
      </trkpt>
      <trkpt lat="58.07153482921421527862548828125" lon="-4.03705690987408161163330078125">
        <ele>43.40000152587890625</ele>
        <time>2026-08-07T10:49:13.000Z</time>
      </trkpt>
      <trkpt lat="58.07146199047565460205078125" lon="-4.0374945290386676788330078125">
        <ele>43.40000152587890625</ele>
        <time>2026-08-07T10:49:19.000Z</time>
      </trkpt>
      <trkpt lat="58.0714393593370914459228515625" lon="-4.0376386977732181549072265625">
        <ele>43.40000152587890625</ele>
        <time>2026-08-07T10:49:21.000Z</time>
      </trkpt>
      <trkpt lat="58.07138110511004924774169921875" lon="-4.03826071880757808685302734375">
        <ele>43.59999847412109375</ele>
        <time>2026-08-07T10:49:29.000Z</time>
      </trkpt>
      <trkpt lat="58.07137691415846347808837890625" lon="-4.0383411012589931488037109375">
        <ele>43.59999847412109375</ele>
        <time>2026-08-07T10:49:30.000Z</time>
      </trkpt>
      <trkpt lat="58.071349672973155975341796875" lon="-4.038719795644283294677734375">
        <ele>45</ele>
        <time>2026-08-07T10:49:35.000Z</time>
      </trkpt>
      <trkpt lat="58.07133860886096954345703125" lon="-4.03886756859719753265380859375">
        <ele>45.200000762939453125</ele>
        <time>2026-08-07T10:49:37.000Z</time>
      </trkpt>
      <trkpt lat="58.0713169835507869720458984375" lon="-4.0391506254673004150390625">
        <ele>44.799999237060546875</ele>
        <time>2026-08-07T10:49:41.000Z</time>
      </trkpt>
      <trkpt lat="58.0712673626840114593505859375" lon="-4.0395152382552623748779296875">
        <ele>44</ele>
        <time>2026-08-07T10:49:46.000Z</time>
      </trkpt>
      <trkpt lat="58.0712066777050495147705078125" lon="-4.03980684466660022735595703125">
        <ele>44</ele>
        <time>2026-08-07T10:49:50.000Z</time>
      </trkpt>
      <trkpt lat="58.0711496807634830474853515625" lon="-4.04002393595874309539794921875">
        <ele>44.200000762939453125</ele>
        <time>2026-08-07T10:49:53.000Z</time>
      </trkpt>
      <trkpt lat="58.071017079055309295654296875" lon="-4.04038519598543643951416015625">
        <ele>44.59999847412109375</ele>
        <time>2026-08-07T10:49:59.000Z</time>
      </trkpt>
      <trkpt lat="58.07096888311207294464111328125" lon="-4.0405016206204891204833984375">
        <ele>44</ele>
        <time>2026-08-07T10:50:01.000Z</time>
      </trkpt>
      <trkpt lat="58.0709441564977169036865234375" lon="-4.04055920429527759552001953125">
        <ele>43.799999237060546875</ele>
        <time>2026-08-07T10:50:02.000Z</time>
      </trkpt>
      <trkpt lat="58.07082362473011016845703125" lon="-4.0408377349376678466796875">
        <ele>42.59999847412109375</ele>
        <time>2026-08-07T10:50:07.000Z</time>
      </trkpt>
      <trkpt lat="58.070753552019596099853515625" lon="-4.0410159341990947723388671875">
        <ele>42.59999847412109375</ele>
        <time>2026-08-07T10:50:10.000Z</time>
      </trkpt>
      <trkpt lat="58.0706149153411388397216796875" lon="-4.04142103157937526702880859375">
        <ele>43.200000762939453125</ele>
        <time>2026-08-07T10:50:17.000Z</time>
      </trkpt>
      <trkpt lat="58.07057912461459636688232421875" lon="-4.04153267852962017059326171875">
        <ele>44</ele>
        <time>2026-08-07T10:50:19.000Z</time>
      </trkpt>
      <trkpt lat="58.07051810435950756072998046875" lon="-4.04170836322009563446044921875">
        <ele>45.40000152587890625</ele>
        <time>2026-08-07T10:50:22.000Z</time>
      </trkpt>
      <trkpt lat="58.070444762706756591796875" lon="-4.0418826229870319366455078125">
        <ele>45.40000152587890625</ele>
        <time>2026-08-07T10:50:25.000Z</time>
      </trkpt>
      <trkpt lat="58.07031995616853237152099609375" lon="-4.0423075854778289794921875">
        <ele>45.799999237060546875</ele>
        <time>2026-08-07T10:50:32.000Z</time>
      </trkpt>
      <trkpt lat="58.0702280066907405853271484375" lon="-4.0426396764814853668212890625">
        <ele>46.59999847412109375</ele>
        <time>2026-08-07T10:50:37.000Z</time>
      </trkpt>
      <trkpt lat="58.07020730338990688323974609375" lon="-4.04270580969750881195068359375">
        <ele>46.799999237060546875</ele>
        <time>2026-08-07T10:50:38.000Z</time>
      </trkpt>
      <trkpt lat="58.07005248963832855224609375" lon="-4.04324057511985301971435546875">
        <ele>47.59999847412109375</ele>
        <time>2026-08-07T10:50:46.000Z</time>
      </trkpt>
      <trkpt lat="58.070034720003604888916015625" lon="-4.0433107316493988037109375">
        <ele>47.799999237060546875</ele>
        <time>2026-08-07T10:50:47.000Z</time>
      </trkpt>
      <trkpt lat="58.06994344107806682586669921875" lon="-4.04365614987909793853759765625">
        <ele>46.799999237060546875</ele>
        <time>2026-08-07T10:50:52.000Z</time>
      </trkpt>
      <trkpt lat="58.06984419934451580047607421875" lon="-4.04401422478258609771728515625">
        <ele>47.200000762939453125</ele>
        <time>2026-08-07T10:50:57.000Z</time>
      </trkpt>
      <trkpt lat="58.0697096697986125946044921875" lon="-4.04450925998389720916748046875">
        <ele>48.40000152587890625</ele>
        <time>2026-08-07T10:51:04.000Z</time>
      </trkpt>
      <trkpt lat="58.06963381357491016387939453125" lon="-4.04478519223630428314208984375">
        <ele>48</ele>
        <time>2026-08-07T10:51:08.000Z</time>
      </trkpt>
      <trkpt lat="58.06955904699862003326416015625" lon="-4.04505643062293529510498046875">
        <ele>48.59999847412109375</ele>
        <time>2026-08-07T10:51:12.000Z</time>
      </trkpt>
      <trkpt lat="58.06948252022266387939453125" lon="-4.0453158505260944366455078125">
        <ele>48.59999847412109375</ele>
        <time>2026-08-07T10:51:16.000Z</time>
      </trkpt>
      <trkpt lat="58.06938285939395427703857421875" lon="-4.04571466147899627685546875">
        <ele>48.200000762939453125</ele>
        <time>2026-08-07T10:51:22.000Z</time>
      </trkpt>
      <trkpt lat="58.0693747289478778839111328125" lon="-4.04578297398984432220458984375">
        <ele>48.40000152587890625</ele>
        <time>2026-08-07T10:51:23.000Z</time>
      </trkpt>
      <trkpt lat="58.069317229092121124267578125" lon="-4.04629326425492763519287109375">
        <ele>48.59999847412109375</ele>
        <time>2026-08-07T10:51:30.000Z</time>
      </trkpt>
      <trkpt lat="58.0693123675882816314697265625" lon="-4.04637339524924755096435546875">
        <ele>48.40000152587890625</ele>
        <time>2026-08-07T10:51:31.000Z</time>
      </trkpt>
      <trkpt lat="58.0693036504089832305908203125" lon="-4.04652544297277927398681640625">
        <ele>48.40000152587890625</ele>
        <time>2026-08-07T10:51:33.000Z</time>
      </trkpt>
      <trkpt lat="58.069291748106479644775390625" lon="-4.046678580343723297119140625">
        <ele>48.200000762939453125</ele>
        <time>2026-08-07T10:51:35.000Z</time>
      </trkpt>
      <trkpt lat="58.06926869787275791168212890625" lon="-4.04711234383285045623779296875">
        <ele>49.200000762939453125</ele>
        <time>2026-08-07T10:51:41.000Z</time>
      </trkpt>
      <trkpt lat="58.0692396126687526702880859375" lon="-4.04747477732598781585693359375">
        <ele>49.799999237060546875</ele>
        <time>2026-08-07T10:51:46.000Z</time>
      </trkpt>
      <trkpt lat="58.069236092269420623779296875" lon="-4.047550298273563385009765625">
        <ele>49.799999237060546875</ele>
        <time>2026-08-07T10:51:47.000Z</time>
      </trkpt>
      <trkpt lat="58.069233410060405731201171875" lon="-4.04769455082714557647705078125">
        <ele>49.799999237060546875</ele>
        <time>2026-08-07T10:51:49.000Z</time>
      </trkpt>
      <trkpt lat="58.06920968927443027496337890625" lon="-4.0481365285813808441162109375">
        <ele>49.799999237060546875</ele>
        <time>2026-08-07T10:51:55.000Z</time>
      </trkpt>
      <trkpt lat="58.06919024325907230377197265625" lon="-4.04853525571525096893310546875">
        <ele>50.59999847412109375</ele>
        <time>2026-08-07T10:52:01.000Z</time>
      </trkpt>
      <trkpt lat="58.0691883154213428497314453125" lon="-4.04867623932659626007080078125">
        <ele>50.200000762939453125</ele>
        <time>2026-08-07T10:52:03.000Z</time>
      </trkpt>
      <trkpt lat="58.06917934678494930267333984375" lon="-4.0490665845572948455810546875">
        <ele>49.799999237060546875</ele>
        <time>2026-08-07T10:52:08.000Z</time>
      </trkpt>
      <trkpt lat="58.0691725574433803558349609375" lon="-4.04922106303274631500244140625">
        <ele>49.799999237060546875</ele>
        <time>2026-08-07T10:52:10.000Z</time>
      </trkpt>
      <trkpt lat="58.06916593573987483978271484375" lon="-4.04981517232954502105712890625">
        <ele>50.59999847412109375</ele>
        <time>2026-08-07T10:52:18.000Z</time>
      </trkpt>
      <trkpt lat="58.069168031215667724609375" lon="-4.05004751868546009063720703125">
        <ele>50.40000152587890625</ele>
        <time>2026-08-07T10:52:21.000Z</time>
      </trkpt>
      <trkpt lat="58.06916593573987483978271484375" lon="-4.0502112172544002532958984375">
        <ele>50.40000152587890625</ele>
        <time>2026-08-07T10:52:23.000Z</time>
      </trkpt>
      <trkpt lat="58.06916090659797191619873046875" lon="-4.05043610371649265289306640625">
        <ele>50.799999237060546875</ele>
        <time>2026-08-07T10:52:26.000Z</time>
      </trkpt>
      <trkpt lat="58.0691504292190074920654296875" lon="-4.05064414255321025848388671875">
        <ele>51.40000152587890625</ele>
        <time>2026-08-07T10:52:29.000Z</time>
      </trkpt>
      <trkpt lat="58.06912486441433429718017578125" lon="-4.050906412303447723388671875">
        <ele>52</ele>
        <time>2026-08-07T10:52:33.000Z</time>
      </trkpt>
      <trkpt lat="58.06911732070147991180419921875" lon="-4.05096500180661678314208984375">
        <ele>52.200000762939453125</ele>
        <time>2026-08-07T10:52:34.000Z</time>
      </trkpt>
      <trkpt lat="58.06907574646174907684326171875" lon="-4.051300026476383209228515625">
        <ele>53.200000762939453125</ele>
        <time>2026-08-07T10:52:40.000Z</time>
      </trkpt>
      <trkpt lat="58.06906149722635746002197265625" lon="-4.0515305288136005401611328125">
        <ele>54.200000762939453125</ele>
        <time>2026-08-07T10:52:45.000Z</time>
      </trkpt>
      <trkpt lat="58.0690595693886280059814453125" lon="-4.0515858493745326995849609375">
        <ele>54.40000152587890625</ele>
        <time>2026-08-07T10:52:46.000Z</time>
      </trkpt>
      <trkpt lat="58.06904640980064868927001953125" lon="-4.05197887681424617767333984375">
        <ele>54.59999847412109375</ele>
        <time>2026-08-07T10:52:53.000Z</time>
      </trkpt>
      <trkpt lat="58.06901841424405574798583984375" lon="-4.0523110516369342803955078125">
        <ele>54.59999847412109375</ele>
        <time>2026-08-07T10:52:59.000Z</time>
      </trkpt>
      <trkpt lat="58.06898438371717929840087890625" lon="-4.05258715152740478515625">
        <ele>55.200000762939453125</ele>
        <time>2026-08-07T10:53:05.000Z</time>
      </trkpt>
      <trkpt lat="58.068979270756244659423828125" lon="-4.0526285581290721893310546875">
        <ele>55.59999847412109375</ele>
        <time>2026-08-07T10:53:06.000Z</time>
      </trkpt>
      <trkpt lat="58.0689601600170135498046875" lon="-4.05274179764091968536376953125">
        <ele>57.200000762939453125</ele>
        <time>2026-08-07T10:53:09.000Z</time>
      </trkpt>
      <trkpt lat="58.068937696516513824462890625" lon="-4.05280566774308681488037109375">
        <ele>58.200000762939453125</ele>
        <time>2026-08-07T10:53:11.000Z</time>
      </trkpt>
      <trkpt lat="58.0689252912998199462890625" lon="-4.05283668078482151031494140625">
        <ele>58.59999847412109375</ele>
        <time>2026-08-07T10:53:12.000Z</time>
      </trkpt>
      <trkpt lat="58.0688661150634288787841796875" lon="-4.05304840765893459320068359375">
        <ele>58.40000152587890625</ele>
        <time>2026-08-07T10:53:18.000Z</time>
      </trkpt>
      <trkpt lat="58.0688421428203582763671875" lon="-4.05316793359816074371337890625">
        <ele>58</ele>
        <time>2026-08-07T10:53:22.000Z</time>
      </trkpt>
      <trkpt lat="58.0688099563121795654296875" lon="-4.053268767893314361572265625">
        <ele>58.59999847412109375</ele>
        <time>2026-08-07T10:53:25.000Z</time>
      </trkpt>
      <trkpt lat="58.0687682144343852996826171875" lon="-4.0534432791173458099365234375">
        <ele>59.40000152587890625</ele>
        <time>2026-08-07T10:53:30.000Z</time>
      </trkpt>
      <trkpt lat="58.0687464214861392974853515625" lon="-4.0535042993724346160888671875">
        <ele>60</ele>
        <time>2026-08-07T10:53:32.000Z</time>
      </trkpt>
      <trkpt lat="58.0687195993959903717041015625" lon="-4.0535740368068218231201171875">
        <ele>60.59999847412109375</ele>
        <time>2026-08-07T10:53:34.000Z</time>
      </trkpt>
      <trkpt lat="58.06866310536861419677734375" lon="-4.05373312532901763916015625">
        <ele>61.200000762939453125</ele>
        <time>2026-08-07T10:53:38.000Z</time>
      </trkpt>
      <trkpt lat="58.06865581311285495758056640625" lon="-4.05377930961549282073974609375">
        <ele>61.40000152587890625</ele>
        <time>2026-08-07T10:53:39.000Z</time>
      </trkpt>
      <trkpt lat="58.0686186812818050384521484375" lon="-4.05396991409361362457275390625">
        <ele>61.59999847412109375</ele>
        <time>2026-08-07T10:53:43.000Z</time>
      </trkpt>
      <trkpt lat="58.06860703043639659881591796875" lon="-4.05401668511331081390380859375">
        <ele>61.59999847412109375</ele>
        <time>2026-08-07T10:53:44.000Z</time>
      </trkpt>
      <trkpt lat="58.06855036877095699310302734375" lon="-4.0541922859847545623779296875">
        <ele>61.799999237060546875</ele>
        <time>2026-08-07T10:53:49.000Z</time>
      </trkpt>
      <trkpt lat="58.06844777427613735198974609375" lon="-4.0544340200722217559814453125">
        <ele>61.200000762939453125</ele>
        <time>2026-08-07T10:53:54.000Z</time>
      </trkpt>
      <trkpt lat="58.0682891048491001129150390625" lon="-4.054757058620452880859375">
        <ele>61.59999847412109375</ele>
        <time>2026-08-07T10:54:00.000Z</time>
      </trkpt>
      <trkpt lat="58.068261444568634033203125" lon="-4.05480877496302127838134765625">
        <ele>61.59999847412109375</ele>
        <time>2026-08-07T10:54:01.000Z</time>
      </trkpt>
      <trkpt lat="58.06823353283107280731201171875" lon="-4.0548601560294628143310546875">
        <ele>61.40000152587890625</ele>
        <time>2026-08-07T10:54:02.000Z</time>
      </trkpt>
      <trkpt lat="58.0682052858173847198486328125" lon="-4.0549044124782085418701171875">
        <ele>61.40000152587890625</ele>
        <time>2026-08-07T10:54:03.000Z</time>
      </trkpt>
      <trkpt lat="58.06815214455127716064453125" lon="-4.05497968196868896484375">
        <ele>61.59999847412109375</ele>
        <time>2026-08-07T10:54:05.000Z</time>
      </trkpt>
      <trkpt lat="58.06811450980603694915771484375" lon="-4.055039696395397186279296875">
        <ele>61.799999237060546875</ele>
        <time>2026-08-07T10:54:07.000Z</time>
      </trkpt>
      <trkpt lat="58.068074695765972137451171875" lon="-4.055089987814426422119140625">
        <ele>63</ele>
        <time>2026-08-07T10:54:09.000Z</time>
      </trkpt>
      <trkpt lat="58.0680393241345882415771484375" lon="-4.05514237470924854278564453125">
        <ele>64.1999969482421875</ele>
        <time>2026-08-07T10:54:11.000Z</time>
      </trkpt>
      <trkpt lat="58.0680215544998645782470703125" lon="-4.0551652573049068450927734375">
        <ele>64.8000030517578125</ele>
        <time>2026-08-07T10:54:12.000Z</time>
      </trkpt>
      <trkpt lat="58.06793086230754852294921875" lon="-4.05531370081007480621337890625">
        <ele>64.8000030517578125</ele>
        <time>2026-08-07T10:54:17.000Z</time>
      </trkpt>
      <trkpt lat="58.06787260808050632476806640625" lon="-4.0555069036781787872314453125">
        <ele>63.59999847412109375</ele>
        <time>2026-08-07T10:54:22.000Z</time>
      </trkpt>
      <trkpt lat="58.06784327141940593719482421875" lon="-4.05562751926481723785400390625">
        <ele>63.59999847412109375</ele>
        <time>2026-08-07T10:54:25.000Z</time>
      </trkpt>
      <trkpt lat="58.06782097555696964263916015625" lon="-4.05575308017432689666748046875">
        <ele>63.200000762939453125</ele>
        <time>2026-08-07T10:54:28.000Z</time>
      </trkpt>
      <trkpt lat="58.06779113598167896270751953125" lon="-4.0558750368654727935791015625">
        <ele>63.59999847412109375</ele>
        <time>2026-08-07T10:54:31.000Z</time>
      </trkpt>
      <trkpt lat="58.0677717737853527069091796875" lon="-4.0559487976133823394775390625">
        <ele>64.1999969482421875</ele>
        <time>2026-08-07T10:54:33.000Z</time>
      </trkpt>
      <trkpt lat="58.06773497723042964935302734375" lon="-4.05615541152656078338623046875">
        <ele>64.59999847412109375</ele>
        <time>2026-08-07T10:54:38.000Z</time>
      </trkpt>
      <trkpt lat="58.06770547293126583099365234375" lon="-4.05629103071987628936767578125">
        <ele>64.8000030517578125</ele>
        <time>2026-08-07T10:54:41.000Z</time>
      </trkpt>
      <trkpt lat="58.06768803857266902923583984375" lon="-4.05638054944574832916259765625">
        <ele>64.8000030517578125</ele>
        <time>2026-08-07T10:54:43.000Z</time>
      </trkpt>
      <trkpt lat="58.0676686763763427734375" lon="-4.05646638013422489166259765625">
        <ele>64.59999847412109375</ele>
        <time>2026-08-07T10:54:45.000Z</time>
      </trkpt>
      <trkpt lat="58.0676195584237575531005859375" lon="-4.05667425133287906646728515625">
        <ele>65.59999847412109375</ele>
        <time>2026-08-07T10:54:50.000Z</time>
      </trkpt>
      <trkpt lat="58.0676141940057277679443359375" lon="-4.056716077029705047607421875">
        <ele>65.8000030517578125</ele>
        <time>2026-08-07T10:54:51.000Z</time>
      </trkpt>
      <trkpt lat="58.0675598792731761932373046875" lon="-4.05694582499563694000244140625">
        <ele>66.1999969482421875</ele>
        <time>2026-08-07T10:54:57.000Z</time>
      </trkpt>
      <trkpt lat="58.0675437860190868377685546875" lon="-4.0570297278463840484619140625">
        <ele>66.1999969482421875</ele>
        <time>2026-08-07T10:54:59.000Z</time>
      </trkpt>
      <trkpt lat="58.06750447489321231842041015625" lon="-4.05729602091014385223388671875">
        <ele>65.40000152587890625</ele>
        <time>2026-08-07T10:55:05.000Z</time>
      </trkpt>
      <trkpt lat="58.0674562789499759674072265625" lon="-4.057577736675739288330078125">
        <ele>66.59999847412109375</ele>
        <time>2026-08-07T10:55:12.000Z</time>
      </trkpt>
      <trkpt lat="58.06740422733128070831298828125" lon="-4.05781553126871585845947265625">
        <ele>67.59999847412109375</ele>
        <time>2026-08-07T10:55:18.000Z</time>
      </trkpt>
      <trkpt lat="58.06739701889455318450927734375" lon="-4.05784553848206996917724609375">
        <ele>67.8000030517578125</ele>
        <time>2026-08-07T10:55:19.000Z</time>
      </trkpt>
      <trkpt lat="58.0673573724925518035888671875" lon="-4.05804804526269435882568359375">
        <ele>68</ele>
        <time>2026-08-07T10:55:24.000Z</time>
      </trkpt>
      <trkpt lat="58.06733415462076663970947265625" lon="-4.05821082182228565216064453125">
        <ele>68.8000030517578125</ele>
        <time>2026-08-07T10:55:28.000Z</time>
      </trkpt>
      <trkpt lat="58.06733096949756145477294921875" lon="-4.058258347213268280029296875">
        <ele>68.8000030517578125</ele>
        <time>2026-08-07T10:55:29.000Z</time>
      </trkpt>
      <trkpt lat="58.0672956816852092742919921875" lon="-4.05844635330140590667724609375">
        <ele>68.8000030517578125</ele>
        <time>2026-08-07T10:55:34.000Z</time>
      </trkpt>
      <trkpt lat="58.06724715046584606170654296875" lon="-4.05869462527334690093994140625">
        <ele>69.8000030517578125</ele>
        <time>2026-08-07T10:55:41.000Z</time>
      </trkpt>
      <trkpt lat="58.0672403611242771148681640625" lon="-4.0587322600185871124267578125">
        <ele>70</ele>
        <time>2026-08-07T10:55:42.000Z</time>
      </trkpt>
      <trkpt lat="58.06721244938671588897705078125" lon="-4.05892194248735904693603515625">
        <ele>71.1999969482421875</ele>
        <time>2026-08-07T10:55:48.000Z</time>
      </trkpt>
      <trkpt lat="58.06719861924648284912109375" lon="-4.0590604953467845916748046875">
        <ele>71.8000030517578125</ele>
        <time>2026-08-07T10:55:52.000Z</time>
      </trkpt>
      <trkpt lat="58.06719350628554821014404296875" lon="-4.059097878634929656982421875">
        <ele>72</ele>
        <time>2026-08-07T10:55:53.000Z</time>
      </trkpt>
      <trkpt lat="58.067184872925281524658203125" lon="-4.05913534574210643768310546875">
        <ele>72</ele>
        <time>2026-08-07T10:55:54.000Z</time>
      </trkpt>
      <trkpt lat="58.0671887286007404327392578125" lon="-4.05917666852474212646484375">
        <ele>72.1999969482421875</ele>
        <time>2026-08-07T10:55:55.000Z</time>
      </trkpt>
      <trkpt lat="58.06716098450124263763427734375" lon="-4.05942988581955432891845703125">
        <ele>73.40000152587890625</ele>
        <time>2026-08-07T10:56:02.000Z</time>
      </trkpt>
      <trkpt lat="58.06710985489189624786376953125" lon="-4.05973532237112522125244140625">
        <ele>74.40000152587890625</ele>
        <time>2026-08-07T10:56:10.000Z</time>
      </trkpt>
      <trkpt lat="58.0670314840972423553466796875" lon="-4.0599684230983257293701171875">
        <ele>74.8000030517578125</ele>
        <time>2026-08-07T10:56:17.000Z</time>
      </trkpt>
      <trkpt lat="58.06698898784816265106201171875" lon="-4.0600535832345485687255859375">
        <ele>75.59999847412109375</ele>
        <time>2026-08-07T10:56:20.000Z</time>
      </trkpt>
      <trkpt lat="58.066935427486896514892578125" lon="-4.06017201952636241912841796875">
        <ele>76.59999847412109375</ele>
        <time>2026-08-07T10:56:24.000Z</time>
      </trkpt>
      <trkpt lat="58.0669205076992511749267578125" lon="-4.0601967461407184600830078125">
        <ele>76.8000030517578125</ele>
        <time>2026-08-07T10:56:25.000Z</time>
      </trkpt>
      <trkpt lat="58.06686937808990478515625" lon="-4.0603097341954708099365234375">
        <ele>77.8000030517578125</ele>
        <time>2026-08-07T10:56:29.000Z</time>
      </trkpt>
      <trkpt lat="58.06682855822145938873291015625" lon="-4.060395397245883941650390625">
        <ele>78.1999969482421875</ele>
        <time>2026-08-07T10:56:32.000Z</time>
      </trkpt>
      <trkpt lat="58.06678882800042629241943359375" lon="-4.060468487441539764404296875">
        <ele>78.8000030517578125</ele>
        <time>2026-08-07T10:56:35.000Z</time>
      </trkpt>
      <trkpt lat="58.06675530038774013519287109375" lon="-4.06052070669829845428466796875">
        <ele>79.1999969482421875</ele>
        <time>2026-08-07T10:56:37.000Z</time>
      </trkpt>
      <trkpt lat="58.06674398481845855712890625" lon="-4.06054283492267131805419921875">
        <ele>79.1999969482421875</ele>
        <time>2026-08-07T10:56:38.000Z</time>
      </trkpt>
      <trkpt lat="58.0667097866535186767578125" lon="-4.06063084490597248077392578125">
        <ele>79.59999847412109375</ele>
        <time>2026-08-07T10:56:41.000Z</time>
      </trkpt>
      <trkpt lat="58.06668790988624095916748046875" lon="-4.060693122446537017822265625">
        <ele>80</ele>
        <time>2026-08-07T10:56:43.000Z</time>
      </trkpt>
      <trkpt lat="58.0666683800518512725830078125" lon="-4.060750789940357208251953125">
        <ele>80</ele>
        <time>2026-08-07T10:56:45.000Z</time>
      </trkpt>
      <trkpt lat="58.066641055047512054443359375" lon="-4.0608039312064647674560546875">
        <ele>80.1999969482421875</ele>
        <time>2026-08-07T10:56:47.000Z</time>
      </trkpt>
      <trkpt lat="58.06659721769392490386962890625" lon="-4.06092010438442230224609375">
        <ele>80.59999847412109375</ele>
        <time>2026-08-07T10:56:51.000Z</time>
      </trkpt>
      <trkpt lat="58.06656050495803356170654296875" lon="-4.061009623110294342041015625">
        <ele>81</ele>
        <time>2026-08-07T10:56:54.000Z</time>
      </trkpt>
      <trkpt lat="58.066514991223812103271484375" lon="-4.0611200965940952301025390625">
        <ele>82</ele>
        <time>2026-08-07T10:56:58.000Z</time>
      </trkpt>
      <trkpt lat="58.06647433899343013763427734375" lon="-4.061190672218799591064453125">
        <ele>82.59999847412109375</ele>
        <time>2026-08-07T10:57:01.000Z</time>
      </trkpt>
      <trkpt lat="58.06639404036104679107666015625" lon="-4.06136593781411647796630859375">
        <ele>82.59999847412109375</ele>
        <time>2026-08-07T10:57:07.000Z</time>
      </trkpt>
      <trkpt lat="58.0663743428885936737060546875" lon="-4.06142410822212696075439453125">
        <ele>83.40000152587890625</ele>
        <time>2026-08-07T10:57:09.000Z</time>
      </trkpt>
      <trkpt lat="58.06631147861480712890625" lon="-4.06159342266619205474853515625">
        <ele>83.8000030517578125</ele>
        <time>2026-08-07T10:57:15.000Z</time>
      </trkpt>
      <trkpt lat="58.06628021411597728729248046875" lon="-4.0616905689239501953125">
        <ele>84.8000030517578125</ele>
        <time>2026-08-07T10:57:18.000Z</time>
      </trkpt>
      <trkpt lat="58.0662248097360134124755859375" lon="-4.06183180399239063262939453125">
        <ele>85.40000152587890625</ele>
        <time>2026-08-07T10:57:22.000Z</time>
      </trkpt>
      <trkpt lat="58.0661389790475368499755859375" lon="-4.06208476983010768890380859375">
        <ele>85.1999969482421875</ele>
        <time>2026-08-07T10:57:29.000Z</time>
      </trkpt>
      <trkpt lat="58.0661155097186565399169921875" lon="-4.0621557645499706268310546875">
        <ele>86.1999969482421875</ele>
        <time>2026-08-07T10:57:31.000Z</time>
      </trkpt>
      <trkpt lat="58.06608843617141246795654296875" lon="-4.0622194670140743255615234375">
        <ele>87.40000152587890625</ele>
        <time>2026-08-07T10:57:33.000Z</time>
      </trkpt>
      <trkpt lat="58.06605507619678974151611328125" lon="-4.06231728382408618927001953125">
        <ele>88.59999847412109375</ele>
        <time>2026-08-07T10:57:36.000Z</time>
      </trkpt>
      <trkpt lat="58.066000677645206451416015625" lon="-4.062460027635097503662109375">
        <ele>89.1999969482421875</ele>
        <time>2026-08-07T10:57:41.000Z</time>
      </trkpt>
      <trkpt lat="58.0659793876111507415771484375" lon="-4.0625249035656452178955078125">
        <ele>89.59999847412109375</ele>
        <time>2026-08-07T10:57:43.000Z</time>
      </trkpt>
      <trkpt lat="58.065888695418834686279296875" lon="-4.06274744309484958648681640625">
        <ele>90.40000152587890625</ele>
        <time>2026-08-07T10:57:50.000Z</time>
      </trkpt>
      <trkpt lat="58.06586287915706634521484375" lon="-4.0628065355122089385986328125">
        <ele>90.59999847412109375</ele>
        <time>2026-08-07T10:57:52.000Z</time>
      </trkpt>
      <trkpt lat="58.06582021526992321014404296875" lon="-4.06288825906813144683837890625">
        <ele>90.59999847412109375</ele>
        <time>2026-08-07T10:57:55.000Z</time>
      </trkpt>
      <trkpt lat="58.0657973326742649078369140625" lon="-4.0629527159035205841064453125">
        <ele>91.1999969482421875</ele>
        <time>2026-08-07T10:57:57.000Z</time>
      </trkpt>
      <trkpt lat="58.0657710134983062744140625" lon="-4.063012562692165374755859375">
        <ele>91.59999847412109375</ele>
        <time>2026-08-07T10:57:59.000Z</time>
      </trkpt>
      <trkpt lat="58.065688870847225189208984375" lon="-4.06321381218731403350830078125">
        <ele>91.8000030517578125</ele>
        <time>2026-08-07T10:58:05.000Z</time>
      </trkpt>
      <trkpt lat="58.06564117781817913055419921875" lon="-4.06331397593021392822265625">
        <ele>92.40000152587890625</ele>
        <time>2026-08-07T10:58:08.000Z</time>
      </trkpt>
      <trkpt lat="58.06559055112302303314208984375" lon="-4.06343869864940643310546875">
        <ele>93</ele>
        <time>2026-08-07T10:58:11.000Z</time>
      </trkpt>
      <trkpt lat="58.06557320058345794677734375" lon="-4.06348840333521366119384765625">
        <ele>93.59999847412109375</ele>
        <time>2026-08-07T10:58:12.000Z</time>
      </trkpt>
      <trkpt lat="58.06552852503955364227294921875" lon="-4.0635907463729381561279296875">
        <ele>94.40000152587890625</ele>
        <time>2026-08-07T10:58:14.000Z</time>
      </trkpt>
      <trkpt lat="58.06544286198914051055908203125" lon="-4.06380037777125835418701171875">
        <ele>94.1999969482421875</ele>
        <time>2026-08-07T10:58:18.000Z</time>
      </trkpt>
      <trkpt lat="58.0654033832252025604248046875" lon="-4.06389576382935047149658203125">
        <ele>94.1999969482421875</ele>
        <time>2026-08-07T10:58:20.000Z</time>
      </trkpt>
      <trkpt lat="58.06529601104557514190673828125" lon="-4.064164571464061737060546875">
        <ele>95.40000152587890625</ele>
        <time>2026-08-07T10:58:26.000Z</time>
      </trkpt>
      <trkpt lat="58.06511990725994110107421875" lon="-4.06456765718758106231689453125">
        <ele>95.8000030517578125</ele>
        <time>2026-08-07T10:58:35.000Z</time>
      </trkpt>
      <trkpt lat="58.0650597251951694488525390625" lon="-4.06471434049308300018310546875">
        <ele>96.40000152587890625</ele>
        <time>2026-08-07T10:58:38.000Z</time>
      </trkpt>
      <trkpt lat="58.06497917510569095611572265625" lon="-4.06491064466536045074462890625">
        <ele>96.40000152587890625</ele>
        <time>2026-08-07T10:58:42.000Z</time>
      </trkpt>
      <trkpt lat="58.064823187887668609619140625" lon="-4.06529570929706096649169921875">
        <ele>97</ele>
        <time>2026-08-07T10:58:50.000Z</time>
      </trkpt>
      <trkpt lat="58.06463979184627532958984375" lon="-4.0657412074506282806396484375">
        <ele>96.40000152587890625</ele>
        <time>2026-08-07T10:58:58.000Z</time>
      </trkpt>
      <trkpt lat="58.06448950432240962982177734375" lon="-4.0660513378679752349853515625">
        <ele>96.40000152587890625</ele>
        <time>2026-08-07T10:59:04.000Z</time>
      </trkpt>
      <trkpt lat="58.06444826535880565643310546875" lon="-4.06614236533641815185546875">
        <ele>96.40000152587890625</ele>
        <time>2026-08-07T10:59:06.000Z</time>
      </trkpt>
      <trkpt lat="58.064372241497039794921875" lon="-4.06633607111871242523193359375">
        <ele>95.1999969482421875</ele>
        <time>2026-08-07T10:59:10.000Z</time>
      </trkpt>
      <trkpt lat="58.06435321457684040069580078125" lon="-4.0663866139948368072509765625">
        <ele>95.1999969482421875</ele>
        <time>2026-08-07T10:59:11.000Z</time>
      </trkpt>
      <trkpt lat="58.0642877519130706787109375" lon="-4.06652499921619892120361328125">
        <ele>95.59999847412109375</ele>
        <time>2026-08-07T10:59:14.000Z</time>
      </trkpt>
      <trkpt lat="58.0642154999077320098876953125" lon="-4.06665542162954807281494140625">
        <ele>96.40000152587890625</ele>
        <time>2026-08-07T10:59:17.000Z</time>
      </trkpt>
      <trkpt lat="58.06411198340356349945068359375" lon="-4.06688139773905277252197265625">
        <ele>97.40000152587890625</ele>
        <time>2026-08-07T10:59:22.000Z</time>
      </trkpt>
      <trkpt lat="58.0640213750302791595458984375" lon="-4.06708574853837490081787109375">
        <ele>99</ele>
        <time>2026-08-07T10:59:26.000Z</time>
      </trkpt>
      <trkpt lat="58.063995726406574249267578125" lon="-4.067129082977771759033203125">
        <ele>99.1999969482421875</ele>
        <time>2026-08-07T10:59:27.000Z</time>
      </trkpt>
      <trkpt lat="58.063908554613590240478515625" lon="-4.0672950446605682373046875">
        <ele>98.40000152587890625</ele>
        <time>2026-08-07T10:59:31.000Z</time>
      </trkpt>
      <trkpt lat="58.0638859234750270843505859375" lon="-4.06734189949929714202880859375">
        <ele>98.1999969482421875</ele>
        <time>2026-08-07T10:59:32.000Z</time>
      </trkpt>
      <trkpt lat="58.0638222210109233856201171875" lon="-4.06747986562550067901611328125">
        <ele>98.40000152587890625</ele>
        <time>2026-08-07T10:59:35.000Z</time>
      </trkpt>
      <trkpt lat="58.06377905420958995819091796875" lon="-4.0675657801330089569091796875">
        <ele>98.8000030517578125</ele>
        <time>2026-08-07T10:59:37.000Z</time>
      </trkpt>
      <trkpt lat="58.06366078555583953857421875" lon="-4.06774540431797504425048828125">
        <ele>99.59999847412109375</ele>
        <time>2026-08-07T10:59:42.000Z</time>
      </trkpt>
      <trkpt lat="58.06356556713581085205078125" lon="-4.0678869746625423431396484375">
        <ele>100</ele>
        <time>2026-08-07T10:59:46.000Z</time>
      </trkpt>
      <trkpt lat="58.0635201372206211090087890625" lon="-4.06796366907656192779541015625">
        <ele>99.59999847412109375</ele>
        <time>2026-08-07T10:59:48.000Z</time>
      </trkpt>
      <trkpt lat="58.06347596459090709686279296875" lon="-4.0680344961583614349365234375">
        <ele>100.1999969482421875</ele>
        <time>2026-08-07T10:59:50.000Z</time>
      </trkpt>
      <trkpt lat="58.0634078197181224822998046875" lon="-4.06814756803214550018310546875">
        <ele>101.59999847412109375</ele>
        <time>2026-08-07T10:59:53.000Z</time>
      </trkpt>
      <trkpt lat="58.06335710920393466949462890625" lon="-4.068216048181056976318359375">
        <ele>101.8000030517578125</ele>
        <time>2026-08-07T10:59:55.000Z</time>
      </trkpt>
      <trkpt lat="58.06319005787372589111328125" lon="-4.0684743784368038177490234375">
        <ele>102.59999847412109375</ele>
        <time>2026-08-07T11:00:02.000Z</time>
      </trkpt>
      <trkpt lat="58.06316281668841838836669921875" lon="-4.06850027851760387420654296875">
        <ele>102.8000030517578125</ele>
        <time>2026-08-07T11:00:03.000Z</time>
      </trkpt>
      <trkpt lat="58.0630614794790744781494140625" lon="-4.0686081536114215850830078125">
        <ele>103.59999847412109375</ele>
        <time>2026-08-07T11:00:07.000Z</time>
      </trkpt>
      <trkpt lat="58.06293751113116741180419921875" lon="-4.068754501640796661376953125">
        <ele>104.1999969482421875</ele>
        <time>2026-08-07T11:00:12.000Z</time>
      </trkpt>
      <trkpt lat="58.06288504041731357574462890625" lon="-4.0688130073249340057373046875">
        <ele>104.8000030517578125</ele>
        <time>2026-08-07T11:00:14.000Z</time>
      </trkpt>
      <trkpt lat="58.0627345852553844451904296875" lon="-4.0689739398658275604248046875">
        <ele>105.40000152587890625</ele>
        <time>2026-08-07T11:00:20.000Z</time>
      </trkpt>
      <trkpt lat="58.0626140534877777099609375" lon="-4.069087766110897064208984375">
        <ele>105.8000030517578125</ele>
        <time>2026-08-07T11:00:25.000Z</time>
      </trkpt>
      <trkpt lat="58.06254121474921703338623046875" lon="-4.0691536478698253631591796875">
        <ele>107</ele>
        <time>2026-08-07T11:00:28.000Z</time>
      </trkpt>
      <trkpt lat="58.06245421059429645538330078125" lon="-4.06923151575028896331787109375">
        <ele>108</ele>
        <time>2026-08-07T11:00:31.000Z</time>
      </trkpt>
      <trkpt lat="58.06236519478261470794677734375" lon="-4.06932572834193706512451171875">
        <ele>108</ele>
        <time>2026-08-07T11:00:34.000Z</time>
      </trkpt>
      <trkpt lat="58.0622135661542415618896484375" lon="-4.06949780881404876708984375">
        <ele>108.8000030517578125</ele>
        <time>2026-08-07T11:00:40.000Z</time>
      </trkpt>
      <trkpt lat="58.062147684395313262939453125" lon="-4.0696076117455959320068359375">
        <ele>109.1999969482421875</ele>
        <time>2026-08-07T11:00:43.000Z</time>
      </trkpt>
      <trkpt lat="58.062075264751911163330078125" lon="-4.06972713768482208251953125">
        <ele>110.1999969482421875</ele>
        <time>2026-08-07T11:00:46.000Z</time>
      </trkpt>
      <trkpt lat="58.0620499514043331146240234375" lon="-4.069773741066455841064453125">
        <ele>111</ele>
        <time>2026-08-07T11:00:47.000Z</time>
      </trkpt>
      <trkpt lat="58.0620239675045013427734375" lon="-4.06981355510652065277099609375">
        <ele>111.40000152587890625</ele>
        <time>2026-08-07T11:00:48.000Z</time>
      </trkpt>
      <trkpt lat="58.06197744794189929962158203125" lon="-4.0699070133268833160400390625">
        <ele>112.40000152587890625</ele>
        <time>2026-08-07T11:00:50.000Z</time>
      </trkpt>
      <trkpt lat="58.0619540624320507049560546875" lon="-4.0699485875666141510009765625">
        <ele>112.40000152587890625</ele>
        <time>2026-08-07T11:00:51.000Z</time>
      </trkpt>
      <trkpt lat="58.0618839897215366363525390625" lon="-4.0700609050691127777099609375">
        <ele>112.8000030517578125</ele>
        <time>2026-08-07T11:00:54.000Z</time>
      </trkpt>
      <trkpt lat="58.06181701831519603729248046875" lon="-4.070172719657421112060546875">
        <ele>113.59999847412109375</ele>
        <time>2026-08-07T11:00:57.000Z</time>
      </trkpt>
      <trkpt lat="58.06173227727413177490234375" lon="-4.07031429000198841094970703125">
        <ele>113.59999847412109375</ele>
        <time>2026-08-07T11:01:01.000Z</time>
      </trkpt>
      <trkpt lat="58.0615477077662944793701171875" lon="-4.07062425278127193450927734375">
        <ele>114.8000030517578125</ele>
        <time>2026-08-07T11:01:09.000Z</time>
      </trkpt>
      <trkpt lat="58.061496578156948089599609375" lon="-4.0707041323184967041015625">
        <ele>115.1999969482421875</ele>
        <time>2026-08-07T11:01:11.000Z</time>
      </trkpt>
      <trkpt lat="58.06132399477064609527587890625" lon="-4.0709348022937774658203125">
        <ele>115.8000030517578125</ele>
        <time>2026-08-07T11:01:18.000Z</time>
      </trkpt>
      <trkpt lat="58.06123984046280384063720703125" lon="-4.0710501372814178466796875">
        <ele>115.59999847412109375</ele>
        <time>2026-08-07T11:01:23.000Z</time>
      </trkpt>
      <trkpt lat="58.0612194724380970001220703125" lon="-4.07111224718391895294189453125">
        <ele>114.59999847412109375</ele>
        <time>2026-08-07T11:01:26.000Z</time>
      </trkpt>
      <trkpt lat="58.0612194724380970001220703125" lon="-4.07111241482198238372802734375">
        <ele>114.40000152587890625</ele>
        <time>2026-08-07T11:01:28.000Z</time>
      </trkpt>
      <trkpt lat="58.0611899681389331817626953125" lon="-4.07121668569743633270263671875">
        <ele>115</ele>
        <time>2026-08-07T11:01:32.000Z</time>
      </trkpt>
      <trkpt lat="58.06111939251422882080078125" lon="-4.07140863128006458282470703125">
        <ele>115.8000030517578125</ele>
        <time>2026-08-07T11:01:36.000Z</time>
      </trkpt>
      <trkpt lat="58.06108594872057437896728515625" lon="-4.071519188582897186279296875">
        <ele>116</ele>
        <time>2026-08-07T11:01:38.000Z</time>
      </trkpt>
      <trkpt lat="58.06101084686815738677978515625" lon="-4.0717480145394802093505859375">
        <ele>114.8000030517578125</ele>
        <time>2026-08-07T11:01:42.000Z</time>
      </trkpt>
      <trkpt lat="58.06099223904311656951904296875" lon="-4.07180878333747386932373046875">
        <ele>113</ele>
        <time>2026-08-07T11:01:43.000Z</time>
      </trkpt>
      <trkpt lat="58.06097983382642269134521484375" lon="-4.07187701202929019927978515625">
        <ele>113.1999969482421875</ele>
        <time>2026-08-07T11:01:44.000Z</time>
      </trkpt>
      <trkpt lat="58.0609676800668239593505859375" lon="-4.07194574363529682159423828125">
        <ele>113.59999847412109375</ele>
        <time>2026-08-07T11:01:45.000Z</time>
      </trkpt>
      <trkpt lat="58.0609294585883617401123046875" lon="-4.0720829553902149200439453125">
        <ele>115</ele>
        <time>2026-08-07T11:01:47.000Z</time>
      </trkpt>
      <trkpt lat="58.06089006364345550537109375" lon="-4.072219245135784149169921875">
        <ele>116</ele>
        <time>2026-08-07T11:01:49.000Z</time>
      </trkpt>
      <trkpt lat="58.0608572065830230712890625" lon="-4.07237112522125244140625">
        <ele>115.8000030517578125</ele>
        <time>2026-08-07T11:01:51.000Z</time>
      </trkpt>
      <trkpt lat="58.06082560680806636810302734375" lon="-4.07251931726932525634765625">
        <ele>115</ele>
        <time>2026-08-07T11:01:53.000Z</time>
      </trkpt>
      <trkpt lat="58.06076936423778533935546875" lon="-4.07277924008667469024658203125">
        <ele>115.40000152587890625</ele>
        <time>2026-08-07T11:01:57.000Z</time>
      </trkpt>
      <trkpt lat="58.06073122657835483551025390625" lon="-4.07295743934810161590576171875">
        <ele>115.8000030517578125</ele>
        <time>2026-08-07T11:02:00.000Z</time>
      </trkpt>
      <trkpt lat="58.0607202462852001190185546875" lon="-4.073022566735744476318359375">
        <ele>116.59999847412109375</ele>
        <time>2026-08-07T11:02:02.000Z</time>
      </trkpt>
      <trkpt lat="58.060716725885868072509765625" lon="-4.0730257518589496612548828125">
        <ele>116.40000152587890625</ele>
        <time>2026-08-07T11:02:07.000Z</time>
      </trkpt>
      <trkpt lat="58.060716725885868072509765625" lon="-4.0730257518589496612548828125">
        <ele>116.59999847412109375</ele>
        <time>2026-08-07T11:02:14.000Z</time>
      </trkpt>
      <trkpt lat="58.060716725885868072509765625" lon="-4.0730257518589496612548828125">
        <ele>116.1999969482421875</ele>
        <time>2026-08-07T11:02:15.000Z</time>
      </trkpt>
      <trkpt lat="58.060716725885868072509765625" lon="-4.0730257518589496612548828125">
        <ele>115.59999847412109375</ele>
        <time>2026-08-07T11:02:17.000Z</time>
      </trkpt>
      <trkpt lat="58.060716725885868072509765625" lon="-4.0730257518589496612548828125">
        <ele>115.1999969482421875</ele>
        <time>2026-08-07T11:02:22.000Z</time>
      </trkpt>
      <trkpt lat="58.0607155524194240570068359375" lon="-4.073017537593841552734375">
        <ele>114.8000030517578125</ele>
        <time>2026-08-07T11:02:29.000Z</time>
      </trkpt>
      <trkpt lat="58.06070390157401561737060546875" lon="-4.07304896973073482513427734375">
        <ele>114.8000030517578125</ele>
        <time>2026-08-07T11:02:33.000Z</time>
      </trkpt>
      <trkpt lat="58.0606709606945514678955078125" lon="-4.0732178650796413421630859375">
        <ele>115.40000152587890625</ele>
        <time>2026-08-07T11:02:38.000Z</time>
      </trkpt>
      <trkpt lat="58.06057699955999851226806640625" lon="-4.073632769286632537841796875">
        <ele>115.40000152587890625</ele>
        <time>2026-08-07T11:02:45.000Z</time>
      </trkpt>
      <trkpt lat="58.060488738119602203369140625" lon="-4.07407902181148529052734375">
        <ele>116</ele>
        <time>2026-08-07T11:02:51.000Z</time>
      </trkpt>
      <trkpt lat="58.060471303761005401611328125" lon="-4.07416493631899356842041015625">
        <ele>115.8000030517578125</ele>
        <time>2026-08-07T11:02:52.000Z</time>
      </trkpt>
      <trkpt lat="58.0604114569723606109619140625" lon="-4.07443718053400516510009765625">
        <ele>114.1999969482421875</ele>
        <time>2026-08-07T11:02:55.000Z</time>
      </trkpt>
      <trkpt lat="58.06036837399005889892578125" lon="-4.07460984773933887481689453125">
        <ele>113.1999969482421875</ele>
        <time>2026-08-07T11:02:57.000Z</time>
      </trkpt>
      <trkpt lat="58.06034415028989315032958984375" lon="-4.07469467259943485260009765625">
        <ele>113.1999969482421875</ele>
        <time>2026-08-07T11:02:58.000Z</time>
      </trkpt>
      <trkpt lat="58.06018824689090251922607421875" lon="-4.0752221457660198211669921875">
        <ele>113.1999969482421875</ele>
        <time>2026-08-07T11:03:04.000Z</time>
      </trkpt>
      <trkpt lat="58.06013946421444416046142578125" lon="-4.07569429837167263031005859375">
        <ele>112</ele>
        <time>2026-08-07T11:03:08.000Z</time>
      </trkpt>
      <trkpt lat="58.06013057939708232879638671875" lon="-4.07580762170255184173583984375">
        <ele>111.59999847412109375</ele>
        <time>2026-08-07T11:03:09.000Z</time>
      </trkpt>
      <trkpt lat="58.06010526604950428009033203125" lon="-4.0761807002127170562744140625">
        <ele>110.8000030517578125</ele>
        <time>2026-08-07T11:03:12.000Z</time>
      </trkpt>
      <trkpt lat="58.0600855685770511627197265625" lon="-4.07645621336996555328369140625">
        <ele>109.40000152587890625</ele>
        <time>2026-08-07T11:03:14.000Z</time>
      </trkpt>
      <trkpt lat="58.0600734986364841461181640625" lon="-4.0765967778861522674560546875">
        <ele>109</ele>
        <time>2026-08-07T11:03:15.000Z</time>
      </trkpt>
      <trkpt lat="58.0600617639720439910888671875" lon="-4.07674052752554416656494140625">
        <ele>108.40000152587890625</ele>
        <time>2026-08-07T11:03:16.000Z</time>
      </trkpt>
      <trkpt lat="58.060010634362697601318359375" lon="-4.077466987073421478271484375">
        <ele>108.1999969482421875</ele>
        <time>2026-08-07T11:03:21.000Z</time>
      </trkpt>
      <trkpt lat="58.06002161465585231781005859375" lon="-4.07776613719761371612548828125">
        <ele>107.8000030517578125</ele>
        <time>2026-08-07T11:03:23.000Z</time>
      </trkpt>
      <trkpt lat="58.0600195191800594329833984375" lon="-4.0780488587915897369384765625">
        <ele>107.40000152587890625</ele>
        <time>2026-08-07T11:03:25.000Z</time>
      </trkpt>
      <trkpt lat="58.06001440621912479400634765625" lon="-4.0781767666339874267578125">
        <ele>107.1999969482421875</ele>
        <time>2026-08-07T11:03:26.000Z</time>
      </trkpt>
      <trkpt lat="58.06001172401010990142822265625" lon="-4.078291095793247222900390625">
        <ele>107</ele>
        <time>2026-08-07T11:03:27.000Z</time>
      </trkpt>
      <trkpt lat="58.059999905526638031005859375" lon="-4.07862729392945766448974609375">
        <ele>105</ele>
        <time>2026-08-07T11:03:30.000Z</time>
      </trkpt>
      <trkpt lat="58.05999143980443477630615234375" lon="-4.0788508392870426177978515625">
        <ele>105</ele>
        <time>2026-08-07T11:03:32.000Z</time>
      </trkpt>
      <trkpt lat="58.05995824746787548065185546875" lon="-4.07931762747466564178466796875">
        <ele>105.59999847412109375</ele>
        <time>2026-08-07T11:03:36.000Z</time>
      </trkpt>
      <trkpt lat="58.0598880909383296966552734375" lon="-4.08035983331501483917236328125">
        <ele>104.59999847412109375</ele>
        <time>2026-08-07T11:03:44.000Z</time>
      </trkpt>
      <trkpt lat="58.059873841702938079833984375" lon="-4.08062201924622058868408203125">
        <ele>103.8000030517578125</ele>
        <time>2026-08-07T11:03:46.000Z</time>
      </trkpt>
      <trkpt lat="58.05984534323215484619140625" lon="-4.08125619404017925262451171875">
        <ele>103</ele>
        <time>2026-08-07T11:03:51.000Z</time>
      </trkpt>
      <trkpt lat="58.0598274059593677520751953125" lon="-4.08162969164550304412841796875">
        <ele>103.59999847412109375</ele>
        <time>2026-08-07T11:03:54.000Z</time>
      </trkpt>
      <trkpt lat="58.05982564575970172882080078125" lon="-4.0817563422024250030517578125">
        <ele>103.59999847412109375</ele>
        <time>2026-08-07T11:03:55.000Z</time>
      </trkpt>
      <trkpt lat="58.0598458461463451385498046875" lon="-4.0822401456534862518310546875">
        <ele>103.1999969482421875</ele>
        <time>2026-08-07T11:03:59.000Z</time>
      </trkpt>
      <trkpt lat="58.0598636157810688018798828125" lon="-4.0826062671840190887451171875">
        <ele>102.59999847412109375</ele>
        <time>2026-08-07T11:04:02.000Z</time>
      </trkpt>
      <trkpt lat="58.059864453971385955810546875" lon="-4.08296526409685611724853515625">
        <ele>102</ele>
        <time>2026-08-07T11:04:05.000Z</time>
      </trkpt>
      <trkpt lat="58.05986353196203708648681640625" lon="-4.0830796770751476287841796875">
        <ele>102</ele>
        <time>2026-08-07T11:04:06.000Z</time>
      </trkpt>
      <trkpt lat="58.05985699407756328582763671875" lon="-4.08319090493023395538330078125">
        <ele>102</ele>
        <time>2026-08-07T11:04:07.000Z</time>
      </trkpt>
      <trkpt lat="58.05983888916671276092529296875" lon="-4.0834216587245464324951171875">
        <ele>101.59999847412109375</ele>
        <time>2026-08-07T11:04:09.000Z</time>
      </trkpt>
      <trkpt lat="58.05981273762881755828857421875" lon="-4.08365710638463497161865234375">
        <ele>101</ele>
        <time>2026-08-07T11:04:11.000Z</time>
      </trkpt>
      <trkpt lat="58.0597637034952640533447265625" lon="-4.08448557369410991668701171875">
        <ele>101</ele>
        <time>2026-08-07T11:04:18.000Z</time>
      </trkpt>
      <trkpt lat="58.05975540541112422943115234375" lon="-4.08485437743365764617919921875">
        <ele>100.59999847412109375</ele>
        <time>2026-08-07T11:04:21.000Z</time>
      </trkpt>
      <trkpt lat="58.0597519688308238983154296875" lon="-4.084977172315120697021484375">
        <ele>100.40000152587890625</ele>
        <time>2026-08-07T11:04:22.000Z</time>
      </trkpt>
      <trkpt lat="58.0597372166812419891357421875" lon="-4.0854732133448123931884765625">
        <ele>99.40000152587890625</ele>
        <time>2026-08-07T11:04:26.000Z</time>
      </trkpt>
      <trkpt lat="58.05973428301513195037841796875" lon="-4.08560623414814472198486328125">
        <ele>99</ele>
        <time>2026-08-07T11:04:27.000Z</time>
      </trkpt>
      <trkpt lat="58.0597134120762348175048828125" lon="-4.08612054772675037384033203125">
        <ele>98.40000152587890625</ele>
        <time>2026-08-07T11:04:31.000Z</time>
      </trkpt>
      <trkpt lat="58.05970813147723674774169921875" lon="-4.08625449053943157196044921875">
        <ele>98.40000152587890625</ele>
        <time>2026-08-07T11:04:32.000Z</time>
      </trkpt>
      <trkpt lat="58.05969715118408203125" lon="-4.086637794971466064453125">
        <ele>97.59999847412109375</ele>
        <time>2026-08-07T11:04:35.000Z</time>
      </trkpt>
      <trkpt lat="58.05969187058508396148681640625" lon="-4.0867586620151996612548828125">
        <ele>97.1999969482421875</ele>
        <time>2026-08-07T11:04:36.000Z</time>
      </trkpt>
      <trkpt lat="58.0596587620675563812255859375" lon="-4.0874225087463855743408203125">
        <ele>97.40000152587890625</ele>
        <time>2026-08-07T11:04:42.000Z</time>
      </trkpt>
      <trkpt lat="58.05963755585253238677978515625" lon="-4.08794939517974853515625">
        <ele>97</ele>
        <time>2026-08-07T11:04:47.000Z</time>
      </trkpt>
      <trkpt lat="58.05962406098842620849609375" lon="-4.08817746676504611968994140625">
        <ele>96.1999969482421875</ele>
        <time>2026-08-07T11:04:49.000Z</time>
      </trkpt>
      <trkpt lat="58.05961668491363525390625" lon="-4.08829866908490657806396484375">
        <ele>96</ele>
        <time>2026-08-07T11:04:50.000Z</time>
      </trkpt>
      <trkpt lat="58.05953160859644412994384765625" lon="-4.08893569372594356536865234375">
        <ele>95.1999969482421875</ele>
        <time>2026-08-07T11:04:55.000Z</time>
      </trkpt>
      <trkpt lat="58.05951015092432498931884765625" lon="-4.08905505202710628509521484375">
        <ele>94.8000030517578125</ele>
        <time>2026-08-07T11:04:56.000Z</time>
      </trkpt>
      <trkpt lat="58.05938576348125934600830078125" lon="-4.0896477364003658294677734375">
        <ele>94.59999847412109375</ele>
        <time>2026-08-07T11:05:01.000Z</time>
      </trkpt>
      <trkpt lat="58.0593003518879413604736328125" lon="-4.0900158695876598358154296875">
        <ele>94.59999847412109375</ele>
        <time>2026-08-07T11:05:04.000Z</time>
      </trkpt>
      <trkpt lat="58.0592084862291812896728515625" lon="-4.0903685800731182098388671875">
        <ele>94</ele>
        <time>2026-08-07T11:05:07.000Z</time>
      </trkpt>
      <trkpt lat="58.0591110885143280029296875" lon="-4.09080888144671916961669921875">
        <ele>93.40000152587890625</ele>
        <time>2026-08-07T11:05:11.000Z</time>
      </trkpt>
      <trkpt lat="58.05910413153469562530517578125" lon="-4.090920276939868927001953125">
        <ele>93.40000152587890625</ele>
        <time>2026-08-07T11:05:12.000Z</time>
      </trkpt>
      <trkpt lat="58.05910496972501277923583984375" lon="-4.09115404821932315826416015625">
        <ele>92.59999847412109375</ele>
        <time>2026-08-07T11:05:14.000Z</time>
      </trkpt>
      <trkpt lat="58.05910865776240825653076171875" lon="-4.0912758372724056243896484375">
        <ele>92.1999969482421875</ele>
        <time>2026-08-07T11:05:15.000Z</time>
      </trkpt>
      <trkpt lat="58.059113435447216033935546875" lon="-4.09140248782932758331298828125">
        <ele>91.59999847412109375</ele>
        <time>2026-08-07T11:05:16.000Z</time>
      </trkpt>
      <trkpt lat="58.05914034135639667510986328125" lon="-4.0919418632984161376953125">
        <ele>90.40000152587890625</ele>
        <time>2026-08-07T11:05:20.000Z</time>
      </trkpt>
      <trkpt lat="58.05914704687893390655517578125" lon="-4.09207924269139766693115234375">
        <ele>89.59999847412109375</ele>
        <time>2026-08-07T11:05:21.000Z</time>
      </trkpt>
      <trkpt lat="58.059156350791454315185546875" lon="-4.0922186337411403656005859375">
        <ele>89.1999969482421875</ele>
        <time>2026-08-07T11:05:22.000Z</time>
      </trkpt>
      <trkpt lat="58.0591779761016368865966796875" lon="-4.0927658043801784515380859375">
        <ele>88.59999847412109375</ele>
        <time>2026-08-07T11:05:26.000Z</time>
      </trkpt>
      <trkpt lat="58.0591883696615695953369140625" lon="-4.093022458255290985107421875">
        <ele>88.40000152587890625</ele>
        <time>2026-08-07T11:05:28.000Z</time>
      </trkpt>
      <trkpt lat="58.05919515900313854217529296875" lon="-4.0931520424783229827880859375">
        <ele>87.8000030517578125</ele>
        <time>2026-08-07T11:05:29.000Z</time>
      </trkpt>
      <trkpt lat="58.0592103302478790283203125" lon="-4.09384463913738727569580078125">
        <ele>86.59999847412109375</ele>
        <time>2026-08-07T11:05:34.000Z</time>
      </trkpt>
      <trkpt lat="58.05920739658176898956298828125" lon="-4.0939862094819545745849609375">
        <ele>86.59999847412109375</ele>
        <time>2026-08-07T11:05:35.000Z</time>
      </trkpt>
      <trkpt lat="58.0591813288629055023193359375" lon="-4.09458828158676624298095703125">
        <ele>87.40000152587890625</ele>
        <time>2026-08-07T11:05:40.000Z</time>
      </trkpt>
      <trkpt lat="58.05912994779646396636962890625" lon="-4.09518524073064327239990234375">
        <ele>86.40000152587890625</ele>
        <time>2026-08-07T11:05:46.000Z</time>
      </trkpt>
      <trkpt lat="58.05910832248628139495849609375" lon="-4.09544357098639011383056640625">
        <ele>88</ele>
        <time>2026-08-07T11:05:49.000Z</time>
      </trkpt>
      <trkpt lat="58.059087954461574554443359375" lon="-4.09570106305181980133056640625">
        <ele>88.1999969482421875</ele>
        <time>2026-08-07T11:05:52.000Z</time>
      </trkpt>
      <trkpt lat="58.05908032692968845367431640625" lon="-4.09578555263578891754150390625">
        <ele>88</ele>
        <time>2026-08-07T11:05:53.000Z</time>
      </trkpt>
      <trkpt lat="58.0590723641216754913330078125" lon="-4.095864258706569671630859375">
        <ele>88</ele>
        <time>2026-08-07T11:05:54.000Z</time>
      </trkpt>
      <trkpt lat="58.059045709669589996337890625" lon="-4.09624722786247730255126953125">
        <ele>86.59999847412109375</ele>
        <time>2026-08-07T11:05:59.000Z</time>
      </trkpt>
      <trkpt lat="58.05901092477142810821533203125" lon="-4.09666833467781543731689453125">
        <ele>88</ele>
        <time>2026-08-07T11:06:04.000Z</time>
      </trkpt>
      <trkpt lat="58.05897437967360019683837890625" lon="-4.09708038903772830963134765625">
        <ele>87.8000030517578125</ele>
        <time>2026-08-07T11:06:09.000Z</time>
      </trkpt>
      <trkpt lat="58.05894470773637294769287109375" lon="-4.0973738394677639007568359375">
        <ele>87.59999847412109375</ele>
        <time>2026-08-07T11:06:13.000Z</time>
      </trkpt>
      <trkpt lat="58.05892107076942920684814453125" lon="-4.09759503789246082305908203125">
        <ele>88</ele>
        <time>2026-08-07T11:06:16.000Z</time>
      </trkpt>
      <trkpt lat="58.05884697474539279937744140625" lon="-4.09832459874451160430908203125">
        <ele>88.1999969482421875</ele>
        <time>2026-08-07T11:06:25.000Z</time>
      </trkpt>
      <trkpt lat="58.05878159590065479278564453125" lon="-4.09888350404798984527587890625">
        <ele>88.40000152587890625</ele>
        <time>2026-08-07T11:06:33.000Z</time>
      </trkpt>
      <trkpt lat="58.05869509465992450714111328125" lon="-4.09947794862091541290283203125">
        <ele>88.59999847412109375</ele>
        <time>2026-08-07T11:06:41.000Z</time>
      </trkpt>
      <trkpt lat="58.0586398579180240631103515625" lon="-4.09979604184627532958984375">
        <ele>89.40000152587890625</ele>
        <time>2026-08-07T11:06:46.000Z</time>
      </trkpt>
      <trkpt lat="58.058617897331714630126953125" lon="-4.09991900436580181121826171875">
        <ele>90</ele>
        <time>2026-08-07T11:06:48.000Z</time>
      </trkpt>
      <trkpt lat="58.0585204996168613433837890625" lon="-4.100397862493991851806640625">
        <ele>89.59999847412109375</ele>
        <time>2026-08-07T11:06:56.000Z</time>
      </trkpt>
      <trkpt lat="58.0584745667874813079833984375" lon="-4.10069064237177371978759765625">
        <ele>89.40000152587890625</ele>
        <time>2026-08-07T11:07:01.000Z</time>
      </trkpt>
      <trkpt lat="58.05837758816778659820556640625" lon="-4.101140499114990234375">
        <ele>90.40000152587890625</ele>
        <time>2026-08-07T11:07:08.000Z</time>
      </trkpt>
      <trkpt lat="58.05836141109466552734375" lon="-4.10120420157909393310546875">
        <ele>90.40000152587890625</ele>
        <time>2026-08-07T11:07:09.000Z</time>
      </trkpt>
      <trkpt lat="58.058211542665958404541015625" lon="-4.10178213380277156829833984375">
        <ele>90.40000152587890625</ele>
        <time>2026-08-07T11:07:18.000Z</time>
      </trkpt>
      <trkpt lat="58.05805203504860401153564453125" lon="-4.1022893227636814117431640625">
        <ele>90.40000152587890625</ele>
        <time>2026-08-07T11:07:26.000Z</time>
      </trkpt>
      <trkpt lat="58.057929910719394683837890625" lon="-4.10271453671157360076904296875">
        <ele>90.40000152587890625</ele>
        <time>2026-08-07T11:07:33.000Z</time>
      </trkpt>
      <trkpt lat="58.0578196048736572265625" lon="-4.10307898186147212982177734375">
        <ele>91.59999847412109375</ele>
        <time>2026-08-07T11:07:39.000Z</time>
      </trkpt>
      <trkpt lat="58.05776436813175678253173828125" lon="-4.10325743257999420166015625">
        <ele>91.59999847412109375</ele>
        <time>2026-08-07T11:07:42.000Z</time>
      </trkpt>
      <trkpt lat="58.05761835537850856781005859375" lon="-4.10375422798097133636474609375">
        <ele>91.8000030517578125</ele>
        <time>2026-08-07T11:07:50.000Z</time>
      </trkpt>
      <trkpt lat="58.05757091380655765533447265625" lon="-4.10393611527979373931884765625">
        <ele>92.1999969482421875</ele>
        <time>2026-08-07T11:07:53.000Z</time>
      </trkpt>
      <trkpt lat="58.05747100152075290679931640625" lon="-4.1042828746140003204345703125">
        <ele>92.40000152587890625</ele>
        <time>2026-08-07T11:07:59.000Z</time>
      </trkpt>
      <trkpt lat="58.05744476616382598876953125" lon="-4.1043760813772678375244140625">
        <ele>92.40000152587890625</ele>
        <time>2026-08-07T11:08:01.000Z</time>
      </trkpt>
      <trkpt lat="58.05741794407367706298828125" lon="-4.104466773569583892822265625">
        <ele>92.59999847412109375</ele>
        <time>2026-08-07T11:08:03.000Z</time>
      </trkpt>
      <trkpt lat="58.05734963156282901763916015625" lon="-4.10471328534185886383056640625">
        <ele>92</ele>
        <time>2026-08-07T11:08:08.000Z</time>
      </trkpt>
      <trkpt lat="58.05726346559822559356689453125" lon="-4.10501738078892230987548828125">
        <ele>92.1999969482421875</ele>
        <time>2026-08-07T11:08:15.000Z</time>
      </trkpt>
      <trkpt lat="58.05719607509672641754150390625" lon="-4.1052632220089435577392578125">
        <ele>93.8000030517578125</ele>
        <time>2026-08-07T11:08:20.000Z</time>
      </trkpt>
      <trkpt lat="58.05718232877552509307861328125" lon="-4.1053108312189579010009765625">
        <ele>93.8000030517578125</ele>
        <time>2026-08-07T11:08:21.000Z</time>
      </trkpt>
      <trkpt lat="58.05717118084430694580078125" lon="-4.105353914201259613037109375">
        <ele>93.8000030517578125</ele>
        <time>2026-08-07T11:08:22.000Z</time>
      </trkpt>
      <trkpt lat="58.0571599490940570831298828125" lon="-4.1053986735641956329345703125">
        <ele>94</ele>
        <time>2026-08-07T11:08:23.000Z</time>
      </trkpt>
      <trkpt lat="58.0570932291448116302490234375" lon="-4.105639569461345672607421875">
        <ele>94</ele>
        <time>2026-08-07T11:08:28.000Z</time>
      </trkpt>
      <trkpt lat="58.05707939900457859039306640625" lon="-4.10569111816585063934326171875">
        <ele>94.1999969482421875</ele>
        <time>2026-08-07T11:08:29.000Z</time>
      </trkpt>
      <trkpt lat="58.05705173872411251068115234375" lon="-4.10579673014581203460693359375">
        <ele>94.59999847412109375</ele>
        <time>2026-08-07T11:08:31.000Z</time>
      </trkpt>
      <trkpt lat="58.05697806179523468017578125" lon="-4.10606243647634983062744140625">
        <ele>94.59999847412109375</ele>
        <time>2026-08-07T11:08:36.000Z</time>
      </trkpt>
      <trkpt lat="58.0569641478359699249267578125" lon="-4.10611725412309169769287109375">
        <ele>95</ele>
        <time>2026-08-07T11:08:37.000Z</time>
      </trkpt>
      <trkpt lat="58.05685191415250301361083984375" lon="-4.10653031431138515472412109375">
        <ele>95.8000030517578125</ele>
        <time>2026-08-07T11:08:44.000Z</time>
      </trkpt>
      <trkpt lat="58.0567817576229572296142578125" lon="-4.1067588888108730316162109375">
        <ele>96</ele>
        <time>2026-08-07T11:08:48.000Z</time>
      </trkpt>
      <trkpt lat="58.05673188529908657073974609375" lon="-4.10694002173840999603271484375">
        <ele>96</ele>
        <time>2026-08-07T11:08:51.000Z</time>
      </trkpt>
      <trkpt lat="58.05658235214650630950927734375" lon="-4.10748719237744808197021484375">
        <ele>95.1999969482421875</ele>
        <time>2026-08-07T11:08:59.000Z</time>
      </trkpt>
      <trkpt lat="58.056523092091083526611328125" lon="-4.10769389010965824127197265625">
        <ele>95.40000152587890625</ele>
        <time>2026-08-07T11:09:02.000Z</time>
      </trkpt>
      <trkpt lat="58.05642024613916873931884765625" lon="-4.1080426611006259918212890625">
        <ele>95.40000152587890625</ele>
        <time>2026-08-07T11:09:07.000Z</time>
      </trkpt>
      <trkpt lat="58.056220673024654388427734375" lon="-4.108610115945339202880859375">
        <ele>95.59999847412109375</ele>
        <time>2026-08-07T11:09:15.000Z</time>
      </trkpt>
      <trkpt lat="58.05608312599360942840576171875" lon="-4.10886903293430805206298828125">
        <ele>95</ele>
        <time>2026-08-07T11:09:20.000Z</time>
      </trkpt>
      <trkpt lat="58.056063093245029449462890625" lon="-4.10891798324882984161376953125">
        <ele>95</ele>
        <time>2026-08-07T11:09:21.000Z</time>
      </trkpt>
      <trkpt lat="58.05604238994419574737548828125" lon="-4.10896726883947849273681640625">
        <ele>94.8000030517578125</ele>
        <time>2026-08-07T11:09:22.000Z</time>
      </trkpt>
      <trkpt lat="58.0559475906193256378173828125" lon="-4.10909031517803668975830078125">
        <ele>94.40000152587890625</ele>
        <time>2026-08-07T11:09:26.000Z</time>
      </trkpt>
      <trkpt lat="58.05584155954420566558837890625" lon="-4.10920045338571071624755859375">
        <ele>94.1999969482421875</ele>
        <time>2026-08-07T11:09:32.000Z</time>
      </trkpt>
      <trkpt lat="58.05584725923836231231689453125" lon="-4.1091929934918880462646484375">
        <ele>94.1999969482421875</ele>
        <time>2026-08-07T11:09:34.000Z</time>
      </trkpt>
      <trkpt lat="58.05584482848644256591796875" lon="-4.10920481197535991668701171875">
        <ele>94.1999969482421875</ele>
        <time>2026-08-07T11:09:35.000Z</time>
      </trkpt>
      <trkpt lat="58.055849857628345489501953125" lon="-4.10921168513596057891845703125">
        <ele>94.1999969482421875</ele>
        <time>2026-08-07T11:09:37.000Z</time>
      </trkpt>
      <trkpt lat="58.0558490194380283355712890625" lon="-4.1092181392014026641845703125">
        <ele>94.1999969482421875</ele>
        <time>2026-08-07T11:09:38.000Z</time>
      </trkpt>
      <trkpt lat="58.05584977380931377410888671875" lon="-4.109210930764675140380859375">
        <ele>94.1999969482421875</ele>
        <time>2026-08-07T11:09:39.000Z</time>
      </trkpt>
      <trkpt lat="58.05584725923836231231689453125" lon="-4.1092134453356266021728515625">
        <ele>94</ele>
        <time>2026-08-07T11:09:41.000Z</time>
      </trkpt>
      <trkpt lat="58.05584206245839595794677734375" lon="-4.109235070645809173583984375">
        <ele>93.8000030517578125</ele>
        <time>2026-08-07T11:09:46.000Z</time>
      </trkpt>
      <trkpt lat="58.0558025836944580078125" lon="-4.10927765071392059326171875">
        <ele>93.40000152587890625</ele>
        <time>2026-08-07T11:09:50.000Z</time>
      </trkpt>
      <trkpt lat="58.055692948400974273681640625" lon="-4.10937546752393245697021484375">
        <ele>93.40000152587890625</ele>
        <time>2026-08-07T11:09:54.000Z</time>
      </trkpt>
      <trkpt lat="58.0556619353592395782470703125" lon="-4.10940966568887233734130859375">
        <ele>93.40000152587890625</ele>
        <time>2026-08-07T11:09:55.000Z</time>
      </trkpt>
      <trkpt lat="58.0555271543562412261962890625" lon="-4.1095064766705036163330078125">
        <ele>93.8000030517578125</ele>
        <time>2026-08-07T11:09:59.000Z</time>
      </trkpt>
      <trkpt lat="58.055494464933872222900390625" lon="-4.1095259226858615875244140625">
        <ele>94</ele>
        <time>2026-08-07T11:10:00.000Z</time>
      </trkpt>
      <trkpt lat="58.05546571500599384307861328125" lon="-4.109555594623088836669921875">
        <ele>94</ele>
        <time>2026-08-07T11:10:01.000Z</time>
      </trkpt>
      <trkpt lat="58.0553796328604221343994140625" lon="-4.10959892906248569488525390625">
        <ele>94</ele>
        <time>2026-08-07T11:10:04.000Z</time>
      </trkpt>
      <trkpt lat="58.05531936697661876678466796875" lon="-4.109635055065155029296875">
        <ele>94</ele>
        <time>2026-08-07T11:10:06.000Z</time>
      </trkpt>
      <trkpt lat="58.0551570095121860504150390625" lon="-4.10972557961940765380859375">
        <ele>94.59999847412109375</ele>
        <time>2026-08-07T11:10:11.000Z</time>
      </trkpt>
      <trkpt lat="58.0549803189933300018310546875" lon="-4.10983915440738201141357421875">
        <ele>94.8000030517578125</ele>
        <time>2026-08-07T11:10:16.000Z</time>
      </trkpt>
      <trkpt lat="58.0548988468945026397705078125" lon="-4.10988994874060153961181640625">
        <ele>94.8000030517578125</ele>
        <time>2026-08-07T11:10:18.000Z</time>
      </trkpt>
      <trkpt lat="58.054766915738582611083984375" lon="-4.10995088517665863037109375">
        <ele>95</ele>
        <time>2026-08-07T11:10:21.000Z</time>
      </trkpt>
      <trkpt lat="58.0545540153980255126953125" lon="-4.11004350520670413970947265625">
        <ele>95</ele>
        <time>2026-08-07T11:10:26.000Z</time>
      </trkpt>
      <trkpt lat="58.05442468263208866119384765625" lon="-4.1101207025349140167236328125">
        <ele>95.8000030517578125</ele>
        <time>2026-08-07T11:10:29.000Z</time>
      </trkpt>
      <trkpt lat="58.05437958799302577972412109375" lon="-4.110146351158618927001953125">
        <ele>96.1999969482421875</ele>
        <time>2026-08-07T11:10:30.000Z</time>
      </trkpt>
      <trkpt lat="58.0541059188544750213623046875" lon="-4.11027484573423862457275390625">
        <ele>96.59999847412109375</ele>
        <time>2026-08-07T11:10:36.000Z</time>
      </trkpt>
      <trkpt lat="58.0540609918534755706787109375" lon="-4.11028892733156681060791015625">
        <ele>96.8000030517578125</ele>
        <time>2026-08-07T11:10:37.000Z</time>
      </trkpt>
      <trkpt lat="58.05389762856066226959228515625" lon="-4.1103418171405792236328125">
        <ele>97.1999969482421875</ele>
        <time>2026-08-07T11:10:41.000Z</time>
      </trkpt>
      <trkpt lat="58.05385588668286800384521484375" lon="-4.11035883240401744842529296875">
        <ele>97.40000152587890625</ele>
        <time>2026-08-07T11:10:42.000Z</time>
      </trkpt>
      <trkpt lat="58.05369880981743335723876953125" lon="-4.1103936173021793365478515625">
        <ele>98.40000152587890625</ele>
        <time>2026-08-07T11:10:46.000Z</time>
      </trkpt>
      <trkpt lat="58.05358112789690494537353515625" lon="-4.11040241830050945281982421875">
        <ele>98.8000030517578125</ele>
        <time>2026-08-07T11:10:49.000Z</time>
      </trkpt>
      <trkpt lat="58.05331139825284481048583984375" lon="-4.11043770611286163330078125">
        <ele>99.1999969482421875</ele>
        <time>2026-08-07T11:10:56.000Z</time>
      </trkpt>
      <trkpt lat="58.053237386047840118408203125" lon="-4.11046343855559825897216796875">
        <ele>99.59999847412109375</ele>
        <time>2026-08-07T11:10:58.000Z</time>
      </trkpt>
      <trkpt lat="58.0530370585620403289794921875" lon="-4.11049537360668182373046875">
        <ele>99.1999969482421875</ele>
        <time>2026-08-07T11:11:03.000Z</time>
      </trkpt>
      <trkpt lat="58.0527108348906040191650390625" lon="-4.110537283122539520263671875">
        <ele>100</ele>
        <time>2026-08-07T11:11:11.000Z</time>
      </trkpt>
      <trkpt lat="58.052354268729686737060546875" lon="-4.11060534417629241943359375">
        <ele>99.8000030517578125</ele>
        <time>2026-08-07T11:11:20.000Z</time>
      </trkpt>
      <trkpt lat="58.0521901510655879974365234375" lon="-4.110670723021030426025390625">
        <ele>100.40000152587890625</ele>
        <time>2026-08-07T11:11:24.000Z</time>
      </trkpt>
      <trkpt lat="58.0520255304872989654541015625" lon="-4.1107490099966526031494140625">
        <ele>99.8000030517578125</ele>
        <time>2026-08-07T11:11:28.000Z</time>
      </trkpt>
      <trkpt lat="58.05198621936142444610595703125" lon="-4.11077155731618404388427734375">
        <ele>99.40000152587890625</ele>
        <time>2026-08-07T11:11:29.000Z</time>
      </trkpt>
      <trkpt lat="58.05162730626761913299560546875" lon="-4.11098529584705829620361328125">
        <ele>100</ele>
        <time>2026-08-07T11:11:38.000Z</time>
      </trkpt>
      <trkpt lat="58.05154348723590373992919921875" lon="-4.11100004799664020538330078125">
        <ele>100.1999969482421875</ele>
        <time>2026-08-07T11:11:40.000Z</time>
      </trkpt>
      <trkpt lat="58.05145715363323688507080078125" lon="-4.110979847609996795654296875">
        <ele>99.8000030517578125</ele>
        <time>2026-08-07T11:11:42.000Z</time>
      </trkpt>
      <trkpt lat="58.0513707362115383148193359375" lon="-4.110934250056743621826171875">
        <ele>99.59999847412109375</ele>
        <time>2026-08-07T11:11:44.000Z</time>
      </trkpt>
      <trkpt lat="58.0511849932372570037841796875" lon="-4.11089544184505939483642578125">
        <ele>99.40000152587890625</ele>
        <time>2026-08-07T11:11:48.000Z</time>
      </trkpt>
      <trkpt lat="58.05109865963459014892578125" lon="-4.11093248985707759857177734375">
        <ele>99.40000152587890625</ele>
        <time>2026-08-07T11:11:50.000Z</time>
      </trkpt>
      <trkpt lat="58.05092406459152698516845703125" lon="-4.1110852919518947601318359375">
        <ele>100.8000030517578125</ele>
        <time>2026-08-07T11:11:55.000Z</time>
      </trkpt>
      <trkpt lat="58.0508713424205780029296875" lon="-4.11115326918661594390869140625">
        <ele>101.1999969482421875</ele>
        <time>2026-08-07T11:11:57.000Z</time>
      </trkpt>
      <trkpt lat="58.0508292652666568756103515625" lon="-4.11122627556324005126953125">
        <ele>102</ele>
        <time>2026-08-07T11:11:59.000Z</time>
      </trkpt>
      <trkpt lat="58.05072172544896602630615234375" lon="-4.11140472628176212310791015625">
        <ele>103</ele>
        <time>2026-08-07T11:12:04.000Z</time>
      </trkpt>
      <trkpt lat="58.0505908839404582977294921875" lon="-4.11163120530545711517333984375">
        <ele>104.1999969482421875</ele>
        <time>2026-08-07T11:12:10.000Z</time>
      </trkpt>
      <trkpt lat="58.05049541406333446502685546875" lon="-4.11177637986838817596435546875">
        <ele>105.1999969482421875</ele>
        <time>2026-08-07T11:12:14.000Z</time>
      </trkpt>
      <trkpt lat="58.0504500679671764373779296875" lon="-4.11184561438858509063720703125">
        <ele>105.59999847412109375</ele>
        <time>2026-08-07T11:12:16.000Z</time>
      </trkpt>
      <trkpt lat="58.05042735300958156585693359375" lon="-4.11188199184834957122802734375">
        <ele>105.59999847412109375</ele>
        <time>2026-08-07T11:12:17.000Z</time>
      </trkpt>
      <trkpt lat="58.05040941573679447174072265625" lon="-4.11192038096487522125244140625">
        <ele>105.8000030517578125</ele>
        <time>2026-08-07T11:12:18.000Z</time>
      </trkpt>
      <trkpt lat="58.05037119425833225250244140625" lon="-4.11198844201862812042236328125">
        <ele>106.1999969482421875</ele>
        <time>2026-08-07T11:12:20.000Z</time>
      </trkpt>
      <trkpt lat="58.05033599026501178741455078125" lon="-4.1120718419551849365234375">
        <ele>106.59999847412109375</ele>
        <time>2026-08-07T11:12:22.000Z</time>
      </trkpt>
      <trkpt lat="58.05025510489940643310546875" lon="-4.11221944727003574371337890625">
        <ele>107</ele>
        <time>2026-08-07T11:12:26.000Z</time>
      </trkpt>
      <trkpt lat="58.0502096749842166900634765625" lon="-4.11229823715984821319580078125">
        <ele>107</ele>
        <time>2026-08-07T11:12:28.000Z</time>
      </trkpt>
      <trkpt lat="58.050187714397907257080078125" lon="-4.1123476065695285797119140625">
        <ele>107</ele>
        <time>2026-08-07T11:12:29.000Z</time>
      </trkpt>
      <trkpt lat="58.050055615603923797607421875" lon="-4.112603925168514251708984375">
        <ele>107.1999969482421875</ele>
        <time>2026-08-07T11:12:34.000Z</time>
      </trkpt>
      <trkpt lat="58.0500303022563457489013671875" lon="-4.11265329457819461822509765625">
        <ele>107.1999969482421875</ele>
        <time>2026-08-07T11:12:35.000Z</time>
      </trkpt>
      <trkpt lat="58.0499310605227947235107421875" lon="-4.11284272558987140655517578125">
        <ele>107.8000030517578125</ele>
        <time>2026-08-07T11:12:39.000Z</time>
      </trkpt>
      <trkpt lat="58.04976937361061573028564453125" lon="-4.11314346827566623687744140625">
        <ele>108</ele>
        <time>2026-08-07T11:12:45.000Z</time>
      </trkpt>
      <trkpt lat="58.049710951745510101318359375" lon="-4.11323751322925090789794921875">
        <ele>108.1999969482421875</ele>
        <time>2026-08-07T11:12:47.000Z</time>
      </trkpt>
      <trkpt lat="58.0496514402329921722412109375" lon="-4.1133202426135540008544921875">
        <ele>108.40000152587890625</ele>
        <time>2026-08-07T11:12:49.000Z</time>
      </trkpt>
      <trkpt lat="58.04962621070444583892822265625" lon="-4.113369695842266082763671875">
        <ele>108.40000152587890625</ele>
        <time>2026-08-07T11:12:50.000Z</time>
      </trkpt>
      <trkpt lat="58.049457482993602752685546875" lon="-4.11365359090268611907958984375">
        <ele>109.59999847412109375</ele>
        <time>2026-08-07T11:12:56.000Z</time>
      </trkpt>
      <trkpt lat="58.04942538030445575714111328125" lon="-4.1136937402188777923583984375">
        <ele>109.8000030517578125</ele>
        <time>2026-08-07T11:12:57.000Z</time>
      </trkpt>
      <trkpt lat="58.04923997260630130767822265625" lon="-4.11392457783222198486328125">
        <ele>110</ele>
        <time>2026-08-07T11:13:03.000Z</time>
      </trkpt>
      <trkpt lat="58.049075268208980560302734375" lon="-4.1142469458281993865966796875">
        <ele>110.40000152587890625</ele>
        <time>2026-08-07T11:13:09.000Z</time>
      </trkpt>
      <trkpt lat="58.0490474402904510498046875" lon="-4.1142995841801166534423828125">
        <ele>110.59999847412109375</ele>
        <time>2026-08-07T11:13:10.000Z</time>
      </trkpt>
      <trkpt lat="58.0489077977836132049560546875" lon="-4.11458113230764865875244140625">
        <ele>111.59999847412109375</ele>
        <time>2026-08-07T11:13:15.000Z</time>
      </trkpt>
      <trkpt lat="58.0488511361181735992431640625" lon="-4.11469705402851104736328125">
        <ele>112</ele>
        <time>2026-08-07T11:13:17.000Z</time>
      </trkpt>
      <trkpt lat="58.0487711727619171142578125" lon="-4.114861674606800079345703125">
        <ele>113</ele>
        <time>2026-08-07T11:13:20.000Z</time>
      </trkpt>
      <trkpt lat="58.04871727712452411651611328125" lon="-4.11496284417808055877685546875">
        <ele>113.8000030517578125</ele>
        <time>2026-08-07T11:13:22.000Z</time>
      </trkpt>
      <trkpt lat="58.0486915446817874908447265625" lon="-4.115018583834171295166015625">
        <ele>114</ele>
        <time>2026-08-07T11:13:23.000Z</time>
      </trkpt>
      <trkpt lat="58.0486687459051609039306640625" lon="-4.1150780953466892242431640625">
        <ele>114.1999969482421875</ele>
        <time>2026-08-07T11:13:24.000Z</time>
      </trkpt>
      <trkpt lat="58.04856531322002410888671875" lon="-4.11530398763716220855712890625">
        <ele>114</ele>
        <time>2026-08-07T11:13:28.000Z</time>
      </trkpt>
      <trkpt lat="58.0484816618263721466064453125" lon="-4.11545570008456707000732421875">
        <ele>114.1999969482421875</ele>
        <time>2026-08-07T11:13:31.000Z</time>
      </trkpt>
      <trkpt lat="58.04839474149048328399658203125" lon="-4.1155880503356456756591796875">
        <ele>115.8000030517578125</ele>
        <time>2026-08-07T11:13:34.000Z</time>
      </trkpt>
      <trkpt lat="58.04830782115459442138671875" lon="-4.1157115995883941650390625">
        <ele>117.8000030517578125</ele>
        <time>2026-08-07T11:13:37.000Z</time>
      </trkpt>
      <trkpt lat="58.0482784844934940338134765625" lon="-4.11574319936335086822509765625">
        <ele>118</ele>
        <time>2026-08-07T11:13:38.000Z</time>
      </trkpt>
      <trkpt lat="58.0481252633035182952880859375" lon="-4.11592642776668071746826171875">
        <ele>117</ele>
        <time>2026-08-07T11:13:44.000Z</time>
      </trkpt>
      <trkpt lat="58.04799475707113742828369140625" lon="-4.1160906292498111724853515625">
        <ele>118</ele>
        <time>2026-08-07T11:13:50.000Z</time>
      </trkpt>
      <trkpt lat="58.04792937822639942169189453125" lon="-4.1161523200571537017822265625">
        <ele>118.8000030517578125</ele>
        <time>2026-08-07T11:13:53.000Z</time>
      </trkpt>
      <trkpt lat="58.04779727943241596221923828125" lon="-4.11627830006182193756103515625">
        <ele>119.59999847412109375</ele>
        <time>2026-08-07T11:13:58.000Z</time>
      </trkpt>
      <trkpt lat="58.04771580733358860015869140625" lon="-4.11635692231357097625732421875">
        <ele>119.59999847412109375</ele>
        <time>2026-08-07T11:14:01.000Z</time>
      </trkpt>
      <trkpt lat="58.04764204658567905426025390625" lon="-4.11644241772592067718505859375">
        <ele>120</ele>
        <time>2026-08-07T11:14:04.000Z</time>
      </trkpt>
      <trkpt lat="58.04761623032391071319580078125" lon="-4.1164664737880229949951171875">
        <ele>120</ele>
        <time>2026-08-07T11:14:05.000Z</time>
      </trkpt>
      <trkpt lat="58.047478012740612030029296875" lon="-4.11662832833826541900634765625">
        <ele>120.59999847412109375</ele>
        <time>2026-08-07T11:14:11.000Z</time>
      </trkpt>
      <trkpt lat="58.0473970435559749603271484375" lon="-4.11675631999969482421875">
        <ele>120.40000152587890625</ele>
        <time>2026-08-07T11:14:15.000Z</time>
      </trkpt>
      <trkpt lat="58.0473501048982143402099609375" lon="-4.11683016456663608551025390625">
        <ele>120.40000152587890625</ele>
        <time>2026-08-07T11:14:17.000Z</time>
      </trkpt>
      <trkpt lat="58.04727089591324329376220703125" lon="-4.11693242378532886505126953125">
        <ele>120.59999847412109375</ele>
        <time>2026-08-07T11:14:20.000Z</time>
      </trkpt>
      <trkpt lat="58.04719612933695316314697265625" lon="-4.11705479957163333892822265625">
        <ele>120.59999847412109375</ele>
        <time>2026-08-07T11:14:23.000Z</time>
      </trkpt>
      <trkpt lat="58.04716880433261394500732421875" lon="-4.1171001456677913665771484375">
        <ele>120.59999847412109375</ele>
        <time>2026-08-07T11:14:24.000Z</time>
      </trkpt>
      <trkpt lat="58.04703184403479099273681640625" lon="-4.11728412844240665435791015625">
        <ele>120.40000152587890625</ele>
        <time>2026-08-07T11:14:29.000Z</time>
      </trkpt>
      <trkpt lat="58.04700435139238834381103515625" lon="-4.117317907512187957763671875">
        <ele>120.59999847412109375</ele>
        <time>2026-08-07T11:14:30.000Z</time>
      </trkpt>
      <trkpt lat="58.046855740249156951904296875" lon="-4.117541871964931488037109375">
        <ele>120.8000030517578125</ele>
        <time>2026-08-07T11:14:36.000Z</time>
      </trkpt>
      <trkpt lat="58.04683126509189605712890625" lon="-4.11757749505341053009033203125">
        <ele>121</ele>
        <time>2026-08-07T11:14:37.000Z</time>
      </trkpt>
      <trkpt lat="58.0467000044882297515869140625" lon="-4.11776055581867694854736328125">
        <ele>121.40000152587890625</ele>
        <time>2026-08-07T11:14:42.000Z</time>
      </trkpt>
      <trkpt lat="58.04662867449223995208740234375" lon="-4.11787010729312896728515625">
        <ele>122.1999969482421875</ele>
        <time>2026-08-07T11:14:45.000Z</time>
      </trkpt>
      <trkpt lat="58.04656111635267734527587890625" lon="-4.11797546781599521636962890625">
        <ele>123</ele>
        <time>2026-08-07T11:14:48.000Z</time>
      </trkpt>
      <trkpt lat="58.0465162731707096099853515625" lon="-4.11804419942200183868408203125">
        <ele>123.1999969482421875</ele>
        <time>2026-08-07T11:14:50.000Z</time>
      </trkpt>
      <trkpt lat="58.04641929455101490020751953125" lon="-4.1181797347962856292724609375">
        <ele>123.59999847412109375</ele>
        <time>2026-08-07T11:14:54.000Z</time>
      </trkpt>
      <trkpt lat="58.04632969200611114501953125" lon="-4.1183275915682315826416015625">
        <ele>124.59999847412109375</ele>
        <time>2026-08-07T11:14:58.000Z</time>
      </trkpt>
      <trkpt lat="58.04623715579509735107421875" lon="-4.11847452633082866668701171875">
        <ele>125.40000152587890625</ele>
        <time>2026-08-07T11:15:02.000Z</time>
      </trkpt>
      <trkpt lat="58.04607932455837726593017578125" lon="-4.11872447468340396881103515625">
        <ele>125.59999847412109375</ele>
        <time>2026-08-07T11:15:09.000Z</time>
      </trkpt>
      <trkpt lat="58.046036995947360992431640625" lon="-4.118795134127140045166015625">
        <ele>125.8000030517578125</ele>
        <time>2026-08-07T11:15:11.000Z</time>
      </trkpt>
      <trkpt lat="58.045928366482257843017578125" lon="-4.1189766861498355865478515625">
        <ele>126.8000030517578125</ele>
        <time>2026-08-07T11:15:16.000Z</time>
      </trkpt>
      <trkpt lat="58.04590397514402866363525390625" lon="-4.119017422199249267578125">
        <ele>127</ele>
        <time>2026-08-07T11:15:17.000Z</time>
      </trkpt>
      <trkpt lat="58.04580573923885822296142578125" lon="-4.11918313242495059967041015625">
        <ele>127.59999847412109375</ele>
        <time>2026-08-07T11:15:22.000Z</time>
      </trkpt>
      <trkpt lat="58.04569979198276996612548828125" lon="-4.11934800446033477783203125">
        <ele>128.1999969482421875</ele>
        <time>2026-08-07T11:15:27.000Z</time>
      </trkpt>
      <trkpt lat="58.04565419442951679229736328125" lon="-4.11941505968570709228515625">
        <ele>128.600006103515625</ele>
        <time>2026-08-07T11:15:29.000Z</time>
      </trkpt>
      <trkpt lat="58.04559468291699886322021484375" lon="-4.11951874382793903350830078125">
        <ele>129.1999969482421875</ele>
        <time>2026-08-07T11:15:32.000Z</time>
      </trkpt>
      <trkpt lat="58.045534752309322357177734375" lon="-4.1196026466786861419677734375">
        <ele>129.8000030517578125</ele>
        <time>2026-08-07T11:15:35.000Z</time>
      </trkpt>
      <trkpt lat="58.04535915143787860870361328125" lon="-4.11985502578318119049072265625">
        <ele>130</ele>
        <time>2026-08-07T11:15:43.000Z</time>
      </trkpt>
      <trkpt lat="58.04521121084690093994140625" lon="-4.12007949315011501312255859375">
        <ele>130.600006103515625</ele>
        <time>2026-08-07T11:15:50.000Z</time>
      </trkpt>
      <trkpt lat="58.045144490897655487060546875" lon="-4.12017370574176311492919921875">
        <ele>130.8000030517578125</ele>
        <time>2026-08-07T11:15:53.000Z</time>
      </trkpt>
      <trkpt lat="58.04512160830199718475341796875" lon="-4.1202123463153839111328125">
        <ele>133.600006103515625</ele>
        <time>2026-08-07T11:15:54.000Z</time>
      </trkpt>
      <trkpt lat="58.045106939971446990966796875" lon="-4.12024495191872119903564453125">
        <ele>133.600006103515625</ele>
        <time>2026-08-07T11:15:55.000Z</time>
      </trkpt>
      <trkpt lat="58.0450296588242053985595703125" lon="-4.12034486420452594757080078125">
        <ele>132.399993896484375</ele>
        <time>2026-08-07T11:15:58.000Z</time>
      </trkpt>
      <trkpt lat="58.04495849646627902984619140625" lon="-4.12045399658381938934326171875">
        <ele>131</ele>
        <time>2026-08-07T11:16:01.000Z</time>
      </trkpt>
      <trkpt lat="58.04488976486027240753173828125" lon="-4.12055441178381443023681640625">
        <ele>131.8000030517578125</ele>
        <time>2026-08-07T11:16:04.000Z</time>
      </trkpt>
      <trkpt lat="58.0448388867080211639404296875" lon="-4.12061995826661586761474609375">
        <ele>132</ele>
        <time>2026-08-07T11:16:06.000Z</time>
      </trkpt>
      <trkpt lat="58.04481399245560169219970703125" lon="-4.12064946256577968597412109375">
        <ele>132.1999969482421875</ele>
        <time>2026-08-07T11:16:07.000Z</time>
      </trkpt>
      <trkpt lat="58.0447668023407459259033203125" lon="-4.12071500904858112335205078125">
        <ele>132.8000030517578125</ele>
        <time>2026-08-07T11:16:09.000Z</time>
      </trkpt>
      <trkpt lat="58.04471768438816070556640625" lon="-4.12078659050166606903076171875">
        <ele>133.399993896484375</ele>
        <time>2026-08-07T11:16:11.000Z</time>
      </trkpt>
      <trkpt lat="58.04460578598082065582275390625" lon="-4.12097568623721599578857421875">
        <ele>133.600006103515625</ele>
        <time>2026-08-07T11:16:16.000Z</time>
      </trkpt>
      <trkpt lat="58.044479303061962127685546875" lon="-4.12116042338311672210693359375">
        <ele>134</ele>
        <time>2026-08-07T11:16:22.000Z</time>
      </trkpt>
      <trkpt lat="58.044416606426239013671875" lon="-4.12126301787793636322021484375">
        <ele>135</ele>
        <time>2026-08-07T11:16:25.000Z</time>
      </trkpt>
      <trkpt lat="58.0443788878619670867919921875" lon="-4.12133552134037017822265625">
        <ele>136.399993896484375</ele>
        <time>2026-08-07T11:16:27.000Z</time>
      </trkpt>
      <trkpt lat="58.0442715995013713836669921875" lon="-4.12147005088627338409423828125">
        <ele>135.600006103515625</ele>
        <time>2026-08-07T11:16:32.000Z</time>
      </trkpt>
      <trkpt lat="58.044204376637935638427734375" lon="-4.12155353464186191558837890625">
        <ele>135.600006103515625</ele>
        <time>2026-08-07T11:16:35.000Z</time>
      </trkpt>
      <trkpt lat="58.04414344020187854766845703125" lon="-4.12165579386055469512939453125">
        <ele>135.600006103515625</ele>
        <time>2026-08-07T11:16:38.000Z</time>
      </trkpt>
      <trkpt lat="58.04398317821323871612548828125" lon="-4.12189501337707042694091796875">
        <ele>136</ele>
        <time>2026-08-07T11:16:45.000Z</time>
      </trkpt>
      <trkpt lat="58.04388192482292652130126953125" lon="-4.12203826010227203369140625">
        <ele>136.399993896484375</ele>
        <time>2026-08-07T11:16:49.000Z</time>
      </trkpt>
      <trkpt lat="58.0438385903835296630859375" lon="-4.12211713381111621856689453125">
        <ele>136.8000030517578125</ele>
        <time>2026-08-07T11:16:51.000Z</time>
      </trkpt>
      <trkpt lat="58.04371076636016368865966796875" lon="-4.12231125868856906890869140625">
        <ele>136.8000030517578125</ele>
        <time>2026-08-07T11:16:57.000Z</time>
      </trkpt>
      <trkpt lat="58.04359124042093753814697265625" lon="-4.12250756286084651947021484375">
        <ele>137.399993896484375</ele>
        <time>2026-08-07T11:17:03.000Z</time>
      </trkpt>
      <trkpt lat="58.04357028566300868988037109375" lon="-4.1225458681583404541015625">
        <ele>137.399993896484375</ele>
        <time>2026-08-07T11:17:04.000Z</time>
      </trkpt>
      <trkpt lat="58.04346266202628612518310546875" lon="-4.1227161884307861328125">
        <ele>138.1999969482421875</ele>
        <time>2026-08-07T11:17:09.000Z</time>
      </trkpt>
      <trkpt lat="58.04339426569640636444091796875" lon="-4.12280813790857791900634765625">
        <ele>138.600006103515625</ele>
        <time>2026-08-07T11:17:12.000Z</time>
      </trkpt>
      <trkpt lat="58.04333810694515705108642578125" lon="-4.12290587089955806732177734375">
        <ele>138.8000030517578125</ele>
        <time>2026-08-07T11:17:15.000Z</time>
      </trkpt>
      <trkpt lat="58.0432396195828914642333984375" lon="-4.12305615842342376708984375">
        <ele>139.1999969482421875</ele>
        <time>2026-08-07T11:17:20.000Z</time>
      </trkpt>
      <trkpt lat="58.04320533759891986846923828125" lon="-4.12311960943043231964111328125">
        <ele>139.399993896484375</ele>
        <time>2026-08-07T11:17:22.000Z</time>
      </trkpt>
      <trkpt lat="58.043187148869037628173828125" lon="-4.12315011955797672271728515625">
        <ele>139.8000030517578125</ele>
        <time>2026-08-07T11:17:23.000Z</time>
      </trkpt>
      <trkpt lat="58.04314716719090938568115234375" lon="-4.12319035269320011138916015625">
        <ele>140.399993896484375</ele>
        <time>2026-08-07T11:17:25.000Z</time>
      </trkpt>
      <trkpt lat="58.04311078973114490509033203125" lon="-4.123260676860809326171875">
        <ele>140.600006103515625</ele>
        <time>2026-08-07T11:17:27.000Z</time>
      </trkpt>
      <trkpt lat="58.04304842837154865264892578125" lon="-4.123347513377666473388671875">
        <ele>140.399993896484375</ele>
        <time>2026-08-07T11:17:30.000Z</time>
      </trkpt>
      <trkpt lat="58.04301741532981395721435546875" lon="-4.1234060190618038177490234375">
        <ele>140.600006103515625</ele>
        <time>2026-08-07T11:17:32.000Z</time>
      </trkpt>
      <trkpt lat="58.04299612529575824737548828125" lon="-4.1234053485095500946044921875">
        <ele>140.8000030517578125</ele>
        <time>2026-08-07T11:17:33.000Z</time>
      </trkpt>
      <trkpt lat="58.04295941255986690521240234375" lon="-4.1234368644654750823974609375">
        <ele>140.8000030517578125</ele>
        <time>2026-08-07T11:17:35.000Z</time>
      </trkpt>
      <trkpt lat="58.042941056191921234130859375" lon="-4.12345170043408870697021484375">
        <ele>140.8000030517578125</ele>
        <time>2026-08-07T11:17:36.000Z</time>
      </trkpt>
      <trkpt lat="58.04282136261463165283203125" lon="-4.12360961548984050750732421875">
        <ele>141.1999969482421875</ele>
        <time>2026-08-07T11:17:42.000Z</time>
      </trkpt>
      <trkpt lat="58.04279613308608531951904296875" lon="-4.1236152313649654388427734375">
        <ele>141.399993896484375</ele>
        <time>2026-08-07T11:17:43.000Z</time>
      </trkpt>
      <trkpt lat="58.04273963905870914459228515625" lon="-4.12367415614426136016845703125">
        <ele>141.600006103515625</ele>
        <time>2026-08-07T11:17:46.000Z</time>
      </trkpt>
      <trkpt lat="58.04269932210445404052734375" lon="-4.1237081028521060943603515625">
        <ele>141.8000030517578125</ele>
        <time>2026-08-07T11:17:48.000Z</time>
      </trkpt>
      <trkpt lat="58.04265833459794521331787109375" lon="-4.1237540356814861297607421875">
        <ele>141.8000030517578125</ele>
        <time>2026-08-07T11:17:50.000Z</time>
      </trkpt>
      <trkpt lat="58.04263687692582607269287109375" lon="-4.12376903928816318511962890625">
        <ele>142</ele>
        <time>2026-08-07T11:17:51.000Z</time>
      </trkpt>
      <trkpt lat="58.042589016258716583251953125" lon="-4.12379778921604156494140625">
        <ele>142.1999969482421875</ele>
        <time>2026-08-07T11:17:53.000Z</time>
      </trkpt>
      <trkpt lat="58.042524643242359161376953125" lon="-4.12384606897830963134765625">
        <ele>142.399993896484375</ele>
        <time>2026-08-07T11:17:56.000Z</time>
      </trkpt>
      <trkpt lat="58.04247946478426456451416015625" lon="-4.12387347780168056488037109375">
        <ele>143</ele>
        <time>2026-08-07T11:17:58.000Z</time>
      </trkpt>
      <trkpt lat="58.042401932179927825927734375" lon="-4.123926199972629547119140625">
        <ele>142.8000030517578125</ele>
        <time>2026-08-07T11:18:02.000Z</time>
      </trkpt>
      <trkpt lat="58.0422716774046421051025390625" lon="-4.1239977814257144927978515625">
        <ele>142.8000030517578125</ele>
        <time>2026-08-07T11:18:09.000Z</time>
      </trkpt>
      <trkpt lat="58.04219531826674938201904296875" lon="-4.12401747889816761016845703125">
        <ele>142.399993896484375</ele>
        <time>2026-08-07T11:18:13.000Z</time>
      </trkpt>
      <trkpt lat="58.04216145537793636322021484375" lon="-4.12403357215225696563720703125">
        <ele>142.1999969482421875</ele>
        <time>2026-08-07T11:18:15.000Z</time>
      </trkpt>
      <trkpt lat="58.042142428457736968994140625" lon="-4.124034158885478973388671875">
        <ele>142.399993896484375</ele>
        <time>2026-08-07T11:18:16.000Z</time>
      </trkpt>
      <trkpt lat="58.04206430912017822265625" lon="-4.12405528128147125244140625">
        <ele>142.600006103515625</ele>
        <time>2026-08-07T11:18:20.000Z</time>
      </trkpt>
      <trkpt lat="58.04202281869947910308837890625" lon="-4.12406877614557743072509765625">
        <ele>142.600006103515625</ele>
        <time>2026-08-07T11:18:22.000Z</time>
      </trkpt>
      <trkpt lat="58.041884265840053558349609375" lon="-4.12414538674056529998779296875">
        <ele>142.600006103515625</ele>
        <time>2026-08-07T11:18:28.000Z</time>
      </trkpt>
      <trkpt lat="58.0417395941913127899169921875" lon="-4.1242529265582561492919921875">
        <ele>142.399993896484375</ele>
        <time>2026-08-07T11:18:34.000Z</time>
      </trkpt>
      <trkpt lat="58.04150062613189220428466796875" lon="-4.12446708418428897857666015625">
        <ele>143.399993896484375</ele>
        <time>2026-08-07T11:18:42.000Z</time>
      </trkpt>
      <trkpt lat="58.04136098362505435943603515625" lon="-4.12462382577359676361083984375">
        <ele>143</ele>
        <time>2026-08-07T11:18:48.000Z</time>
      </trkpt>
      <trkpt lat="58.04120390675961971282958984375" lon="-4.124809987843036651611328125">
        <ele>143.399993896484375</ele>
        <time>2026-08-07T11:18:55.000Z</time>
      </trkpt>
      <trkpt lat="58.0411018989980220794677734375" lon="-4.12496195174753665924072265625">
        <ele>144</ele>
        <time>2026-08-07T11:19:00.000Z</time>
      </trkpt>
      <trkpt lat="58.04108337499201297760009765625" lon="-4.1249905340373516082763671875">
        <ele>144.1999969482421875</ele>
        <time>2026-08-07T11:19:01.000Z</time>
      </trkpt>
      <trkpt lat="58.04095999337732791900634765625" lon="-4.12516999058425426483154296875">
        <ele>145.1999969482421875</ele>
        <time>2026-08-07T11:19:07.000Z</time>
      </trkpt>
      <trkpt lat="58.0409392900764942169189453125" lon="-4.1252020932734012603759765625">
        <ele>145.1999969482421875</ele>
        <time>2026-08-07T11:19:08.000Z</time>
      </trkpt>
      <trkpt lat="58.040790259838104248046875" lon="-4.1254334338009357452392578125">
        <ele>146.1999969482421875</ele>
        <time>2026-08-07T11:19:15.000Z</time>
      </trkpt>
      <trkpt lat="58.04076838307082653045654296875" lon="-4.12546620704233646392822265625">
        <ele>146.399993896484375</ele>
        <time>2026-08-07T11:19:16.000Z</time>
      </trkpt>
      <trkpt lat="58.04060158319771289825439453125" lon="-4.12573023699223995208740234375">
        <ele>147.1999969482421875</ele>
        <time>2026-08-07T11:19:24.000Z</time>
      </trkpt>
      <trkpt lat="58.04057911969721317291259765625" lon="-4.12575714290142059326171875">
        <ele>147.399993896484375</ele>
        <time>2026-08-07T11:19:25.000Z</time>
      </trkpt>
      <trkpt lat="58.0404752679169178009033203125" lon="-4.12592939101159572601318359375">
        <ele>147</ele>
        <time>2026-08-07T11:19:30.000Z</time>
      </trkpt>
      <trkpt lat="58.04028038866817951202392578125" lon="-4.12621890194714069366455078125">
        <ele>148.1999969482421875</ele>
        <time>2026-08-07T11:19:38.000Z</time>
      </trkpt>
      <trkpt lat="58.04020696319639682769775390625" lon="-4.126328788697719573974609375">
        <ele>147.8000030517578125</ele>
        <time>2026-08-07T11:19:41.000Z</time>
      </trkpt>
      <trkpt lat="58.04010168649256229400634765625" lon="-4.12648796103894710540771484375">
        <ele>148.399993896484375</ele>
        <time>2026-08-07T11:19:46.000Z</time>
      </trkpt>
      <trkpt lat="58.04008173756301403045654296875" lon="-4.126525260508060455322265625">
        <ele>148.600006103515625</ele>
        <time>2026-08-07T11:19:47.000Z</time>
      </trkpt>
      <trkpt lat="58.0399770475924015045166015625" lon="-4.1266940720379352569580078125">
        <ele>149</ele>
        <time>2026-08-07T11:19:52.000Z</time>
      </trkpt>
      <trkpt lat="58.03981569595634937286376953125" lon="-4.12692180834710597991943359375">
        <ele>149.600006103515625</ele>
        <time>2026-08-07T11:19:59.000Z</time>
      </trkpt>
      <trkpt lat="58.039790801703929901123046875" lon="-4.1269554197788238525390625">
        <ele>150</ele>
        <time>2026-08-07T11:20:00.000Z</time>
      </trkpt>
      <trkpt lat="58.0396947450935840606689453125" lon="-4.12709699012339115142822265625">
        <ele>151</ele>
        <time>2026-08-07T11:20:04.000Z</time>
      </trkpt>
      <trkpt lat="58.039670772850513458251953125" lon="-4.12712917663156986236572265625">
        <ele>151</ele>
        <time>2026-08-07T11:20:05.000Z</time>
      </trkpt>
      <trkpt lat="58.03962626494467258453369140625" lon="-4.1271963156759738922119140625">
        <ele>151</ele>
        <time>2026-08-07T11:20:07.000Z</time>
      </trkpt>
      <trkpt lat="58.039535321295261383056640625" lon="-4.127309136092662811279296875">
        <ele>152.600006103515625</ele>
        <time>2026-08-07T11:20:11.000Z</time>
      </trkpt>
      <trkpt lat="58.0394442938268184661865234375" lon="-4.1274323500692844390869140625">
        <ele>151.600006103515625</ele>
        <time>2026-08-07T11:20:15.000Z</time>
      </trkpt>
      <trkpt lat="58.03934999741613864898681640625" lon="-4.1275258921086788177490234375">
        <ele>153.1999969482421875</ele>
        <time>2026-08-07T11:20:19.000Z</time>
      </trkpt>
      <trkpt lat="58.0393054895102977752685546875" lon="-4.12756486795842647552490234375">
        <ele>154.1999969482421875</ele>
        <time>2026-08-07T11:20:21.000Z</time>
      </trkpt>
      <trkpt lat="58.03928327746689319610595703125" lon="-4.1275792010128498077392578125">
        <ele>154.399993896484375</ele>
        <time>2026-08-07T11:20:22.000Z</time>
      </trkpt>
      <trkpt lat="58.039130978286266326904296875" lon="-4.127705097198486328125">
        <ele>154.8000030517578125</ele>
        <time>2026-08-07T11:20:28.000Z</time>
      </trkpt>
      <trkpt lat="58.0390543676912784576416015625" lon="-4.12777525372803211212158203125">
        <ele>155.1999969482421875</ele>
        <time>2026-08-07T11:20:31.000Z</time>
      </trkpt>
      <trkpt lat="58.03899812512099742889404296875" lon="-4.12781045772135257720947265625">
        <ele>155.399993896484375</ele>
        <time>2026-08-07T11:20:33.000Z</time>
      </trkpt>
      <trkpt lat="58.038943894207477569580078125" lon="-4.12785538472235202789306640625">
        <ele>155.399993896484375</ele>
        <time>2026-08-07T11:20:35.000Z</time>
      </trkpt>
      <trkpt lat="58.0387066863477230072021484375" lon="-4.128014557063579559326171875">
        <ele>155.600006103515625</ele>
        <time>2026-08-07T11:20:43.000Z</time>
      </trkpt>
      <trkpt lat="58.03849252872169017791748046875" lon="-4.12822636775672435760498046875">
        <ele>155.600006103515625</ele>
        <time>2026-08-07T11:20:51.000Z</time>
      </trkpt>
      <trkpt lat="58.038300164043903350830078125" lon="-4.12838294170796871185302734375">
        <ele>156</ele>
        <time>2026-08-07T11:20:58.000Z</time>
      </trkpt>
      <trkpt lat="58.0382714979350566864013671875" lon="-4.1284080035984516143798828125">
        <ele>156</ele>
        <time>2026-08-07T11:20:59.000Z</time>
      </trkpt>
      <trkpt lat="58.038242161273956298828125" lon="-4.12843205966055393218994140625">
        <ele>156.399993896484375</ele>
        <time>2026-08-07T11:21:00.000Z</time>
      </trkpt>
      <trkpt lat="58.03813688457012176513671875" lon="-4.128544963896274566650390625">
        <ele>157.399993896484375</ele>
        <time>2026-08-07T11:21:04.000Z</time>
      </trkpt>
      <trkpt lat="58.0380921252071857452392578125" lon="-4.12859098054468631744384765625">
        <ele>157.1999969482421875</ele>
        <time>2026-08-07T11:21:06.000Z</time>
      </trkpt>
      <trkpt lat="58.03804258815944194793701171875" lon="-4.12864160723984241485595703125">
        <ele>157.399993896484375</ele>
        <time>2026-08-07T11:21:08.000Z</time>
      </trkpt>
      <trkpt lat="58.03794150240719318389892578125" lon="-4.1287256777286529541015625">
        <ele>157.8000030517578125</ele>
        <time>2026-08-07T11:21:12.000Z</time>
      </trkpt>
      <trkpt lat="58.03770965896546840667724609375" lon="-4.12895073182880878448486328125">
        <ele>158.1999969482421875</ele>
        <time>2026-08-07T11:21:20.000Z</time>
      </trkpt>
      <trkpt lat="58.03767864592373371124267578125" lon="-4.1289766319096088409423828125">
        <ele>158.399993896484375</ele>
        <time>2026-08-07T11:21:21.000Z</time>
      </trkpt>
      <trkpt lat="58.0375644005835056304931640625" lon="-4.1290825791656970977783203125">
        <ele>157.8000030517578125</ele>
        <time>2026-08-07T11:21:25.000Z</time>
      </trkpt>
      <trkpt lat="58.0374832637608051300048828125" lon="-4.1291509754955768585205078125">
        <ele>157.8000030517578125</ele>
        <time>2026-08-07T11:21:28.000Z</time>
      </trkpt>
      <trkpt lat="58.037425763905048370361328125" lon="-4.1292031109333038330078125">
        <ele>157.399993896484375</ele>
        <time>2026-08-07T11:21:30.000Z</time>
      </trkpt>
      <trkpt lat="58.03727111779153347015380859375" lon="-4.129331521689891815185546875">
        <ele>158.600006103515625</ele>
        <time>2026-08-07T11:21:36.000Z</time>
      </trkpt>
      <trkpt lat="58.03714572452008724212646484375" lon="-4.1294081322848796844482421875">
        <ele>159.1999969482421875</ele>
        <time>2026-08-07T11:21:41.000Z</time>
      </trkpt>
      <trkpt lat="58.0370983667671680450439453125" lon="-4.12943621166050434112548828125">
        <ele>159.8000030517578125</ele>
        <time>2026-08-07T11:21:43.000Z</time>
      </trkpt>
      <trkpt lat="58.036991246044635772705078125" lon="-4.1294820606708526611328125">
        <ele>160.399993896484375</ele>
        <time>2026-08-07T11:21:47.000Z</time>
      </trkpt>
      <trkpt lat="58.03696216084063053131103515625" lon="-4.12948918528854846954345703125">
        <ele>160.399993896484375</ele>
        <time>2026-08-07T11:21:48.000Z</time>
      </trkpt>
      <trkpt lat="58.03693617694079875946044921875" lon="-4.12949991412460803985595703125">
        <ele>160.600006103515625</ele>
        <time>2026-08-07T11:21:49.000Z</time>
      </trkpt>
      <trkpt lat="58.03690952248871326446533203125" lon="-4.1295093856751918792724609375">
        <ele>160.8000030517578125</ele>
        <time>2026-08-07T11:21:50.000Z</time>
      </trkpt>
      <trkpt lat="58.0368841253221035003662109375" lon="-4.12951885722577571868896484375">
        <ele>161.1999969482421875</ele>
        <time>2026-08-07T11:21:51.000Z</time>
      </trkpt>
      <trkpt lat="58.03683592937886714935302734375" lon="-4.129530675709247589111328125">
        <ele>162.1999969482421875</ele>
        <time>2026-08-07T11:21:53.000Z</time>
      </trkpt>
      <trkpt lat="58.036704920232295989990234375" lon="-4.1295410692691802978515625">
        <ele>163.1999969482421875</ele>
        <time>2026-08-07T11:21:58.000Z</time>
      </trkpt>
      <trkpt lat="58.03643309511244297027587890625" lon="-4.1295137442648410797119140625">
        <ele>162.1999969482421875</ele>
        <time>2026-08-07T11:22:07.000Z</time>
      </trkpt>
      <trkpt lat="58.03640141151845455169677734375" lon="-4.12950661964714527130126953125">
        <ele>162.1999969482421875</ele>
        <time>2026-08-07T11:22:08.000Z</time>
      </trkpt>
      <trkpt lat="58.036246262490749359130859375" lon="-4.1294607706367969512939453125">
        <ele>162.8000030517578125</ele>
        <time>2026-08-07T11:22:13.000Z</time>
      </trkpt>
      <trkpt lat="58.03618515841662883758544921875" lon="-4.12944258190691471099853515625">
        <ele>163.399993896484375</ele>
        <time>2026-08-07T11:22:15.000Z</time>
      </trkpt>
      <trkpt lat="58.03599916398525238037109375" lon="-4.12941643036901950836181640625">
        <ele>163.1999969482421875</ele>
        <time>2026-08-07T11:22:21.000Z</time>
      </trkpt>
      <trkpt lat="58.0357378162443637847900390625" lon="-4.129383154213428497314453125">
        <ele>163.600006103515625</ele>
        <time>2026-08-07T11:22:29.000Z</time>
      </trkpt>
      <trkpt lat="58.0355540849268436431884765625" lon="-4.129371754825115203857421875">
        <ele>163.1999969482421875</ele>
        <time>2026-08-07T11:22:34.000Z</time>
      </trkpt>
      <trkpt lat="58.03543615154922008514404296875" lon="-4.12938290275633335113525390625">
        <ele>163</ele>
        <time>2026-08-07T11:22:37.000Z</time>
      </trkpt>
      <trkpt lat="58.0353126861155033111572265625" lon="-4.1294042766094207763671875">
        <ele>162.399993896484375</ele>
        <time>2026-08-07T11:22:40.000Z</time>
      </trkpt>
      <trkpt lat="58.03522073663771152496337890625" lon="-4.12943436764180660247802734375">
        <ele>161.8000030517578125</ele>
        <time>2026-08-07T11:22:42.000Z</time>
      </trkpt>
      <trkpt lat="58.03517329506576061248779296875" lon="-4.1294634528458118438720703125">
        <ele>161.600006103515625</ele>
        <time>2026-08-07T11:22:43.000Z</time>
      </trkpt>
      <trkpt lat="58.03512752987444400787353515625" lon="-4.12949354387819766998291015625">
        <ele>161</ele>
        <time>2026-08-07T11:22:44.000Z</time>
      </trkpt>
      <trkpt lat="58.0349572934210300445556640625" lon="-4.12961323745548725128173828125">
        <ele>160.399993896484375</ele>
        <time>2026-08-07T11:22:48.000Z</time>
      </trkpt>
      <trkpt lat="58.034885711967945098876953125" lon="-4.1296803764998912811279296875">
        <ele>160.1999969482421875</ele>
        <time>2026-08-07T11:22:50.000Z</time>
      </trkpt>
      <trkpt lat="58.03467339836061000823974609375" lon="-4.1299056820571422576904296875">
        <ele>160.600006103515625</ele>
        <time>2026-08-07T11:22:57.000Z</time>
      </trkpt>
      <trkpt lat="58.03442311473190784454345703125" lon="-4.1300976276397705078125">
        <ele>161</ele>
        <time>2026-08-07T11:23:04.000Z</time>
      </trkpt>
      <trkpt lat="58.03427978418767452239990234375" lon="-4.1301879845559597015380859375">
        <ele>160</ele>
        <time>2026-08-07T11:23:08.000Z</time>
      </trkpt>
      <trkpt lat="58.03412832319736480712890625" lon="-4.1302838735282421112060546875">
        <ele>160.1999969482421875</ele>
        <time>2026-08-07T11:23:12.000Z</time>
      </trkpt>
      <trkpt lat="58.03384090773761272430419921875" lon="-4.13049518130719661712646484375">
        <ele>161.399993896484375</ele>
        <time>2026-08-07T11:23:20.000Z</time>
      </trkpt>
      <trkpt lat="58.03364091552793979644775390625" lon="-4.13064949214458465576171875">
        <ele>162</ele>
        <time>2026-08-07T11:23:26.000Z</time>
      </trkpt>
      <trkpt lat="58.03332324139773845672607421875" lon="-4.13084722124040126800537109375">
        <ele>161.600006103515625</ele>
        <time>2026-08-07T11:23:35.000Z</time>
      </trkpt>
      <trkpt lat="58.0332034640014171600341796875" lon="-4.13092819042503833770751953125">
        <ele>160.399993896484375</ele>
        <time>2026-08-07T11:23:38.000Z</time>
      </trkpt>
      <trkpt lat="58.033025264739990234375" lon="-4.13104637525975704193115234375">
        <ele>159.8000030517578125</ele>
        <time>2026-08-07T11:23:42.000Z</time>
      </trkpt>
      <trkpt lat="58.03274371661245822906494140625" lon="-4.131248630583286285400390625">
        <ele>161.1999969482421875</ele>
        <time>2026-08-07T11:23:49.000Z</time>
      </trkpt>
      <trkpt lat="58.0325355939567089080810546875" lon="-4.13137041963636875152587890625">
        <ele>159.8000030517578125</ele>
        <time>2026-08-07T11:23:55.000Z</time>
      </trkpt>
      <trkpt lat="58.0323639325797557830810546875" lon="-4.13148039020597934722900390625">
        <ele>160</ele>
        <time>2026-08-07T11:24:00.000Z</time>
      </trkpt>
      <trkpt lat="58.032295368611812591552734375" lon="-4.13153487257659435272216796875">
        <ele>159.600006103515625</ele>
        <time>2026-08-07T11:24:02.000Z</time>
      </trkpt>
      <trkpt lat="58.0321587435901165008544921875" lon="-4.1316692344844341278076171875">
        <ele>160.600006103515625</ele>
        <time>2026-08-07T11:24:07.000Z</time>
      </trkpt>
      <trkpt lat="58.0320440791547298431396484375" lon="-4.1317792050540447235107421875">
        <ele>161.1999969482421875</ele>
        <time>2026-08-07T11:24:11.000Z</time>
      </trkpt>
      <trkpt lat="58.03198616020381450653076171875" lon="-4.1318251378834247589111328125">
        <ele>161.399993896484375</ele>
        <time>2026-08-07T11:24:13.000Z</time>
      </trkpt>
      <trkpt lat="58.03195950575172901153564453125" lon="-4.13184936158359050750732421875">
        <ele>161.8000030517578125</ele>
        <time>2026-08-07T11:24:14.000Z</time>
      </trkpt>
      <trkpt lat="58.03180058486759662628173828125" lon="-4.13201817311346530914306640625">
        <ele>161.600006103515625</ele>
        <time>2026-08-07T11:24:20.000Z</time>
      </trkpt>
      <trkpt lat="58.0316682346165180206298828125" lon="-4.1321527026593685150146484375">
        <ele>161.8000030517578125</ele>
        <time>2026-08-07T11:24:25.000Z</time>
      </trkpt>
      <trkpt lat="58.031589947640895843505859375" lon="-4.13223199546337127685546875">
        <ele>162.399993896484375</ele>
        <time>2026-08-07T11:24:28.000Z</time>
      </trkpt>
      <trkpt lat="58.03151140920817852020263671875" lon="-4.13231153972446918487548828125">
        <ele>162.600006103515625</ele>
        <time>2026-08-07T11:24:31.000Z</time>
      </trkpt>
      <trkpt lat="58.0314006842672824859619140625" lon="-4.132424108684062957763671875">
        <ele>162.600006103515625</ele>
        <time>2026-08-07T11:24:35.000Z</time>
      </trkpt>
      <trkpt lat="58.03131795488297939300537109375" lon="-4.13250599987804889678955078125">
        <ele>162.600006103515625</ele>
        <time>2026-08-07T11:24:38.000Z</time>
      </trkpt>
      <trkpt lat="58.0311383306980133056640625" lon="-4.13268587552011013031005859375">
        <ele>163.1999969482421875</ele>
        <time>2026-08-07T11:24:45.000Z</time>
      </trkpt>
      <trkpt lat="58.03096088580787181854248046875" lon="-4.1328698582947254180908203125">
        <ele>163</ele>
        <time>2026-08-07T11:24:52.000Z</time>
      </trkpt>
      <trkpt lat="58.030861057341098785400390625" lon="-4.1329662501811981201171875">
        <ele>163.600006103515625</ele>
        <time>2026-08-07T11:24:56.000Z</time>
      </trkpt>
      <trkpt lat="58.030817806720733642578125" lon="-4.13300740532577037811279296875">
        <ele>163.600006103515625</ele>
        <time>2026-08-07T11:24:58.000Z</time>
      </trkpt>
      <trkpt lat="58.03072770126163959503173828125" lon="-4.13311201147735118865966796875">
        <ele>165</ele>
        <time>2026-08-07T11:25:02.000Z</time>
      </trkpt>
      <trkpt lat="58.030676655471324920654296875" lon="-4.1331571899354457855224609375">
        <ele>165.600006103515625</ele>
        <time>2026-08-07T11:25:04.000Z</time>
      </trkpt>
      <trkpt lat="58.0305826105177402496337890625" lon="-4.13325265981256961822509765625">
        <ele>166</ele>
        <time>2026-08-07T11:25:08.000Z</time>
      </trkpt>
      <trkpt lat="58.03051413036882877349853515625" lon="-4.13331585936248302459716796875">
        <ele>167.1999969482421875</ele>
        <time>2026-08-07T11:25:11.000Z</time>
      </trkpt>
      <trkpt lat="58.03044539876282215118408203125" lon="-4.13338132202625274658203125">
        <ele>167.8000030517578125</ele>
        <time>2026-08-07T11:25:14.000Z</time>
      </trkpt>
      <trkpt lat="58.03040030412375926971435546875" lon="-4.133430607616901397705078125">
        <ele>168.1999969482421875</ele>
        <time>2026-08-07T11:25:16.000Z</time>
      </trkpt>
      <trkpt lat="58.0303739011287689208984375" lon="-4.1334517300128936767578125">
        <ele>168.399993896484375</ele>
        <time>2026-08-07T11:25:17.000Z</time>
      </trkpt>
      <trkpt lat="58.030185140669345855712890625" lon="-4.1336131654679775238037109375">
        <ele>168.8000030517578125</ele>
        <time>2026-08-07T11:25:24.000Z</time>
      </trkpt>
      <trkpt lat="58.03013895638287067413330078125" lon="-4.13366052322089672088623046875">
        <ele>169.600006103515625</ele>
        <time>2026-08-07T11:25:26.000Z</time>
      </trkpt>
      <trkpt lat="58.03004340268671512603759765625" lon="-4.13377451710402965545654296875">
        <ele>169.399993896484375</ele>
        <time>2026-08-07T11:25:31.000Z</time>
      </trkpt>
      <trkpt lat="58.03000467829406261444091796875" lon="-4.133810140192508697509765625">
        <ele>169.600006103515625</ele>
        <time>2026-08-07T11:25:34.000Z</time>
      </trkpt>
      <trkpt lat="58.029991686344146728515625" lon="-4.1338559053838253021240234375">
        <ele>169.399993896484375</ele>
        <time>2026-08-07T11:25:36.000Z</time>
      </trkpt>
      <trkpt lat="58.02997760474681854248046875" lon="-4.133872501552104949951171875">
        <ele>169.399993896484375</ele>
        <time>2026-08-07T11:25:37.000Z</time>
      </trkpt>
      <trkpt lat="58.02991515956819057464599609375" lon="-4.13392891176044940948486328125">
        <ele>169</ele>
        <time>2026-08-07T11:25:40.000Z</time>
      </trkpt>
      <trkpt lat="58.02974584512412548065185546875" lon="-4.1340862400829792022705078125">
        <ele>169.600006103515625</ele>
        <time>2026-08-07T11:25:47.000Z</time>
      </trkpt>
      <trkpt lat="58.029728829860687255859375" lon="-4.13411297835409641265869140625">
        <ele>169.1999969482421875</ele>
        <time>2026-08-07T11:25:48.000Z</time>
      </trkpt>
      <trkpt lat="58.029699660837650299072265625" lon="-4.1341603361070156097412109375">
        <ele>168.8000030517578125</ele>
        <time>2026-08-07T11:25:50.000Z</time>
      </trkpt>
      <trkpt lat="58.02969203330576419830322265625" lon="-4.1341858170926570892333984375">
        <ele>168.600006103515625</ele>
        <time>2026-08-07T11:25:51.000Z</time>
      </trkpt>
      <trkpt lat="58.02968566305935382843017578125" lon="-4.13423686288297176361083984375">
        <ele>168.399993896484375</ele>
        <time>2026-08-07T11:25:53.000Z</time>
      </trkpt>
      <trkpt lat="58.0296684801578521728515625" lon="-4.1343189217150211334228515625">
        <ele>168.399993896484375</ele>
        <time>2026-08-07T11:25:57.000Z</time>
      </trkpt>
      <trkpt lat="58.02966244518756866455078125" lon="-4.134330488741397857666015625">
        <ele>168.600006103515625</ele>
        <time>2026-08-07T11:25:58.000Z</time>
      </trkpt>
      <trkpt lat="58.0296582542359828948974609375" lon="-4.13434264250099658966064453125">
        <ele>169</ele>
        <time>2026-08-07T11:26:04.000Z</time>
      </trkpt>
      <trkpt lat="58.0296371318399906158447265625" lon="-4.13432772271335124969482421875">
        <ele>168.8000030517578125</ele>
        <time>2026-08-07T11:26:11.000Z</time>
      </trkpt>
      <trkpt lat="58.02962749265134334564208984375" lon="-4.13427307270467281341552734375">
        <ele>167.8000030517578125</ele>
        <time>2026-08-07T11:26:17.000Z</time>
      </trkpt>
      <trkpt lat="58.02961659617722034454345703125" lon="-4.13424273021519184112548828125">
        <ele>168</ele>
        <time>2026-08-07T11:26:20.000Z</time>
      </trkpt>
      <trkpt lat="58.02962078712880611419677734375" lon="-4.13427659310400485992431640625">
        <ele>168</ele>
        <time>2026-08-07T11:26:23.000Z</time>
      </trkpt>
      <trkpt lat="58.02961961366236209869384765625" lon="-4.13429302163422107696533203125">
        <ele>167.8000030517578125</ele>
        <time>2026-08-07T11:26:27.000Z</time>
      </trkpt>
      <trkpt lat="58.0296458490192890167236328125" lon="-4.13432537578046321868896484375">
        <ele>167.600006103515625</ele>
        <time>2026-08-07T11:26:32.000Z</time>
      </trkpt>
      <trkpt lat="58.029648028314113616943359375" lon="-4.1343504376709461212158203125">
        <ele>167.399993896484375</ele>
        <time>2026-08-07T11:26:38.000Z</time>
      </trkpt>
      <trkpt lat="58.02964978851377964019775390625" lon="-4.134353958070278167724609375">
        <ele>167.1999969482421875</ele>
        <time>2026-08-07T11:26:39.000Z</time>
      </trkpt>
      <trkpt lat="58.02964509464800357818603515625" lon="-4.13436996750533580780029296875">
        <ele>167</ele>
        <time>2026-08-07T11:26:43.000Z</time>
      </trkpt>
      <trkpt lat="58.02963964641094207763671875" lon="-4.13436644710600376129150390625">
        <ele>167.600006103515625</ele>
        <time>2026-08-07T11:26:45.000Z</time>
      </trkpt>
      <trkpt lat="58.02963905967772006988525390625" lon="-4.13436342962086200714111328125">
        <ele>167.600006103515625</ele>
        <time>2026-08-07T11:26:46.000Z</time>
      </trkpt>
      <trkpt lat="58.02963939495384693145751953125" lon="-4.13435161113739013671875">
        <ele>167.600006103515625</ele>
        <time>2026-08-07T11:26:48.000Z</time>
      </trkpt>
      <trkpt lat="58.0296431668102741241455078125" lon="-4.134343229234218597412109375">
        <ele>167.1999969482421875</ele>
        <time>2026-08-07T11:26:51.000Z</time>
      </trkpt>
      <trkpt lat="58.029637634754180908203125" lon="-4.13433057256042957305908203125">
        <ele>167</ele>
        <time>2026-08-07T11:26:57.000Z</time>
      </trkpt>
      <trkpt lat="58.02962380461394786834716796875" lon="-4.13431900553405284881591796875">
        <ele>166.600006103515625</ele>
        <time>2026-08-07T11:27:04.000Z</time>
      </trkpt>
      <trkpt lat="58.0296282470226287841796875" lon="-4.13429654203355312347412109375">
        <ele>166</ele>
        <time>2026-08-07T11:27:11.000Z</time>
      </trkpt>
      <trkpt lat="58.02961952984333038330078125" lon="-4.13431950844824314117431640625">
        <ele>165.600006103515625</ele>
        <time>2026-08-07T11:27:18.000Z</time>
      </trkpt>
      <trkpt lat="58.02961274050176143646240234375" lon="-4.1343333385884761810302734375">
        <ele>165.399993896484375</ele>
        <time>2026-08-07T11:27:20.000Z</time>
      </trkpt>
      <trkpt lat="58.02961374633014202117919921875" lon="-4.1343368589878082275390625">
        <ele>165.1999969482421875</ele>
        <time>2026-08-07T11:27:21.000Z</time>
      </trkpt>
      <trkpt lat="58.0296019278466701507568359375" lon="-4.13434079848229885101318359375">
        <ele>165.399993896484375</ele>
        <time>2026-08-07T11:27:25.000Z</time>
      </trkpt>
      <trkpt lat="58.0296027660369873046875" lon="-4.13433409295976161956787109375">
        <ele>165.600006103515625</ele>
        <time>2026-08-07T11:27:26.000Z</time>
      </trkpt>
      <trkpt lat="58.02962363697588443756103515625" lon="-4.134349934756755828857421875">
        <ele>165.399993896484375</ele>
        <time>2026-08-07T11:27:34.000Z</time>
      </trkpt>
      <trkpt lat="58.0296528898179531097412109375" lon="-4.1343702189624309539794921875">
        <ele>165.1999969482421875</ele>
        <time>2026-08-07T11:27:42.000Z</time>
      </trkpt>
      <trkpt lat="58.02965314127504825592041015625" lon="-4.13436812348663806915283203125">
        <ele>165.399993896484375</ele>
        <time>2026-08-07T11:27:52.000Z</time>
      </trkpt>
      <trkpt lat="58.029653392732143402099609375" lon="-4.13434348069131374359130859375">
        <ele>164.600006103515625</ele>
        <time>2026-08-07T11:27:59.000Z</time>
      </trkpt>
      <trkpt lat="58.0296414904296398162841796875" lon="-4.13433593697845935821533203125">
        <ele>164.8000030517578125</ele>
        <time>2026-08-07T11:28:05.000Z</time>
      </trkpt>
      <trkpt lat="58.02964258007705211639404296875" lon="-4.1343705542385578155517578125">
        <ele>164.600006103515625</ele>
        <time>2026-08-07T11:28:13.000Z</time>
      </trkpt>
      <trkpt lat="58.02965096198022365570068359375" lon="-4.13437776267528533935546875">
        <ele>164.399993896484375</ele>
        <time>2026-08-07T11:28:18.000Z</time>
      </trkpt>
      <trkpt lat="58.02965900860726833343505859375" lon="-4.13439058698713779449462890625">
        <ele>164.1999969482421875</ele>
        <time>2026-08-07T11:28:25.000Z</time>
      </trkpt>
      <trkpt lat="58.02965682931244373321533203125" lon="-4.134418666362762451171875">
        <ele>164</ele>
        <time>2026-08-07T11:28:33.000Z</time>
      </trkpt>
      <trkpt lat="58.02965682931244373321533203125" lon="-4.134418666362762451171875">
        <ele>164</ele>
        <time>2026-08-07T11:28:38.000Z</time>
      </trkpt>
      <trkpt lat="58.02965682931244373321533203125" lon="-4.134418666362762451171875">
        <ele>164</ele>
        <time>2026-08-07T11:28:45.000Z</time>
      </trkpt>
      <trkpt lat="58.02965682931244373321533203125" lon="-4.134418666362762451171875">
        <ele>164</ele>
        <time>2026-08-07T11:28:50.000Z</time>
      </trkpt>
      <trkpt lat="58.02965682931244373321533203125" lon="-4.134418666362762451171875">
        <ele>164.1999969482421875</ele>
        <time>2026-08-07T11:28:53.000Z</time>
      </trkpt>
      <trkpt lat="58.02965900860726833343505859375" lon="-4.13440818898379802703857421875">
        <ele>164.399993896484375</ele>
        <time>2026-08-07T11:28:59.000Z</time>
      </trkpt>
      <trkpt lat="58.02965917624533176422119140625" lon="-4.1343903355300426483154296875">
        <ele>164.399993896484375</ele>
        <time>2026-08-07T11:29:00.000Z</time>
      </trkpt>
      <trkpt lat="58.02967074327170848846435546875" lon="-4.13436946459114551544189453125">
        <ele>164.399993896484375</ele>
        <time>2026-08-07T11:29:07.000Z</time>
      </trkpt>
      <trkpt lat="58.02967074327170848846435546875" lon="-4.13436946459114551544189453125">
        <ele>164.399993896484375</ele>
        <time>2026-08-07T11:29:13.000Z</time>
      </trkpt>
      <trkpt lat="58.02967074327170848846435546875" lon="-4.13436946459114551544189453125">
        <ele>164.8000030517578125</ele>
        <time>2026-08-07T11:29:21.000Z</time>
      </trkpt>
      <trkpt lat="58.02966378629207611083984375" lon="-4.13436275906860828399658203125">
        <ele>164.1999969482421875</ele>
        <time>2026-08-07T11:29:29.000Z</time>
      </trkpt>
      <trkpt lat="58.0296532250940799713134765625" lon="-4.13436946459114551544189453125">
        <ele>163.8000030517578125</ele>
        <time>2026-08-07T11:29:37.000Z</time>
      </trkpt>
      <trkpt lat="58.02965976297855377197265625" lon="-4.134372733533382415771484375">
        <ele>164.1999969482421875</ele>
        <time>2026-08-07T11:29:43.000Z</time>
      </trkpt>
      <trkpt lat="58.0296518839895725250244140625" lon="-4.13437298499047756195068359375">
        <ele>164.399993896484375</ele>
        <time>2026-08-07T11:29:44.000Z</time>
      </trkpt>
      <trkpt lat="58.0296532250940799713134765625" lon="-4.13436946459114551544189453125">
        <ele>164.399993896484375</ele>
        <time>2026-08-07T11:29:47.000Z</time>
      </trkpt>
      <trkpt lat="58.0296532250940799713134765625" lon="-4.13436946459114551544189453125">
        <ele>164.1999969482421875</ele>
        <time>2026-08-07T11:29:55.000Z</time>
      </trkpt>
      <trkpt lat="58.02966336719691753387451171875" lon="-4.1343735717236995697021484375">
        <ele>163.600006103515625</ele>
        <time>2026-08-07T11:29:59.000Z</time>
      </trkpt>
      <trkpt lat="58.0296666361391544342041015625" lon="-4.13435974158346652984619140625">
        <ele>163.600006103515625</ele>
        <time>2026-08-07T11:30:02.000Z</time>
      </trkpt>
      <trkpt lat="58.0296532250940799713134765625" lon="-4.13436946459114551544189453125">
        <ele>164</ele>
        <time>2026-08-07T11:30:08.000Z</time>
      </trkpt>
      <trkpt lat="58.0296532250940799713134765625" lon="-4.13436946459114551544189453125">
        <ele>164.399993896484375</ele>
        <time>2026-08-07T11:30:11.000Z</time>
      </trkpt>
      <trkpt lat="58.0296532250940799713134765625" lon="-4.13436946459114551544189453125">
        <ele>164.1999969482421875</ele>
        <time>2026-08-07T11:30:13.000Z</time>
      </trkpt>
      <trkpt lat="58.02965573966503143310546875" lon="-4.13437114097177982330322265625">
        <ele>164.1999969482421875</ele>
        <time>2026-08-07T11:30:16.000Z</time>
      </trkpt>
      <trkpt lat="58.02965439856052398681640625" lon="-4.1343769244849681854248046875">
        <ele>164.399993896484375</ele>
        <time>2026-08-07T11:30:18.000Z</time>
      </trkpt>
      <trkpt lat="58.02964241243898868560791015625" lon="-4.13439544849097728729248046875">
        <ele>164.399993896484375</ele>
        <time>2026-08-07T11:30:21.000Z</time>
      </trkpt>
      <trkpt lat="58.02956781350076198577880859375" lon="-4.13440433330833911895751953125">
        <ele>165.399993896484375</ele>
        <time>2026-08-07T11:30:27.000Z</time>
      </trkpt>
      <trkpt lat="58.02949707023799419403076171875" lon="-4.1343973763287067413330078125">
        <ele>166.600006103515625</ele>
        <time>2026-08-07T11:30:31.000Z</time>
      </trkpt>
      <trkpt lat="58.0294812284409999847412109375" lon="-4.13439662195742130279541015625">
        <ele>166.8000030517578125</ele>
        <time>2026-08-07T11:30:32.000Z</time>
      </trkpt>
      <trkpt lat="58.02946656011044979095458984375" lon="-4.1344094462692737579345703125">
        <ele>166.8000030517578125</ele>
        <time>2026-08-07T11:30:33.000Z</time>
      </trkpt>
      <trkpt lat="58.029401265084743499755859375" lon="-4.134435765445232391357421875">
        <ele>167</ele>
        <time>2026-08-07T11:30:36.000Z</time>
      </trkpt>
      <trkpt lat="58.029206804931163787841796875" lon="-4.13459711708128452301025390625">
        <ele>167.1999969482421875</ele>
        <time>2026-08-07T11:30:42.000Z</time>
      </trkpt>
      <trkpt lat="58.02900002337992191314697265625" lon="-4.13478679955005645751953125">
        <ele>167.399993896484375</ele>
        <time>2026-08-07T11:30:48.000Z</time>
      </trkpt>
      <trkpt lat="58.02896079607307910919189453125" lon="-4.13482024334371089935302734375">
        <ele>167.600006103515625</ele>
        <time>2026-08-07T11:30:49.000Z</time>
      </trkpt>
      <trkpt lat="58.02892240695655345916748046875" lon="-4.134864918887615203857421875">
        <ele>167.8000030517578125</ele>
        <time>2026-08-07T11:30:50.000Z</time>
      </trkpt>
      <trkpt lat="58.0287962593138217926025390625" lon="-4.1349921561777591705322265625">
        <ele>168</ele>
        <time>2026-08-07T11:30:53.000Z</time>
      </trkpt>
      <trkpt lat="58.028753511607646942138671875" lon="-4.13504068739712238311767578125">
        <ele>167.8000030517578125</ele>
        <time>2026-08-07T11:30:54.000Z</time>
      </trkpt>
      <trkpt lat="58.02858009003102779388427734375" lon="-4.13521804846823215484619140625">
        <ele>167.600006103515625</ele>
        <time>2026-08-07T11:30:58.000Z</time>
      </trkpt>
      <trkpt lat="58.02849660627543926239013671875" lon="-4.13530756719410419464111328125">
        <ele>167.399993896484375</ele>
        <time>2026-08-07T11:31:00.000Z</time>
      </trkpt>
      <trkpt lat="58.02845369093120098114013671875" lon="-4.13534679450094699859619140625">
        <ele>167.399993896484375</ele>
        <time>2026-08-07T11:31:01.000Z</time>
      </trkpt>
      <trkpt lat="58.02840976975858211517333984375" lon="-4.13539373315870761871337890625">
        <ele>167.399993896484375</ele>
        <time>2026-08-07T11:31:02.000Z</time>
      </trkpt>
      <trkpt lat="58.0283654294908046722412109375" lon="-4.1354488022625446319580078125">
        <ele>167.600006103515625</ele>
        <time>2026-08-07T11:31:03.000Z</time>
      </trkpt>
      <trkpt lat="58.02816501818597316741943359375" lon="-4.13565776310861110687255859375">
        <ele>167.8000030517578125</ele>
        <time>2026-08-07T11:31:07.000Z</time>
      </trkpt>
      <trkpt lat="58.0279599130153656005859375" lon="-4.1358507983386516571044921875">
        <ele>167.600006103515625</ele>
        <time>2026-08-07T11:31:11.000Z</time>
      </trkpt>
      <trkpt lat="58.02782638929784297943115234375" lon="-4.13599723018705844879150390625">
        <ele>167.600006103515625</ele>
        <time>2026-08-07T11:31:14.000Z</time>
      </trkpt>
      <trkpt lat="58.02768507041037082672119140625" lon="-4.136141650378704071044921875">
        <ele>167</ele>
        <time>2026-08-07T11:31:17.000Z</time>
      </trkpt>
      <trkpt lat="58.027541153132915496826171875" lon="-4.136273749172687530517578125">
        <ele>166.600006103515625</ele>
        <time>2026-08-07T11:31:20.000Z</time>
      </trkpt>
      <trkpt lat="58.027390949428081512451171875" lon="-4.1363807022571563720703125">
        <ele>166.8000030517578125</ele>
        <time>2026-08-07T11:31:23.000Z</time>
      </trkpt>
      <trkpt lat="58.02733537741005420684814453125" lon="-4.13640417158603668212890625">
        <ele>166.600006103515625</ele>
        <time>2026-08-07T11:31:24.000Z</time>
      </trkpt>
      <trkpt lat="58.027228675782680511474609375" lon="-4.1364613361656665802001953125">
        <ele>166.8000030517578125</ele>
        <time>2026-08-07T11:31:26.000Z</time>
      </trkpt>
      <trkpt lat="58.02706531248986721038818359375" lon="-4.13652109913527965545654296875">
        <ele>166</ele>
        <time>2026-08-07T11:31:29.000Z</time>
      </trkpt>
      <trkpt lat="58.02695500664412975311279296875" lon="-4.13656049408018589019775390625">
        <ele>165.1999969482421875</ele>
        <time>2026-08-07T11:31:31.000Z</time>
      </trkpt>
      <trkpt lat="58.026783764362335205078125" lon="-4.13658530451357364654541015625">
        <ele>163.8000030517578125</ele>
        <time>2026-08-07T11:31:34.000Z</time>
      </trkpt>
      <trkpt lat="58.026725091040134429931640625" lon="-4.1365952789783477783203125">
        <ele>163.600006103515625</ele>
        <time>2026-08-07T11:31:35.000Z</time>
      </trkpt>
      <trkpt lat="58.0263075046241283416748046875" lon="-4.136698544025421142578125">
        <ele>162.600006103515625</ele>
        <time>2026-08-07T11:31:42.000Z</time>
      </trkpt>
      <trkpt lat="58.026184625923633575439453125" lon="-4.136743806302547454833984375">
        <ele>162.1999969482421875</ele>
        <time>2026-08-07T11:31:44.000Z</time>
      </trkpt>
      <trkpt lat="58.0261231027543544769287109375" lon="-4.136773645877838134765625">
        <ele>162.1999969482421875</ele>
        <time>2026-08-07T11:31:45.000Z</time>
      </trkpt>
      <trkpt lat="58.02600902505218982696533203125" lon="-4.1368398629128932952880859375">
        <ele>162.1999969482421875</ele>
        <time>2026-08-07T11:31:47.000Z</time>
      </trkpt>
      <trkpt lat="58.0259544588625431060791015625" lon="-4.13687179796397686004638671875">
        <ele>161.600006103515625</ele>
        <time>2026-08-07T11:31:48.000Z</time>
      </trkpt>
      <trkpt lat="58.02590022794902324676513671875" lon="-4.136902727186679840087890625">
        <ele>160.8000030517578125</ele>
        <time>2026-08-07T11:31:49.000Z</time>
      </trkpt>
      <trkpt lat="58.02584574557840824127197265625" lon="-4.13692913018167018890380859375">
        <ele>160.1999969482421875</ele>
        <time>2026-08-07T11:31:50.000Z</time>
      </trkpt>
      <trkpt lat="58.02573275752365589141845703125" lon="-4.13698830641806125640869140625">
        <ele>159.1999969482421875</ele>
        <time>2026-08-07T11:31:52.000Z</time>
      </trkpt>
      <trkpt lat="58.02555791102349758148193359375" lon="-4.13707648403942584991455078125">
        <ele>158.1999969482421875</ele>
        <time>2026-08-07T11:31:55.000Z</time>
      </trkpt>
      <trkpt lat="58.02539329044520854949951171875" lon="-4.13714236579835414886474609375">
        <ele>157.600006103515625</ele>
        <time>2026-08-07T11:31:58.000Z</time>
      </trkpt>
      <trkpt lat="58.0253382213413715362548828125" lon="-4.13715728558599948883056640625">
        <ele>156.8000030517578125</ele>
        <time>2026-08-07T11:31:59.000Z</time>
      </trkpt>
      <trkpt lat="58.025273345410823822021484375" lon="-4.1371550224721431732177734375">
        <ele>156</ele>
        <time>2026-08-07T11:32:00.000Z</time>
      </trkpt>
      <trkpt lat="58.0252037756145000457763671875" lon="-4.13714672438800334930419921875">
        <ele>155.1999969482421875</ele>
        <time>2026-08-07T11:32:01.000Z</time>
      </trkpt>
      <trkpt lat="58.0251316912472248077392578125" lon="-4.13712191395461559295654296875">
        <ele>154.8000030517578125</ele>
        <time>2026-08-07T11:32:02.000Z</time>
      </trkpt>
      <trkpt lat="58.02466758526861667633056640625" lon="-4.13694019429385662078857421875">
        <ele>155</ele>
        <time>2026-08-07T11:32:08.000Z</time>
      </trkpt>
      <trkpt lat="58.02426986396312713623046875" lon="-4.136967770755290985107421875">
        <ele>155.399993896484375</ele>
        <time>2026-08-07T11:32:13.000Z</time>
      </trkpt>
      <trkpt lat="58.023941628634929656982421875" lon="-4.13707564584910869598388671875">
        <ele>153</ele>
        <time>2026-08-07T11:32:17.000Z</time>
      </trkpt>
      <trkpt lat="58.02386082708835601806640625" lon="-4.13708838634192943572998046875">
        <ele>151.8000030517578125</ele>
        <time>2026-08-07T11:32:18.000Z</time>
      </trkpt>
      <trkpt lat="58.02378010936081409454345703125" lon="-4.13708754815161228179931640625">
        <ele>151.399993896484375</ele>
        <time>2026-08-07T11:32:19.000Z</time>
      </trkpt>
      <trkpt lat="58.0233775265514850616455078125" lon="-4.1370577923953533172607421875">
        <ele>151.1999969482421875</ele>
        <time>2026-08-07T11:32:24.000Z</time>
      </trkpt>
      <trkpt lat="58.02329865284264087677001953125" lon="-4.13704530335962772369384765625">
        <ele>150.8000030517578125</ele>
        <time>2026-08-07T11:32:25.000Z</time>
      </trkpt>
      <trkpt lat="58.02306027151644229888916015625" lon="-4.13698763586580753326416015625">
        <ele>149.399993896484375</ele>
        <time>2026-08-07T11:32:28.000Z</time>
      </trkpt>
      <trkpt lat="58.02272449247539043426513671875" lon="-4.1368935070931911468505859375">
        <ele>148.399993896484375</ele>
        <time>2026-08-07T11:32:32.000Z</time>
      </trkpt>
      <trkpt lat="58.02233121357858180999755859375" lon="-4.1367392800748348236083984375">
        <ele>147.8000030517578125</ele>
        <time>2026-08-07T11:32:37.000Z</time>
      </trkpt>
      <trkpt lat="58.0222483165562152862548828125" lon="-4.13671530783176422119140625">
        <ele>149.399993896484375</ele>
        <time>2026-08-07T11:32:39.000Z</time>
      </trkpt>
      <trkpt lat="58.02220716141164302825927734375" lon="-4.13670483045279979705810546875">
        <ele>150</ele>
        <time>2026-08-07T11:32:40.000Z</time>
      </trkpt>
      <trkpt lat="58.022122420370578765869140625" lon="-4.136698544025421142578125">
        <ele>150.600006103515625</ele>
        <time>2026-08-07T11:32:42.000Z</time>
      </trkpt>
      <trkpt lat="58.0219732224941253662109375" lon="-4.13668940775096416473388671875">
        <ele>149.8000030517578125</ele>
        <time>2026-08-07T11:32:45.000Z</time>
      </trkpt>
      <trkpt lat="58.02192066796123981475830078125" lon="-4.1366945207118988037109375">
        <ele>149.399993896484375</ele>
        <time>2026-08-07T11:32:46.000Z</time>
      </trkpt>
      <trkpt lat="58.02186434157192707061767578125" lon="-4.13671639747917652130126953125">
        <ele>149.1999969482421875</ele>
        <time>2026-08-07T11:32:47.000Z</time>
      </trkpt>
      <trkpt lat="58.02174934186041355133056640625" lon="-4.1367768310010433197021484375">
        <ele>148.600006103515625</ele>
        <time>2026-08-07T11:32:49.000Z</time>
      </trkpt>
      <trkpt lat="58.0215204320847988128662109375" lon="-4.13689325563609600067138671875">
        <ele>149.1999969482421875</ele>
        <time>2026-08-07T11:32:53.000Z</time>
      </trkpt>
      <trkpt lat="58.02147257141768932342529296875" lon="-4.136932231485843658447265625">
        <ele>149.1999969482421875</ele>
        <time>2026-08-07T11:32:54.000Z</time>
      </trkpt>
      <trkpt lat="58.02137567661702632904052734375" lon="-4.13699618540704250335693359375">
        <ele>148</ele>
        <time>2026-08-07T11:32:56.000Z</time>
      </trkpt>
      <trkpt lat="58.02128029055893421173095703125" lon="-4.137018062174320220947265625">
        <ele>148.399993896484375</ele>
        <time>2026-08-07T11:32:58.000Z</time>
      </trkpt>
      <trkpt lat="58.02123486064374446868896484375" lon="-4.13703323341906070709228515625">
        <ele>148.8000030517578125</ele>
        <time>2026-08-07T11:32:59.000Z</time>
      </trkpt>
      <trkpt lat="58.02119739353656768798828125" lon="-4.137062989175319671630859375">
        <ele>149</ele>
        <time>2026-08-07T11:33:00.000Z</time>
      </trkpt>
      <trkpt lat="58.0211600102484226226806640625" lon="-4.13708117790520191192626953125">
        <ele>149.1999969482421875</ele>
        <time>2026-08-07T11:33:01.000Z</time>
      </trkpt>
      <trkpt lat="58.02104626782238483428955078125" lon="-4.1371459700167179107666015625">
        <ele>149</ele>
        <time>2026-08-07T11:33:04.000Z</time>
      </trkpt>
      <trkpt lat="58.02092137746512889862060546875" lon="-4.13721612654626369476318359375">
        <ele>147.8000030517578125</ele>
        <time>2026-08-07T11:33:07.000Z</time>
      </trkpt>
      <trkpt lat="58.02082280628383159637451171875" lon="-4.13727052509784698486328125">
        <ele>146</ele>
        <time>2026-08-07T11:33:09.000Z</time>
      </trkpt>
      <trkpt lat="58.02077502943575382232666015625" lon="-4.1372985206544399261474609375">
        <ele>145.600006103515625</ele>
        <time>2026-08-07T11:33:10.000Z</time>
      </trkpt>
      <trkpt lat="58.0204579420387744903564453125" lon="-4.1374715231359004974365234375">
        <ele>146.1999969482421875</ele>
        <time>2026-08-07T11:33:17.000Z</time>
      </trkpt>
      <trkpt lat="58.02031603641808032989501953125" lon="-4.13752935826778411865234375">
        <ele>145.600006103515625</ele>
        <time>2026-08-07T11:33:20.000Z</time>
      </trkpt>
      <trkpt lat="58.0201652459800243377685546875" lon="-4.13758845068514347076416015625">
        <ele>145.1999969482421875</ele>
        <time>2026-08-07T11:33:23.000Z</time>
      </trkpt>
      <trkpt lat="58.020114116370677947998046875" lon="-4.1376113332808017730712890625">
        <ele>145</ele>
        <time>2026-08-07T11:33:24.000Z</time>
      </trkpt>
      <trkpt lat="58.0200626514852046966552734375" lon="-4.13763740099966526031494140625">
        <ele>144.8000030517578125</ele>
        <time>2026-08-07T11:33:25.000Z</time>
      </trkpt>
      <trkpt lat="58.02001261152327060699462890625" lon="-4.13765617646276950836181640625">
        <ele>144.399993896484375</ele>
        <time>2026-08-07T11:33:26.000Z</time>
      </trkpt>
      <trkpt lat="58.0199613980948925018310546875" lon="-4.137677215039730072021484375">
        <ele>144</ele>
        <time>2026-08-07T11:33:27.000Z</time>
      </trkpt>
      <trkpt lat="58.0198551155626773834228515625" lon="-4.13771149702370166778564453125">
        <ele>143.8000030517578125</ele>
        <time>2026-08-07T11:33:29.000Z</time>
      </trkpt>
      <trkpt lat="58.01969359628856182098388671875" lon="-4.13777369074523448944091796875">
        <ele>143.8000030517578125</ele>
        <time>2026-08-07T11:33:32.000Z</time>
      </trkpt>
      <trkpt lat="58.01933837123215198516845703125" lon="-4.13785113953053951263427734375">
        <ele>143.8000030517578125</ele>
        <time>2026-08-07T11:33:39.000Z</time>
      </trkpt>
      <trkpt lat="58.019102923572063446044921875" lon="-4.13791500963270664215087890625">
        <ele>143</ele>
        <time>2026-08-07T11:33:44.000Z</time>
      </trkpt>
      <trkpt lat="58.0190601758658885955810546875" lon="-4.1379274986684322357177734375">
        <ele>143</ele>
        <time>2026-08-07T11:33:45.000Z</time>
      </trkpt>
      <trkpt lat="58.01901809871196746826171875" lon="-4.137928001582622528076171875">
        <ele>143.1999969482421875</ele>
        <time>2026-08-07T11:33:46.000Z</time>
      </trkpt>
      <trkpt lat="58.018840737640857696533203125" lon="-4.13797150366008281707763671875">
        <ele>144</ele>
        <time>2026-08-07T11:33:50.000Z</time>
      </trkpt>
      <trkpt lat="58.01869648508727550506591796875" lon="-4.13799338042736053466796875">
        <ele>142.600006103515625</ele>
        <time>2026-08-07T11:33:53.000Z</time>
      </trkpt>
      <trkpt lat="58.0186548270285129547119140625" lon="-4.138002432882785797119140625">
        <ele>141.399993896484375</ele>
        <time>2026-08-07T11:33:54.000Z</time>
      </trkpt>
      <trkpt lat="58.0186125822365283966064453125" lon="-4.138007462024688720703125">
        <ele>139.8000030517578125</ele>
        <time>2026-08-07T11:33:55.000Z</time>
      </trkpt>
      <trkpt lat="58.01829147152602672576904296875" lon="-4.13808750919997692108154296875">
        <ele>140.399993896484375</ele>
        <time>2026-08-07T11:34:02.000Z</time>
      </trkpt>
      <trkpt lat="58.01797664724290370941162109375" lon="-4.1381652094423770904541015625">
        <ele>141.399993896484375</ele>
        <time>2026-08-07T11:34:08.000Z</time>
      </trkpt>
      <trkpt lat="58.0179212428629398345947265625" lon="-4.13817350752651691436767578125">
        <ele>141.8000030517578125</ele>
        <time>2026-08-07T11:34:09.000Z</time>
      </trkpt>
      <trkpt lat="58.01768881268799304962158203125" lon="-4.138222038745880126953125">
        <ele>141.399993896484375</ele>
        <time>2026-08-07T11:34:13.000Z</time>
      </trkpt>
      <trkpt lat="58.01750776357948780059814453125" lon="-4.13825799711048603057861328125">
        <ele>140.399993896484375</ele>
        <time>2026-08-07T11:34:16.000Z</time>
      </trkpt>
      <trkpt lat="58.0174505151808261871337890625" lon="-4.13827576674520969390869140625">
        <ele>140.600006103515625</ele>
        <time>2026-08-07T11:34:17.000Z</time>
      </trkpt>
      <trkpt lat="58.016993366181850433349609375" lon="-4.13836754858493804931640625">
        <ele>140</ele>
        <time>2026-08-07T11:34:25.000Z</time>
      </trkpt>
      <trkpt lat="58.016823716461658477783203125" lon="-4.13840753026306629180908203125">
        <ele>139</ele>
        <time>2026-08-07T11:34:28.000Z</time>
      </trkpt>
      <trkpt lat="58.01676814444363117218017578125" lon="-4.13841105066239833831787109375">
        <ele>138.8000030517578125</ele>
        <time>2026-08-07T11:34:29.000Z</time>
      </trkpt>
      <trkpt lat="58.01665264181792736053466796875" lon="-4.13843996822834014892578125">
        <ele>138.399993896484375</ele>
        <time>2026-08-07T11:34:31.000Z</time>
      </trkpt>
      <trkpt lat="58.0164034478366374969482421875" lon="-4.1384835541248321533203125">
        <ele>137.8000030517578125</ele>
        <time>2026-08-07T11:34:35.000Z</time>
      </trkpt>
      <trkpt lat="58.0161509849131107330322265625" lon="-4.1385370306670665740966796875">
        <ele>137</ele>
        <time>2026-08-07T11:34:39.000Z</time>
      </trkpt>
      <trkpt lat="58.01583054475486278533935546875" lon="-4.138595201075077056884765625">
        <ele>136.8000030517578125</ele>
        <time>2026-08-07T11:34:44.000Z</time>
      </trkpt>
      <trkpt lat="58.015766255557537078857421875" lon="-4.138617329299449920654296875">
        <ele>136.600006103515625</ele>
        <time>2026-08-07T11:34:45.000Z</time>
      </trkpt>
      <trkpt lat="58.0156976915895938873291015625" lon="-4.1386305727064609527587890625">
        <ele>136.399993896484375</ele>
        <time>2026-08-07T11:34:46.000Z</time>
      </trkpt>
      <trkpt lat="58.01562703214585781097412109375" lon="-4.138648509979248046875">
        <ele>135.8000030517578125</ele>
        <time>2026-08-07T11:34:47.000Z</time>
      </trkpt>
      <trkpt lat="58.01549007184803485870361328125" lon="-4.13865764625370502471923828125">
        <ele>135.600006103515625</ele>
        <time>2026-08-07T11:34:49.000Z</time>
      </trkpt>
      <trkpt lat="58.01531053148210048675537109375" lon="-4.1386811994016170501708984375">
        <ele>135.8000030517578125</ele>
        <time>2026-08-07T11:34:52.000Z</time>
      </trkpt>
      <trkpt lat="58.01507181487977504730224609375" lon="-4.1386490128934383392333984375">
        <ele>135.1999969482421875</ele>
        <time>2026-08-07T11:34:56.000Z</time>
      </trkpt>
      <trkpt lat="58.0149480141699314117431640625" lon="-4.138599894940853118896484375">
        <ele>134.600006103515625</ele>
        <time>2026-08-07T11:34:58.000Z</time>
      </trkpt>
      <trkpt lat="58.01444183103740215301513671875" lon="-4.13833091966807842254638671875">
        <ele>134.399993896484375</ele>
        <time>2026-08-07T11:35:06.000Z</time>
      </trkpt>
      <trkpt lat="58.014031536877155303955078125" lon="-4.13808214478194713592529296875">
        <ele>134.8000030517578125</ele>
        <time>2026-08-07T11:35:13.000Z</time>
      </trkpt>
      <trkpt lat="58.0137172155082225799560546875" lon="-4.13789338432252407073974609375">
        <ele>134.399993896484375</ele>
        <time>2026-08-07T11:35:19.000Z</time>
      </trkpt>
      <trkpt lat="58.01346517167985439300537109375" lon="-4.1377367265522480010986328125">
        <ele>133.399993896484375</ele>
        <time>2026-08-07T11:35:24.000Z</time>
      </trkpt>
      <trkpt lat="58.013360314071178436279296875" lon="-4.13768224418163299560546875">
        <ele>132</ele>
        <time>2026-08-07T11:35:26.000Z</time>
      </trkpt>
      <trkpt lat="58.0132458172738552093505859375" lon="-4.13759733550250530242919921875">
        <ele>131.8000030517578125</ele>
        <time>2026-08-07T11:35:28.000Z</time>
      </trkpt>
      <trkpt lat="58.01311430521309375762939453125" lon="-4.13752759806811809539794921875">
        <ele>131.399993896484375</ele>
        <time>2026-08-07T11:35:30.000Z</time>
      </trkpt>
      <trkpt lat="58.01304238848388195037841796875" lon="-4.1374949924647808074951171875">
        <ele>130.8000030517578125</ele>
        <time>2026-08-07T11:35:31.000Z</time>
      </trkpt>
      <trkpt lat="58.0127653665840625762939453125" lon="-4.137337245047092437744140625">
        <ele>129.399993896484375</ele>
        <time>2026-08-07T11:35:35.000Z</time>
      </trkpt>
      <trkpt lat="58.0123281665146350860595703125" lon="-4.1371097601950168609619140625">
        <ele>128.399993896484375</ele>
        <time>2026-08-07T11:35:41.000Z</time>
      </trkpt>
      <trkpt lat="58.01225901581346988677978515625" lon="-4.13708679378032684326171875">
        <ele>128.399993896484375</ele>
        <time>2026-08-07T11:35:42.000Z</time>
      </trkpt>
      <trkpt lat="58.01219363696873188018798828125" lon="-4.1370678506791591644287109375">
        <ele>128.399993896484375</ele>
        <time>2026-08-07T11:35:43.000Z</time>
      </trkpt>
      <trkpt lat="58.0119104124605655670166015625" lon="-4.13704245351254940032958984375">
        <ele>129.399993896484375</ele>
        <time>2026-08-07T11:35:48.000Z</time>
      </trkpt>
      <trkpt lat="58.0116502381861209869384765625" lon="-4.1370152123272418975830078125">
        <ele>128.600006103515625</ele>
        <time>2026-08-07T11:35:54.000Z</time>
      </trkpt>
      <trkpt lat="58.01156315021216869354248046875" lon="-4.13699333555996417999267578125">
        <ele>128.600006103515625</ele>
        <time>2026-08-07T11:35:56.000Z</time>
      </trkpt>
      <trkpt lat="58.01151931285858154296875" lon="-4.136979840695858001708984375">
        <ele>128.600006103515625</ele>
        <time>2026-08-07T11:35:57.000Z</time>
      </trkpt>
      <trkpt lat="58.01132979802787303924560546875" lon="-4.13687749765813350677490234375">
        <ele>128.8000030517578125</ele>
        <time>2026-08-07T11:36:01.000Z</time>
      </trkpt>
      <trkpt lat="58.01123793236911296844482421875" lon="-4.1367872245609760284423828125">
        <ele>128.1999969482421875</ele>
        <time>2026-08-07T11:36:03.000Z</time>
      </trkpt>
      <trkpt lat="58.0111469887197017669677734375" lon="-4.13667649962007999420166015625">
        <ele>127</ele>
        <time>2026-08-07T11:36:05.000Z</time>
      </trkpt>
      <trkpt lat="58.01105336286127567291259765625" lon="-4.13655077107250690460205078125">
        <ele>125.8000030517578125</ele>
        <time>2026-08-07T11:36:07.000Z</time>
      </trkpt>
      <trkpt lat="58.0107899196445941925048828125" lon="-4.136200658977031707763671875">
        <ele>124.8000030517578125</ele>
        <time>2026-08-07T11:36:13.000Z</time>
      </trkpt>
      <trkpt lat="58.01074775867164134979248046875" lon="-4.136152379214763641357421875">
        <ele>124.8000030517578125</ele>
        <time>2026-08-07T11:36:14.000Z</time>
      </trkpt>
      <trkpt lat="58.0107106268405914306640625" lon="-4.13609169423580169677734375">
        <ele>124.59999847412109375</ele>
        <time>2026-08-07T11:36:15.000Z</time>
      </trkpt>
      <trkpt lat="58.0105766840279102325439453125" lon="-4.13593956269323825836181640625">
        <ele>124.1999969482421875</ele>
        <time>2026-08-07T11:36:18.000Z</time>
      </trkpt>
      <trkpt lat="58.0104839801788330078125" lon="-4.13584551773965358734130859375">
        <ele>124</ele>
        <time>2026-08-07T11:36:20.000Z</time>
      </trkpt>
      <trkpt lat="58.01040410064160823822021484375" lon="-4.13574208505451679229736328125">
        <ele>124.1999969482421875</ele>
        <time>2026-08-07T11:36:22.000Z</time>
      </trkpt>
      <trkpt lat="58.01031642593443393707275390625" lon="-4.13563915528357028961181640625">
        <ele>123.59999847412109375</ele>
        <time>2026-08-07T11:36:24.000Z</time>
      </trkpt>
      <trkpt lat="58.01020947284996509552001953125" lon="-4.13552784360945224761962890625">
        <ele>122.8000030517578125</ele>
        <time>2026-08-07T11:36:26.000Z</time>
      </trkpt>
      <trkpt lat="58.01014744676649570465087890625" lon="-4.13548375479876995086669921875">
        <ele>122.40000152587890625</ele>
        <time>2026-08-07T11:36:27.000Z</time>
      </trkpt>
      <trkpt lat="58.01001031883060932159423828125" lon="-4.1354635544121265411376953125">
        <ele>122</ele>
        <time>2026-08-07T11:36:29.000Z</time>
      </trkpt>
      <trkpt lat="58.00959122367203235626220703125" lon="-4.13554586470127105712890625">
        <ele>121.1999969482421875</ele>
        <time>2026-08-07T11:36:35.000Z</time>
      </trkpt>
      <trkpt lat="58.00945241935551166534423828125" lon="-4.135579057037830352783203125">
        <ele>120.59999847412109375</ele>
        <time>2026-08-07T11:36:37.000Z</time>
      </trkpt>
      <trkpt lat="58.00930724479258060455322265625" lon="-4.13560881279408931732177734375">
        <ele>119.8000030517578125</ele>
        <time>2026-08-07T11:36:39.000Z</time>
      </trkpt>
      <trkpt lat="58.0088644288480281829833984375" lon="-4.135731272399425506591796875">
        <ele>119</ele>
        <time>2026-08-07T11:36:45.000Z</time>
      </trkpt>
      <trkpt lat="58.00879091955721378326416015625" lon="-4.13575164042413234710693359375">
        <ele>118.8000030517578125</ele>
        <time>2026-08-07T11:36:46.000Z</time>
      </trkpt>
      <trkpt lat="58.0086327530443668365478515625" lon="-4.13579287938773632049560546875">
        <ele>117.40000152587890625</ele>
        <time>2026-08-07T11:36:48.000Z</time>
      </trkpt>
      <trkpt lat="58.00854817964136600494384765625" lon="-4.135814420878887176513671875">
        <ele>116.1999969482421875</ele>
        <time>2026-08-07T11:36:49.000Z</time>
      </trkpt>
      <trkpt lat="58.0084600858390331268310546875" lon="-4.1358320228755474090576171875">
        <ele>115</ele>
        <time>2026-08-07T11:36:50.000Z</time>
      </trkpt>
      <trkpt lat="58.0083717405796051025390625" lon="-4.13585188798606395721435546875">
        <ele>113.8000030517578125</ele>
        <time>2026-08-07T11:36:51.000Z</time>
      </trkpt>
      <trkpt lat="58.00811248831450939178466796875" lon="-4.13590821437537670135498046875">
        <ele>112.40000152587890625</ele>
        <time>2026-08-07T11:36:54.000Z</time>
      </trkpt>
      <trkpt lat="58.00785533152520656585693359375" lon="-4.13596051745116710662841796875">
        <ele>111</ele>
        <time>2026-08-07T11:36:57.000Z</time>
      </trkpt>
      <trkpt lat="58.00768450833857059478759765625" lon="-4.13600292988121509552001953125">
        <ele>109.59999847412109375</ele>
        <time>2026-08-07T11:36:59.000Z</time>
      </trkpt>
      <trkpt lat="58.00760035403072834014892578125" lon="-4.13602706976234912872314453125">
        <ele>108.59999847412109375</ele>
        <time>2026-08-07T11:37:00.000Z</time>
      </trkpt>
      <trkpt lat="58.00751703791320323944091796875" lon="-4.13604618050158023834228515625">
        <ele>107.8000030517578125</ele>
        <time>2026-08-07T11:37:01.000Z</time>
      </trkpt>
      <trkpt lat="58.0073513276875019073486328125" lon="-4.1360851563513278961181640625">
        <ele>106.8000030517578125</ele>
        <time>2026-08-07T11:37:03.000Z</time>
      </trkpt>
      <trkpt lat="58.00709945149719715118408203125" lon="-4.13615472614765167236328125">
        <ele>105.40000152587890625</ele>
        <time>2026-08-07T11:37:06.000Z</time>
      </trkpt>
      <trkpt lat="58.00693566910922527313232421875" lon="-4.13620862178504467010498046875">
        <ele>104</ele>
        <time>2026-08-07T11:37:08.000Z</time>
      </trkpt>
      <trkpt lat="58.006856627762317657470703125" lon="-4.13623611442744731903076171875">
        <ele>103.40000152587890625</ele>
        <time>2026-08-07T11:37:09.000Z</time>
      </trkpt>
      <trkpt lat="58.00678060390055179595947265625" lon="-4.13627064786851406097412109375">
        <ele>102.8000030517578125</ele>
        <time>2026-08-07T11:37:10.000Z</time>
      </trkpt>
      <trkpt lat="58.00650634802877902984619140625" lon="-4.13635329343378543853759765625">
        <ele>102.40000152587890625</ele>
        <time>2026-08-07T11:37:14.000Z</time>
      </trkpt>
      <trkpt lat="58.00632990896701812744140625" lon="-4.13639905862510204315185546875">
        <ele>101.40000152587890625</ele>
        <time>2026-08-07T11:37:17.000Z</time>
      </trkpt>
      <trkpt lat="58.00627450458705425262451171875" lon="-4.136406518518924713134765625">
        <ele>100</ele>
        <time>2026-08-07T11:37:18.000Z</time>
      </trkpt>
      <trkpt lat="58.0062234587967395782470703125" lon="-4.1364107094705104827880859375">
        <ele>98.59999847412109375</ele>
        <time>2026-08-07T11:37:19.000Z</time>
      </trkpt>
      <trkpt lat="58.006178028881549835205078125" lon="-4.1364050097763538360595703125">
        <ele>98</ele>
        <time>2026-08-07T11:37:20.000Z</time>
      </trkpt>
      <trkpt lat="58.006088845431804656982421875" lon="-4.13639956153929233551025390625">
        <ele>97.1999969482421875</ele>
        <time>2026-08-07T11:37:22.000Z</time>
      </trkpt>
      <trkpt lat="58.00604467280209064483642578125" lon="-4.13641967810690402984619140625">
        <ele>97.40000152587890625</ele>
        <time>2026-08-07T11:37:23.000Z</time>
      </trkpt>
      <trkpt lat="58.00598801113665103912353515625" lon="-4.13655328564345836639404296875">
        <ele>97.1999969482421875</ele>
        <time>2026-08-07T11:37:25.000Z</time>
      </trkpt>
      <trkpt lat="58.00599790178239345550537109375" lon="-4.136782698333263397216796875">
        <ele>96.59999847412109375</ele>
        <time>2026-08-07T11:37:28.000Z</time>
      </trkpt>
      <trkpt lat="58.006038554012775421142578125" lon="-4.13706625811755657196044921875">
        <ele>96.1999969482421875</ele>
        <time>2026-08-07T11:37:33.000Z</time>
      </trkpt>
      <trkpt lat="58.00611726008355617523193359375" lon="-4.13750915788114070892333984375">
        <ele>96.1999969482421875</ele>
        <time>2026-08-07T11:37:40.000Z</time>
      </trkpt>
      <trkpt lat="58.00617643631994724273681640625" lon="-4.13795121945440769195556640625">
        <ele>95.1999969482421875</ele>
        <time>2026-08-07T11:37:46.000Z</time>
      </trkpt>
      <trkpt lat="58.0061803758144378662109375" lon="-4.1380168497562408447265625">
        <ele>95.1999969482421875</ele>
        <time>2026-08-07T11:37:47.000Z</time>
      </trkpt>
      <trkpt lat="58.0061991512775421142578125" lon="-4.13840509951114654541015625">
        <ele>94.59999847412109375</ele>
        <time>2026-08-07T11:37:53.000Z</time>
      </trkpt>
      <trkpt lat="58.0062288232147693634033203125" lon="-4.13868932984769344329833984375">
        <ele>93.59999847412109375</ele>
        <time>2026-08-07T11:37:56.000Z</time>
      </trkpt>
      <trkpt lat="58.006247766315937042236328125" lon="-4.13879871368408203125">
        <ele>93</ele>
        <time>2026-08-07T11:37:57.000Z</time>
      </trkpt>
      <trkpt lat="58.006269894540309906005859375" lon="-4.13891094736754894256591796875">
        <ele>92.1999969482421875</ele>
        <time>2026-08-07T11:37:58.000Z</time>
      </trkpt>
      <trkpt lat="58.00630099140107631683349609375" lon="-4.139024354517459869384765625">
        <ele>91.59999847412109375</ele>
        <time>2026-08-07T11:37:59.000Z</time>
      </trkpt>
      <trkpt lat="58.0063371174037456512451171875" lon="-4.13913994096219539642333984375">
        <ele>91</ele>
        <time>2026-08-07T11:38:00.000Z</time>
      </trkpt>
      <trkpt lat="58.00641364417970180511474609375" lon="-4.1393876262009143829345703125">
        <ele>89.1999969482421875</ele>
        <time>2026-08-07T11:38:02.000Z</time>
      </trkpt>
      <trkpt lat="58.006442897021770477294921875" lon="-4.13952433504164218902587890625">
        <ele>88.40000152587890625</ele>
        <time>2026-08-07T11:38:03.000Z</time>
      </trkpt>
      <trkpt lat="58.00646527670323848724365234375" lon="-4.139666743576526641845703125">
        <ele>87.59999847412109375</ele>
        <time>2026-08-07T11:38:04.000Z</time>
      </trkpt>
      <trkpt lat="58.00647969357669353485107421875" lon="-4.1398167796432971954345703125">
        <ele>87.1999969482421875</ele>
        <time>2026-08-07T11:38:05.000Z</time>
      </trkpt>
      <trkpt lat="58.00648975186049938201904296875" lon="-4.13996472023427486419677734375">
        <ele>87</ele>
        <time>2026-08-07T11:38:06.000Z</time>
      </trkpt>
      <trkpt lat="58.0065076053142547607421875" lon="-4.140643067657947540283203125">
        <ele>87.40000152587890625</ele>
        <time>2026-08-07T11:38:11.000Z</time>
      </trkpt>
      <trkpt lat="58.00650668330490589141845703125" lon="-4.1412031464278697967529296875">
        <ele>87.40000152587890625</ele>
        <time>2026-08-07T11:38:16.000Z</time>
      </trkpt>
      <trkpt lat="58.0065376125276088714599609375" lon="-4.141616038978099822998046875">
        <ele>87.40000152587890625</ele>
        <time>2026-08-07T11:38:20.000Z</time>
      </trkpt>
      <trkpt lat="58.0065761692821979522705078125" lon="-4.1418093256652355194091796875">
        <ele>86.59999847412109375</ele>
        <time>2026-08-07T11:38:22.000Z</time>
      </trkpt>
      <trkpt lat="58.0065976269543170928955078125" lon="-4.1419032029807567596435546875">
        <ele>86.59999847412109375</ele>
        <time>2026-08-07T11:38:23.000Z</time>
      </trkpt>
      <trkpt lat="58.00662436522543430328369140625" lon="-4.1419917158782482147216796875">
        <ele>86.59999847412109375</ele>
        <time>2026-08-07T11:38:24.000Z</time>
      </trkpt>
      <trkpt lat="58.00665001384913921356201171875" lon="-4.1420803964138031005859375">
        <ele>86.59999847412109375</ele>
        <time>2026-08-07T11:38:25.000Z</time>
      </trkpt>
      <trkpt lat="58.0067344196140766143798828125" lon="-4.14233244024217128753662109375">
        <ele>86.59999847412109375</ele>
        <time>2026-08-07T11:38:28.000Z</time>
      </trkpt>
      <trkpt lat="58.00676149316132068634033203125" lon="-4.14241190068423748016357421875">
        <ele>86.59999847412109375</ele>
        <time>2026-08-07T11:38:29.000Z</time>
      </trkpt>
      <trkpt lat="58.006814382970333099365234375" lon="-4.1425792872905731201171875">
        <ele>86.59999847412109375</ele>
        <time>2026-08-07T11:38:31.000Z</time>
      </trkpt>
      <trkpt lat="58.00687112845480442047119140625" lon="-4.14274893701076507568359375">
        <ele>86.40000152587890625</ele>
        <time>2026-08-07T11:38:33.000Z</time>
      </trkpt>
      <trkpt lat="58.00701982341706752777099609375" lon="-4.14313022978603839874267578125">
        <ele>86.40000152587890625</ele>
        <time>2026-08-07T11:38:38.000Z</time>
      </trkpt>
      <trkpt lat="58.00718075595796108245849609375" lon="-4.143407754600048065185546875">
        <ele>87.1999969482421875</ele>
        <time>2026-08-07T11:38:44.000Z</time>
      </trkpt>
      <trkpt lat="58.0073627270758152008056640625" lon="-4.14364370517432689666748046875">
        <ele>87.1999969482421875</ele>
        <time>2026-08-07T11:38:50.000Z</time>
      </trkpt>
      <trkpt lat="58.00744947977364063262939453125" lon="-4.14377085864543914794921875">
        <ele>87.59999847412109375</ele>
        <time>2026-08-07T11:38:53.000Z</time>
      </trkpt>
      <trkpt lat="58.00751234404742717742919921875" lon="-4.14385962300002574920654296875">
        <ele>87.59999847412109375</ele>
        <time>2026-08-07T11:38:55.000Z</time>
      </trkpt>
      <trkpt lat="58.0075441114604473114013671875" lon="-4.14390957914292812347412109375">
        <ele>87.59999847412109375</ele>
        <time>2026-08-07T11:38:56.000Z</time>
      </trkpt>
      <trkpt lat="58.0075732804834842681884765625" lon="-4.14397261105477809906005859375">
        <ele>87.40000152587890625</ele>
        <time>2026-08-07T11:38:57.000Z</time>
      </trkpt>
      <trkpt lat="58.007634468376636505126953125" lon="-4.14408476091921329498291015625">
        <ele>87.1999969482421875</ele>
        <time>2026-08-07T11:38:59.000Z</time>
      </trkpt>
      <trkpt lat="58.00769691355526447296142578125" lon="-4.14416992105543613433837890625">
        <ele>87.1999969482421875</ele>
        <time>2026-08-07T11:39:01.000Z</time>
      </trkpt>
      <trkpt lat="58.00772868096828460693359375" lon="-4.144209064543247222900390625">
        <ele>87.1999969482421875</ele>
        <time>2026-08-07T11:39:02.000Z</time>
      </trkpt>
      <trkpt lat="58.0077628791332244873046875" lon="-4.1442477889358997344970703125">
        <ele>87.1999969482421875</ele>
        <time>2026-08-07T11:39:03.000Z</time>
      </trkpt>
      <trkpt lat="58.00780470483005046844482421875" lon="-4.1442880220711231231689453125">
        <ele>87</ele>
        <time>2026-08-07T11:39:04.000Z</time>
      </trkpt>
      <trkpt lat="58.00784694962203502655029296875" lon="-4.1443302668631076812744140625">
        <ele>87.1999969482421875</ele>
        <time>2026-08-07T11:39:05.000Z</time>
      </trkpt>
      <trkpt lat="58.00794401206076145172119140625" lon="-4.14442255161702632904052734375">
        <ele>86.8000030517578125</ele>
        <time>2026-08-07T11:39:07.000Z</time>
      </trkpt>
      <trkpt lat="58.008038140833377838134765625" lon="-4.14453369565308094024658203125">
        <ele>86.40000152587890625</ele>
        <time>2026-08-07T11:39:09.000Z</time>
      </trkpt>
      <trkpt lat="58.0081177689135074615478515625" lon="-4.1446695663034915924072265625">
        <ele>86.1999969482421875</ele>
        <time>2026-08-07T11:39:11.000Z</time>
      </trkpt>
      <trkpt lat="58.00814685411751270294189453125" lon="-4.144746176898479461669921875">
        <ele>86.1999969482421875</ele>
        <time>2026-08-07T11:39:12.000Z</time>
      </trkpt>
      <trkpt lat="58.00819337368011474609375" lon="-4.14489462040364742279052734375">
        <ele>86.1999969482421875</ele>
        <time>2026-08-07T11:39:14.000Z</time>
      </trkpt>
      <trkpt lat="58.0082371272146701812744140625" lon="-4.1450266353785991668701171875">
        <ele>86.40000152587890625</ele>
        <time>2026-08-07T11:39:16.000Z</time>
      </trkpt>
      <trkpt lat="58.00825171172618865966796875" lon="-4.14509545080363750457763671875">
        <ele>86.40000152587890625</ele>
        <time>2026-08-07T11:39:17.000Z</time>
      </trkpt>
      <trkpt lat="58.008276186883449554443359375" lon="-4.14515663869678974151611328125">
        <ele>86.40000152587890625</ele>
        <time>2026-08-07T11:39:18.000Z</time>
      </trkpt>
      <trkpt lat="58.00836293958127498626708984375" lon="-4.14543475024402141571044921875">
        <ele>86.59999847412109375</ele>
        <time>2026-08-07T11:39:22.000Z</time>
      </trkpt>
      <trkpt lat="58.00845396704971790313720703125" lon="-4.145810343325138092041015625">
        <ele>87.59999847412109375</ele>
        <time>2026-08-07T11:39:27.000Z</time>
      </trkpt>
      <trkpt lat="58.0084724910557270050048828125" lon="-4.145884104073047637939453125">
        <ele>87.8000030517578125</ele>
        <time>2026-08-07T11:39:28.000Z</time>
      </trkpt>
      <trkpt lat="58.0085703916847705841064453125" lon="-4.1462255828082561492919921875">
        <ele>88.8000030517578125</ele>
        <time>2026-08-07T11:39:33.000Z</time>
      </trkpt>
      <trkpt lat="58.00859880633652210235595703125" lon="-4.1463429294526576995849609375">
        <ele>89.40000152587890625</ele>
        <time>2026-08-07T11:39:35.000Z</time>
      </trkpt>
      <trkpt lat="58.00862663425505161285400390625" lon="-4.14642783813178539276123046875">
        <ele>89.8000030517578125</ele>
        <time>2026-08-07T11:39:37.000Z</time>
      </trkpt>
      <trkpt lat="58.0086589045822620391845703125" lon="-4.14661190472543239593505859375">
        <ele>90.8000030517578125</ele>
        <time>2026-08-07T11:39:41.000Z</time>
      </trkpt>
      <trkpt lat="58.00864440388977527618408203125" lon="-4.14685581810772418975830078125">
        <ele>91.40000152587890625</ele>
        <time>2026-08-07T11:39:46.000Z</time>
      </trkpt>
      <trkpt lat="58.0085905082523822784423828125" lon="-4.14711381308734416961669921875">
        <ele>90.59999847412109375</ele>
        <time>2026-08-07T11:39:49.000Z</time>
      </trkpt>
      <trkpt lat="58.008581958711147308349609375" lon="-4.14733123965561389923095703125">
        <ele>90</ele>
        <time>2026-08-07T11:39:51.000Z</time>
      </trkpt>
      <trkpt lat="58.00860014744102954864501953125" lon="-4.147543720901012420654296875">
        <ele>89.8000030517578125</ele>
        <time>2026-08-07T11:39:53.000Z</time>
      </trkpt>
      <trkpt lat="58.00861070863902568817138671875" lon="-4.14783465676009654998779296875">
        <ele>89.1999969482421875</ele>
        <time>2026-08-07T11:39:56.000Z</time>
      </trkpt>
      <trkpt lat="58.00861590541899204254150390625" lon="-4.14801436476409435272216796875">
        <ele>88.8000030517578125</ele>
        <time>2026-08-07T11:39:58.000Z</time>
      </trkpt>
      <trkpt lat="58.00862948410212993621826171875" lon="-4.148470424115657806396484375">
        <ele>87.59999847412109375</ele>
        <time>2026-08-07T11:40:02.000Z</time>
      </trkpt>
      <trkpt lat="58.0085972137749195098876953125" lon="-4.14870746433734893798828125">
        <ele>87</ele>
        <time>2026-08-07T11:40:04.000Z</time>
      </trkpt>
      <trkpt lat="58.008563853800296783447265625" lon="-4.14880494587123394012451171875">
        <ele>86.8000030517578125</ele>
        <time>2026-08-07T11:40:05.000Z</time>
      </trkpt>
      <trkpt lat="58.008529655635356903076171875" lon="-4.1488923691213130950927734375">
        <ele>87</ele>
        <time>2026-08-07T11:40:06.000Z</time>
      </trkpt>
      <trkpt lat="58.0084548890590667724609375" lon="-4.149000160396099090576171875">
        <ele>87.40000152587890625</ele>
        <time>2026-08-07T11:40:08.000Z</time>
      </trkpt>
      <trkpt lat="58.008415997028350830078125" lon="-4.14902589283883571624755859375">
        <ele>87.59999847412109375</ele>
        <time>2026-08-07T11:40:09.000Z</time>
      </trkpt>
      <trkpt lat="58.0082082934677600860595703125" lon="-4.1490600071847438812255859375">
        <ele>88.59999847412109375</ele>
        <time>2026-08-07T11:40:15.000Z</time>
      </trkpt>
      <trkpt lat="58.0081786215305328369140625" lon="-4.1490556485950946807861328125">
        <ele>88.8000030517578125</ele>
        <time>2026-08-07T11:40:16.000Z</time>
      </trkpt>
      <trkpt lat="58.0080885998904705047607421875" lon="-4.1490576602518558502197265625">
        <ele>89.59999847412109375</ele>
        <time>2026-08-07T11:40:20.000Z</time>
      </trkpt>
      <trkpt lat="58.00803906284272670745849609375" lon="-4.14906998164951801300048828125">
        <ele>90</ele>
        <time>2026-08-07T11:40:22.000Z</time>
      </trkpt>
      <trkpt lat="58.0079908668994903564453125" lon="-4.1490702331066131591796875">
        <ele>90.59999847412109375</ele>
        <time>2026-08-07T11:40:24.000Z</time>
      </trkpt>
      <trkpt lat="58.0079642124474048614501953125" lon="-4.1490794532001018524169921875">
        <ele>91</ele>
        <time>2026-08-07T11:40:25.000Z</time>
      </trkpt>
      <trkpt lat="58.007884584367275238037109375" lon="-4.14908641017973423004150390625">
        <ele>92.1999969482421875</ele>
        <time>2026-08-07T11:40:28.000Z</time>
      </trkpt>
      <trkpt lat="58.0078592710196971893310546875" lon="-4.14909512735903263092041015625">
        <ele>92.1999969482421875</ele>
        <time>2026-08-07T11:40:29.000Z</time>
      </trkpt>
      <trkpt lat="58.00778341479599475860595703125" lon="-4.14912027306854724884033203125">
        <ele>92.59999847412109375</ele>
        <time>2026-08-07T11:40:32.000Z</time>
      </trkpt>
      <trkpt lat="58.00773999653756618499755859375" lon="-4.14914743043482303619384765625">
        <ele>93.40000152587890625</ele>
        <time>2026-08-07T11:40:34.000Z</time>
      </trkpt>
      <trkpt lat="58.00769808702170848846435546875" lon="-4.14917727001011371612548828125">
        <ele>94.1999969482421875</ele>
        <time>2026-08-07T11:40:36.000Z</time>
      </trkpt>
      <trkpt lat="58.0076346360146999359130859375" lon="-4.14922806434333324432373046875">
        <ele>94.40000152587890625</ele>
        <time>2026-08-07T11:40:39.000Z</time>
      </trkpt>
      <trkpt lat="58.0076175369322299957275390625" lon="-4.1492418944835662841796875">
        <ele>94.8000030517578125</ele>
        <time>2026-08-07T11:40:40.000Z</time>
      </trkpt>
      <trkpt lat="58.0075675807893276214599609375" lon="-4.149290509521961212158203125">
        <ele>95.1999969482421875</ele>
        <time>2026-08-07T11:40:43.000Z</time>
      </trkpt>
      <trkpt lat="58.0075089074671268463134765625" lon="-4.1493942774832248687744140625">
        <ele>95.8000030517578125</ele>
        <time>2026-08-07T11:40:47.000Z</time>
      </trkpt>
      <trkpt lat="58.00747781060636043548583984375" lon="-4.149458818137645721435546875">
        <ele>96.40000152587890625</ele>
        <time>2026-08-07T11:40:49.000Z</time>
      </trkpt>
      <trkpt lat="58.00744294188916683197021484375" lon="-4.14952243678271770477294921875">
        <ele>96.8000030517578125</ele>
        <time>2026-08-07T11:40:51.000Z</time>
      </trkpt>
      <trkpt lat="58.0073865316808223724365234375" lon="-4.14959871210157871246337890625">
        <ele>98</ele>
        <time>2026-08-07T11:40:54.000Z</time>
      </trkpt>
      <trkpt lat="58.00734185613691806793212890625" lon="-4.1496630012989044189453125">
        <ele>98.59999847412109375</ele>
        <time>2026-08-07T11:40:56.000Z</time>
      </trkpt>
      <trkpt lat="58.0072747170925140380859375" lon="-4.14981077425181865692138671875">
        <ele>96.59999847412109375</ele>
        <time>2026-08-07T11:41:01.000Z</time>
      </trkpt>
      <trkpt lat="58.00717790611088275909423828125" lon="-4.1500732116401195526123046875">
        <ele>97</ele>
        <time>2026-08-07T11:41:08.000Z</time>
      </trkpt>
      <trkpt lat="58.00714437849819660186767578125" lon="-4.1501516662538051605224609375">
        <ele>97.59999847412109375</ele>
        <time>2026-08-07T11:41:10.000Z</time>
      </trkpt>
      <trkpt lat="58.0070633254945278167724609375" lon="-4.15035006590187549591064453125">
        <ele>98.1999969482421875</ele>
        <time>2026-08-07T11:41:15.000Z</time>
      </trkpt>
      <trkpt lat="58.00702803768217563629150390625" lon="-4.1504389978945255279541015625">
        <ele>98.40000152587890625</ele>
        <time>2026-08-07T11:41:17.000Z</time>
      </trkpt>
      <trkpt lat="58.00701362080872058868408203125" lon="-4.150484092533588409423828125">
        <ele>98.40000152587890625</ele>
        <time>2026-08-07T11:41:18.000Z</time>
      </trkpt>
      <trkpt lat="58.0069590546190738677978515625" lon="-4.15061174891889095306396484375">
        <ele>98.8000030517578125</ele>
        <time>2026-08-07T11:41:21.000Z</time>
      </trkpt>
      <trkpt lat="58.00684782676398754119873046875" lon="-4.15094383992254734039306640625">
        <ele>99.59999847412109375</ele>
        <time>2026-08-07T11:41:28.000Z</time>
      </trkpt>
      <trkpt lat="58.00674992613494396209716796875" lon="-4.15120661258697509765625">
        <ele>100.1999969482421875</ele>
        <time>2026-08-07T11:41:34.000Z</time>
      </trkpt>
      <trkpt lat="58.006731569766998291015625" lon="-4.15125262923538684844970703125">
        <ele>101</ele>
        <time>2026-08-07T11:41:35.000Z</time>
      </trkpt>
      <trkpt lat="58.0067109502851963043212890625" lon="-4.15129722096025943756103515625">
        <ele>101.8000030517578125</ele>
        <time>2026-08-07T11:41:36.000Z</time>
      </trkpt>
      <trkpt lat="58.00657390616834163665771484375" lon="-4.15159561671316623687744140625">
        <ele>102.1999969482421875</ele>
        <time>2026-08-07T11:41:43.000Z</time>
      </trkpt>
      <trkpt lat="58.0064722336828708648681640625" lon="-4.1518588922917842864990234375">
        <ele>102.59999847412109375</ele>
        <time>2026-08-07T11:41:49.000Z</time>
      </trkpt>
      <trkpt lat="58.00645530223846435546875" lon="-4.15190239436924457550048828125">
        <ele>102.59999847412109375</ele>
        <time>2026-08-07T11:41:50.000Z</time>
      </trkpt>
      <trkpt lat="58.00643610768020153045654296875" lon="-4.1519450582563877105712890625">
        <ele>102.8000030517578125</ele>
        <time>2026-08-07T11:41:51.000Z</time>
      </trkpt>
      <trkpt lat="58.0063961260020732879638671875" lon="-4.1520221717655658721923828125">
        <ele>103</ele>
        <time>2026-08-07T11:41:53.000Z</time>
      </trkpt>
      <trkpt lat="58.00632831640541553497314453125" lon="-4.1521950066089630126953125">
        <ele>103.40000152587890625</ele>
        <time>2026-08-07T11:41:57.000Z</time>
      </trkpt>
      <trkpt lat="58.00624215044081211090087890625" lon="-4.15244621224701404571533203125">
        <ele>103.40000152587890625</ele>
        <time>2026-08-07T11:42:02.000Z</time>
      </trkpt>
      <trkpt lat="58.00622530281543731689453125" lon="-4.15249876677989959716796875">
        <ele>103.59999847412109375</ele>
        <time>2026-08-07T11:42:03.000Z</time>
      </trkpt>
      <trkpt lat="58.00619588233530521392822265625" lon="-4.15259960107505321502685546875">
        <ele>103.8000030517578125</ele>
        <time>2026-08-07T11:42:05.000Z</time>
      </trkpt>
      <trkpt lat="58.0061849020421504974365234375" lon="-4.15265475399792194366455078125">
        <ele>103.8000030517578125</ele>
        <time>2026-08-07T11:42:06.000Z</time>
      </trkpt>
      <trkpt lat="58.006146512925624847412109375" lon="-4.15288768708705902099609375">
        <ele>104</ele>
        <time>2026-08-07T11:42:10.000Z</time>
      </trkpt>
      <trkpt lat="58.0061108060181140899658203125" lon="-4.15326462127268314361572265625">
        <ele>103.40000152587890625</ele>
        <time>2026-08-07T11:42:17.000Z</time>
      </trkpt>
      <trkpt lat="58.00607618875801563262939453125" lon="-4.15368841029703617095947265625">
        <ele>103.40000152587890625</ele>
        <time>2026-08-07T11:42:23.000Z</time>
      </trkpt>
      <trkpt lat="58.00601650960743427276611328125" lon="-4.1541315615177154541015625">
        <ele>104.40000152587890625</ele>
        <time>2026-08-07T11:42:30.000Z</time>
      </trkpt>
      <trkpt lat="58.00600267946720123291015625" lon="-4.154239185154438018798828125">
        <ele>105</ele>
        <time>2026-08-07T11:42:32.000Z</time>
      </trkpt>
      <trkpt lat="58.005971498787403106689453125" lon="-4.1544841043651103973388671875">
        <ele>105.59999847412109375</ele>
        <time>2026-08-07T11:42:37.000Z</time>
      </trkpt>
      <trkpt lat="58.005964457988739013671875" lon="-4.15459617041051387786865234375">
        <ele>105.59999847412109375</ele>
        <time>2026-08-07T11:42:39.000Z</time>
      </trkpt>
      <trkpt lat="58.0059711635112762451171875" lon="-4.15478358976542949676513671875">
        <ele>105.59999847412109375</ele>
        <time>2026-08-07T11:42:42.000Z</time>
      </trkpt>
      <trkpt lat="58.0059834010899066925048828125" lon="-4.15517234243452548980712890625">
        <ele>104.59999847412109375</ele>
        <time>2026-08-07T11:42:48.000Z</time>
      </trkpt>
      <trkpt lat="58.0059616081416606903076171875" lon="-4.1555100493133068084716796875">
        <ele>105</ele>
        <time>2026-08-07T11:42:53.000Z</time>
      </trkpt>
      <trkpt lat="58.00595750100910663604736328125" lon="-4.155583642423152923583984375">
        <ele>105.1999969482421875</ele>
        <time>2026-08-07T11:42:54.000Z</time>
      </trkpt>
      <trkpt lat="58.005946017801761627197265625" lon="-4.15573409758508205413818359375">
        <ele>105.40000152587890625</ele>
        <time>2026-08-07T11:42:56.000Z</time>
      </trkpt>
      <trkpt lat="58.005897067487239837646484375" lon="-4.15616341866552829742431640625">
        <ele>104</ele>
        <time>2026-08-07T11:43:01.000Z</time>
      </trkpt>
      <trkpt lat="58.00587770529091358184814453125" lon="-4.1562500037252902984619140625">
        <ele>103.40000152587890625</ele>
        <time>2026-08-07T11:43:02.000Z</time>
      </trkpt>
      <trkpt lat="58.00577712245285511016845703125" lon="-4.15659424848854541778564453125">
        <ele>103.40000152587890625</ele>
        <time>2026-08-07T11:43:06.000Z</time>
      </trkpt>
      <trkpt lat="58.005654327571392059326171875" lon="-4.156985767185688018798828125">
        <ele>104.8000030517578125</ele>
        <time>2026-08-07T11:43:12.000Z</time>
      </trkpt>
      <trkpt lat="58.00557411275804042816162109375" lon="-4.1574657149612903594970703125">
        <ele>105</ele>
        <time>2026-08-07T11:43:19.000Z</time>
      </trkpt>
      <trkpt lat="58.00556841306388378143310546875" lon="-4.15753352455794811248779296875">
        <ele>105</ele>
        <time>2026-08-07T11:43:20.000Z</time>
      </trkpt>
      <trkpt lat="58.0055676586925983428955078125" lon="-4.1579260490834712982177734375">
        <ele>103.59999847412109375</ele>
        <time>2026-08-07T11:43:25.000Z</time>
      </trkpt>
      <trkpt lat="58.005567491054534912109375" lon="-4.15802068077027797698974609375">
        <ele>103.40000152587890625</ele>
        <time>2026-08-07T11:43:26.000Z</time>
      </trkpt>
      <trkpt lat="58.0055723525583744049072265625" lon="-4.15851018391549587249755859375">
        <ele>102.59999847412109375</ele>
        <time>2026-08-07T11:43:31.000Z</time>
      </trkpt>
      <trkpt lat="58.00557327456772327423095703125" lon="-4.1585989482700824737548828125">
        <ele>102.59999847412109375</ele>
        <time>2026-08-07T11:43:32.000Z</time>
      </trkpt>
      <trkpt lat="58.00555014051496982574462890625" lon="-4.15916916914284229278564453125">
        <ele>103</ele>
        <time>2026-08-07T11:43:39.000Z</time>
      </trkpt>
      <trkpt lat="58.00545089878141880035400390625" lon="-4.15980108082294464111328125">
        <ele>102</ele>
        <time>2026-08-07T11:43:46.000Z</time>
      </trkpt>
      <trkpt lat="58.00539893098175525665283203125" lon="-4.16005396284162998199462890625">
        <ele>101.40000152587890625</ele>
        <time>2026-08-07T11:43:49.000Z</time>
      </trkpt>
      <trkpt lat="58.0053544230759143829345703125" lon="-4.16030374355614185333251953125">
        <ele>101.40000152587890625</ele>
        <time>2026-08-07T11:43:52.000Z</time>
      </trkpt>
      <trkpt lat="58.0053024552762508392333984375" lon="-4.16059191338717937469482421875">
        <ele>102.40000152587890625</ele>
        <time>2026-08-07T11:43:56.000Z</time>
      </trkpt>
      <trkpt lat="58.00528510473668575286865234375" lon="-4.16070506907999515533447265625">
        <ele>102.59999847412109375</ele>
        <time>2026-08-07T11:43:58.000Z</time>
      </trkpt>
      <trkpt lat="58.00525492988526821136474609375" lon="-4.160913527011871337890625">
        <ele>103.59999847412109375</ele>
        <time>2026-08-07T11:44:02.000Z</time>
      </trkpt>
      <trkpt lat="58.005245290696620941162109375" lon="-4.1610166244208812713623046875">
        <ele>104</ele>
        <time>2026-08-07T11:44:04.000Z</time>
      </trkpt>
      <trkpt lat="58.00524671562016010284423828125" lon="-4.1610568575561046600341796875">
        <ele>104.1999969482421875</ele>
        <time>2026-08-07T11:44:05.000Z</time>
      </trkpt>
      <trkpt lat="58.0052494816482067108154296875" lon="-4.16110329329967498779296875">
        <ele>104.1999969482421875</ele>
        <time>2026-08-07T11:44:06.000Z</time>
      </trkpt>
      <trkpt lat="58.00525434315204620361328125" lon="-4.1611460410058498382568359375">
        <ele>104.1999969482421875</ele>
        <time>2026-08-07T11:44:07.000Z</time>
      </trkpt>
      <trkpt lat="58.0052675865590572357177734375" lon="-4.16121602989733219146728515625">
        <ele>104.1999969482421875</ele>
        <time>2026-08-07T11:44:09.000Z</time>
      </trkpt>
      <trkpt lat="58.0052706040441989898681640625" lon="-4.16130621917545795440673828125">
        <ele>104.8000030517578125</ele>
        <time>2026-08-07T11:44:11.000Z</time>
      </trkpt>
      <trkpt lat="58.00528745166957378387451171875" lon="-4.16144653223454952239990234375">
        <ele>105.59999847412109375</ele>
        <time>2026-08-07T11:44:14.000Z</time>
      </trkpt>
      <trkpt lat="58.005300275981426239013671875" lon="-4.1615943051874637603759765625">
        <ele>106</ele>
        <time>2026-08-07T11:44:17.000Z</time>
      </trkpt>
      <trkpt lat="58.00532215274870395660400390625" lon="-4.16176437400281429290771484375">
        <ele>105.59999847412109375</ele>
        <time>2026-08-07T11:44:20.000Z</time>
      </trkpt>
      <trkpt lat="58.00534847192466259002685546875" lon="-4.16212412528693675994873046875">
        <ele>105.1999969482421875</ele>
        <time>2026-08-07T11:44:25.000Z</time>
      </trkpt>
      <trkpt lat="58.0053520761430263519287109375" lon="-4.1621942818164825439453125">
        <ele>105.1999969482421875</ele>
        <time>2026-08-07T11:44:26.000Z</time>
      </trkpt>
      <trkpt lat="58.00537093542516231536865234375" lon="-4.1626376844942569732666015625">
        <ele>104.8000030517578125</ele>
        <time>2026-08-07T11:44:32.000Z</time>
      </trkpt>
      <trkpt lat="58.00539725460112094879150390625" lon="-4.16311570443212985992431640625">
        <ele>104</ele>
        <time>2026-08-07T11:44:37.000Z</time>
      </trkpt>
      <trkpt lat="58.0054043792188167572021484375" lon="-4.1632123477756977081298828125">
        <ele>103.8000030517578125</ele>
        <time>2026-08-07T11:44:38.000Z</time>
      </trkpt>
      <trkpt lat="58.00541049800813198089599609375" lon="-4.16331033222377300262451171875">
        <ele>103.59999847412109375</ele>
        <time>2026-08-07T11:44:39.000Z</time>
      </trkpt>
      <trkpt lat="58.00545391626656055450439453125" lon="-4.16372423060238361358642578125">
        <ele>102.40000152587890625</ele>
        <time>2026-08-07T11:44:43.000Z</time>
      </trkpt>
      <trkpt lat="58.005481995642185211181640625" lon="-4.1640651226043701171875">
        <ele>101.8000030517578125</ele>
        <time>2026-08-07T11:44:46.000Z</time>
      </trkpt>
      <trkpt lat="58.00550051964819431304931640625" lon="-4.16429218836128711700439453125">
        <ele>101.40000152587890625</ele>
        <time>2026-08-07T11:44:48.000Z</time>
      </trkpt>
      <trkpt lat="58.00558752380311489105224609375" lon="-4.16468806564807891845703125">
        <ele>101.40000152587890625</ele>
        <time>2026-08-07T11:44:52.000Z</time>
      </trkpt>
      <trkpt lat="58.0057014338672161102294921875" lon="-4.16503599844872951507568359375">
        <ele>100.59999847412109375</ele>
        <time>2026-08-07T11:44:56.000Z</time>
      </trkpt>
      <trkpt lat="58.00572574138641357421875" lon="-4.16513272561132907867431640625">
        <ele>100.40000152587890625</ele>
        <time>2026-08-07T11:44:57.000Z</time>
      </trkpt>
      <trkpt lat="58.00574409775435924530029296875" lon="-4.165235571563243865966796875">
        <ele>100.1999969482421875</ele>
        <time>2026-08-07T11:44:58.000Z</time>
      </trkpt>
      <trkpt lat="58.005750887095928192138671875" lon="-4.16545542888343334197998046875">
        <ele>100.1999969482421875</ele>
        <time>2026-08-07T11:45:00.000Z</time>
      </trkpt>
      <trkpt lat="58.00572565756738185882568359375" lon="-4.16563798673450946807861328125">
        <ele>100.40000152587890625</ele>
        <time>2026-08-07T11:45:02.000Z</time>
      </trkpt>
      <trkpt lat="58.00564728677272796630859375" lon="-4.1661168448626995086669921875">
        <ele>100.8000030517578125</ele>
        <time>2026-08-07T11:45:07.000Z</time>
      </trkpt>
      <trkpt lat="58.00561375916004180908203125" lon="-4.16642219759523868560791015625">
        <ele>100</ele>
        <time>2026-08-07T11:45:10.000Z</time>
      </trkpt>
      <trkpt lat="58.005602024495601654052734375" lon="-4.16652135550975799560546875">
        <ele>99.8000030517578125</ele>
        <time>2026-08-07T11:45:11.000Z</time>
      </trkpt>
      <trkpt lat="58.00558316521346569061279296875" lon="-4.16672746650874614715576171875">
        <ele>99.59999847412109375</ele>
        <time>2026-08-07T11:45:13.000Z</time>
      </trkpt>
      <trkpt lat="58.00557444803416728973388671875" lon="-4.16683710180222988128662109375">
        <ele>99.8000030517578125</ele>
        <time>2026-08-07T11:45:14.000Z</time>
      </trkpt>
      <trkpt lat="58.00549901090562343597412109375" lon="-4.16758426465094089508056640625">
        <ele>99.8000030517578125</ele>
        <time>2026-08-07T11:45:21.000Z</time>
      </trkpt>
      <trkpt lat="58.00546682439744472503662109375" lon="-4.167783670127391815185546875">
        <ele>99</ele>
        <time>2026-08-07T11:45:23.000Z</time>
      </trkpt>
      <trkpt lat="58.00541929900646209716796875" lon="-4.16806806810200214385986328125">
        <ele>98.8000030517578125</ele>
        <time>2026-08-07T11:45:26.000Z</time>
      </trkpt>
      <trkpt lat="58.00539624877274036407470703125" lon="-4.16814853437244892120361328125">
        <ele>99.1999969482421875</ele>
        <time>2026-08-07T11:45:27.000Z</time>
      </trkpt>
      <trkpt lat="58.00534444861114025115966796875" lon="-4.16831064037978649139404296875">
        <ele>99.8000030517578125</ele>
        <time>2026-08-07T11:45:29.000Z</time>
      </trkpt>
      <trkpt lat="58.005309998989105224609375" lon="-4.16839621961116790771484375">
        <ele>100</ele>
        <time>2026-08-07T11:45:30.000Z</time>
      </trkpt>
      <trkpt lat="58.00526683218777179718017578125" lon="-4.16847643442451953887939453125">
        <ele>100</ele>
        <time>2026-08-07T11:45:31.000Z</time>
      </trkpt>
      <trkpt lat="58.00517245195806026458740234375" lon="-4.16858321987092494964599609375">
        <ele>99.8000030517578125</ele>
        <time>2026-08-07T11:45:33.000Z</time>
      </trkpt>
      <trkpt lat="58.00511914305388927459716796875" lon="-4.168618507683277130126953125">
        <ele>99.8000030517578125</ele>
        <time>2026-08-07T11:45:34.000Z</time>
      </trkpt>
      <trkpt lat="58.00491881556808948516845703125" lon="-4.16878924705088138580322265625">
        <ele>99.1999969482421875</ele>
        <time>2026-08-07T11:45:38.000Z</time>
      </trkpt>
      <trkpt lat="58.0048712901771068572998046875" lon="-4.16884590871632099151611328125">
        <ele>98.8000030517578125</ele>
        <time>2026-08-07T11:45:39.000Z</time>
      </trkpt>
      <trkpt lat="58.0048266984522342681884765625" lon="-4.1689117066562175750732421875">
        <ele>98.8000030517578125</ele>
        <time>2026-08-07T11:45:40.000Z</time>
      </trkpt>
      <trkpt lat="58.0047445558011531829833984375" lon="-4.16906668804585933685302734375">
        <ele>98.59999847412109375</ele>
        <time>2026-08-07T11:45:42.000Z</time>
      </trkpt>
      <trkpt lat="58.0047118663787841796875" lon="-4.16915670968592166900634765625">
        <ele>98.1999969482421875</ele>
        <time>2026-08-07T11:45:43.000Z</time>
      </trkpt>
      <trkpt lat="58.00467766821384429931640625" lon="-4.1692563705146312713623046875">
        <ele>97.8000030517578125</ele>
        <time>2026-08-07T11:45:44.000Z</time>
      </trkpt>
      <trkpt lat="58.0045454017817974090576171875" lon="-4.1696794889867305755615234375">
        <ele>96.8000030517578125</ele>
        <time>2026-08-07T11:45:48.000Z</time>
      </trkpt>
      <trkpt lat="58.004472814500331878662109375" lon="-4.16988610289990901947021484375">
        <ele>96</ele>
        <time>2026-08-07T11:45:51.000Z</time>
      </trkpt>
      <trkpt lat="58.00444842316210269927978515625" lon="-4.16995081119239330291748046875">
        <ele>95.59999847412109375</ele>
        <time>2026-08-07T11:45:52.000Z</time>
      </trkpt>
      <trkpt lat="58.00436116755008697509765625" lon="-4.17021065019071102142333984375">
        <ele>93.8000030517578125</ele>
        <time>2026-08-07T11:45:55.000Z</time>
      </trkpt>
      <trkpt lat="58.0043227784335613250732421875" lon="-4.17031441815197467803955078125">
        <ele>93.1999969482421875</ele>
        <time>2026-08-07T11:45:56.000Z</time>
      </trkpt>
      <trkpt lat="58.0042827129364013671875" lon="-4.17042531073093414306640625">
        <ele>92.59999847412109375</ele>
        <time>2026-08-07T11:45:57.000Z</time>
      </trkpt>
      <trkpt lat="58.0042205192148685455322265625" lon="-4.17063720524311065673828125">
        <ele>91</ele>
        <time>2026-08-07T11:45:59.000Z</time>
      </trkpt>
      <trkpt lat="58.00420266576111316680908203125" lon="-4.17071892879903316497802734375">
        <ele>90.40000152587890625</ele>
        <time>2026-08-07T11:46:00.000Z</time>
      </trkpt>
      <trkpt lat="58.00418791361153125762939453125" lon="-4.170800484716892242431640625">
        <ele>89.59999847412109375</ele>
        <time>2026-08-07T11:46:01.000Z</time>
      </trkpt>
      <trkpt lat="58.00416461192071437835693359375" lon="-4.1709796898066997528076171875">
        <ele>88.8000030517578125</ele>
        <time>2026-08-07T11:46:03.000Z</time>
      </trkpt>
      <trkpt lat="58.00416947342455387115478515625" lon="-4.17109963484108448028564453125">
        <ele>88.1999969482421875</ele>
        <time>2026-08-07T11:46:04.000Z</time>
      </trkpt>
      <trkpt lat="58.00418305210769176483154296875" lon="-4.17138294316828250885009765625">
        <ele>86.8000030517578125</ele>
        <time>2026-08-07T11:46:06.000Z</time>
      </trkpt>
      <trkpt lat="58.00419126637279987335205078125" lon="-4.17167597450315952301025390625">
        <ele>84.59999847412109375</ele>
        <time>2026-08-07T11:46:08.000Z</time>
      </trkpt>
      <trkpt lat="58.00418489612638950347900390625" lon="-4.171967916190624237060546875">
        <ele>82.40000152587890625</ele>
        <time>2026-08-07T11:46:10.000Z</time>
      </trkpt>
      <trkpt lat="58.00419445149600505828857421875" lon="-4.17208693921566009521484375">
        <ele>81.1999969482421875</ele>
        <time>2026-08-07T11:46:11.000Z</time>
      </trkpt>
      <trkpt lat="58.004199899733066558837890625" lon="-4.17220051400363445281982421875">
        <ele>80</ele>
        <time>2026-08-07T11:46:12.000Z</time>
      </trkpt>
      <trkpt lat="58.0042131431400775909423828125" lon="-4.1722979955375194549560546875">
        <ele>78.8000030517578125</ele>
        <time>2026-08-07T11:46:13.000Z</time>
      </trkpt>
      <trkpt lat="58.00423015840351581573486328125" lon="-4.17238600552082061767578125">
        <ele>77.8000030517578125</ele>
        <time>2026-08-07T11:46:14.000Z</time>
      </trkpt>
      <trkpt lat="58.004254885017871856689453125" lon="-4.17247141711413860321044921875">
        <ele>76.8000030517578125</ele>
        <time>2026-08-07T11:46:15.000Z</time>
      </trkpt>
      <trkpt lat="58.00429687835276126861572265625" lon="-4.1725393943488597869873046875">
        <ele>76.1999969482421875</ele>
        <time>2026-08-07T11:46:16.000Z</time>
      </trkpt>
      <trkpt lat="58.00438505597412586212158203125" lon="-4.17270074598491191864013671875">
        <ele>74.1999969482421875</ele>
        <time>2026-08-07T11:46:18.000Z</time>
      </trkpt>
      <trkpt lat="58.00443517975509166717529296875" lon="-4.17278406210243701934814453125">
        <ele>73</ele>
        <time>2026-08-07T11:46:19.000Z</time>
      </trkpt>
      <trkpt lat="58.00448932684957981109619140625" lon="-4.17288732714951038360595703125">
        <ele>72</ele>
        <time>2026-08-07T11:46:20.000Z</time>
      </trkpt>
      <trkpt lat="58.00454531796276569366455078125" lon="-4.1730037517845630645751953125">
        <ele>70.8000030517578125</ele>
        <time>2026-08-07T11:46:21.000Z</time>
      </trkpt>
      <trkpt lat="58.0046020634472370147705078125" lon="-4.173112213611602783203125">
        <ele>69.1999969482421875</ele>
        <time>2026-08-07T11:46:22.000Z</time>
      </trkpt>
      <trkpt lat="58.00471781753003597259521484375" lon="-4.17335771955549716949462890625">
        <ele>66.59999847412109375</ele>
        <time>2026-08-07T11:46:24.000Z</time>
      </trkpt>
      <trkpt lat="58.00478554330766201019287109375" lon="-4.1734882257878780364990234375">
        <ele>64.59999847412109375</ele>
        <time>2026-08-07T11:46:25.000Z</time>
      </trkpt>
      <trkpt lat="58.0048473179340362548828125" lon="-4.17362250387668609619140625">
        <ele>62.59999847412109375</ele>
        <time>2026-08-07T11:46:26.000Z</time>
      </trkpt>
      <trkpt lat="58.00491143949329853057861328125" lon="-4.173760302364826202392578125">
        <ele>61</ele>
        <time>2026-08-07T11:46:27.000Z</time>
      </trkpt>
      <trkpt lat="58.0049742199480533599853515625" lon="-4.17389030568301677703857421875">
        <ele>59.799999237060546875</ele>
        <time>2026-08-07T11:46:28.000Z</time>
      </trkpt>
      <trkpt lat="58.00503850914537906646728515625" lon="-4.1740055568516254425048828125">
        <ele>58.799999237060546875</ele>
        <time>2026-08-07T11:46:29.000Z</time>
      </trkpt>
      <trkpt lat="58.0051009543240070343017578125" lon="-4.17411779053509235382080078125">
        <ele>57.40000152587890625</ele>
        <time>2026-08-07T11:46:30.000Z</time>
      </trkpt>
      <trkpt lat="58.005208410322666168212890625" lon="-4.17433404363691806793212890625">
        <ele>56.200000762939453125</ele>
        <time>2026-08-07T11:46:32.000Z</time>
      </trkpt>
      <trkpt lat="58.00535836257040500640869140625" lon="-4.1746818087995052337646484375">
        <ele>54.59999847412109375</ele>
        <time>2026-08-07T11:46:35.000Z</time>
      </trkpt>
      <trkpt lat="58.00542038865387439727783203125" lon="-4.174783565104007720947265625">
        <ele>54</ele>
        <time>2026-08-07T11:46:36.000Z</time>
      </trkpt>
      <trkpt lat="58.00549431703984737396240234375" lon="-4.17486059479415416717529296875">
        <ele>53.200000762939453125</ele>
        <time>2026-08-07T11:46:37.000Z</time>
      </trkpt>
      <trkpt lat="58.00565424375236034393310546875" lon="-4.174995124340057373046875">
        <ele>52</ele>
        <time>2026-08-07T11:46:39.000Z</time>
      </trkpt>
      <trkpt lat="58.00582565367221832275390625" lon="-4.1751198470592498779296875">
        <ele>50.40000152587890625</ele>
        <time>2026-08-07T11:46:41.000Z</time>
      </trkpt>
      <trkpt lat="58.00607233308255672454833984375" lon="-4.175359904766082763671875">
        <ele>49.200000762939453125</ele>
        <time>2026-08-07T11:46:44.000Z</time>
      </trkpt>
      <trkpt lat="58.0064417235553264617919921875" lon="-4.17584362439811229705810546875">
        <ele>48</ele>
        <time>2026-08-07T11:46:49.000Z</time>
      </trkpt>
      <trkpt lat="58.00665319897234439849853515625" lon="-4.17620010673999786376953125">
        <ele>46.200000762939453125</ele>
        <time>2026-08-07T11:46:52.000Z</time>
      </trkpt>
      <trkpt lat="58.0067961104214191436767578125" lon="-4.1764540784060955047607421875">
        <ele>44.799999237060546875</ele>
        <time>2026-08-07T11:46:54.000Z</time>
      </trkpt>
      <trkpt lat="58.0068728886544704437255859375" lon="-4.17656949721276760101318359375">
        <ele>43.59999847412109375</ele>
        <time>2026-08-07T11:46:55.000Z</time>
      </trkpt>
      <trkpt lat="58.0070113576948642730712890625" lon="-4.17675876058638095855712890625">
        <ele>41.799999237060546875</ele>
        <time>2026-08-07T11:46:57.000Z</time>
      </trkpt>
      <trkpt lat="58.00706793554127216339111328125" lon="-4.17684274725615978240966796875">
        <ele>40.799999237060546875</ele>
        <time>2026-08-07T11:46:58.000Z</time>
      </trkpt>
      <trkpt lat="58.00711579620838165283203125" lon="-4.17691013775765895843505859375">
        <ele>40.40000152587890625</ele>
        <time>2026-08-07T11:46:59.000Z</time>
      </trkpt>
      <trkpt lat="58.007205314934253692626953125" lon="-4.17702999897301197052001953125">
        <ele>39</ele>
        <time>2026-08-07T11:47:01.000Z</time>
      </trkpt>
      <trkpt lat="58.0072269402444362640380859375" lon="-4.1771100461483001708984375">
        <ele>38.59999847412109375</ele>
        <time>2026-08-07T11:47:02.000Z</time>
      </trkpt>
      <trkpt lat="58.00722266547381877899169921875" lon="-4.17717768810689449310302734375">
        <ele>38</ele>
        <time>2026-08-07T11:47:03.000Z</time>
      </trkpt>
      <trkpt lat="58.00716700963675975799560546875" lon="-4.17724155820906162261962890625">
        <ele>36.799999237060546875</ele>
        <time>2026-08-07T11:47:05.000Z</time>
      </trkpt>
      <trkpt lat="58.007011525332927703857421875" lon="-4.17720132507383823394775390625">
        <ele>35.59999847412109375</ele>
        <time>2026-08-07T11:47:08.000Z</time>
      </trkpt>
      <trkpt lat="58.0068775825202465057373046875" lon="-4.17721892707049846649169921875">
        <ele>34.200000762939453125</ele>
        <time>2026-08-07T11:47:10.000Z</time>
      </trkpt>
      <trkpt lat="58.00675210542976856231689453125" lon="-4.1772798635065555572509765625">
        <ele>33</ele>
        <time>2026-08-07T11:47:12.000Z</time>
      </trkpt>
      <trkpt lat="58.0066143907606601715087890625" lon="-4.17736695148050785064697265625">
        <ele>31.3999996185302734375</ele>
        <time>2026-08-07T11:47:14.000Z</time>
      </trkpt>
      <trkpt lat="58.00645505078136920928955078125" lon="-4.177423529326915740966796875">
        <ele>30.3999996185302734375</ele>
        <time>2026-08-07T11:47:16.000Z</time>
      </trkpt>
      <trkpt lat="58.0063833855092525482177734375" lon="-4.17744339443743228912353515625">
        <ele>30</ele>
        <time>2026-08-07T11:47:17.000Z</time>
      </trkpt>
      <trkpt lat="58.00623075105249881744384765625" lon="-4.1774669475853443145751953125">
        <ele>29</ele>
        <time>2026-08-07T11:47:19.000Z</time>
      </trkpt>
      <trkpt lat="58.00607803277671337127685546875" lon="-4.177498631179332733154296875">
        <ele>27.3999996185302734375</ele>
        <time>2026-08-07T11:47:21.000Z</time>
      </trkpt>
      <trkpt lat="58.0060102231800556182861328125" lon="-4.1775068454444408416748046875">
        <ele>27.200000762939453125</ele>
        <time>2026-08-07T11:47:22.000Z</time>
      </trkpt>
      <trkpt lat="58.0059371329843997955322265625" lon="-4.1775169037282466888427734375">
        <ele>26.3999996185302734375</ele>
        <time>2026-08-07T11:47:23.000Z</time>
      </trkpt>
      <trkpt lat="58.00586831755936145782470703125" lon="-4.17752419598400592803955078125">
        <ele>25.3999996185302734375</ele>
        <time>2026-08-07T11:47:24.000Z</time>
      </trkpt>
      <trkpt lat="58.00579841248691082000732421875" lon="-4.17754917405545711517333984375">
        <ele>25.3999996185302734375</ele>
        <time>2026-08-07T11:47:25.000Z</time>
      </trkpt>
      <trkpt lat="58.00565809942781925201416015625" lon="-4.17757146991789340972900390625">
        <ele>25</ele>
        <time>2026-08-07T11:47:27.000Z</time>
      </trkpt>
      <trkpt lat="58.00552113912999629974365234375" lon="-4.1775982081890106201171875">
        <ele>24.200000762939453125</ele>
        <time>2026-08-07T11:47:29.000Z</time>
      </trkpt>
      <trkpt lat="58.0054553411900997161865234375" lon="-4.177589155733585357666015625">
        <ele>23.799999237060546875</ele>
        <time>2026-08-07T11:47:30.000Z</time>
      </trkpt>
      <trkpt lat="58.00539842806756496429443359375" lon="-4.177583791315555572509765625">
        <ele>23.6000003814697265625</ele>
        <time>2026-08-07T11:47:31.000Z</time>
      </trkpt>
      <trkpt lat="58.00533774308860301971435546875" lon="-4.1775977052748203277587890625">
        <ele>23.200000762939453125</ele>
        <time>2026-08-07T11:47:32.000Z</time>
      </trkpt>
      <trkpt lat="58.00519055686891078948974609375" lon="-4.1776262037456035614013671875">
        <ele>21.799999237060546875</ele>
        <time>2026-08-07T11:47:35.000Z</time>
      </trkpt>
      <trkpt lat="58.005064912140369415283203125" lon="-4.17777230031788349151611328125">
        <ele>21.3999996185302734375</ele>
        <time>2026-08-07T11:47:40.000Z</time>
      </trkpt>
      <trkpt lat="58.00510707311332225799560546875" lon="-4.1779849492013454437255859375">
        <ele>21</ele>
        <time>2026-08-07T11:47:43.000Z</time>
      </trkpt>
      <trkpt lat="58.00513925962150096893310546875" lon="-4.1782826744019985198974609375">
        <ele>20.799999237060546875</ele>
        <time>2026-08-07T11:47:47.000Z</time>
      </trkpt>
      <trkpt lat="58.00514965318143367767333984375" lon="-4.17842994444072246551513671875">
        <ele>20.6000003814697265625</ele>
        <time>2026-08-07T11:47:49.000Z</time>
      </trkpt>
      <trkpt lat="58.0051539279520511627197265625" lon="-4.17878081090748310089111328125">
        <ele>20.799999237060546875</ele>
        <time>2026-08-07T11:47:54.000Z</time>
      </trkpt>
      <trkpt lat="58.00514948554337024688720703125" lon="-4.17916051112115383148193359375">
        <ele>20.799999237060546875</ele>
        <time>2026-08-07T11:47:59.000Z</time>
      </trkpt>
      <trkpt lat="58.00513909198343753814697265625" lon="-4.179299734532833099365234375">
        <ele>19.6000003814697265625</ele>
        <time>2026-08-07T11:48:01.000Z</time>
      </trkpt>
      <trkpt lat="58.00511377863585948944091796875" lon="-4.1795718111097812652587890625">
        <ele>19.799999237060546875</ele>
        <time>2026-08-07T11:48:05.000Z</time>
      </trkpt>
      <trkpt lat="58.00507488660514354705810546875" lon="-4.179995097219944000244140625">
        <ele>19.200000762939453125</ele>
        <time>2026-08-07T11:48:11.000Z</time>
      </trkpt>
      <trkpt lat="58.005040772259235382080078125" lon="-4.18046356178820133209228515625">
        <ele>18.799999237060546875</ele>
        <time>2026-08-07T11:48:17.000Z</time>
      </trkpt>
      <trkpt lat="58.0050312168896198272705078125" lon="-4.1805421002209186553955078125">
        <ele>18.799999237060546875</ele>
        <time>2026-08-07T11:48:18.000Z</time>
      </trkpt>
      <trkpt lat="58.00502124242484569549560546875" lon="-4.18069607578217983245849609375">
        <ele>19.3999996185302734375</ele>
        <time>2026-08-07T11:48:20.000Z</time>
      </trkpt>
      <trkpt lat="58.00499374978244304656982421875" lon="-4.18107359670102596282958984375">
        <ele>20.6000003814697265625</ele>
        <time>2026-08-07T11:48:25.000Z</time>
      </trkpt>
      <trkpt lat="58.0049903132021427154541015625" lon="-4.18114484287798404693603515625">
        <ele>20.6000003814697265625</ele>
        <time>2026-08-07T11:48:26.000Z</time>
      </trkpt>
      <trkpt lat="58.00495259463787078857421875" lon="-4.18162864632904529571533203125">
        <ele>21.200000762939453125</ele>
        <time>2026-08-07T11:48:32.000Z</time>
      </trkpt>
      <trkpt lat="58.0049326457083225250244140625" lon="-4.181963168084621429443359375">
        <ele>21.6000003814697265625</ele>
        <time>2026-08-07T11:48:36.000Z</time>
      </trkpt>
      <trkpt lat="58.00492518581449985504150390625" lon="-4.1820260323584079742431640625">
        <ele>21.6000003814697265625</ele>
        <time>2026-08-07T11:48:37.000Z</time>
      </trkpt>
      <trkpt lat="58.004921413958072662353515625" lon="-4.1821108572185039520263671875">
        <ele>22.200000762939453125</ele>
        <time>2026-08-07T11:48:38.000Z</time>
      </trkpt>
      <trkpt lat="58.0049182288348674774169921875" lon="-4.1821856237947940826416015625">
        <ele>22.799999237060546875</ele>
        <time>2026-08-07T11:48:39.000Z</time>
      </trkpt>
      <trkpt lat="58.004894591867923736572265625" lon="-4.18250489048659801483154296875">
        <ele>22.6000003814697265625</ele>
        <time>2026-08-07T11:48:43.000Z</time>
      </trkpt>
      <trkpt lat="58.00488612614572048187255859375" lon="-4.18265375308692455291748046875">
        <ele>21.6000003814697265625</ele>
        <time>2026-08-07T11:48:45.000Z</time>
      </trkpt>
      <trkpt lat="58.00485058687627315521240234375" lon="-4.1831220500171184539794921875">
        <ele>21.200000762939453125</ele>
        <time>2026-08-07T11:48:51.000Z</time>
      </trkpt>
      <trkpt lat="58.0048179812729358673095703125" lon="-4.18345036916434764862060546875">
        <ele>23</ele>
        <time>2026-08-07T11:48:55.000Z</time>
      </trkpt>
      <trkpt lat="58.00479996018111705780029296875" lon="-4.18361348100006580352783203125">
        <ele>24</ele>
        <time>2026-08-07T11:48:57.000Z</time>
      </trkpt>
      <trkpt lat="58.00478755496442317962646484375" lon="-4.183690510690212249755859375">
        <ele>24</ele>
        <time>2026-08-07T11:48:58.000Z</time>
      </trkpt>
      <trkpt lat="58.0047358386218547821044921875" lon="-4.1840113699436187744140625">
        <ele>24</ele>
        <time>2026-08-07T11:49:02.000Z</time>
      </trkpt>
      <trkpt lat="58.0047190748155117034912109375" lon="-4.1840863041579723358154296875">
        <ele>24</ele>
        <time>2026-08-07T11:49:03.000Z</time>
      </trkpt>
      <trkpt lat="58.00470138899981975555419921875" lon="-4.18415880762040615081787109375">
        <ele>24</ele>
        <time>2026-08-07T11:49:04.000Z</time>
      </trkpt>
      <trkpt lat="58.00466425716876983642578125" lon="-4.1843065805733203887939453125">
        <ele>24</ele>
        <time>2026-08-07T11:49:06.000Z</time>
      </trkpt>
      <trkpt lat="58.00448060967028141021728515625" lon="-4.184843190014362335205078125">
        <ele>24.200000762939453125</ele>
        <time>2026-08-07T11:49:14.000Z</time>
      </trkpt>
      <trkpt lat="58.00440500490367412567138671875" lon="-4.1850388236343860626220703125">
        <ele>24.3999996185302734375</ele>
        <time>2026-08-07T11:49:17.000Z</time>
      </trkpt>
      <trkpt lat="58.004354126751422882080078125" lon="-4.1851622052490711212158203125">
        <ele>24.3999996185302734375</ele>
        <time>2026-08-07T11:49:19.000Z</time>
      </trkpt>
      <trkpt lat="58.0042993091046810150146484375" lon="-4.18528139591217041015625">
        <ele>24.200000762939453125</ele>
        <time>2026-08-07T11:49:21.000Z</time>
      </trkpt>
      <trkpt lat="58.00416628830134868621826171875" lon="-4.18561440892517566680908203125">
        <ele>24.6000003814697265625</ele>
        <time>2026-08-07T11:49:26.000Z</time>
      </trkpt>
      <trkpt lat="58.0040051043033599853515625" lon="-4.18600785546004772186279296875">
        <ele>25.200000762939453125</ele>
        <time>2026-08-07T11:49:32.000Z</time>
      </trkpt>
      <trkpt lat="58.00397467799484729766845703125" lon="-4.18606820516288280487060546875">
        <ele>25.6000003814697265625</ele>
        <time>2026-08-07T11:49:33.000Z</time>
      </trkpt>
      <trkpt lat="58.0039489455521106719970703125" lon="-4.1861355118453502655029296875">
        <ele>25.6000003814697265625</ele>
        <time>2026-08-07T11:49:34.000Z</time>
      </trkpt>
      <trkpt lat="58.00379681400954723358154296875" lon="-4.18649953790009021759033203125">
        <ele>26.200000762939453125</ele>
        <time>2026-08-07T11:49:40.000Z</time>
      </trkpt>
      <trkpt lat="58.0037216283380985260009765625" lon="-4.18668746016919612884521484375">
        <ele>26</ele>
        <time>2026-08-07T11:49:43.000Z</time>
      </trkpt>
      <trkpt lat="58.0036495439708232879638671875" lon="-4.18687437660992145538330078125">
        <ele>26.200000762939453125</ele>
        <time>2026-08-07T11:49:46.000Z</time>
      </trkpt>
      <trkpt lat="58.0036243982613086700439453125" lon="-4.18693707324564456939697265625">
        <ele>26</ele>
        <time>2026-08-07T11:49:47.000Z</time>
      </trkpt>
      <trkpt lat="58.0034638009965419769287109375" lon="-4.18730822391808032989501953125">
        <ele>25.6000003814697265625</ele>
        <time>2026-08-07T11:49:53.000Z</time>
      </trkpt>
      <trkpt lat="58.003385849297046661376953125" lon="-4.18751156888902187347412109375">
        <ele>25.799999237060546875</ele>
        <time>2026-08-07T11:49:56.000Z</time>
      </trkpt>
      <trkpt lat="58.003332205116748809814453125" lon="-4.18765372596681118011474609375">
        <ele>25.3999996185302734375</ele>
        <time>2026-08-07T11:49:58.000Z</time>
      </trkpt>
      <trkpt lat="58.00330781377851963043212890625" lon="-4.1877230443060398101806640625">
        <ele>24.799999237060546875</ele>
        <time>2026-08-07T11:49:59.000Z</time>
      </trkpt>
      <trkpt lat="58.0032621324062347412109375" lon="-4.18787132017314434051513671875">
        <ele>24</ele>
        <time>2026-08-07T11:50:01.000Z</time>
      </trkpt>
      <trkpt lat="58.00317722372710704803466796875" lon="-4.1881639324128627777099609375">
        <ele>24</ele>
        <time>2026-08-07T11:50:05.000Z</time>
      </trkpt>
      <trkpt lat="58.0031239986419677734375" lon="-4.18840549886226654052734375">
        <ele>24.3999996185302734375</ele>
        <time>2026-08-07T11:50:08.000Z</time>
      </trkpt>
      <trkpt lat="58.00307630561292171478271484375" lon="-4.188651256263256072998046875">
        <ele>24.799999237060546875</ele>
        <time>2026-08-07T11:50:11.000Z</time>
      </trkpt>
      <trkpt lat="58.00304948352277278900146484375" lon="-4.18883859179913997650146484375">
        <ele>24.799999237060546875</ele>
        <time>2026-08-07T11:50:13.000Z</time>
      </trkpt>
      <trkpt lat="58.0030098371207714080810546875" lon="-4.18919934891164302825927734375">
        <ele>25</ele>
        <time>2026-08-07T11:50:17.000Z</time>
      </trkpt>
      <trkpt lat="58.00300539471209049224853515625" lon="-4.1892894543707370758056640625">
        <ele>25.6000003814697265625</ele>
        <time>2026-08-07T11:50:18.000Z</time>
      </trkpt>
      <trkpt lat="58.00299583934247493743896484375" lon="-4.1894785501062870025634765625">
        <ele>26</ele>
        <time>2026-08-07T11:50:20.000Z</time>
      </trkpt>
      <trkpt lat="58.0029917322099208831787109375" lon="-4.189768396317958831787109375">
        <ele>26</ele>
        <time>2026-08-07T11:50:23.000Z</time>
      </trkpt>
      <trkpt lat="58.0029954202473163604736328125" lon="-4.18996310792863368988037109375">
        <ele>25.799999237060546875</ele>
        <time>2026-08-07T11:50:25.000Z</time>
      </trkpt>
      <trkpt lat="58.0030074901878833770751953125" lon="-4.1903462447226047515869140625">
        <ele>26.200000762939453125</ele>
        <time>2026-08-07T11:50:29.000Z</time>
      </trkpt>
      <trkpt lat="58.003030121326446533203125" lon="-4.19067791663110256195068359375">
        <ele>26</ele>
        <time>2026-08-07T11:50:33.000Z</time>
      </trkpt>
      <trkpt lat="58.003062643110752105712890625" lon="-4.1911797411739826202392578125">
        <ele>25.200000762939453125</ele>
        <time>2026-08-07T11:50:39.000Z</time>
      </trkpt>
      <trkpt lat="58.00306842662394046783447265625" lon="-4.1912739537656307220458984375">
        <ele>25</ele>
        <time>2026-08-07T11:50:40.000Z</time>
      </trkpt>
      <trkpt lat="58.00310262478888034820556640625" lon="-4.19172096066176891326904296875">
        <ele>24.3999996185302734375</ele>
        <time>2026-08-07T11:50:45.000Z</time>
      </trkpt>
      <trkpt lat="58.00313078798353672027587890625" lon="-4.19224566780030727386474609375">
        <ele>24.6000003814697265625</ele>
        <time>2026-08-07T11:50:51.000Z</time>
      </trkpt>
      <trkpt lat="58.00314906053245067596435546875" lon="-4.19249276630580425262451171875">
        <ele>23.6000003814697265625</ele>
        <time>2026-08-07T11:50:54.000Z</time>
      </trkpt>
      <trkpt lat="58.0031690932810306549072265625" lon="-4.19282753951847553253173828125">
        <ele>24</ele>
        <time>2026-08-07T11:50:58.000Z</time>
      </trkpt>
      <trkpt lat="58.0031969211995601654052734375" lon="-4.19328049756586551666259765625">
        <ele>24.6000003814697265625</ele>
        <time>2026-08-07T11:51:04.000Z</time>
      </trkpt>
      <trkpt lat="58.00322793424129486083984375" lon="-4.193803109228610992431640625">
        <ele>24</ele>
        <time>2026-08-07T11:51:11.000Z</time>
      </trkpt>
      <trkpt lat="58.0032475478947162628173828125" lon="-4.1940562427043914794921875">
        <ele>23.3999996185302734375</ele>
        <time>2026-08-07T11:51:14.000Z</time>
      </trkpt>
      <trkpt lat="58.00326288677752017974853515625" lon="-4.19421918690204620361328125">
        <ele>22.200000762939453125</ele>
        <time>2026-08-07T11:51:16.000Z</time>
      </trkpt>
      <trkpt lat="58.00329540856182575225830078125" lon="-4.1947447322309017181396484375">
        <ele>23.200000762939453125</ele>
        <time>2026-08-07T11:51:23.000Z</time>
      </trkpt>
      <trkpt lat="58.0032998509705066680908203125" lon="-4.1948178224265575408935546875">
        <ele>23.3999996185302734375</ele>
        <time>2026-08-07T11:51:24.000Z</time>
      </trkpt>
      <trkpt lat="58.00332625396549701690673828125" lon="-4.19527555815875530242919921875">
        <ele>24.3999996185302734375</ele>
        <time>2026-08-07T11:51:30.000Z</time>
      </trkpt>
      <trkpt lat="58.003336228430271148681640625" lon="-4.19550924561917781829833984375">
        <ele>24.6000003814697265625</ele>
        <time>2026-08-07T11:51:33.000Z</time>
      </trkpt>
      <trkpt lat="58.003389872610569000244140625" lon="-4.19625573791563510894775390625">
        <ele>23.799999237060546875</ele>
        <time>2026-08-07T11:51:42.000Z</time>
      </trkpt>
      <trkpt lat="58.00341141410171985626220703125" lon="-4.196741469204425811767578125">
        <ele>22.799999237060546875</ele>
        <time>2026-08-07T11:51:48.000Z</time>
      </trkpt>
      <trkpt lat="58.0034353025257587432861328125" lon="-4.1970588080585002899169921875">
        <ele>22.6000003814697265625</ele>
        <time>2026-08-07T11:51:52.000Z</time>
      </trkpt>
      <trkpt lat="58.00345550291240215301513671875" lon="-4.19729777611792087554931640625">
        <ele>23</ele>
        <time>2026-08-07T11:51:55.000Z</time>
      </trkpt>
      <trkpt lat="58.0034718476235866546630859375" lon="-4.19760991819202899932861328125">
        <ele>22.799999237060546875</ele>
        <time>2026-08-07T11:51:59.000Z</time>
      </trkpt>
      <trkpt lat="58.0034762062132358551025390625" lon="-4.19769105501472949981689453125">
        <ele>22.799999237060546875</ele>
        <time>2026-08-07T11:52:00.000Z</time>
      </trkpt>
      <trkpt lat="58.003478385508060455322265625" lon="-4.19776984490454196929931640625">
        <ele>22.799999237060546875</ele>
        <time>2026-08-07T11:52:01.000Z</time>
      </trkpt>
      <trkpt lat="58.00348366610705852508544921875" lon="-4.19784419238567352294921875">
        <ele>23</ele>
        <time>2026-08-07T11:52:02.000Z</time>
      </trkpt>
      <trkpt lat="58.0034939758479595184326171875" lon="-4.1979861818253993988037109375">
        <ele>23.3999996185302734375</ele>
        <time>2026-08-07T11:52:04.000Z</time>
      </trkpt>
      <trkpt lat="58.00350847654044628143310546875" lon="-4.198297820985317230224609375">
        <ele>23.200000762939453125</ele>
        <time>2026-08-07T11:52:08.000Z</time>
      </trkpt>
      <trkpt lat="58.0035144276916980743408203125" lon="-4.1983697377145290374755859375">
        <ele>23</ele>
        <time>2026-08-07T11:52:09.000Z</time>
      </trkpt>
      <trkpt lat="58.00356010906398296356201171875" lon="-4.19902478344738483428955078125">
        <ele>24</ele>
        <time>2026-08-07T11:52:18.000Z</time>
      </trkpt>
      <trkpt lat="58.003572262823581695556640625" lon="-4.1991646774113178253173828125">
        <ele>24.3999996185302734375</ele>
        <time>2026-08-07T11:52:20.000Z</time>
      </trkpt>
      <trkpt lat="58.0035942234098911285400390625" lon="-4.1993608139455318450927734375">
        <ele>24.799999237060546875</ele>
        <time>2026-08-07T11:52:23.000Z</time>
      </trkpt>
      <trkpt lat="58.0036032758653163909912109375" lon="-4.19942627660930156707763671875">
        <ele>24.799999237060546875</ele>
        <time>2026-08-07T11:52:24.000Z</time>
      </trkpt>
      <trkpt lat="58.00361827947199344635009765625" lon="-4.19948830269277095794677734375">
        <ele>25</ele>
        <time>2026-08-07T11:52:25.000Z</time>
      </trkpt>
      <trkpt lat="58.003662787377834320068359375" lon="-4.19983682222664356231689453125">
        <ele>24.200000762939453125</ele>
        <time>2026-08-07T11:52:29.000Z</time>
      </trkpt>
      <trkpt lat="58.00367318093776702880859375" lon="-4.199924580752849578857421875">
        <ele>24</ele>
        <time>2026-08-07T11:52:30.000Z</time>
      </trkpt>
      <trkpt lat="58.0037176050245761871337890625" lon="-4.20015751384198665618896484375">
        <ele>25</ele>
        <time>2026-08-07T11:52:33.000Z</time>
      </trkpt>
      <trkpt lat="58.003739900887012481689453125" lon="-4.2002342082560062408447265625">
        <ele>25.6000003814697265625</ele>
        <time>2026-08-07T11:52:34.000Z</time>
      </trkpt>
      <trkpt lat="58.00377803854644298553466796875" lon="-4.20038650743663311004638671875">
        <ele>25.799999237060546875</ele>
        <time>2026-08-07T11:52:36.000Z</time>
      </trkpt>
      <trkpt lat="58.0038844048976898193359375" lon="-4.20082069002091884613037109375">
        <ele>25.799999237060546875</ele>
        <time>2026-08-07T11:52:42.000Z</time>
      </trkpt>
      <trkpt lat="58.00390074960887432098388671875" lon="-4.2008913494646549224853515625">
        <ele>26</ele>
        <time>2026-08-07T11:52:43.000Z</time>
      </trkpt>
      <trkpt lat="58.00393662415444850921630859375" lon="-4.201043732464313507080078125">
        <ele>26.6000003814697265625</ele>
        <time>2026-08-07T11:52:45.000Z</time>
      </trkpt>
      <trkpt lat="58.003995716571807861328125" lon="-4.20127884484827518463134765625">
        <ele>27.6000003814697265625</ele>
        <time>2026-08-07T11:52:48.000Z</time>
      </trkpt>
      <trkpt lat="58.00403469242155551910400390625" lon="-4.20143994502723217010498046875">
        <ele>27.799999237060546875</ele>
        <time>2026-08-07T11:52:50.000Z</time>
      </trkpt>
      <trkpt lat="58.00410711206495761871337890625" lon="-4.2016584612429141998291015625">
        <ele>27.6000003814697265625</ele>
        <time>2026-08-07T11:52:53.000Z</time>
      </trkpt>
      <trkpt lat="58.00425052642822265625" lon="-4.20198996551334857940673828125">
        <ele>26.799999237060546875</ele>
        <time>2026-08-07T11:52:58.000Z</time>
      </trkpt>
      <trkpt lat="58.00450206734240055084228515625" lon="-4.202414341270923614501953125">
        <ele>27.200000762939453125</ele>
        <time>2026-08-07T11:53:05.000Z</time>
      </trkpt>
      <trkpt lat="58.00477514974772930145263671875" lon="-4.202825389802455902099609375">
        <ele>27.799999237060546875</ele>
        <time>2026-08-07T11:53:12.000Z</time>
      </trkpt>
      <trkpt lat="58.00504420883953571319580078125" lon="-4.20321263372898101806640625">
        <ele>27.6000003814697265625</ele>
        <time>2026-08-07T11:53:19.000Z</time>
      </trkpt>
      <trkpt lat="58.00529130734503269195556640625" lon="-4.2035926692187786102294921875">
        <ele>27.799999237060546875</ele>
        <time>2026-08-07T11:53:26.000Z</time>
      </trkpt>
      <trkpt lat="58.00538049079477787017822265625" lon="-4.20375837944447994232177734375">
        <ele>27.799999237060546875</ele>
        <time>2026-08-07T11:53:29.000Z</time>
      </trkpt>
      <trkpt lat="58.0054600350558757781982421875" lon="-4.20392719097435474395751953125">
        <ele>27.6000003814697265625</ele>
        <time>2026-08-07T11:53:32.000Z</time>
      </trkpt>
      <trkpt lat="58.005528263747692108154296875" lon="-4.204055853188037872314453125">
        <ele>27.6000003814697265625</ele>
        <time>2026-08-07T11:53:34.000Z</time>
      </trkpt>
      <trkpt lat="58.00558626651763916015625" lon="-4.2041897960007190704345703125">
        <ele>27.799999237060546875</ele>
        <time>2026-08-07T11:53:36.000Z</time>
      </trkpt>
      <trkpt lat="58.00567016936838626861572265625" lon="-4.2043691687285900115966796875">
        <ele>28.200000762939453125</ele>
        <time>2026-08-07T11:53:39.000Z</time>
      </trkpt>
      <trkpt lat="58.0057324469089508056640625" lon="-4.20449498109519481658935546875">
        <ele>28.200000762939453125</ele>
        <time>2026-08-07T11:53:41.000Z</time>
      </trkpt>
      <trkpt lat="58.00579883158206939697265625" lon="-4.20462707988917827606201171875">
        <ele>28.200000762939453125</ele>
        <time>2026-08-07T11:53:43.000Z</time>
      </trkpt>
      <trkpt lat="58.00589530728757381439208984375" lon="-4.20481131412088871002197265625">
        <ele>28.799999237060546875</ele>
        <time>2026-08-07T11:53:46.000Z</time>
      </trkpt>
      <trkpt lat="58.00600812770426273345947265625" lon="-4.20504617504775524139404296875">
        <ele>29</ele>
        <time>2026-08-07T11:53:50.000Z</time>
      </trkpt>
      <trkpt lat="58.0060729198157787322998046875" lon="-4.2051567323505878448486328125">
        <ele>29.3999996185302734375</ele>
        <time>2026-08-07T11:53:52.000Z</time>
      </trkpt>
      <trkpt lat="58.00615849904716014862060546875" lon="-4.2053347639739513397216796875">
        <ele>29.799999237060546875</ele>
        <time>2026-08-07T11:53:55.000Z</time>
      </trkpt>
      <trkpt lat="58.0062367022037506103515625" lon="-4.2055074311792850494384765625">
        <ele>30</ele>
        <time>2026-08-07T11:53:58.000Z</time>
      </trkpt>
      <trkpt lat="58.0062938667833805084228515625" lon="-4.2056184075772762298583984375">
        <ele>30.799999237060546875</ele>
        <time>2026-08-07T11:54:00.000Z</time>
      </trkpt>
      <trkpt lat="58.00631859339773654937744140625" lon="-4.20568563044071197509765625">
        <ele>31.200000762939453125</ele>
        <time>2026-08-07T11:54:01.000Z</time>
      </trkpt>
      <trkpt lat="58.0063840560615062713623046875" lon="-4.205819405615329742431640625">
        <ele>32</ele>
        <time>2026-08-07T11:54:03.000Z</time>
      </trkpt>
      <trkpt lat="58.0065376125276088714599609375" lon="-4.206157363951206207275390625">
        <ele>30.3999996185302734375</ele>
        <time>2026-08-07T11:54:08.000Z</time>
      </trkpt>
      <trkpt lat="58.006597794592380523681640625" lon="-4.2062842659652233123779296875">
        <ele>30</ele>
        <time>2026-08-07T11:54:10.000Z</time>
      </trkpt>
      <trkpt lat="58.00670399330556392669677734375" lon="-4.20655055902898311614990234375">
        <ele>31.200000762939453125</ele>
        <time>2026-08-07T11:54:14.000Z</time>
      </trkpt>
      <trkpt lat="58.00675428472459316253662109375" lon="-4.20668316073715686798095703125">
        <ele>31.3999996185302734375</ele>
        <time>2026-08-07T11:54:16.000Z</time>
      </trkpt>
      <trkpt lat="58.006776832044124603271484375" lon="-4.20674803666770458221435546875">
        <ele>31.3999996185302734375</ele>
        <time>2026-08-07T11:54:17.000Z</time>
      </trkpt>
      <trkpt lat="58.0068866349756717681884765625" lon="-4.20714919455349445343017578125">
        <ele>32.200000762939453125</ele>
        <time>2026-08-07T11:54:23.000Z</time>
      </trkpt>
      <trkpt lat="58.00690314732491970062255859375" lon="-4.207218848168849945068359375">
        <ele>32.40000152587890625</ele>
        <time>2026-08-07T11:54:24.000Z</time>
      </trkpt>
      <trkpt lat="58.0069221742451190948486328125" lon="-4.207377769052982330322265625">
        <ele>32.59999847412109375</ele>
        <time>2026-08-07T11:54:26.000Z</time>
      </trkpt>
      <trkpt lat="58.00695494748651981353759765625" lon="-4.207615144550800323486328125">
        <ele>32.59999847412109375</ele>
        <time>2026-08-07T11:54:29.000Z</time>
      </trkpt>
      <trkpt lat="58.00696500577032566070556640625" lon="-4.20777565799653530120849609375">
        <ele>32.40000152587890625</ele>
        <time>2026-08-07T11:54:31.000Z</time>
      </trkpt>
      <trkpt lat="58.00697322003543376922607421875" lon="-4.20801018364727497100830078125">
        <ele>33</ele>
        <time>2026-08-07T11:54:34.000Z</time>
      </trkpt>
      <trkpt lat="58.00697305239737033843994140625" lon="-4.208089895546436309814453125">
        <ele>33.40000152587890625</ele>
        <time>2026-08-07T11:54:35.000Z</time>
      </trkpt>
      <trkpt lat="58.0069707892835140228271484375" lon="-4.208251498639583587646484375">
        <ele>33.59999847412109375</ele>
        <time>2026-08-07T11:54:37.000Z</time>
      </trkpt>
      <trkpt lat="58.0069536902010440826416015625" lon="-4.20857327990233898162841796875">
        <ele>33.799999237060546875</ele>
        <time>2026-08-07T11:54:41.000Z</time>
      </trkpt>
      <trkpt lat="58.0069473199546337127685546875" lon="-4.2086583562195301055908203125">
        <ele>33.799999237060546875</ele>
        <time>2026-08-07T11:54:42.000Z</time>
      </trkpt>
      <trkpt lat="58.00688252784311771392822265625" lon="-4.20934659428894519805908203125">
        <ele>33</ele>
        <time>2026-08-07T11:54:50.000Z</time>
      </trkpt>
      <trkpt lat="58.0067796818912029266357421875" lon="-4.2100634984672069549560546875">
        <ele>33.200000762939453125</ele>
        <time>2026-08-07T11:54:58.000Z</time>
      </trkpt>
      <trkpt lat="58.0067548714578151702880859375" lon="-4.2102297954261302947998046875">
        <ele>33.40000152587890625</ele>
        <time>2026-08-07T11:55:00.000Z</time>
      </trkpt>
      <trkpt lat="58.00672126002609729766845703125" lon="-4.2104852758347988128662109375">
        <ele>34.799999237060546875</ele>
        <time>2026-08-07T11:55:03.000Z</time>
      </trkpt>
      <trkpt lat="58.00670583732426166534423828125" lon="-4.210568256676197052001953125">
        <ele>35.200000762939453125</ele>
        <time>2026-08-07T11:55:04.000Z</time>
      </trkpt>
      <trkpt lat="58.00666610710322856903076171875" lon="-4.21081309206783771514892578125">
        <ele>35.59999847412109375</ele>
        <time>2026-08-07T11:55:07.000Z</time>
      </trkpt>
      <trkpt lat="58.006645403802394866943359375" lon="-4.21096966601908206939697265625">
        <ele>35.59999847412109375</ele>
        <time>2026-08-07T11:55:09.000Z</time>
      </trkpt>
      <trkpt lat="58.006634674966335296630859375" lon="-4.2110438458621501922607421875">
        <ele>35.799999237060546875</ele>
        <time>2026-08-07T11:55:10.000Z</time>
      </trkpt>
      <trkpt lat="58.0066113732755184173583984375" lon="-4.21119161881506443023681640625">
        <ele>36</ele>
        <time>2026-08-07T11:55:12.000Z</time>
      </trkpt>
      <trkpt lat="58.00660106353461742401123046875" lon="-4.2112664692103862762451171875">
        <ele>36</ele>
        <time>2026-08-07T11:55:13.000Z</time>
      </trkpt>
      <trkpt lat="58.0065746605396270751953125" lon="-4.21148632653057575225830078125">
        <ele>36</ele>
        <time>2026-08-07T11:55:16.000Z</time>
      </trkpt>
      <trkpt lat="58.00654180347919464111328125" lon="-4.21170861460268497467041015625">
        <ele>36</ele>
        <time>2026-08-07T11:55:19.000Z</time>
      </trkpt>
      <trkpt lat="58.00652076490223407745361328125" lon="-4.2118714749813079833984375">
        <ele>36</ele>
        <time>2026-08-07T11:55:21.000Z</time>
      </trkpt>
      <trkpt lat="58.0064249597489833831787109375" lon="-4.212361983954906463623046875">
        <ele>36.59999847412109375</ele>
        <time>2026-08-07T11:55:27.000Z</time>
      </trkpt>
      <trkpt lat="58.00638581626117229461669921875" lon="-4.21251847408711910247802734375">
        <ele>36.799999237060546875</ele>
        <time>2026-08-07T11:55:29.000Z</time>
      </trkpt>
      <trkpt lat="58.006367124617099761962890625" lon="-4.21260061673820018768310546875">
        <ele>37</ele>
        <time>2026-08-07T11:55:30.000Z</time>
      </trkpt>
      <trkpt lat="58.0063493549823760986328125" lon="-4.2126796580851078033447265625">
        <ele>37.200000762939453125</ele>
        <time>2026-08-07T11:55:31.000Z</time>
      </trkpt>
      <trkpt lat="58.00625405274331569671630859375" lon="-4.21304351650178432464599609375">
        <ele>37.40000152587890625</ele>
        <time>2026-08-07T11:55:36.000Z</time>
      </trkpt>
      <trkpt lat="58.00614709965884685516357421875" lon="-4.21346596442162990570068359375">
        <ele>38</ele>
        <time>2026-08-07T11:55:42.000Z</time>
      </trkpt>
      <trkpt lat="58.0061294138431549072265625" lon="-4.213543832302093505859375">
        <ele>38.200000762939453125</ele>
        <time>2026-08-07T11:55:43.000Z</time>
      </trkpt>
      <trkpt lat="58.00597895868122577667236328125" lon="-4.2141166515648365020751953125">
        <ele>38.200000762939453125</ele>
        <time>2026-08-07T11:55:50.000Z</time>
      </trkpt>
      <trkpt lat="58.0057458579540252685546875" lon="-4.214911758899688720703125">
        <ele>38.200000762939453125</ele>
        <time>2026-08-07T11:56:00.000Z</time>
      </trkpt>
      <trkpt lat="58.00562909804284572601318359375" lon="-4.21519012190401554107666015625">
        <ele>38.799999237060546875</ele>
        <time>2026-08-07T11:56:04.000Z</time>
      </trkpt>
      <trkpt lat="58.0056028626859188079833984375" lon="-4.21525365673005580902099609375">
        <ele>39.200000762939453125</ele>
        <time>2026-08-07T11:56:05.000Z</time>
      </trkpt>
      <trkpt lat="58.00555466674268245697021484375" lon="-4.215378463268280029296875">
        <ele>40</ele>
        <time>2026-08-07T11:56:07.000Z</time>
      </trkpt>
      <trkpt lat="58.0054563470184803009033203125" lon="-4.21563570387661457061767578125">
        <ele>39.799999237060546875</ele>
        <time>2026-08-07T11:56:11.000Z</time>
      </trkpt>
      <trkpt lat="58.00535266287624835968017578125" lon="-4.2158785276114940643310546875">
        <ele>39.799999237060546875</ele>
        <time>2026-08-07T11:56:15.000Z</time>
      </trkpt>
      <trkpt lat="58.00523824989795684814453125" lon="-4.2161611653864383697509765625">
        <ele>38.59999847412109375</ele>
        <time>2026-08-07T11:56:20.000Z</time>
      </trkpt>
      <trkpt lat="58.005215115845203399658203125" lon="-4.2162193357944488525390625">
        <ele>38.799999237060546875</ele>
        <time>2026-08-07T11:56:21.000Z</time>
      </trkpt>
      <trkpt lat="58.00514730624854564666748046875" lon="-4.216402061283588409423828125">
        <ele>40.200000762939453125</ele>
        <time>2026-08-07T11:56:24.000Z</time>
      </trkpt>
      <trkpt lat="58.00500632263720035552978515625" lon="-4.21687957830727100372314453125">
        <ele>41.59999847412109375</ele>
        <time>2026-08-07T11:56:32.000Z</time>
      </trkpt>
      <trkpt lat="58.00499894656240940093994140625" lon="-4.21694328077137470245361328125">
        <ele>41.799999237060546875</ele>
        <time>2026-08-07T11:56:33.000Z</time>
      </trkpt>
      <trkpt lat="58.0049309693276882171630859375" lon="-4.217300601303577423095703125">
        <ele>41.799999237060546875</ele>
        <time>2026-08-07T11:56:39.000Z</time>
      </trkpt>
      <trkpt lat="58.0048954300582408905029296875" lon="-4.21747737564146518707275390625">
        <ele>42.59999847412109375</ele>
        <time>2026-08-07T11:56:42.000Z</time>
      </trkpt>
      <trkpt lat="58.004847653210163116455078125" lon="-4.217719025909900665283203125">
        <ele>43.200000762939453125</ele>
        <time>2026-08-07T11:56:46.000Z</time>
      </trkpt>
      <trkpt lat="58.00482787191867828369140625" lon="-4.21784265898168087005615234375">
        <ele>43.59999847412109375</ele>
        <time>2026-08-07T11:56:48.000Z</time>
      </trkpt>
      <trkpt lat="58.00477699376642704010009765625" lon="-4.2181778512895107269287109375">
        <ele>44.200000762939453125</ele>
        <time>2026-08-07T11:56:53.000Z</time>
      </trkpt>
      <trkpt lat="58.0047328211367130279541015625" lon="-4.2183840461075305938720703125">
        <ele>45</ele>
        <time>2026-08-07T11:56:56.000Z</time>
      </trkpt>
      <trkpt lat="58.00469535402953624725341796875" lon="-4.21859870664775371551513671875">
        <ele>46.40000152587890625</ele>
        <time>2026-08-07T11:56:59.000Z</time>
      </trkpt>
      <trkpt lat="58.00468571484088897705078125" lon="-4.21866592951118946075439453125">
        <ele>46.59999847412109375</ele>
        <time>2026-08-07T11:57:00.000Z</time>
      </trkpt>
      <trkpt lat="58.0046687833964824676513671875" lon="-4.2187877185642719268798828125">
        <ele>46.799999237060546875</ele>
        <time>2026-08-07T11:57:02.000Z</time>
      </trkpt>
      <trkpt lat="58.004647828638553619384765625" lon="-4.2189768142998218536376953125">
        <ele>47.40000152587890625</ele>
        <time>2026-08-07T11:57:05.000Z</time>
      </trkpt>
      <trkpt lat="58.00464238040149211883544921875" lon="-4.2190378345549106597900390625">
        <ele>47.40000152587890625</ele>
        <time>2026-08-07T11:57:06.000Z</time>
      </trkpt>
      <trkpt lat="58.00462410785257816314697265625" lon="-4.2192768864333629608154296875">
        <ele>48</ele>
        <time>2026-08-07T11:57:10.000Z</time>
      </trkpt>
      <trkpt lat="58.00462746061384677886962890625" lon="-4.2196044512093067169189453125">
        <ele>48.40000152587890625</ele>
        <time>2026-08-07T11:57:15.000Z</time>
      </trkpt>
      <trkpt lat="58.00463232211768627166748046875" lon="-4.22017416916787624359130859375">
        <ele>48.799999237060546875</ele>
        <time>2026-08-07T11:57:23.000Z</time>
      </trkpt>
      <trkpt lat="58.00468093715608119964599609375" lon="-4.2207681946456432342529296875">
        <ele>48.799999237060546875</ele>
        <time>2026-08-07T11:57:31.000Z</time>
      </trkpt>
      <trkpt lat="58.00470138899981975555419921875" lon="-4.22100238502025604248046875">
        <ele>49.200000762939453125</ele>
        <time>2026-08-07T11:57:34.000Z</time>
      </trkpt>
      <trkpt lat="58.0047140456736087799072265625" lon="-4.2211572825908660888671875">
        <ele>49.40000152587890625</ele>
        <time>2026-08-07T11:57:36.000Z</time>
      </trkpt>
      <trkpt lat="58.00472502596676349639892578125" lon="-4.2213146947324275970458984375">
        <ele>49.59999847412109375</ele>
        <time>2026-08-07T11:57:38.000Z</time>
      </trkpt>
      <trkpt lat="58.0047643370926380157470703125" lon="-4.22175952233374118804931640625">
        <ele>50.40000152587890625</ele>
        <time>2026-08-07T11:57:44.000Z</time>
      </trkpt>
      <trkpt lat="58.004770539700984954833984375" lon="-4.2218323610723018646240234375">
        <ele>50.799999237060546875</ele>
        <time>2026-08-07T11:57:45.000Z</time>
      </trkpt>
      <trkpt lat="58.004789985716342926025390625" lon="-4.2221223749220371246337890625">
        <ele>51</ele>
        <time>2026-08-07T11:57:49.000Z</time>
      </trkpt>
      <trkpt lat="58.00482342950999736785888671875" lon="-4.22254465520381927490234375">
        <ele>51</ele>
        <time>2026-08-07T11:57:55.000Z</time>
      </trkpt>
      <trkpt lat="58.00482929684221744537353515625" lon="-4.2226155661046504974365234375">
        <ele>51.200000762939453125</ele>
        <time>2026-08-07T11:57:56.000Z</time>
      </trkpt>
      <trkpt lat="58.004876486957073211669921875" lon="-4.22320087440311908721923828125">
        <ele>51.799999237060546875</ele>
        <time>2026-08-07T11:58:04.000Z</time>
      </trkpt>
      <trkpt lat="58.00488227047026157379150390625" lon="-4.2232770659029483795166015625">
        <ele>51.799999237060546875</ele>
        <time>2026-08-07T11:58:05.000Z</time>
      </trkpt>
      <trkpt lat="58.0049490742385387420654296875" lon="-4.2239560000598430633544921875">
        <ele>52</ele>
        <time>2026-08-07T11:58:14.000Z</time>
      </trkpt>
      <trkpt lat="58.00497941672801971435546875" lon="-4.2243303358554840087890625">
        <ele>51.799999237060546875</ele>
        <time>2026-08-07T11:58:19.000Z</time>
      </trkpt>
      <trkpt lat="58.0050002038478851318359375" lon="-4.2246870696544647216796875">
        <ele>52.200000762939453125</ele>
        <time>2026-08-07T11:58:23.000Z</time>
      </trkpt>
      <trkpt lat="58.00500062294304370880126953125" lon="-4.22477717511355876922607421875">
        <ele>52.40000152587890625</ele>
        <time>2026-08-07T11:58:24.000Z</time>
      </trkpt>
      <trkpt lat="58.00500749610364437103271484375" lon="-4.2252716235816478729248046875">
        <ele>52.200000762939453125</ele>
        <time>2026-08-07T11:58:29.000Z</time>
      </trkpt>
      <trkpt lat="58.00499844364821910858154296875" lon="-4.22548033297061920166015625">
        <ele>52</ele>
        <time>2026-08-07T11:58:31.000Z</time>
      </trkpt>
      <trkpt lat="58.00499911420047283172607421875" lon="-4.22580353915691375732421875">
        <ele>51.799999237060546875</ele>
        <time>2026-08-07T11:58:34.000Z</time>
      </trkpt>
      <trkpt lat="58.00499442033469676971435546875" lon="-4.2264145798981189727783203125">
        <ele>52</ele>
        <time>2026-08-07T11:58:40.000Z</time>
      </trkpt>
      <trkpt lat="58.004993833601474761962890625" lon="-4.22650485299527645111083984375">
        <ele>52</ele>
        <time>2026-08-07T11:58:41.000Z</time>
      </trkpt>
      <trkpt lat="58.00499089993536472320556640625" lon="-4.22659470699727535247802734375">
        <ele>51.799999237060546875</ele>
        <time>2026-08-07T11:58:42.000Z</time>
      </trkpt>
      <trkpt lat="58.004989139735698699951171875" lon="-4.22711773775517940521240234375">
        <ele>52.59999847412109375</ele>
        <time>2026-08-07T11:58:48.000Z</time>
      </trkpt>
      <trkpt lat="58.004995845258235931396484375" lon="-4.2273647524416446685791015625">
        <ele>53</ele>
        <time>2026-08-07T11:58:51.000Z</time>
      </trkpt>
      <trkpt lat="58.00498989410698413848876953125" lon="-4.2277680896222591400146484375">
        <ele>53</ele>
        <time>2026-08-07T11:58:56.000Z</time>
      </trkpt>
      <trkpt lat="58.00498603843152523040771484375" lon="-4.22833294607698917388916015625">
        <ele>53</ele>
        <time>2026-08-07T11:59:03.000Z</time>
      </trkpt>
      <trkpt lat="58.00498151220381259918212890625" lon="-4.228488765656948089599609375">
        <ele>53.200000762939453125</ele>
        <time>2026-08-07T11:59:05.000Z</time>
      </trkpt>
      <trkpt lat="58.00497732125222682952880859375" lon="-4.2288741655647754669189453125">
        <ele>53</ele>
        <time>2026-08-07T11:59:10.000Z</time>
      </trkpt>
      <trkpt lat="58.00497765652835369110107421875" lon="-4.22894784249365329742431640625">
        <ele>53.200000762939453125</ele>
        <time>2026-08-07T11:59:11.000Z</time>
      </trkpt>
      <trkpt lat="58.00498000346124172210693359375" lon="-4.22929133288562297821044921875">
        <ele>53.59999847412109375</ele>
        <time>2026-08-07T11:59:16.000Z</time>
      </trkpt>
      <trkpt lat="58.0049802549183368682861328125" lon="-4.229355789721012115478515625">
        <ele>53.799999237060546875</ele>
        <time>2026-08-07T11:59:17.000Z</time>
      </trkpt>
      <trkpt lat="58.00497765652835369110107421875" lon="-4.22949903644621372222900390625">
        <ele>54</ele>
        <time>2026-08-07T11:59:19.000Z</time>
      </trkpt>
      <trkpt lat="58.00497363321483135223388671875" lon="-4.2299363203346729278564453125">
        <ele>54.200000762939453125</ele>
        <time>2026-08-07T11:59:25.000Z</time>
      </trkpt>
      <trkpt lat="58.00496944226324558258056640625" lon="-4.23033722676336765289306640625">
        <ele>55.200000762939453125</ele>
        <time>2026-08-07T11:59:31.000Z</time>
      </trkpt>
      <trkpt lat="58.00496709533035755157470703125" lon="-4.23054702579975128173828125">
        <ele>54.799999237060546875</ele>
        <time>2026-08-07T11:59:34.000Z</time>
      </trkpt>
      <trkpt lat="58.0049701966345310211181640625" lon="-4.2307460121810436248779296875">
        <ele>55.40000152587890625</ele>
        <time>2026-08-07T11:59:37.000Z</time>
      </trkpt>
      <trkpt lat="58.00497346557676792144775390625" lon="-4.2308740876615047454833984375">
        <ele>56.200000762939453125</ele>
        <time>2026-08-07T11:59:39.000Z</time>
      </trkpt>
      <trkpt lat="58.00498067401349544525146484375" lon="-4.23099973239004611968994140625">
        <ele>56.59999847412109375</ele>
        <time>2026-08-07T11:59:41.000Z</time>
      </trkpt>
      <trkpt lat="58.00498285330832004547119140625" lon="-4.23106695525348186492919921875">
        <ele>56.59999847412109375</ele>
        <time>2026-08-07T11:59:42.000Z</time>
      </trkpt>
      <trkpt lat="58.0050047300755977630615234375" lon="-4.23137859441339969635009765625">
        <ele>56.40000152587890625</ele>
        <time>2026-08-07T11:59:47.000Z</time>
      </trkpt>
      <trkpt lat="58.0050184763967990875244140625" lon="-4.23150365240871906280517578125">
        <ele>56.200000762939453125</ele>
        <time>2026-08-07T11:59:49.000Z</time>
      </trkpt>
      <trkpt lat="58.0050680972635746002197265625" lon="-4.23187647946178913116455078125">
        <ele>57.40000152587890625</ele>
        <time>2026-08-07T11:59:56.000Z</time>
      </trkpt>
      <trkpt lat="58.00512853078544139862060546875" lon="-4.23224142752587795257568359375">
        <ele>58.40000152587890625</ele>
        <time>2026-08-07T12:00:02.000Z</time>
      </trkpt>
      <trkpt lat="58.00513674505054950714111328125" lon="-4.232314266264438629150390625">
        <ele>58.799999237060546875</ele>
        <time>2026-08-07T12:00:03.000Z</time>
      </trkpt>
      <trkpt lat="58.0052082426846027374267578125" lon="-4.23273109830915927886962890625">
        <ele>59.200000762939453125</ele>
        <time>2026-08-07T12:00:09.000Z</time>
      </trkpt>
      <trkpt lat="58.0052979290485382080078125" lon="-4.23321356065571308135986328125">
        <ele>59.40000152587890625</ele>
        <time>2026-08-07T12:00:16.000Z</time>
      </trkpt>
      <trkpt lat="58.00532014109194278717041015625" lon="-4.233337529003620147705078125">
        <ele>59.799999237060546875</ele>
        <time>2026-08-07T12:00:18.000Z</time>
      </trkpt>
      <trkpt lat="58.00538015551865100860595703125" lon="-4.23364497721195220947265625">
        <ele>58.799999237060546875</ele>
        <time>2026-08-07T12:00:23.000Z</time>
      </trkpt>
      <trkpt lat="58.00539457239210605621337890625" lon="-4.23370624892413616180419921875">
        <ele>58.59999847412109375</ele>
        <time>2026-08-07T12:00:24.000Z</time>
      </trkpt>
      <trkpt lat="58.00545156933367252349853515625" lon="-4.23403322696685791015625">
        <ele>59.799999237060546875</ele>
        <time>2026-08-07T12:00:29.000Z</time>
      </trkpt>
      <trkpt lat="58.005504123866558074951171875" lon="-4.2343998514115810394287109375">
        <ele>59.40000152587890625</ele>
        <time>2026-08-07T12:00:34.000Z</time>
      </trkpt>
      <trkpt lat="58.00551393069326877593994140625" lon="-4.2344729416072368621826171875">
        <ele>59.40000152587890625</ele>
        <time>2026-08-07T12:00:35.000Z</time>
      </trkpt>
      <trkpt lat="58.00552130676805973052978515625" lon="-4.23454326577484607696533203125">
        <ele>59.40000152587890625</ele>
        <time>2026-08-07T12:00:36.000Z</time>
      </trkpt>
      <trkpt lat="58.0055626295506954193115234375" lon="-4.2348110675811767578125">
        <ele>58.799999237060546875</ele>
        <time>2026-08-07T12:00:40.000Z</time>
      </trkpt>
      <trkpt lat="58.005573861300945281982421875" lon="-4.234883151948451995849609375">
        <ele>58.200000762939453125</ele>
        <time>2026-08-07T12:00:41.000Z</time>
      </trkpt>
      <trkpt lat="58.00562842749059200286865234375" lon="-4.235162772238254547119140625">
        <ele>57.59999847412109375</ele>
        <time>2026-08-07T12:00:45.000Z</time>
      </trkpt>
      <trkpt lat="58.0056806467473506927490234375" lon="-4.23537902534008026123046875">
        <ele>59</ele>
        <time>2026-08-07T12:00:48.000Z</time>
      </trkpt>
      <trkpt lat="58.00573387183248996734619140625" lon="-4.2356063425540924072265625">
        <ele>58.59999847412109375</ele>
        <time>2026-08-07T12:00:51.000Z</time>
      </trkpt>
      <trkpt lat="58.0058238096535205841064453125" lon="-4.2359810136258602142333984375">
        <ele>59</ele>
        <time>2026-08-07T12:00:56.000Z</time>
      </trkpt>
      <trkpt lat="58.00596253015100955963134765625" lon="-4.23658895306289196014404296875">
        <ele>58.799999237060546875</ele>
        <time>2026-08-07T12:01:04.000Z</time>
      </trkpt>
      <trkpt lat="58.0059792101383209228515625" lon="-4.2366686649620532989501953125">
        <ele>58.40000152587890625</ele>
        <time>2026-08-07T12:01:05.000Z</time>
      </trkpt>
      <trkpt lat="58.006037883460521697998046875" lon="-4.236902184784412384033203125">
        <ele>58.40000152587890625</ele>
        <time>2026-08-07T12:01:08.000Z</time>
      </trkpt>
      <trkpt lat="58.00610921345651149749755859375" lon="-4.23721709288656711578369140625">
        <ele>57.799999237060546875</ele>
        <time>2026-08-07T12:01:12.000Z</time>
      </trkpt>
      <trkpt lat="58.0062164179980754852294921875" lon="-4.23767055384814739227294921875">
        <ele>59.200000762939453125</ele>
        <time>2026-08-07T12:01:18.000Z</time>
      </trkpt>
      <trkpt lat="58.00627081654965877532958984375" lon="-4.2378853820264339447021484375">
        <ele>59.59999847412109375</ele>
        <time>2026-08-07T12:01:21.000Z</time>
      </trkpt>
      <trkpt lat="58.00640325061976909637451171875" lon="-4.238491058349609375">
        <ele>60.799999237060546875</ele>
        <time>2026-08-07T12:01:29.000Z</time>
      </trkpt>
      <trkpt lat="58.00653266720473766326904296875" lon="-4.2391909472644329071044921875">
        <ele>61.59999847412109375</ele>
        <time>2026-08-07T12:01:38.000Z</time>
      </trkpt>
      <trkpt lat="58.00654540769755840301513671875" lon="-4.2392677254974842071533203125">
        <ele>61.59999847412109375</ele>
        <time>2026-08-07T12:01:39.000Z</time>
      </trkpt>
      <trkpt lat="58.0065570585429668426513671875" lon="-4.23934291116893291473388671875">
        <ele>61.59999847412109375</ele>
        <time>2026-08-07T12:01:40.000Z</time>
      </trkpt>
      <trkpt lat="58.0065684579312801361083984375" lon="-4.2394204437732696533203125">
        <ele>61.799999237060546875</ele>
        <time>2026-08-07T12:01:41.000Z</time>
      </trkpt>
      <trkpt lat="58.00657927058637142181396484375" lon="-4.23950132913887500762939453125">
        <ele>62</ele>
        <time>2026-08-07T12:01:42.000Z</time>
      </trkpt>
      <trkpt lat="58.00662922672927379608154296875" lon="-4.2398953624069690704345703125">
        <ele>62.59999847412109375</ele>
        <time>2026-08-07T12:01:47.000Z</time>
      </trkpt>
      <trkpt lat="58.0066566355526447296142578125" lon="-4.240138940513134002685546875">
        <ele>62.799999237060546875</ele>
        <time>2026-08-07T12:01:50.000Z</time>
      </trkpt>
      <trkpt lat="58.0067114531993865966796875" lon="-4.24062676727771759033203125">
        <ele>63.200000762939453125</ele>
        <time>2026-08-07T12:01:56.000Z</time>
      </trkpt>
      <trkpt lat="58.00671891309320926666259765625" lon="-4.24070714972913265228271484375">
        <ele>63.200000762939453125</ele>
        <time>2026-08-07T12:01:57.000Z</time>
      </trkpt>
      <trkpt lat="58.00679250620305538177490234375" lon="-4.24125817604362964630126953125">
        <ele>64</ele>
        <time>2026-08-07T12:02:04.000Z</time>
      </trkpt>
      <trkpt lat="58.00682921893894672393798828125" lon="-4.24148465506732463836669921875">
        <ele>65.1999969482421875</ele>
        <time>2026-08-07T12:02:07.000Z</time>
      </trkpt>
      <trkpt lat="58.0068645067512989044189453125" lon="-4.24165061675012111663818359375">
        <ele>65.40000152587890625</ele>
        <time>2026-08-07T12:02:09.000Z</time>
      </trkpt>
      <trkpt lat="58.00690733827650547027587890625" lon="-4.2418862320482730865478515625">
        <ele>64</ele>
        <time>2026-08-07T12:02:12.000Z</time>
      </trkpt>
      <trkpt lat="58.00692192278802394866943359375" lon="-4.24197063781321048736572265625">
        <ele>63.200000762939453125</ele>
        <time>2026-08-07T12:02:13.000Z</time>
      </trkpt>
      <trkpt lat="58.0069419555366039276123046875" lon="-4.24205504357814788818359375">
        <ele>62.799999237060546875</ele>
        <time>2026-08-07T12:02:14.000Z</time>
      </trkpt>
      <trkpt lat="58.0070254392921924591064453125" lon="-4.2425049841403961181640625">
        <ele>62.59999847412109375</ele>
        <time>2026-08-07T12:02:19.000Z</time>
      </trkpt>
      <trkpt lat="58.0070727132260799407958984375" lon="-4.24275065772235393524169921875">
        <ele>62</ele>
        <time>2026-08-07T12:02:22.000Z</time>
      </trkpt>
      <trkpt lat="58.00708184950053691864013671875" lon="-4.2428390868008136749267578125">
        <ele>62</ele>
        <time>2026-08-07T12:02:23.000Z</time>
      </trkpt>
      <trkpt lat="58.0071119405329227447509765625" lon="-4.2430065572261810302734375">
        <ele>62</ele>
        <time>2026-08-07T12:02:25.000Z</time>
      </trkpt>
      <trkpt lat="58.00714588724076747894287109375" lon="-4.2432749457657337188720703125">
        <ele>63.59999847412109375</ele>
        <time>2026-08-07T12:02:28.000Z</time>
      </trkpt>
      <trkpt lat="58.00715695135295391082763671875" lon="-4.243366308510303497314453125">
        <ele>64</ele>
        <time>2026-08-07T12:02:29.000Z</time>
      </trkpt>
      <trkpt lat="58.00717673264443874359130859375" lon="-4.2435424961149692535400390625">
        <ele>64.59999847412109375</ele>
        <time>2026-08-07T12:02:31.000Z</time>
      </trkpt>
      <trkpt lat="58.007180504500865936279296875" lon="-4.2436330206692218780517578125">
        <ele>64.59999847412109375</ele>
        <time>2026-08-07T12:02:32.000Z</time>
      </trkpt>
      <trkpt lat="58.007187880575656890869140625" lon="-4.24380719661712646484375">
        <ele>64.59999847412109375</ele>
        <time>2026-08-07T12:02:34.000Z</time>
      </trkpt>
      <trkpt lat="58.00719223916530609130859375" lon="-4.24397659488022327423095703125">
        <ele>65</ele>
        <time>2026-08-07T12:02:36.000Z</time>
      </trkpt>
      <trkpt lat="58.00718762911856174468994140625" lon="-4.2440641857683658599853515625">
        <ele>65.1999969482421875</ele>
        <time>2026-08-07T12:02:37.000Z</time>
      </trkpt>
      <trkpt lat="58.0071464739739894866943359375" lon="-4.24448805861175060272216796875">
        <ele>66.1999969482421875</ele>
        <time>2026-08-07T12:02:42.000Z</time>
      </trkpt>
      <trkpt lat="58.0070700310170650482177734375" lon="-4.2450881190598011016845703125">
        <ele>66.59999847412109375</ele>
        <time>2026-08-07T12:02:50.000Z</time>
      </trkpt>
      <trkpt lat="58.00697808153927326202392578125" lon="-4.2457759380340576171875">
        <ele>67</ele>
        <time>2026-08-07T12:02:59.000Z</time>
      </trkpt>
      <trkpt lat="58.0068950168788433074951171875" lon="-4.2464102804660797119140625">
        <ele>66.8000030517578125</ele>
        <time>2026-08-07T12:03:07.000Z</time>
      </trkpt>
      <trkpt lat="58.0068846233189105987548828125" lon="-4.24648865126073360443115234375">
        <ele>66.8000030517578125</ele>
        <time>2026-08-07T12:03:08.000Z</time>
      </trkpt>
      <trkpt lat="58.0067820288240909576416015625" lon="-4.2472412623465061187744140625">
        <ele>67</ele>
        <time>2026-08-07T12:03:18.000Z</time>
      </trkpt>
      <trkpt lat="58.006747327744960784912109375" lon="-4.2475574277341365814208984375">
        <ele>67</ele>
        <time>2026-08-07T12:03:22.000Z</time>
      </trkpt>
      <trkpt lat="58.00670013763010501861572265625" lon="-4.2479674704372882843017578125">
        <ele>67.1999969482421875</ele>
        <time>2026-08-07T12:03:27.000Z</time>
      </trkpt>
      <trkpt lat="58.0066670291125774383544921875" lon="-4.24825706519186496734619140625">
        <ele>67.40000152587890625</ele>
        <time>2026-08-07T12:03:31.000Z</time>
      </trkpt>
      <trkpt lat="58.00664179958403110504150390625" lon="-4.24846124835312366485595703125">
        <ele>67.59999847412109375</ele>
        <time>2026-08-07T12:03:34.000Z</time>
      </trkpt>
      <trkpt lat="58.00656233914196491241455078125" lon="-4.2490735463798046112060546875">
        <ele>67.8000030517578125</ele>
        <time>2026-08-07T12:03:42.000Z</time>
      </trkpt>
      <trkpt lat="58.00651372410356998443603515625" lon="-4.24937085248529911041259765625">
        <ele>68.1999969482421875</ele>
        <time>2026-08-07T12:03:46.000Z</time>
      </trkpt>
      <trkpt lat="58.006454296410083770751953125" lon="-4.24966371618211269378662109375">
        <ele>68.40000152587890625</ele>
        <time>2026-08-07T12:03:50.000Z</time>
      </trkpt>
      <trkpt lat="58.006290681660175323486328125" lon="-4.250160343945026397705078125">
        <ele>69.59999847412109375</ele>
        <time>2026-08-07T12:03:58.000Z</time>
      </trkpt>
      <trkpt lat="58.0060977302491664886474609375" lon="-4.25056032836437225341796875">
        <ele>70.1999969482421875</ele>
        <time>2026-08-07T12:04:05.000Z</time>
      </trkpt>
      <trkpt lat="58.00600242801010608673095703125" lon="-4.2507308162748813629150390625">
        <ele>70.59999847412109375</ele>
        <time>2026-08-07T12:04:08.000Z</time>
      </trkpt>
      <trkpt lat="58.00576530396938323974609375" lon="-4.2511631548404693603515625">
        <ele>71.40000152587890625</ele>
        <time>2026-08-07T12:04:16.000Z</time>
      </trkpt>
      <trkpt lat="58.0056417547166347503662109375" lon="-4.2513919807970523834228515625">
        <ele>71.8000030517578125</ele>
        <time>2026-08-07T12:04:20.000Z</time>
      </trkpt>
      <trkpt lat="58.0055569298565387725830078125" lon="-4.25156154669821262359619140625">
        <ele>72</ele>
        <time>2026-08-07T12:04:23.000Z</time>
      </trkpt>
      <trkpt lat="58.00535626709461212158203125" lon="-4.25205700099468231201171875">
        <ele>71.59999847412109375</ele>
        <time>2026-08-07T12:04:31.000Z</time>
      </trkpt>
      <trkpt lat="58.005284182727336883544921875" lon="-4.25233586691319942474365234375">
        <ele>72</ele>
        <time>2026-08-07T12:04:35.000Z</time>
      </trkpt>
      <trkpt lat="58.00525157712399959564208984375" lon="-4.25248288549482822418212890625">
        <ele>72</ele>
        <time>2026-08-07T12:04:37.000Z</time>
      </trkpt>
      <trkpt lat="58.00523447804152965545654296875" lon="-4.252558238804340362548828125">
        <ele>72.1999969482421875</ele>
        <time>2026-08-07T12:04:38.000Z</time>
      </trkpt>
      <trkpt lat="58.00522056408226490020751953125" lon="-4.252629987895488739013671875">
        <ele>72.59999847412109375</ele>
        <time>2026-08-07T12:04:39.000Z</time>
      </trkpt>
      <trkpt lat="58.00520463846623897552490234375" lon="-4.25270064733922481536865234375">
        <ele>73</ele>
        <time>2026-08-07T12:04:40.000Z</time>
      </trkpt>
      <trkpt lat="58.0051613040268421173095703125" lon="-4.25302821211516857147216796875">
        <ele>73.59999847412109375</ele>
        <time>2026-08-07T12:04:44.000Z</time>
      </trkpt>
      <trkpt lat="58.00514646805822849273681640625" lon="-4.253346137702465057373046875">
        <ele>73.59999847412109375</ele>
        <time>2026-08-07T12:04:48.000Z</time>
      </trkpt>
      <trkpt lat="58.00515200011432170867919921875" lon="-4.25351268611848354339599609375">
        <ele>74.1999969482421875</ele>
        <time>2026-08-07T12:04:50.000Z</time>
      </trkpt>
      <trkpt lat="58.00517613999545574188232421875" lon="-4.2537650652229785919189453125">
        <ele>75</ele>
        <time>2026-08-07T12:04:53.000Z</time>
      </trkpt>
      <trkpt lat="58.00520044751465320587158203125" lon="-4.2539387382566928863525390625">
        <ele>75.1999969482421875</ele>
        <time>2026-08-07T12:04:55.000Z</time>
      </trkpt>
      <trkpt lat="58.00521905533969402313232421875" lon="-4.254027418792247772216796875">
        <ele>75.40000152587890625</ele>
        <time>2026-08-07T12:04:56.000Z</time>
      </trkpt>
      <trkpt lat="58.00527839921414852142333984375" lon="-4.25435959361493587493896484375">
        <ele>76.8000030517578125</ele>
        <time>2026-08-07T12:05:00.000Z</time>
      </trkpt>
      <trkpt lat="58.0053463764488697052001953125" lon="-4.25468816421926021575927734375">
        <ele>77.1999969482421875</ele>
        <time>2026-08-07T12:05:04.000Z</time>
      </trkpt>
      <trkpt lat="58.00537646748125553131103515625" lon="-4.2548431456089019775390625">
        <ele>77.40000152587890625</ele>
        <time>2026-08-07T12:05:06.000Z</time>
      </trkpt>
      <trkpt lat="58.00540882162749767303466796875" lon="-4.2549931816756725311279296875">
        <ele>78</ele>
        <time>2026-08-07T12:05:08.000Z</time>
      </trkpt>
      <trkpt lat="58.00549817271530628204345703125" lon="-4.2553683556616306304931640625">
        <ele>78.59999847412109375</ele>
        <time>2026-08-07T12:05:13.000Z</time>
      </trkpt>
      <trkpt lat="58.0056042037904262542724609375" lon="-4.25583346746861934661865234375">
        <ele>79.40000152587890625</ele>
        <time>2026-08-07T12:05:19.000Z</time>
      </trkpt>
      <trkpt lat="58.00562180578708648681640625" lon="-4.25591309554874897003173828125">
        <ele>79.59999847412109375</ele>
        <time>2026-08-07T12:05:20.000Z</time>
      </trkpt>
      <trkpt lat="58.00577175803482532501220703125" lon="-4.2565837316215038299560546875">
        <ele>80</ele>
        <time>2026-08-07T12:05:28.000Z</time>
      </trkpt>
      <trkpt lat="58.00582473166286945343017578125" lon="-4.256833009421825408935546875">
        <ele>80.1999969482421875</ele>
        <time>2026-08-07T12:05:31.000Z</time>
      </trkpt>
      <trkpt lat="58.00584174692630767822265625" lon="-4.25691590644419193267822265625">
        <ele>80.40000152587890625</ele>
        <time>2026-08-07T12:05:32.000Z</time>
      </trkpt>
      <trkpt lat="58.0059250630438327789306640625" lon="-4.257329888641834259033203125">
        <ele>80.40000152587890625</ele>
        <time>2026-08-07T12:05:37.000Z</time>
      </trkpt>
      <trkpt lat="58.00599086098372936248779296875" lon="-4.25765519030392169952392578125">
        <ele>81.59999847412109375</ele>
        <time>2026-08-07T12:05:41.000Z</time>
      </trkpt>
      <trkpt lat="58.00601902417838573455810546875" lon="-4.257822073996067047119140625">
        <ele>82.1999969482421875</ele>
        <time>2026-08-07T12:05:43.000Z</time>
      </trkpt>
      <trkpt lat="58.00604132004082202911376953125" lon="-4.25797470845282077789306640625">
        <ele>81.8000030517578125</ele>
        <time>2026-08-07T12:05:45.000Z</time>
      </trkpt>
      <trkpt lat="58.0060489475727081298828125" lon="-4.258056096732616424560546875">
        <ele>81.59999847412109375</ele>
        <time>2026-08-07T12:05:46.000Z</time>
      </trkpt>
      <trkpt lat="58.0061379633843898773193359375" lon="-4.2585343681275844573974609375">
        <ele>81.8000030517578125</ele>
        <time>2026-08-07T12:05:52.000Z</time>
      </trkpt>
      <trkpt lat="58.0062345229089260101318359375" lon="-4.25901590846478939056396484375">
        <ele>82.40000152587890625</ele>
        <time>2026-08-07T12:05:59.000Z</time>
      </trkpt>
      <trkpt lat="58.0062539689242839813232421875" lon="-4.2590917646884918212890625">
        <ele>82.40000152587890625</ele>
        <time>2026-08-07T12:06:00.000Z</time>
      </trkpt>
      <trkpt lat="58.00627551041543483734130859375" lon="-4.25923618488013744354248046875">
        <ele>82.8000030517578125</ele>
        <time>2026-08-07T12:06:02.000Z</time>
      </trkpt>
      <trkpt lat="58.00633753649890422821044921875" lon="-4.2595378495752811431884765625">
        <ele>82</ele>
        <time>2026-08-07T12:06:06.000Z</time>
      </trkpt>
      <trkpt lat="58.00634508021175861358642578125" lon="-4.2596095986664295196533203125">
        <ele>81.8000030517578125</ele>
        <time>2026-08-07T12:06:07.000Z</time>
      </trkpt>
      <trkpt lat="58.0063869059085845947265625" lon="-4.25995417870581150054931640625">
        <ele>82</ele>
        <time>2026-08-07T12:06:12.000Z</time>
      </trkpt>
      <trkpt lat="58.0064008198678493499755859375" lon="-4.2602265067398548126220703125">
        <ele>82.1999969482421875</ele>
        <time>2026-08-07T12:06:16.000Z</time>
      </trkpt>
      <trkpt lat="58.00640157423913478851318359375" lon="-4.26029699854552745819091796875">
        <ele>82.40000152587890625</ele>
        <time>2026-08-07T12:06:17.000Z</time>
      </trkpt>
      <trkpt lat="58.00640576519072055816650390625" lon="-4.2603716813027858734130859375">
        <ele>82.59999847412109375</ele>
        <time>2026-08-07T12:06:18.000Z</time>
      </trkpt>
      <trkpt lat="58.00640777684748172760009765625" lon="-4.26044150255620479583740234375">
        <ele>82.8000030517578125</ele>
        <time>2026-08-07T12:06:19.000Z</time>
      </trkpt>
      <trkpt lat="58.00641171634197235107421875" lon="-4.2605078034102916717529296875">
        <ele>82.8000030517578125</ele>
        <time>2026-08-07T12:06:20.000Z</time>
      </trkpt>
      <trkpt lat="58.00640375353395938873291015625" lon="-4.2610077001154422760009765625">
        <ele>83</ele>
        <time>2026-08-07T12:06:27.000Z</time>
      </trkpt>
      <trkpt lat="58.00636318512260913848876953125" lon="-4.26155964843928813934326171875">
        <ele>83.40000152587890625</ele>
        <time>2026-08-07T12:06:35.000Z</time>
      </trkpt>
      <trkpt lat="58.00633988343179225921630859375" lon="-4.26183692179620265960693359375">
        <ele>84.1999969482421875</ele>
        <time>2026-08-07T12:06:39.000Z</time>
      </trkpt>
      <trkpt lat="58.006331920623779296875" lon="-4.26198326982557773590087890625">
        <ele>84.59999847412109375</ele>
        <time>2026-08-07T12:06:41.000Z</time>
      </trkpt>
      <trkpt lat="58.00631809048354625701904296875" lon="-4.2623944021761417388916015625">
        <ele>84.1999969482421875</ele>
        <time>2026-08-07T12:06:47.000Z</time>
      </trkpt>
      <trkpt lat="58.00631389953196048736572265625" lon="-4.2625224776566028594970703125">
        <ele>85.40000152587890625</ele>
        <time>2026-08-07T12:06:49.000Z</time>
      </trkpt>
      <trkpt lat="58.00630551762878894805908203125" lon="-4.26265466026961803436279296875">
        <ele>86.40000152587890625</ele>
        <time>2026-08-07T12:06:51.000Z</time>
      </trkpt>
      <trkpt lat="58.00629847683012485504150390625" lon="-4.26271886564791202545166015625">
        <ele>86.40000152587890625</ele>
        <time>2026-08-07T12:06:52.000Z</time>
      </trkpt>
      <trkpt lat="58.00628791563212871551513671875" lon="-4.26290729083120822906494140625">
        <ele>86</ele>
        <time>2026-08-07T12:06:55.000Z</time>
      </trkpt>
      <trkpt lat="58.00626545213162899017333984375" lon="-4.263205938041210174560546875">
        <ele>85.1999969482421875</ele>
        <time>2026-08-07T12:07:00.000Z</time>
      </trkpt>
      <trkpt lat="58.0062415637075901031494140625" lon="-4.26374028436839580535888671875">
        <ele>85.59999847412109375</ele>
        <time>2026-08-07T12:07:09.000Z</time>
      </trkpt>
      <trkpt lat="58.0062194354832172393798828125" lon="-4.2640992812812328338623046875">
        <ele>85.59999847412109375</ele>
        <time>2026-08-07T12:07:15.000Z</time>
      </trkpt>
      <trkpt lat="58.0061906017363071441650390625" lon="-4.2645884491503238677978515625">
        <ele>85</ele>
        <time>2026-08-07T12:07:22.000Z</time>
      </trkpt>
      <trkpt lat="58.0061667971312999725341796875" lon="-4.265074767172336578369140625">
        <ele>84.8000030517578125</ele>
        <time>2026-08-07T12:07:29.000Z</time>
      </trkpt>
      <trkpt lat="58.00615229643881320953369140625" lon="-4.265551529824733734130859375">
        <ele>85.1999969482421875</ele>
        <time>2026-08-07T12:07:36.000Z</time>
      </trkpt>
      <trkpt lat="58.00617434084415435791015625" lon="-4.26594816148281097412109375">
        <ele>86</ele>
        <time>2026-08-07T12:07:42.000Z</time>
      </trkpt>
      <trkpt lat="58.00623259507119655609130859375" lon="-4.2664787359535694122314453125">
        <ele>85.40000152587890625</ele>
        <time>2026-08-07T12:07:50.000Z</time>
      </trkpt>
      <trkpt lat="58.006347678601741790771484375" lon="-4.26697569899260997772216796875">
        <ele>85.40000152587890625</ele>
        <time>2026-08-07T12:07:58.000Z</time>
      </trkpt>
      <trkpt lat="58.0064564757049083709716796875" lon="-4.267451874911785125732421875">
        <ele>85.40000152587890625</ele>
        <time>2026-08-07T12:08:05.000Z</time>
      </trkpt>
      <trkpt lat="58.0065433122217655181884765625" lon="-4.26786216907203197479248046875">
        <ele>86.59999847412109375</ele>
        <time>2026-08-07T12:08:11.000Z</time>
      </trkpt>
      <trkpt lat="58.00657290033996105194091796875" lon="-4.2679774202406406402587890625">
        <ele>87</ele>
        <time>2026-08-07T12:08:13.000Z</time>
      </trkpt>
      <trkpt lat="58.00661690533161163330078125" lon="-4.26816710270941257476806640625">
        <ele>87</ele>
        <time>2026-08-07T12:08:16.000Z</time>
      </trkpt>
      <trkpt lat="58.0066324956715106964111328125" lon="-4.2682339064776897430419921875">
        <ele>87</ele>
        <time>2026-08-07T12:08:17.000Z</time>
      </trkpt>
      <trkpt lat="58.00667901523411273956298828125" lon="-4.26842157728970050811767578125">
        <ele>87</ele>
        <time>2026-08-07T12:08:20.000Z</time>
      </trkpt>
      <trkpt lat="58.00677440129220485687255859375" lon="-4.26878769882023334503173828125">
        <ele>87.59999847412109375</ele>
        <time>2026-08-07T12:08:26.000Z</time>
      </trkpt>
      <trkpt lat="58.00678881816565990447998046875" lon="-4.26884628832340240478515625">
        <ele>87.59999847412109375</ele>
        <time>2026-08-07T12:08:27.000Z</time>
      </trkpt>
      <trkpt lat="58.00686006434261798858642578125" lon="-4.26919958554208278656005859375">
        <ele>87</ele>
        <time>2026-08-07T12:08:32.000Z</time>
      </trkpt>
      <trkpt lat="58.00689476542174816131591796875" lon="-4.2693362943828105926513671875">
        <ele>86.59999847412109375</ele>
        <time>2026-08-07T12:08:34.000Z</time>
      </trkpt>
      <trkpt lat="58.00696693360805511474609375" lon="-4.26968305371701717376708984375">
        <ele>86.40000152587890625</ele>
        <time>2026-08-07T12:08:39.000Z</time>
      </trkpt>
      <trkpt lat="58.007031641900539398193359375" lon="-4.26992378197610378265380859375">
        <ele>87.40000152587890625</ele>
        <time>2026-08-07T12:08:43.000Z</time>
      </trkpt>
      <trkpt lat="58.00704815424978733062744140625" lon="-4.26998882554471492767333984375">
        <ele>87.8000030517578125</ele>
        <time>2026-08-07T12:08:44.000Z</time>
      </trkpt>
      <trkpt lat="58.00711085088551044464111328125" lon="-4.27031069062650203704833984375">
        <ele>87.1999969482421875</ele>
        <time>2026-08-07T12:08:49.000Z</time>
      </trkpt>
      <trkpt lat="58.00714924000203609466552734375" lon="-4.27043013274669647216796875">
        <ele>87.8000030517578125</ele>
        <time>2026-08-07T12:08:51.000Z</time>
      </trkpt>
      <trkpt lat="58.00721512176096439361572265625" lon="-4.27066373638808727264404296875">
        <ele>88</ele>
        <time>2026-08-07T12:08:54.000Z</time>
      </trkpt>
      <trkpt lat="58.0072799138724803924560546875" lon="-4.27085568197071552276611328125">
        <ele>86.8000030517578125</ele>
        <time>2026-08-07T12:08:57.000Z</time>
      </trkpt>
      <trkpt lat="58.00729877315461635589599609375" lon="-4.2709244973957538604736328125">
        <ele>86.59999847412109375</ele>
        <time>2026-08-07T12:08:58.000Z</time>
      </trkpt>
      <trkpt lat="58.0074123479425907135009765625" lon="-4.27123739384114742279052734375">
        <ele>87</ele>
        <time>2026-08-07T12:09:03.000Z</time>
      </trkpt>
      <trkpt lat="58.007440678775310516357421875" lon="-4.271300174295902252197265625">
        <ele>86.8000030517578125</ele>
        <time>2026-08-07T12:09:04.000Z</time>
      </trkpt>
      <trkpt lat="58.00747110508382320404052734375" lon="-4.27136697806417942047119140625">
        <ele>87</ele>
        <time>2026-08-07T12:09:05.000Z</time>
      </trkpt>
      <trkpt lat="58.00755810923874378204345703125" lon="-4.27156143821775913238525390625">
        <ele>87.1999969482421875</ele>
        <time>2026-08-07T12:09:08.000Z</time>
      </trkpt>
      <trkpt lat="58.0075833387672901153564453125" lon="-4.27162715233862400054931640625">
        <ele>87.40000152587890625</ele>
        <time>2026-08-07T12:09:09.000Z</time>
      </trkpt>
      <trkpt lat="58.00764025188982486724853515625" lon="-4.271747767925262451171875">
        <ele>87.1999969482421875</ele>
        <time>2026-08-07T12:09:11.000Z</time>
      </trkpt>
      <trkpt lat="58.00766573287546634674072265625" lon="-4.27181012928485870361328125">
        <ele>87.40000152587890625</ele>
        <time>2026-08-07T12:09:12.000Z</time>
      </trkpt>
      <trkpt lat="58.0078720115125179290771484375" lon="-4.27233240567147731781005859375">
        <ele>86.40000152587890625</ele>
        <time>2026-08-07T12:09:20.000Z</time>
      </trkpt>
      <trkpt lat="58.00801073201000690460205078125" lon="-4.27272752858698368072509765625">
        <ele>86.8000030517578125</ele>
        <time>2026-08-07T12:09:26.000Z</time>
      </trkpt>
      <trkpt lat="58.0080527253448963165283203125" lon="-4.2728841863572597503662109375">
        <ele>86.59999847412109375</ele>
        <time>2026-08-07T12:09:28.000Z</time>
      </trkpt>
      <trkpt lat="58.00809002481400966644287109375" lon="-4.27302676253020763397216796875">
        <ele>87.1999969482421875</ele>
        <time>2026-08-07T12:09:30.000Z</time>
      </trkpt>
      <trkpt lat="58.00813327543437480926513671875" lon="-4.27315902896225452423095703125">
        <ele>88</ele>
        <time>2026-08-07T12:09:32.000Z</time>
      </trkpt>
      <trkpt lat="58.0081690661609172821044921875" lon="-4.2733046226203441619873046875">
        <ele>88.59999847412109375</ele>
        <time>2026-08-07T12:09:34.000Z</time>
      </trkpt>
      <trkpt lat="58.0082398094236850738525390625" lon="-4.2736065387725830078125">
        <ele>87.59999847412109375</ele>
        <time>2026-08-07T12:09:38.000Z</time>
      </trkpt>
      <trkpt lat="58.008263446390628814697265625" lon="-4.2736771143972873687744140625">
        <ele>87.40000152587890625</ele>
        <time>2026-08-07T12:09:39.000Z</time>
      </trkpt>
      <trkpt lat="58.00827811472117900848388671875" lon="-4.273746013641357421875">
        <ele>87.59999847412109375</ele>
        <time>2026-08-07T12:09:40.000Z</time>
      </trkpt>
      <trkpt lat="58.008326478302478790283203125" lon="-4.2739587463438510894775390625">
        <ele>87.8000030517578125</ele>
        <time>2026-08-07T12:09:43.000Z</time>
      </trkpt>
      <trkpt lat="58.00838154740631580352783203125" lon="-4.27416686899960041046142578125">
        <ele>88</ele>
        <time>2026-08-07T12:09:46.000Z</time>
      </trkpt>
      <trkpt lat="58.00848950631916522979736328125" lon="-4.2744804359972476959228515625">
        <ele>88.59999847412109375</ele>
        <time>2026-08-07T12:09:51.000Z</time>
      </trkpt>
      <trkpt lat="58.00853225402534008026123046875" lon="-4.274615384638309478759765625">
        <ele>88.59999847412109375</ele>
        <time>2026-08-07T12:09:53.000Z</time>
      </trkpt>
      <trkpt lat="58.00862453877925872802734375" lon="-4.27486524917185306549072265625">
        <ele>89</ele>
        <time>2026-08-07T12:09:57.000Z</time>
      </trkpt>
      <trkpt lat="58.0086776800453662872314453125" lon="-4.27498527802526950836181640625">
        <ele>88.8000030517578125</ele>
        <time>2026-08-07T12:09:59.000Z</time>
      </trkpt>
      <trkpt lat="58.00873492844402790069580078125" lon="-4.2751027084887027740478515625">
        <ele>89</ele>
        <time>2026-08-07T12:10:01.000Z</time>
      </trkpt>
      <trkpt lat="58.0087668634951114654541015625" lon="-4.27515643648803234100341796875">
        <ele>89</ele>
        <time>2026-08-07T12:10:02.000Z</time>
      </trkpt>
      <trkpt lat="58.00879896618425846099853515625" lon="-4.2752029560506343841552734375">
        <ele>89</ele>
        <time>2026-08-07T12:10:03.000Z</time>
      </trkpt>
      <trkpt lat="58.00882578827440738677978515625" lon="-4.27526003681123256683349609375">
        <ele>89.1999969482421875</ele>
        <time>2026-08-07T12:10:04.000Z</time>
      </trkpt>
      <trkpt lat="58.00885680131614208221435546875" lon="-4.27531083114445209503173828125">
        <ele>89.1999969482421875</ele>
        <time>2026-08-07T12:10:05.000Z</time>
      </trkpt>
      <trkpt lat="58.00905629061162471771240234375" lon="-4.27557167597115039825439453125">
        <ele>89</ele>
        <time>2026-08-07T12:10:11.000Z</time>
      </trkpt>
      <trkpt lat="58.0090924166142940521240234375" lon="-4.27560604177415370941162109375">
        <ele>89.1999969482421875</ele>
        <time>2026-08-07T12:10:12.000Z</time>
      </trkpt>
      <trkpt lat="58.00922744907438755035400390625" lon="-4.27571752108633518218994140625">
        <ele>90.40000152587890625</ele>
        <time>2026-08-07T12:10:16.000Z</time>
      </trkpt>
      <trkpt lat="58.0092979408800601959228515625" lon="-4.27576479502022266387939453125">
        <ele>91.59999847412109375</ele>
        <time>2026-08-07T12:10:18.000Z</time>
      </trkpt>
      <trkpt lat="58.00948611460626125335693359375" lon="-4.2758768610656261444091796875">
        <ele>92.59999847412109375</ele>
        <time>2026-08-07T12:10:23.000Z</time>
      </trkpt>
      <trkpt lat="58.00966615788638591766357421875" lon="-4.2759600095450878143310546875">
        <ele>92.59999847412109375</ele>
        <time>2026-08-07T12:10:28.000Z</time>
      </trkpt>
      <trkpt lat="58.009832538664340972900390625" lon="-4.27602027542889118194580078125">
        <ele>91.59999847412109375</ele>
        <time>2026-08-07T12:10:32.000Z</time>
      </trkpt>
      <trkpt lat="58.00995483063161373138427734375" lon="-4.27606117911636829376220703125">
        <ele>91.1999969482421875</ele>
        <time>2026-08-07T12:10:35.000Z</time>
      </trkpt>
      <trkpt lat="58.01030066795647144317626953125" lon="-4.27617986686527729034423828125">
        <ele>91.59999847412109375</ele>
        <time>2026-08-07T12:10:43.000Z</time>
      </trkpt>
      <trkpt lat="58.01034383475780487060546875" lon="-4.27620082162320613861083984375">
        <ele>91.59999847412109375</ele>
        <time>2026-08-07T12:10:44.000Z</time>
      </trkpt>
      <trkpt lat="58.0104745924472808837890625" lon="-4.27628346718847751617431640625">
        <ele>91.59999847412109375</ele>
        <time>2026-08-07T12:10:47.000Z</time>
      </trkpt>
      <trkpt lat="58.0106038413941860198974609375" lon="-4.27640936337411403656005859375">
        <ele>91.8000030517578125</ele>
        <time>2026-08-07T12:10:50.000Z</time>
      </trkpt>
      <trkpt lat="58.01083643920719623565673828125" lon="-4.27676525898277759552001953125">
        <ele>91.40000152587890625</ele>
        <time>2026-08-07T12:10:56.000Z</time>
      </trkpt>
      <trkpt lat="58.0110678635537624359130859375" lon="-4.277216456830501556396484375">
        <ele>91</ele>
        <time>2026-08-07T12:11:03.000Z</time>
      </trkpt>
      <trkpt lat="58.01116987131536006927490234375" lon="-4.2774161137640476226806640625">
        <ele>90.59999847412109375</ele>
        <time>2026-08-07T12:11:06.000Z</time>
      </trkpt>
      <trkpt lat="58.011305741965770721435546875" lon="-4.27768416702747344970703125">
        <ele>91.1999969482421875</ele>
        <time>2026-08-07T12:11:10.000Z</time>
      </trkpt>
      <trkpt lat="58.011408336460590362548828125" lon="-4.27787736989557743072509765625">
        <ele>91.8000030517578125</ele>
        <time>2026-08-07T12:11:13.000Z</time>
      </trkpt>
      <trkpt lat="58.0115131102502346038818359375" lon="-4.2780683934688568115234375">
        <ele>91.8000030517578125</ele>
        <time>2026-08-07T12:11:16.000Z</time>
      </trkpt>
      <trkpt lat="58.0116639845073223114013671875" lon="-4.27835312671959400177001953125">
        <ele>91.59999847412109375</ele>
        <time>2026-08-07T12:11:20.000Z</time>
      </trkpt>
      <trkpt lat="58.01177906803786754608154296875" lon="-4.2785754986107349395751953125">
        <ele>91.8000030517578125</ele>
        <time>2026-08-07T12:11:23.000Z</time>
      </trkpt>
      <trkpt lat="58.01201459951698780059814453125" lon="-4.27902661263942718505859375">
        <ele>91.59999847412109375</ele>
        <time>2026-08-07T12:11:29.000Z</time>
      </trkpt>
      <trkpt lat="58.01226873882114887237548828125" lon="-4.2794958315789699554443359375">
        <ele>91</ele>
        <time>2026-08-07T12:11:35.000Z</time>
      </trkpt>
      <trkpt lat="58.01234886981546878814697265625" lon="-4.2796460352838039398193359375">
        <ele>91</ele>
        <time>2026-08-07T12:11:37.000Z</time>
      </trkpt>
      <trkpt lat="58.01243134774267673492431640625" lon="-4.27978911437094211578369140625">
        <ele>90.59999847412109375</ele>
        <time>2026-08-07T12:11:39.000Z</time>
      </trkpt>
      <trkpt lat="58.01251147873699665069580078125" lon="-4.279939569532871246337890625">
        <ele>90.40000152587890625</ele>
        <time>2026-08-07T12:11:41.000Z</time>
      </trkpt>
      <trkpt lat="58.012597225606441497802734375" lon="-4.280094802379608154296875">
        <ele>90.1999969482421875</ele>
        <time>2026-08-07T12:11:43.000Z</time>
      </trkpt>
      <trkpt lat="58.0127110518515110015869140625" lon="-4.280311055481433868408203125">
        <ele>91.1999969482421875</ele>
        <time>2026-08-07T12:11:46.000Z</time>
      </trkpt>
      <trkpt lat="58.0127935297787189483642578125" lon="-4.28046637214720249176025390625">
        <ele>91.8000030517578125</ele>
        <time>2026-08-07T12:11:48.000Z</time>
      </trkpt>
      <trkpt lat="58.0129762552678585052490234375" lon="-4.28085051476955413818359375">
        <ele>91.1999969482421875</ele>
        <time>2026-08-07T12:11:53.000Z</time>
      </trkpt>
      <trkpt lat="58.01313467323780059814453125" lon="-4.28127824328839778900146484375">
        <ele>90.59999847412109375</ele>
        <time>2026-08-07T12:11:58.000Z</time>
      </trkpt>
      <trkpt lat="58.01318295300006866455078125" lon="-4.28147010505199432373046875">
        <ele>90.8000030517578125</ele>
        <time>2026-08-07T12:12:00.000Z</time>
      </trkpt>
      <trkpt lat="58.01329032517969608306884765625" lon="-4.28213504143059253692626953125">
        <ele>91.59999847412109375</ele>
        <time>2026-08-07T12:12:07.000Z</time>
      </trkpt>
      <trkpt lat="58.01334212534129619598388671875" lon="-4.282537288963794708251953125">
        <ele>91.8000030517578125</ele>
        <time>2026-08-07T12:12:11.000Z</time>
      </trkpt>
      <trkpt lat="58.01339359022676944732666015625" lon="-4.28294221870601177215576171875">
        <ele>91</ele>
        <time>2026-08-07T12:12:15.000Z</time>
      </trkpt>
      <trkpt lat="58.013405911624431610107421875" lon="-4.283041544258594512939453125">
        <ele>90.40000152587890625</ele>
        <time>2026-08-07T12:12:16.000Z</time>
      </trkpt>
      <trkpt lat="58.013419322669506072998046875" lon="-4.28313751704990863800048828125">
        <ele>90.59999847412109375</ele>
        <time>2026-08-07T12:12:17.000Z</time>
      </trkpt>
      <trkpt lat="58.01347120665013790130615234375" lon="-4.28352601826190948486328125">
        <ele>91.8000030517578125</ele>
        <time>2026-08-07T12:12:21.000Z</time>
      </trkpt>
      <trkpt lat="58.0135509185492992401123046875" lon="-4.28417184390127658843994140625">
        <ele>91.59999847412109375</ele>
        <time>2026-08-07T12:12:28.000Z</time>
      </trkpt>
      <trkpt lat="58.01365527324378490447998046875" lon="-4.28489838726818561553955078125">
        <ele>91.59999847412109375</ele>
        <time>2026-08-07T12:12:37.000Z</time>
      </trkpt>
      <trkpt lat="58.0137200653553009033203125" lon="-4.285376407206058502197265625">
        <ele>92.40000152587890625</ele>
        <time>2026-08-07T12:12:43.000Z</time>
      </trkpt>
      <trkpt lat="58.01375820301473140716552734375" lon="-4.285695254802703857421875">
        <ele>92.1999969482421875</ele>
        <time>2026-08-07T12:12:47.000Z</time>
      </trkpt>
      <trkpt lat="58.01381972618401050567626953125" lon="-4.28618542850017547607421875">
        <ele>93</ele>
        <time>2026-08-07T12:12:53.000Z</time>
      </trkpt>
      <trkpt lat="58.01384252496063709259033203125" lon="-4.2863482050597667694091796875">
        <ele>93.40000152587890625</ele>
        <time>2026-08-07T12:12:55.000Z</time>
      </trkpt>
      <trkpt lat="58.013854511082172393798828125" lon="-4.28642942570149898529052734375">
        <ele>93.40000152587890625</ele>
        <time>2026-08-07T12:12:56.000Z</time>
      </trkpt>
      <trkpt lat="58.01397043280303478240966796875" lon="-4.287201650440692901611328125">
        <ele>93</ele>
        <time>2026-08-07T12:13:05.000Z</time>
      </trkpt>
      <trkpt lat="58.0140038765966892242431640625" lon="-4.2874427139759063720703125">
        <ele>93</ele>
        <time>2026-08-07T12:13:08.000Z</time>
      </trkpt>
      <trkpt lat="58.01405441947281360626220703125" lon="-4.28778310306370258331298828125">
        <ele>93.59999847412109375</ele>
        <time>2026-08-07T12:13:12.000Z</time>
      </trkpt>
      <trkpt lat="58.0140789784491062164306640625" lon="-4.28796113468706607818603515625">
        <ele>94</ele>
        <time>2026-08-07T12:13:14.000Z</time>
      </trkpt>
      <trkpt lat="58.0141450278460979461669921875" lon="-4.288478381931781768798828125">
        <ele>93.40000152587890625</ele>
        <time>2026-08-07T12:13:20.000Z</time>
      </trkpt>
      <trkpt lat="58.01422641612589359283447265625" lon="-4.28909872658550739288330078125">
        <ele>94</ele>
        <time>2026-08-07T12:13:27.000Z</time>
      </trkpt>
      <trkpt lat="58.0143233947455883026123046875" lon="-4.2897995375096797943115234375">
        <ele>93.59999847412109375</ele>
        <time>2026-08-07T12:13:35.000Z</time>
      </trkpt>
      <trkpt lat="58.0144239775836467742919921875" lon="-4.29047754965722560882568359375">
        <ele>95</ele>
        <time>2026-08-07T12:13:43.000Z</time>
      </trkpt>
      <trkpt lat="58.01444853655993938446044921875" lon="-4.29064736701548099517822265625">
        <ele>95.40000152587890625</ele>
        <time>2026-08-07T12:13:45.000Z</time>
      </trkpt>
      <trkpt lat="58.014519028365612030029296875" lon="-4.2912724055349826812744140625">
        <ele>95.59999847412109375</ele>
        <time>2026-08-07T12:13:52.000Z</time>
      </trkpt>
      <trkpt lat="58.01453210413455963134765625" lon="-4.2913595773279666900634765625">
        <ele>95.40000152587890625</ele>
        <time>2026-08-07T12:13:53.000Z</time>
      </trkpt>
      <trkpt lat="58.0145979858934879302978515625" lon="-4.291884116828441619873046875">
        <ele>96.1999969482421875</ele>
        <time>2026-08-07T12:13:59.000Z</time>
      </trkpt>
      <trkpt lat="58.01468708552420139312744140625" lon="-4.29241796024143695831298828125">
        <ele>96.1999969482421875</ele>
        <time>2026-08-07T12:14:05.000Z</time>
      </trkpt>
      <trkpt lat="58.0147103033959865570068359375" lon="-4.29259414784610271453857421875">
        <ele>96.59999847412109375</ele>
        <time>2026-08-07T12:14:07.000Z</time>
      </trkpt>
      <trkpt lat="58.01473720930516719818115234375" lon="-4.292838983237743377685546875">
        <ele>96.40000152587890625</ele>
        <time>2026-08-07T12:14:10.000Z</time>
      </trkpt>
      <trkpt lat="58.01476118154823780059814453125" lon="-4.29306169040501117706298828125">
        <ele>96.1999969482421875</ele>
        <time>2026-08-07T12:14:13.000Z</time>
      </trkpt>
      <trkpt lat="58.0147969722747802734375" lon="-4.29334751330316066741943359375">
        <ele>95.8000030517578125</ele>
        <time>2026-08-07T12:14:17.000Z</time>
      </trkpt>
      <trkpt lat="58.01484986208379268646240234375" lon="-4.293801896274089813232421875">
        <ele>95.1999969482421875</ele>
        <time>2026-08-07T12:14:23.000Z</time>
      </trkpt>
      <trkpt lat="58.014867715537548065185546875" lon="-4.2939502559602260589599609375">
        <ele>95</ele>
        <time>2026-08-07T12:14:25.000Z</time>
      </trkpt>
      <trkpt lat="58.01488137803971767425537109375" lon="-4.29409853182733058929443359375">
        <ele>96.8000030517578125</ele>
        <time>2026-08-07T12:14:27.000Z</time>
      </trkpt>
      <trkpt lat="58.01489646546542644500732421875" lon="-4.2942543514072895050048828125">
        <ele>98.1999969482421875</ele>
        <time>2026-08-07T12:14:29.000Z</time>
      </trkpt>
      <trkpt lat="58.0149114690721035003662109375" lon="-4.294408075511455535888671875">
        <ele>98.8000030517578125</ele>
        <time>2026-08-07T12:14:31.000Z</time>
      </trkpt>
      <trkpt lat="58.0149511992931365966796875" lon="-4.2949205450713634490966796875">
        <ele>99.40000152587890625</ele>
        <time>2026-08-07T12:14:38.000Z</time>
      </trkpt>
      <trkpt lat="58.01495513878762722015380859375" lon="-4.29499556310474872589111328125">
        <ele>99.8000030517578125</ele>
        <time>2026-08-07T12:14:39.000Z</time>
      </trkpt>
      <trkpt lat="58.01497106440365314483642578125" lon="-4.29536973126232624053955078125">
        <ele>100</ele>
        <time>2026-08-07T12:14:44.000Z</time>
      </trkpt>
      <trkpt lat="58.01499889232218265533447265625" lon="-4.2958140559494495391845703125">
        <ele>100.1999969482421875</ele>
        <time>2026-08-07T12:14:50.000Z</time>
      </trkpt>
      <trkpt lat="58.01503225229680538177490234375" lon="-4.2961855418980121612548828125">
        <ele>100</ele>
        <time>2026-08-07T12:14:55.000Z</time>
      </trkpt>
      <trkpt lat="58.0150368623435497283935546875" lon="-4.2962626554071903228759765625">
        <ele>100.1999969482421875</ele>
        <time>2026-08-07T12:14:56.000Z</time>
      </trkpt>
      <trkpt lat="58.01504096947610378265380859375" lon="-4.29641512222588062286376953125">
        <ele>100.40000152587890625</ele>
        <time>2026-08-07T12:14:58.000Z</time>
      </trkpt>
      <trkpt lat="58.0150569789111614227294921875" lon="-4.2966965027153491973876953125">
        <ele>101.59999847412109375</ele>
        <time>2026-08-07T12:15:02.000Z</time>
      </trkpt>
      <trkpt lat="58.0150814540684223175048828125" lon="-4.2970378138124942779541015625">
        <ele>101.8000030517578125</ele>
        <time>2026-08-07T12:15:07.000Z</time>
      </trkpt>
      <trkpt lat="58.015105091035366058349609375" lon="-4.29730477742850780487060546875">
        <ele>101</ele>
        <time>2026-08-07T12:15:13.000Z</time>
      </trkpt>
      <trkpt lat="58.0151203460991382598876953125" lon="-4.29756201803684234619140625">
        <ele>100.59999847412109375</ele>
        <time>2026-08-07T12:15:19.000Z</time>
      </trkpt>
      <trkpt lat="58.01514356397092342376708984375" lon="-4.29780668579041957855224609375">
        <ele>100.1999969482421875</ele>
        <time>2026-08-07T12:15:25.000Z</time>
      </trkpt>
      <trkpt lat="58.0151548795402050018310546875" lon="-4.2980674467980861663818359375">
        <ele>100.1999969482421875</ele>
        <time>2026-08-07T12:15:31.000Z</time>
      </trkpt>
      <trkpt lat="58.01519335247576236724853515625" lon="-4.2983708716928958892822265625">
        <ele>100.59999847412109375</ele>
        <time>2026-08-07T12:15:37.000Z</time>
      </trkpt>
      <trkpt lat="58.01520726643502712249755859375" lon="-4.29850858636200428009033203125">
        <ele>102.1999969482421875</ele>
        <time>2026-08-07T12:15:39.000Z</time>
      </trkpt>
      <trkpt lat="58.01521849818527698516845703125" lon="-4.29863934405148029327392578125">
        <ele>103.1999969482421875</ele>
        <time>2026-08-07T12:15:41.000Z</time>
      </trkpt>
      <trkpt lat="58.0152283050119876861572265625" lon="-4.29875652305781841278076171875">
        <ele>103</ele>
        <time>2026-08-07T12:15:43.000Z</time>
      </trkpt>
      <trkpt lat="58.01524481736123561859130859375" lon="-4.298933632671833038330078125">
        <ele>103.1999969482421875</ele>
        <time>2026-08-07T12:15:46.000Z</time>
      </trkpt>
      <trkpt lat="58.01527700386941432952880859375" lon="-4.299181401729583740234375">
        <ele>104</ele>
        <time>2026-08-07T12:15:49.000Z</time>
      </trkpt>
      <trkpt lat="58.0153079330921173095703125" lon="-4.29943017661571502685546875">
        <ele>104</ele>
        <time>2026-08-07T12:15:52.000Z</time>
      </trkpt>
      <trkpt lat="58.01533785648643970489501953125" lon="-4.29962639696896076202392578125">
        <ele>103.59999847412109375</ele>
        <time>2026-08-07T12:15:55.000Z</time>
      </trkpt>
      <trkpt lat="58.01538496278226375579833984375" lon="-4.299995787441730499267578125">
        <ele>103.40000152587890625</ele>
        <time>2026-08-07T12:16:01.000Z</time>
      </trkpt>
      <trkpt lat="58.015426956117153167724609375" lon="-4.30036283098161220550537109375">
        <ele>103</ele>
        <time>2026-08-07T12:16:07.000Z</time>
      </trkpt>
      <trkpt lat="58.01546760834753513336181640625" lon="-4.300763569772243499755859375">
        <ele>103</ele>
        <time>2026-08-07T12:16:13.000Z</time>
      </trkpt>
      <trkpt lat="58.0155025608837604522705078125" lon="-4.301063306629657745361328125">
        <ele>102.59999847412109375</ele>
        <time>2026-08-07T12:16:18.000Z</time>
      </trkpt>
      <trkpt lat="58.0155481584370136260986328125" lon="-4.30137150920927524566650390625">
        <ele>102.1999969482421875</ele>
        <time>2026-08-07T12:16:23.000Z</time>
      </trkpt>
      <trkpt lat="58.01557146012783050537109375" lon="-4.3014886043965816497802734375">
        <ele>102</ele>
        <time>2026-08-07T12:16:25.000Z</time>
      </trkpt>
      <trkpt lat="58.0156323127448558807373046875" lon="-4.3017625249922275543212890625">
        <ele>101.40000152587890625</ele>
        <time>2026-08-07T12:16:29.000Z</time>
      </trkpt>
      <trkpt lat="58.0157369188964366912841796875" lon="-4.302198551595211029052734375">
        <ele>102</ele>
        <time>2026-08-07T12:16:36.000Z</time>
      </trkpt>
      <trkpt lat="58.01580942235887050628662109375" lon="-4.3024914152920246124267578125">
        <ele>101.59999847412109375</ele>
        <time>2026-08-07T12:16:41.000Z</time>
      </trkpt>
      <trkpt lat="58.015904389321804046630859375" lon="-4.30284840054810047149658203125">
        <ele>101.8000030517578125</ele>
        <time>2026-08-07T12:16:47.000Z</time>
      </trkpt>
      <trkpt lat="58.0159162916243076324462890625" lon="-4.3029190599918365478515625">
        <ele>101.8000030517578125</ele>
        <time>2026-08-07T12:16:48.000Z</time>
      </trkpt>
      <trkpt lat="58.01594696938991546630859375" lon="-4.30309818126261234283447265625">
        <ele>103</ele>
        <time>2026-08-07T12:16:51.000Z</time>
      </trkpt>
      <trkpt lat="58.0160507373511791229248046875" lon="-4.30350034497678279876708984375">
        <ele>102.59999847412109375</ele>
        <time>2026-08-07T12:16:58.000Z</time>
      </trkpt>
      <trkpt lat="58.01613899879157543182373046875" lon="-4.30385087616741657257080078125">
        <ele>104</ele>
        <time>2026-08-07T12:17:04.000Z</time>
      </trkpt>
      <trkpt lat="58.01615157164633274078369140625" lon="-4.3039096333086490631103515625">
        <ele>104.1999969482421875</ele>
        <time>2026-08-07T12:17:05.000Z</time>
      </trkpt>
      <trkpt lat="58.01626372151076793670654296875" lon="-4.304422773420810699462890625">
        <ele>104.1999969482421875</ele>
        <time>2026-08-07T12:17:13.000Z</time>
      </trkpt>
      <trkpt lat="58.01637050695717334747314453125" lon="-4.30487061850726604461669921875">
        <ele>104.8000030517578125</ele>
        <time>2026-08-07T12:17:20.000Z</time>
      </trkpt>
      <trkpt lat="58.0164523981511592864990234375" lon="-4.3052713572978973388671875">
        <ele>104.8000030517578125</ele>
        <time>2026-08-07T12:17:26.000Z</time>
      </trkpt>
      <trkpt lat="58.01656882278621196746826171875" lon="-4.30583319626748561859130859375">
        <ele>104.8000030517578125</ele>
        <time>2026-08-07T12:17:35.000Z</time>
      </trkpt>
      <trkpt lat="58.01666454412043094635009765625" lon="-4.3063631840050220489501953125">
        <ele>104.8000030517578125</ele>
        <time>2026-08-07T12:17:43.000Z</time>
      </trkpt>
      <trkpt lat="58.0167437531054019927978515625" lon="-4.30673726834356784820556640625">
        <ele>105</ele>
        <time>2026-08-07T12:17:49.000Z</time>
      </trkpt>
      <trkpt lat="58.01682782359421253204345703125" lon="-4.3071135319769382476806640625">
        <ele>104.8000030517578125</ele>
        <time>2026-08-07T12:17:55.000Z</time>
      </trkpt>
      <trkpt lat="58.016900829970836639404296875" lon="-4.30748024024069309234619140625">
        <ele>104.8000030517578125</ele>
        <time>2026-08-07T12:18:01.000Z</time>
      </trkpt>
      <trkpt lat="58.01697551272809505462646484375" lon="-4.3078611977398395538330078125">
        <ele>104.8000030517578125</ele>
        <time>2026-08-07T12:18:07.000Z</time>
      </trkpt>
      <trkpt lat="58.01708213053643703460693359375" lon="-4.3083621002733707427978515625">
        <ele>104.8000030517578125</ele>
        <time>2026-08-07T12:18:15.000Z</time>
      </trkpt>
      <trkpt lat="58.017143569886684417724609375" lon="-4.30860676802694797515869140625">
        <ele>105.1999969482421875</ele>
        <time>2026-08-07T12:18:19.000Z</time>
      </trkpt>
      <trkpt lat="58.01719243638217449188232421875" lon="-4.308773986995220184326171875">
        <ele>105.8000030517578125</ele>
        <time>2026-08-07T12:18:22.000Z</time>
      </trkpt>
      <trkpt lat="58.017296455800533294677734375" lon="-4.30910951457917690277099609375">
        <ele>106.1999969482421875</ele>
        <time>2026-08-07T12:18:28.000Z</time>
      </trkpt>
      <trkpt lat="58.01731288433074951171875" lon="-4.30916198529303073883056640625">
        <ele>106.40000152587890625</ele>
        <time>2026-08-07T12:18:29.000Z</time>
      </trkpt>
      <trkpt lat="58.0174501799046993255615234375" lon="-4.30954839102923870086669921875">
        <ele>107.1999969482421875</ele>
        <time>2026-08-07T12:18:36.000Z</time>
      </trkpt>
      <trkpt lat="58.017467446625232696533203125" lon="-4.30960605852305889129638671875">
        <ele>107.40000152587890625</ele>
        <time>2026-08-07T12:18:37.000Z</time>
      </trkpt>
      <trkpt lat="58.01755637861788272857666015625" lon="-4.30989389307796955108642578125">
        <ele>107.8000030517578125</ele>
        <time>2026-08-07T12:18:42.000Z</time>
      </trkpt>
      <trkpt lat="58.01761203445494174957275390625" lon="-4.310073517262935638427734375">
        <ele>108.40000152587890625</ele>
        <time>2026-08-07T12:18:45.000Z</time>
      </trkpt>
      <trkpt lat="58.01764153875410556793212890625" lon="-4.3101967312395572662353515625">
        <ele>108.8000030517578125</ele>
        <time>2026-08-07T12:18:47.000Z</time>
      </trkpt>
      <trkpt lat="58.0176674388349056243896484375" lon="-4.3103207834064960479736328125">
        <ele>109</ele>
        <time>2026-08-07T12:18:49.000Z</time>
      </trkpt>
      <trkpt lat="58.01767741329967975616455078125" lon="-4.31037719361484050750732421875">
        <ele>109</ele>
        <time>2026-08-07T12:18:50.000Z</time>
      </trkpt>
      <trkpt lat="58.01770105026662349700927734375" lon="-4.3105025030672550201416015625">
        <ele>109</ele>
        <time>2026-08-07T12:18:52.000Z</time>
      </trkpt>
      <trkpt lat="58.017733991146087646484375" lon="-4.31070350110530853271484375">
        <ele>109.1999969482421875</ele>
        <time>2026-08-07T12:18:55.000Z</time>
      </trkpt>
      <trkpt lat="58.01775838248431682586669921875" lon="-4.31089485995471477508544921875">
        <ele>109.1999969482421875</ele>
        <time>2026-08-07T12:18:58.000Z</time>
      </trkpt>
      <trkpt lat="58.01776684820652008056640625" lon="-4.310957305133342742919921875">
        <ele>109.59999847412109375</ele>
        <time>2026-08-07T12:18:59.000Z</time>
      </trkpt>
      <trkpt lat="58.0177817679941654205322265625" lon="-4.31113558821380138397216796875">
        <ele>111</ele>
        <time>2026-08-07T12:19:02.000Z</time>
      </trkpt>
      <trkpt lat="58.01779308356344699859619140625" lon="-4.31130255572497844696044921875">
        <ele>111.8000030517578125</ele>
        <time>2026-08-07T12:19:05.000Z</time>
      </trkpt>
      <trkpt lat="58.01779191009700298309326171875" lon="-4.31145678274333477020263671875">
        <ele>112.1999969482421875</ele>
        <time>2026-08-07T12:19:08.000Z</time>
      </trkpt>
      <trkpt lat="58.0177817679941654205322265625" lon="-4.3116655759513378143310546875">
        <ele>112.8000030517578125</ele>
        <time>2026-08-07T12:19:12.000Z</time>
      </trkpt>
      <trkpt lat="58.0177683569490909576416015625" lon="-4.3118194676935672760009765625">
        <ele>113.1999969482421875</ele>
        <time>2026-08-07T12:19:15.000Z</time>
      </trkpt>
      <trkpt lat="58.0177489109337329864501953125" lon="-4.31193907745182514190673828125">
        <ele>113.40000152587890625</ele>
        <time>2026-08-07T12:19:17.000Z</time>
      </trkpt>
      <trkpt lat="58.0177016369998455047607421875" lon="-4.31223412044346332550048828125">
        <ele>113.40000152587890625</ele>
        <time>2026-08-07T12:19:22.000Z</time>
      </trkpt>
      <trkpt lat="58.01760817877948284149169921875" lon="-4.31264550425112247467041015625">
        <ele>113.8000030517578125</ele>
        <time>2026-08-07T12:19:29.000Z</time>
      </trkpt>
      <trkpt lat="58.0175618268549442291259765625" lon="-4.3128729052841663360595703125">
        <ele>114.40000152587890625</ele>
        <time>2026-08-07T12:19:33.000Z</time>
      </trkpt>
      <trkpt lat="58.01752301864326000213623046875" lon="-4.3130438961088657379150390625">
        <ele>114.8000030517578125</ele>
        <time>2026-08-07T12:19:36.000Z</time>
      </trkpt>
      <trkpt lat="58.01747658289968967437744140625" lon="-4.3132732249796390533447265625">
        <ele>115.59999847412109375</ele>
        <time>2026-08-07T12:19:40.000Z</time>
      </trkpt>
      <trkpt lat="58.01743852905929088592529296875" lon="-4.31343474425375461578369140625">
        <ele>115.59999847412109375</ele>
        <time>2026-08-07T12:19:43.000Z</time>
      </trkpt>
      <trkpt lat="58.0173757486045360565185546875" lon="-4.313725344836711883544921875">
        <ele>116.40000152587890625</ele>
        <time>2026-08-07T12:19:49.000Z</time>
      </trkpt>
      <trkpt lat="58.01732570864260196685791015625" lon="-4.313985519111156463623046875">
        <ele>116.59999847412109375</ele>
        <time>2026-08-07T12:19:54.000Z</time>
      </trkpt>
      <trkpt lat="58.01730282604694366455078125" lon="-4.31409406475722789764404296875">
        <ele>117</ele>
        <time>2026-08-07T12:19:56.000Z</time>
      </trkpt>
      <trkpt lat="58.0172275565564632415771484375" lon="-4.3145385570824146270751953125">
        <ele>117.1999969482421875</ele>
        <time>2026-08-07T12:20:04.000Z</time>
      </trkpt>
      <trkpt lat="58.01721699535846710205078125" lon="-4.3146984837949275970458984375">
        <ele>117.8000030517578125</ele>
        <time>2026-08-07T12:20:07.000Z</time>
      </trkpt>
      <trkpt lat="58.0172094516456127166748046875" lon="-4.3148040957748889923095703125">
        <ele>118</ele>
        <time>2026-08-07T12:20:09.000Z</time>
      </trkpt>
      <trkpt lat="58.01718438975512981414794921875" lon="-4.31513811461627483367919921875">
        <ele>118.8000030517578125</ele>
        <time>2026-08-07T12:20:15.000Z</time>
      </trkpt>
      <trkpt lat="58.0171833001077175140380859375" lon="-4.31520148180425167083740234375">
        <ele>119</ele>
        <time>2026-08-07T12:20:16.000Z</time>
      </trkpt>
      <trkpt lat="58.017177097499370574951171875" lon="-4.31554849259555339813232421875">
        <ele>119.8000030517578125</ele>
        <time>2026-08-07T12:20:22.000Z</time>
      </trkpt>
      <trkpt lat="58.0171774327754974365234375" lon="-4.31560800410807132720947265625">
        <ele>120</ele>
        <time>2026-08-07T12:20:23.000Z</time>
      </trkpt>
      <trkpt lat="58.01716712303459644317626953125" lon="-4.315928108990192413330078125">
        <ele>120.8000030517578125</ele>
        <time>2026-08-07T12:20:28.000Z</time>
      </trkpt>
      <trkpt lat="58.0171594955027103424072265625" lon="-4.31622910313308238983154296875">
        <ele>121</ele>
        <time>2026-08-07T12:20:33.000Z</time>
      </trkpt>
      <trkpt lat="58.0171517841517925262451171875" lon="-4.31640696711838245391845703125">
        <ele>121.1999969482421875</ele>
        <time>2026-08-07T12:20:36.000Z</time>
      </trkpt>
      <trkpt lat="58.0171264708042144775390625" lon="-4.31684978306293487548828125">
        <ele>121</ele>
        <time>2026-08-07T12:20:43.000Z</time>
      </trkpt>
      <trkpt lat="58.017122112214565277099609375" lon="-4.3169116415083408355712890625">
        <ele>120.8000030517578125</ele>
        <time>2026-08-07T12:20:44.000Z</time>
      </trkpt>
      <trkpt lat="58.017106689512729644775390625" lon="-4.3171550519764423370361328125">
        <ele>122.1999969482421875</ele>
        <time>2026-08-07T12:20:48.000Z</time>
      </trkpt>
      <trkpt lat="58.01709520630538463592529296875" lon="-4.31733719073235988616943359375">
        <ele>121.8000030517578125</ele>
        <time>2026-08-07T12:20:51.000Z</time>
      </trkpt>
      <trkpt lat="58.01707307808101177215576171875" lon="-4.31760608218610286712646484375">
        <ele>122.8000030517578125</ele>
        <time>2026-08-07T12:20:56.000Z</time>
      </trkpt>
      <trkpt lat="58.01707056351006031036376953125" lon="-4.31765821762382984161376953125">
        <ele>123.1999969482421875</ele>
        <time>2026-08-07T12:20:57.000Z</time>
      </trkpt>
      <trkpt lat="58.01706855185329914093017578125" lon="-4.317708425223827362060546875">
        <ele>123.59999847412109375</ele>
        <time>2026-08-07T12:20:58.000Z</time>
      </trkpt>
      <trkpt lat="58.01703720353543758392333984375" lon="-4.31803657673299312591552734375">
        <ele>124.1999969482421875</ele>
        <time>2026-08-07T12:21:04.000Z</time>
      </trkpt>
      <trkpt lat="58.0170186795294284820556640625" lon="-4.31834016926586627960205078125">
        <ele>124</ele>
        <time>2026-08-07T12:21:10.000Z</time>
      </trkpt>
      <trkpt lat="58.017006106674671173095703125" lon="-4.31874300353229045867919921875">
        <ele>124.40000152587890625</ele>
        <time>2026-08-07T12:21:17.000Z</time>
      </trkpt>
      <trkpt lat="58.0170004069805145263671875" lon="-4.3188019283115863800048828125">
        <ele>124.59999847412109375</ele>
        <time>2026-08-07T12:21:18.000Z</time>
      </trkpt>
      <trkpt lat="58.01699713803827762603759765625" lon="-4.3191070295870304107666015625">
        <ele>125.59999847412109375</ele>
        <time>2026-08-07T12:21:23.000Z</time>
      </trkpt>
      <trkpt lat="58.01699529401957988739013671875" lon="-4.319461919367313385009765625">
        <ele>126.59999847412109375</ele>
        <time>2026-08-07T12:21:29.000Z</time>
      </trkpt>
      <trkpt lat="58.01699814386665821075439453125" lon="-4.319520257413387298583984375">
        <ele>127.1999969482421875</ele>
        <time>2026-08-07T12:21:30.000Z</time>
      </trkpt>
      <trkpt lat="58.01700174808502197265625" lon="-4.31980960071086883544921875">
        <ele>128.1999969482421875</ele>
        <time>2026-08-07T12:21:35.000Z</time>
      </trkpt>
      <trkpt lat="58.017007447779178619384765625" lon="-4.3198614008724689483642578125">
        <ele>128.399993896484375</ele>
        <time>2026-08-07T12:21:36.000Z</time>
      </trkpt>
      <trkpt lat="58.01701842807233333587646484375" lon="-4.320151917636394500732421875">
        <ele>129</ele>
        <time>2026-08-07T12:21:41.000Z</time>
      </trkpt>
      <trkpt lat="58.01701842807233333587646484375" lon="-4.3202647380530834197998046875">
        <ele>129.1999969482421875</ele>
        <time>2026-08-07T12:21:43.000Z</time>
      </trkpt>
      <trkpt lat="58.01702253520488739013671875" lon="-4.32048174552619457244873046875">
        <ele>129.1999969482421875</ele>
        <time>2026-08-07T12:21:47.000Z</time>
      </trkpt>
      <trkpt lat="58.0170401372015476226806640625" lon="-4.32091877795755863189697265625">
        <ele>129.399993896484375</ele>
        <time>2026-08-07T12:21:54.000Z</time>
      </trkpt>
      <trkpt lat="58.01704089157283306121826171875" lon="-4.3211740069091320037841796875">
        <ele>129.600006103515625</ele>
        <time>2026-08-07T12:21:58.000Z</time>
      </trkpt>
      <trkpt lat="58.0170475132763385772705078125" lon="-4.32140928693115711212158203125">
        <ele>130</ele>
        <time>2026-08-07T12:22:02.000Z</time>
      </trkpt>
      <trkpt lat="58.01705203950405120849609375" lon="-4.3215957842767238616943359375">
        <ele>130</ele>
        <time>2026-08-07T12:22:05.000Z</time>
      </trkpt>
      <trkpt lat="58.017063438892364501953125" lon="-4.321835003793239593505859375">
        <ele>130.399993896484375</ele>
        <time>2026-08-07T12:22:09.000Z</time>
      </trkpt>
      <trkpt lat="58.01706612110137939453125" lon="-4.3218951858580112457275390625">
        <ele>130.399993896484375</ele>
        <time>2026-08-07T12:22:10.000Z</time>
      </trkpt>
      <trkpt lat="58.01708959043025970458984375" lon="-4.32236951775848865509033203125">
        <ele>129.399993896484375</ele>
        <time>2026-08-07T12:22:17.000Z</time>
      </trkpt>
      <trkpt lat="58.0171283148229122161865234375" lon="-4.322946779429912567138671875">
        <ele>130.8000030517578125</ele>
        <time>2026-08-07T12:22:25.000Z</time>
      </trkpt>
      <trkpt lat="58.01713326014578342437744140625" lon="-4.3230123259127140045166015625">
        <ele>130.8000030517578125</ele>
        <time>2026-08-07T12:22:26.000Z</time>
      </trkpt>
      <trkpt lat="58.01715991459786891937255859375" lon="-4.32354457676410675048828125">
        <ele>131</ele>
        <time>2026-08-07T12:22:34.000Z</time>
      </trkpt>
      <trkpt lat="58.0171786062419414520263671875" lon="-4.32392385788261890411376953125">
        <ele>130.8000030517578125</ele>
        <time>2026-08-07T12:22:39.000Z</time>
      </trkpt>
      <trkpt lat="58.017189837992191314697265625" lon="-4.3240748159587383270263671875">
        <ele>130.600006103515625</ele>
        <time>2026-08-07T12:22:41.000Z</time>
      </trkpt>
      <trkpt lat="58.0172138102352619171142578125" lon="-4.32429291307926177978515625">
        <ele>130.399993896484375</ele>
        <time>2026-08-07T12:22:44.000Z</time>
      </trkpt>
      <trkpt lat="58.01722235977649688720703125" lon="-4.32442693971097469329833984375">
        <ele>130.600006103515625</ele>
        <time>2026-08-07T12:22:46.000Z</time>
      </trkpt>
      <trkpt lat="58.01723920740187168121337890625" lon="-4.32469189167022705078125">
        <ele>131.399993896484375</ele>
        <time>2026-08-07T12:22:50.000Z</time>
      </trkpt>
      <trkpt lat="58.01723987795412540435791015625" lon="-4.3247607909142971038818359375">
        <ele>131.600006103515625</ele>
        <time>2026-08-07T12:22:51.000Z</time>
      </trkpt>
      <trkpt lat="58.0172724835574626922607421875" lon="-4.3250977434217929840087890625">
        <ele>130.1999969482421875</ele>
        <time>2026-08-07T12:22:56.000Z</time>
      </trkpt>
      <trkpt lat="58.01727659069001674652099609375" lon="-4.32515918277204036712646484375">
        <ele>130.1999969482421875</ele>
        <time>2026-08-07T12:22:57.000Z</time>
      </trkpt>
      <trkpt lat="58.01734247244894504547119140625" lon="-4.32556738145649433135986328125">
        <ele>130.1999969482421875</ele>
        <time>2026-08-07T12:23:03.000Z</time>
      </trkpt>
      <trkpt lat="58.017421178519725799560546875" lon="-4.3259560503065586090087890625">
        <ele>131.1999969482421875</ele>
        <time>2026-08-07T12:23:09.000Z</time>
      </trkpt>
      <trkpt lat="58.0174354277551174163818359375" lon="-4.32601883076131343841552734375">
        <ele>131.399993896484375</ele>
        <time>2026-08-07T12:23:10.000Z</time>
      </trkpt>
      <trkpt lat="58.0175088532269001007080078125" lon="-4.32631974108517169952392578125">
        <ele>131.8000030517578125</ele>
        <time>2026-08-07T12:23:15.000Z</time>
      </trkpt>
      <trkpt lat="58.017592839896678924560546875" lon="-4.32652451097965240478515625">
        <ele>132</ele>
        <time>2026-08-07T12:23:19.000Z</time>
      </trkpt>
      <trkpt lat="58.01767959259450435638427734375" lon="-4.32677387259900569915771484375">
        <ele>131.8000030517578125</ele>
        <time>2026-08-07T12:23:24.000Z</time>
      </trkpt>
      <trkpt lat="58.0177864618599414825439453125" lon="-4.32710529305040836334228515625">
        <ele>131.600006103515625</ele>
        <time>2026-08-07T12:23:30.000Z</time>
      </trkpt>
      <trkpt lat="58.017854355275630950927734375" lon="-4.32734124362468719482421875">
        <ele>132.600006103515625</ele>
        <time>2026-08-07T12:23:34.000Z</time>
      </trkpt>
      <trkpt lat="58.01786751486361026763916015625" lon="-4.32740083895623683929443359375">
        <ele>132.8000030517578125</ele>
        <time>2026-08-07T12:23:35.000Z</time>
      </trkpt>
      <trkpt lat="58.017881847918033599853515625" lon="-4.32745951227843761444091796875">
        <ele>132.8000030517578125</ele>
        <time>2026-08-07T12:23:36.000Z</time>
      </trkpt>
      <trkpt lat="58.0178950913250446319580078125" lon="-4.3275197781622409820556640625">
        <ele>132.8000030517578125</ele>
        <time>2026-08-07T12:23:37.000Z</time>
      </trkpt>
      <trkpt lat="58.01796910353004932403564453125" lon="-4.32803149335086345672607421875">
        <ele>133.1999969482421875</ele>
        <time>2026-08-07T12:23:45.000Z</time>
      </trkpt>
      <trkpt lat="58.01797731779515743255615234375" lon="-4.32816560380160808563232421875">
        <ele>133.600006103515625</ele>
        <time>2026-08-07T12:23:47.000Z</time>
      </trkpt>
      <trkpt lat="58.0179899744689464569091796875" lon="-4.32856206782162189483642578125">
        <ele>133.8000030517578125</ele>
        <time>2026-08-07T12:23:53.000Z</time>
      </trkpt>
      <trkpt lat="58.01800288259983062744140625" lon="-4.3290801532566547393798828125">
        <ele>134.600006103515625</ele>
        <time>2026-08-07T12:24:01.000Z</time>
      </trkpt>
      <trkpt lat="58.01800514571368694305419921875" lon="-4.3291451968252658843994140625">
        <ele>134.600006103515625</ele>
        <time>2026-08-07T12:24:02.000Z</time>
      </trkpt>
      <trkpt lat="58.01802090369164943695068359375" lon="-4.32953403331339359283447265625">
        <ele>133.600006103515625</ele>
        <time>2026-08-07T12:24:08.000Z</time>
      </trkpt>
      <trkpt lat="58.01802878268063068389892578125" lon="-4.32966060005128383636474609375">
        <ele>133.600006103515625</ele>
        <time>2026-08-07T12:24:10.000Z</time>
      </trkpt>
      <trkpt lat="58.01808007992804050445556640625" lon="-4.3301580660045146942138671875">
        <ele>134.600006103515625</ele>
        <time>2026-08-07T12:24:18.000Z</time>
      </trkpt>
      <trkpt lat="58.0181589536368846893310546875" lon="-4.3306720443069934844970703125">
        <ele>135.600006103515625</ele>
        <time>2026-08-07T12:24:26.000Z</time>
      </trkpt>
      <trkpt lat="58.018176890909671783447265625" lon="-4.33080757968127727508544921875">
        <ele>135.8000030517578125</ele>
        <time>2026-08-07T12:24:28.000Z</time>
      </trkpt>
      <trkpt lat="58.01821251399815082550048828125" lon="-4.33107211254537105560302734375">
        <ele>136.399993896484375</ele>
        <time>2026-08-07T12:24:32.000Z</time>
      </trkpt>
      <trkpt lat="58.018277473747730255126953125" lon="-4.33147813193500041961669921875">
        <ele>135.600006103515625</ele>
        <time>2026-08-07T12:24:38.000Z</time>
      </trkpt>
      <trkpt lat="58.01833556033670902252197265625" lon="-4.33190627954900264739990234375">
        <ele>136</ele>
        <time>2026-08-07T12:24:44.000Z</time>
      </trkpt>
      <trkpt lat="58.01835986785590648651123046875" lon="-4.33211130090057849884033203125">
        <ele>137</ele>
        <time>2026-08-07T12:24:47.000Z</time>
      </trkpt>
      <trkpt lat="58.01840781234204769134521484375" lon="-4.332370050251483917236328125">
        <ele>138.1999969482421875</ele>
        <time>2026-08-07T12:24:51.000Z</time>
      </trkpt>
      <trkpt lat="58.01842574961483478546142578125" lon="-4.33243249543011188507080078125">
        <ele>138.399993896484375</ele>
        <time>2026-08-07T12:24:52.000Z</time>
      </trkpt>
      <trkpt lat="58.01849951036274433135986328125" lon="-4.3327702023088932037353515625">
        <ele>136.8000030517578125</ele>
        <time>2026-08-07T12:24:57.000Z</time>
      </trkpt>
      <trkpt lat="58.0185327865183353424072265625" lon="-4.33290590532124042510986328125">
        <ele>136.1999969482421875</ele>
        <time>2026-08-07T12:24:59.000Z</time>
      </trkpt>
      <trkpt lat="58.0186099000275135040283203125" lon="-4.3332650698721408843994140625">
        <ele>137.8000030517578125</ele>
        <time>2026-08-07T12:25:04.000Z</time>
      </trkpt>
      <trkpt lat="58.01862523891031742095947265625" lon="-4.33334142901003360748291015625">
        <ele>138</ele>
        <time>2026-08-07T12:25:05.000Z</time>
      </trkpt>
      <trkpt lat="58.018642924726009368896484375" lon="-4.333412759006023406982421875">
        <ele>138</ele>
        <time>2026-08-07T12:25:06.000Z</time>
      </trkpt>
      <trkpt lat="58.01866270601749420166015625" lon="-4.33348358608782291412353515625">
        <ele>138.1999969482421875</ele>
        <time>2026-08-07T12:25:07.000Z</time>
      </trkpt>
      <trkpt lat="58.01875968463718891143798828125" lon="-4.3339201994240283966064453125">
        <ele>139</ele>
        <time>2026-08-07T12:25:13.000Z</time>
      </trkpt>
      <trkpt lat="58.018769659101963043212890625" lon="-4.33399052359163761138916015625">
        <ele>139</ele>
        <time>2026-08-07T12:25:14.000Z</time>
      </trkpt>
      <trkpt lat="58.01881550811231136322021484375" lon="-4.33453836478292942047119140625">
        <ele>139.8000030517578125</ele>
        <time>2026-08-07T12:25:21.000Z</time>
      </trkpt>
      <trkpt lat="58.01880620419979095458984375" lon="-4.33487615548074245452880859375">
        <ele>140</ele>
        <time>2026-08-07T12:25:25.000Z</time>
      </trkpt>
      <trkpt lat="58.018787764012813568115234375" lon="-4.335214532911777496337890625">
        <ele>140</ele>
        <time>2026-08-07T12:25:29.000Z</time>
      </trkpt>
      <trkpt lat="58.01876731216907501220703125" lon="-4.3355320394039154052734375">
        <ele>140.1999969482421875</ele>
        <time>2026-08-07T12:25:33.000Z</time>
      </trkpt>
      <trkpt lat="58.0187460221350193023681640625" lon="-4.33583269827067852020263671875">
        <ele>140.1999969482421875</ele>
        <time>2026-08-07T12:25:37.000Z</time>
      </trkpt>
      <trkpt lat="58.0187255702912807464599609375" lon="-4.33652303181588649749755859375">
        <ele>140.600006103515625</ele>
        <time>2026-08-07T12:25:46.000Z</time>
      </trkpt>
      <trkpt lat="58.01873453892767429351806640625" lon="-4.3370027281343936920166015625">
        <ele>141.399993896484375</ele>
        <time>2026-08-07T12:25:52.000Z</time>
      </trkpt>
      <trkpt lat="58.01873571239411830902099609375" lon="-4.33716307394206523895263671875">
        <ele>142</ele>
        <time>2026-08-07T12:25:54.000Z</time>
      </trkpt>
      <trkpt lat="58.018757589161396026611328125" lon="-4.33775885961949825286865234375">
        <ele>141</ele>
        <time>2026-08-07T12:26:01.000Z</time>
      </trkpt>
      <trkpt lat="58.018788434565067291259765625" lon="-4.338580705225467681884765625">
        <ele>142.1999969482421875</ele>
        <time>2026-08-07T12:26:11.000Z</time>
      </trkpt>
      <trkpt lat="58.01881047897040843963623046875" lon="-4.3394086696207523345947265625">
        <ele>142.1999969482421875</ele>
        <time>2026-08-07T12:26:21.000Z</time>
      </trkpt>
      <trkpt lat="58.01881802268326282501220703125" lon="-4.3395768105983734130859375">
        <ele>142.399993896484375</ele>
        <time>2026-08-07T12:26:23.000Z</time>
      </trkpt>
      <trkpt lat="58.0188311822712421417236328125" lon="-4.340079389512538909912109375">
        <ele>142.8000030517578125</ele>
        <time>2026-08-07T12:26:29.000Z</time>
      </trkpt>
      <trkpt lat="58.01884509623050689697265625" lon="-4.34062580578029155731201171875">
        <ele>142</ele>
        <time>2026-08-07T12:26:36.000Z</time>
      </trkpt>
      <trkpt lat="58.01886730827391147613525390625" lon="-4.34125914238393306732177734375">
        <ele>142.399993896484375</ele>
        <time>2026-08-07T12:26:44.000Z</time>
      </trkpt>
      <trkpt lat="58.018874265253543853759765625" lon="-4.34156424365937709808349609375">
        <ele>143.600006103515625</ele>
        <time>2026-08-07T12:26:48.000Z</time>
      </trkpt>
      <trkpt lat="58.01888088695704936981201171875" lon="-4.341708831489086151123046875">
        <ele>143.600006103515625</ele>
        <time>2026-08-07T12:26:50.000Z</time>
      </trkpt>
      <trkpt lat="58.01888541318476200103759765625" lon="-4.34216204099357128143310546875">
        <ele>144.1999969482421875</ele>
        <time>2026-08-07T12:26:56.000Z</time>
      </trkpt>
      <trkpt lat="58.018882311880588531494140625" lon="-4.3422430939972400665283203125">
        <ele>144.8000030517578125</ele>
        <time>2026-08-07T12:26:57.000Z</time>
      </trkpt>
      <trkpt lat="58.01887569017708301544189453125" lon="-4.34261097572743892669677734375">
        <ele>145.399993896484375</ele>
        <time>2026-08-07T12:27:02.000Z</time>
      </trkpt>
      <trkpt lat="58.0188730917870998382568359375" lon="-4.34275665320456027984619140625">
        <ele>145.399993896484375</ele>
        <time>2026-08-07T12:27:04.000Z</time>
      </trkpt>
      <trkpt lat="58.0188593454658985137939453125" lon="-4.3429468385875225067138671875">
        <ele>146</ele>
        <time>2026-08-07T12:27:07.000Z</time>
      </trkpt>
      <trkpt lat="58.0188606865704059600830078125" lon="-4.3430886603891849517822265625">
        <ele>146.8000030517578125</ele>
        <time>2026-08-07T12:27:09.000Z</time>
      </trkpt>
      <trkpt lat="58.01885808818042278289794921875" lon="-4.3431587330996990203857421875">
        <ele>147.1999969482421875</ele>
        <time>2026-08-07T12:27:10.000Z</time>
      </trkpt>
      <trkpt lat="58.01884920336306095123291015625" lon="-4.34347397647798061370849609375">
        <ele>147.8000030517578125</ele>
        <time>2026-08-07T12:27:15.000Z</time>
      </trkpt>
      <trkpt lat="58.018833696842193603515625" lon="-4.3439191393554210662841796875">
        <ele>147.600006103515625</ele>
        <time>2026-08-07T12:27:22.000Z</time>
      </trkpt>
      <trkpt lat="58.01882053725421428680419921875" lon="-4.34419766999781131744384765625">
        <ele>148.399993896484375</ele>
        <time>2026-08-07T12:27:26.000Z</time>
      </trkpt>
      <trkpt lat="58.01880888640880584716796875" lon="-4.34448902495205402374267578125">
        <ele>148.399993896484375</ele>
        <time>2026-08-07T12:27:30.000Z</time>
      </trkpt>
      <trkpt lat="58.01880444400012493133544921875" lon="-4.34463738463819026947021484375">
        <ele>148.1999969482421875</ele>
        <time>2026-08-07T12:27:32.000Z</time>
      </trkpt>
      <trkpt lat="58.018794469535350799560546875" lon="-4.3449202738702297210693359375">
        <ele>149.600006103515625</ele>
        <time>2026-08-07T12:27:36.000Z</time>
      </trkpt>
      <trkpt lat="58.0187926255166530609130859375" lon="-4.34499629773199558258056640625">
        <ele>150</ele>
        <time>2026-08-07T12:27:37.000Z</time>
      </trkpt>
      <trkpt lat="58.01879270933568477630615234375" lon="-4.34513711370527744293212890625">
        <ele>150.600006103515625</ele>
        <time>2026-08-07T12:27:39.000Z</time>
      </trkpt>
      <trkpt lat="58.0187946371734142303466796875" lon="-4.3454329110682010650634765625">
        <ele>150.8000030517578125</ele>
        <time>2026-08-07T12:27:43.000Z</time>
      </trkpt>
      <trkpt lat="58.01882003434002399444580078125" lon="-4.346043281257152557373046875">
        <ele>150.1999969482421875</ele>
        <time>2026-08-07T12:27:51.000Z</time>
      </trkpt>
      <trkpt lat="58.01884601823985576629638671875" lon="-4.34636506251990795135498046875">
        <ele>150</ele>
        <time>2026-08-07T12:27:55.000Z</time>
      </trkpt>
      <trkpt lat="58.01885473541915416717529296875" lon="-4.34645022265613079071044921875">
        <ele>150.1999969482421875</ele>
        <time>2026-08-07T12:27:56.000Z</time>
      </trkpt>
      <trkpt lat="58.01891877315938472747802734375" lon="-4.3471287377178668975830078125">
        <ele>152</ele>
        <time>2026-08-07T12:28:04.000Z</time>
      </trkpt>
      <trkpt lat="58.01893721334636211395263671875" lon="-4.3473651073873043060302734375">
        <ele>153.600006103515625</ele>
        <time>2026-08-07T12:28:07.000Z</time>
      </trkpt>
      <trkpt lat="58.01895213313400745391845703125" lon="-4.34752176515758037567138671875">
        <ele>154.1999969482421875</ele>
        <time>2026-08-07T12:28:09.000Z</time>
      </trkpt>
      <trkpt lat="58.0189582519233226776123046875" lon="-4.34760558418929576873779296875">
        <ele>154.1999969482421875</ele>
        <time>2026-08-07T12:28:10.000Z</time>
      </trkpt>
      <trkpt lat="58.0189740099012851715087890625" lon="-4.3477790057659149169921875">
        <ele>154</ele>
        <time>2026-08-07T12:28:12.000Z</time>
      </trkpt>
      <trkpt lat="58.01898867823183536529541015625" lon="-4.3479605577886104583740234375">
        <ele>152</ele>
        <time>2026-08-07T12:28:14.000Z</time>
      </trkpt>
      <trkpt lat="58.01903829909861087799072265625" lon="-4.34874518774449825286865234375">
        <ele>151.399993896484375</ele>
        <time>2026-08-07T12:28:23.000Z</time>
      </trkpt>
      <trkpt lat="58.01903964020311832427978515625" lon="-4.34909488074481487274169921875">
        <ele>151.399993896484375</ele>
        <time>2026-08-07T12:28:27.000Z</time>
      </trkpt>
      <trkpt lat="58.01903209649026393890380859375" lon="-4.3491782806813716888427734375">
        <ele>152</ele>
        <time>2026-08-07T12:28:28.000Z</time>
      </trkpt>
      <trkpt lat="58.01901675760746002197265625" lon="-4.34936075471341609954833984375">
        <ele>152.399993896484375</ele>
        <time>2026-08-07T12:28:30.000Z</time>
      </trkpt>
      <trkpt lat="58.01894676871597766876220703125" lon="-4.34992167167365550994873046875">
        <ele>153.1999969482421875</ele>
        <time>2026-08-07T12:28:36.000Z</time>
      </trkpt>
      <trkpt lat="58.0189310945570468902587890625" lon="-4.3500124476850032806396484375">
        <ele>153.8000030517578125</ele>
        <time>2026-08-07T12:28:37.000Z</time>
      </trkpt>
      <trkpt lat="58.0189156718552112579345703125" lon="-4.35009920038282871246337890625">
        <ele>154.600006103515625</ele>
        <time>2026-08-07T12:28:38.000Z</time>
      </trkpt>
      <trkpt lat="58.0188908614218235015869140625" lon="-4.35024269856512546539306640625">
        <ele>155.8000030517578125</ele>
        <time>2026-08-07T12:28:40.000Z</time>
      </trkpt>
      <trkpt lat="58.01886546425521373748779296875" lon="-4.35037731193006038665771484375">
        <ele>155.1999969482421875</ele>
        <time>2026-08-07T12:28:42.000Z</time>
      </trkpt>
      <trkpt lat="58.018853478133678436279296875" lon="-4.350457526743412017822265625">
        <ele>154.8000030517578125</ele>
        <time>2026-08-07T12:28:43.000Z</time>
      </trkpt>
      <trkpt lat="58.01882841624319553375244140625" lon="-4.3506350554525852203369140625">
        <ele>153.399993896484375</ele>
        <time>2026-08-07T12:28:45.000Z</time>
      </trkpt>
      <trkpt lat="58.01879522390663623809814453125" lon="-4.35082155279815196990966796875">
        <ele>153</ele>
        <time>2026-08-07T12:28:47.000Z</time>
      </trkpt>
      <trkpt lat="58.0187188647687435150146484375" lon="-4.3512757681310176849365234375">
        <ele>153.1999969482421875</ele>
        <time>2026-08-07T12:28:52.000Z</time>
      </trkpt>
      <trkpt lat="58.01867335103452205657958984375" lon="-4.35155647806823253631591796875">
        <ele>152.600006103515625</ele>
        <time>2026-08-07T12:28:55.000Z</time>
      </trkpt>
      <trkpt lat="58.018657676875591278076171875" lon="-4.35165437869727611541748046875">
        <ele>152.1999969482421875</ele>
        <time>2026-08-07T12:28:56.000Z</time>
      </trkpt>
      <trkpt lat="58.01853940822184085845947265625" lon="-4.35240204446017742156982421875">
        <ele>152.399993896484375</ele>
        <time>2026-08-07T12:29:03.000Z</time>
      </trkpt>
      <trkpt lat="58.01848593167960643768310546875" lon="-4.35272994451224803924560546875">
        <ele>151.1999969482421875</ele>
        <time>2026-08-07T12:29:06.000Z</time>
      </trkpt>
      <trkpt lat="58.0183969996869564056396484375" lon="-4.353285245597362518310546875">
        <ele>150</ele>
        <time>2026-08-07T12:29:11.000Z</time>
      </trkpt>
      <trkpt lat="58.01834159530699253082275390625" lon="-4.35364072211086750030517578125">
        <ele>149.600006103515625</ele>
        <time>2026-08-07T12:29:14.000Z</time>
      </trkpt>
      <trkpt lat="58.018294237554073333740234375" lon="-4.35388698242604732513427734375">
        <ele>149</ele>
        <time>2026-08-07T12:29:16.000Z</time>
      </trkpt>
      <trkpt lat="58.01827512681484222412109375" lon="-4.3540146388113498687744140625">
        <ele>148.399993896484375</ele>
        <time>2026-08-07T12:29:17.000Z</time>
      </trkpt>
      <trkpt lat="58.01824964582920074462890625" lon="-4.3541390262544155120849609375">
        <ele>148.1999969482421875</ele>
        <time>2026-08-07T12:29:18.000Z</time>
      </trkpt>
      <trkpt lat="58.018227517604827880859375" lon="-4.35427003540098667144775390625">
        <ele>147.8000030517578125</ele>
        <time>2026-08-07T12:29:19.000Z</time>
      </trkpt>
      <trkpt lat="58.01820404827594757080078125" lon="-4.35439760796725749969482421875">
        <ele>147.1999969482421875</ele>
        <time>2026-08-07T12:29:20.000Z</time>
      </trkpt>
      <trkpt lat="58.01818435080349445343017578125" lon="-4.35452333651483058929443359375">
        <ele>146.8000030517578125</ele>
        <time>2026-08-07T12:29:21.000Z</time>
      </trkpt>
      <trkpt lat="58.01816515624523162841796875" lon="-4.35464604757726192474365234375">
        <ele>146.8000030517578125</ele>
        <time>2026-08-07T12:29:22.000Z</time>
      </trkpt>
      <trkpt lat="58.01814579404890537261962890625" lon="-4.35476657934486865997314453125">
        <ele>146.1999969482421875</ele>
        <time>2026-08-07T12:29:23.000Z</time>
      </trkpt>
      <trkpt lat="58.01802475936710834503173828125" lon="-4.3554858304560184478759765625">
        <ele>145.8000030517578125</ele>
        <time>2026-08-07T12:29:29.000Z</time>
      </trkpt>
      <trkpt lat="58.018007576465606689453125" lon="-4.35560426674783229827880859375">
        <ele>146</ele>
        <time>2026-08-07T12:29:30.000Z</time>
      </trkpt>
      <trkpt lat="58.017905652523040771484375" lon="-4.3562438897788524627685546875">
        <ele>147</ele>
        <time>2026-08-07T12:29:36.000Z</time>
      </trkpt>
      <trkpt lat="58.0178568698465824127197265625" lon="-4.356540776789188385009765625">
        <ele>147.399993896484375</ele>
        <time>2026-08-07T12:29:39.000Z</time>
      </trkpt>
      <trkpt lat="58.01782040856778621673583984375" lon="-4.35673884116113185882568359375">
        <ele>147.399993896484375</ele>
        <time>2026-08-07T12:29:41.000Z</time>
      </trkpt>
      <trkpt lat="58.017765842378139495849609375" lon="-4.35705333016812801361083984375">
        <ele>147.8000030517578125</ele>
        <time>2026-08-07T12:29:44.000Z</time>
      </trkpt>
      <trkpt lat="58.0177499167621135711669921875" lon="-4.35727737843990325927734375">
        <ele>147.8000030517578125</ele>
        <time>2026-08-07T12:29:46.000Z</time>
      </trkpt>
      <trkpt lat="58.017731644213199615478515625" lon="-4.35739866457879543304443359375">
        <ele>147.600006103515625</ele>
        <time>2026-08-07T12:29:47.000Z</time>
      </trkpt>
      <trkpt lat="58.0177157185971736907958984375" lon="-4.35766017995774745941162109375">
        <ele>147.1999969482421875</ele>
        <time>2026-08-07T12:29:49.000Z</time>
      </trkpt>
      <trkpt lat="58.01770985126495361328125" lon="-4.35779512859880924224853515625">
        <ele>146.8000030517578125</ele>
        <time>2026-08-07T12:29:50.000Z</time>
      </trkpt>
      <trkpt lat="58.01771446131169795989990234375" lon="-4.35807399451732635498046875">
        <ele>146.1999969482421875</ele>
        <time>2026-08-07T12:29:52.000Z</time>
      </trkpt>
      <trkpt lat="58.0177200771868228912353515625" lon="-4.358211793005466461181640625">
        <ele>145.1999969482421875</ele>
        <time>2026-08-07T12:29:53.000Z</time>
      </trkpt>
      <trkpt lat="58.01774949766695499420166015625" lon="-4.358492754399776458740234375">
        <ele>144</ele>
        <time>2026-08-07T12:29:55.000Z</time>
      </trkpt>
      <trkpt lat="58.0178800038993358612060546875" lon="-4.35927839018404483795166015625">
        <ele>142</ele>
        <time>2026-08-07T12:30:01.000Z</time>
      </trkpt>
      <trkpt lat="58.01791797392070293426513671875" lon="-4.3595336191356182098388671875">
        <ele>141.1999969482421875</ele>
        <time>2026-08-07T12:30:03.000Z</time>
      </trkpt>
      <trkpt lat="58.01794043742120265960693359375" lon="-4.3596586771309375762939453125">
        <ele>139.600006103515625</ele>
        <time>2026-08-07T12:30:04.000Z</time>
      </trkpt>
      <trkpt lat="58.01796038635075092315673828125" lon="-4.35978800989687442779541015625">
        <ele>137</ele>
        <time>2026-08-07T12:30:05.000Z</time>
      </trkpt>
      <trkpt lat="58.01798343658447265625" lon="-4.3599097989499568939208984375">
        <ele>137.1999969482421875</ele>
        <time>2026-08-07T12:30:06.000Z</time>
      </trkpt>
      <trkpt lat="58.01815509796142578125" lon="-4.3609461374580860137939453125">
        <ele>136.399993896484375</ele>
        <time>2026-08-07T12:30:14.000Z</time>
      </trkpt>
      <trkpt lat="58.01824696362018585205078125" lon="-4.3616733513772487640380859375">
        <ele>137.1999969482421875</ele>
        <time>2026-08-07T12:30:20.000Z</time>
      </trkpt>
      <trkpt lat="58.018264733254909515380859375" lon="-4.3617906980216503143310546875">
        <ele>137.1999969482421875</ele>
        <time>2026-08-07T12:30:21.000Z</time>
      </trkpt>
      <trkpt lat="58.01831267774105072021484375" lon="-4.36211071908473968505859375">
        <ele>138.399993896484375</ele>
        <time>2026-08-07T12:30:24.000Z</time>
      </trkpt>
      <trkpt lat="58.01833488978445529937744140625" lon="-4.3623241223394870758056640625">
        <ele>139.399993896484375</ele>
        <time>2026-08-07T12:30:26.000Z</time>
      </trkpt>
      <trkpt lat="58.01835014484822750091552734375" lon="-4.3624280579388141632080078125">
        <ele>140.1999969482421875</ele>
        <time>2026-08-07T12:30:27.000Z</time>
      </trkpt>
      <trkpt lat="58.018361292779445648193359375" lon="-4.36253744177520275115966796875">
        <ele>140.600006103515625</ele>
        <time>2026-08-07T12:30:28.000Z</time>
      </trkpt>
      <trkpt lat="58.018417619168758392333984375" lon="-4.36297916807234287261962890625">
        <ele>141.8000030517578125</ele>
        <time>2026-08-07T12:30:32.000Z</time>
      </trkpt>
      <trkpt lat="58.0184308625757694244384765625" lon="-4.36308972537517547607421875">
        <ele>141.600006103515625</ele>
        <time>2026-08-07T12:30:33.000Z</time>
      </trkpt>
      <trkpt lat="58.01853857003152370452880859375" lon="-4.36391978524625301361083984375">
        <ele>141.1999969482421875</ele>
        <time>2026-08-07T12:30:41.000Z</time>
      </trkpt>
      <trkpt lat="58.01858332939445972442626953125" lon="-4.36424315907061100006103515625">
        <ele>140.600006103515625</ele>
        <time>2026-08-07T12:30:44.000Z</time>
      </trkpt>
      <trkpt lat="58.0186404101550579071044921875" lon="-4.36456494033336639404296875">
        <ele>139.600006103515625</ele>
        <time>2026-08-07T12:30:47.000Z</time>
      </trkpt>
      <trkpt lat="58.01869933493435382843017578125" lon="-4.364888481795787811279296875">
        <ele>139.1999969482421875</ele>
        <time>2026-08-07T12:30:50.000Z</time>
      </trkpt>
      <trkpt lat="58.01876555196940898895263671875" lon="-4.3652178905904293060302734375">
        <ele>138.600006103515625</ele>
        <time>2026-08-07T12:30:53.000Z</time>
      </trkpt>
      <trkpt lat="58.0188673920929431915283203125" lon="-4.36575123108923435211181640625">
        <ele>138.1999969482421875</ele>
        <time>2026-08-07T12:30:58.000Z</time>
      </trkpt>
      <trkpt lat="58.01902991719543933868408203125" lon="-4.3666069395840167999267578125">
        <ele>138.600006103515625</ele>
        <time>2026-08-07T12:31:06.000Z</time>
      </trkpt>
      <trkpt lat="58.01912136375904083251953125" lon="-4.36715436168015003204345703125">
        <ele>138.8000030517578125</ele>
        <time>2026-08-07T12:31:11.000Z</time>
      </trkpt>
      <trkpt lat="58.01914055831730365753173828125" lon="-4.36726852320134639739990234375">
        <ele>138.8000030517578125</ele>
        <time>2026-08-07T12:31:12.000Z</time>
      </trkpt>
      <trkpt lat="58.01915899850428104400634765625" lon="-4.3673820979893207550048828125">
        <ele>138.600006103515625</ele>
        <time>2026-08-07T12:31:13.000Z</time>
      </trkpt>
      <trkpt lat="58.01927424967288970947265625" lon="-4.36808207072317600250244140625">
        <ele>139</ele>
        <time>2026-08-07T12:31:19.000Z</time>
      </trkpt>
      <trkpt lat="58.01929227076470851898193359375" lon="-4.3682088889181613922119140625">
        <ele>138.8000030517578125</ele>
        <time>2026-08-07T12:31:20.000Z</time>
      </trkpt>
      <trkpt lat="58.019350357353687286376953125" lon="-4.36859889887273311614990234375">
        <ele>137.8000030517578125</ele>
        <time>2026-08-07T12:31:23.000Z</time>
      </trkpt>
      <trkpt lat="58.01937055774033069610595703125" lon="-4.36873066239058971405029296875">
        <ele>137.1999969482421875</ele>
        <time>2026-08-07T12:31:24.000Z</time>
      </trkpt>
      <trkpt lat="58.01945202983915805816650390625" lon="-4.3692331574857234954833984375">
        <ele>136.8000030517578125</ele>
        <time>2026-08-07T12:31:28.000Z</time>
      </trkpt>
      <trkpt lat="58.0195114575326442718505859375" lon="-4.36960808001458644866943359375">
        <ele>135.8000030517578125</ele>
        <time>2026-08-07T12:31:31.000Z</time>
      </trkpt>
      <trkpt lat="58.0195765011012554168701171875" lon="-4.3699677474796772003173828125">
        <ele>136.399993896484375</ele>
        <time>2026-08-07T12:31:34.000Z</time>
      </trkpt>
      <trkpt lat="58.0197327397763729095458984375" lon="-4.3706450052559375762939453125">
        <ele>135.399993896484375</ele>
        <time>2026-08-07T12:31:40.000Z</time>
      </trkpt>
      <trkpt lat="58.0198417045176029205322265625" lon="-4.37101875431835651397705078125">
        <ele>134.8000030517578125</ele>
        <time>2026-08-07T12:31:44.000Z</time>
      </trkpt>
      <trkpt lat="58.01995980553328990936279296875" lon="-4.37135905958712100982666015625">
        <ele>134.8000030517578125</ele>
        <time>2026-08-07T12:31:48.000Z</time>
      </trkpt>
      <trkpt lat="58.02018888294696807861328125" lon="-4.3720132671296596527099609375">
        <ele>134.600006103515625</ele>
        <time>2026-08-07T12:31:55.000Z</time>
      </trkpt>
      <trkpt lat="58.0204374901950359344482421875" lon="-4.3727579154074192047119140625">
        <ele>134</ele>
        <time>2026-08-07T12:32:03.000Z</time>
      </trkpt>
      <trkpt lat="58.02061401307582855224609375" lon="-4.3732903338968753814697265625">
        <ele>134</ele>
        <time>2026-08-07T12:32:09.000Z</time>
      </trkpt>
      <trkpt lat="58.02067176438868045806884765625" lon="-4.37346442602574825286865234375">
        <ele>134.1999969482421875</ele>
        <time>2026-08-07T12:32:11.000Z</time>
      </trkpt>
      <trkpt lat="58.0207301862537860870361328125" lon="-4.37362686730921268463134765625">
        <ele>134.600006103515625</ele>
        <time>2026-08-07T12:32:13.000Z</time>
      </trkpt>
      <trkpt lat="58.0207566730678081512451171875" lon="-4.373703561723232269287109375">
        <ele>134.8000030517578125</ele>
        <time>2026-08-07T12:32:14.000Z</time>
      </trkpt>
      <trkpt lat="58.0207828246057033538818359375" lon="-4.373775981366634368896484375">
        <ele>135</ele>
        <time>2026-08-07T12:32:15.000Z</time>
      </trkpt>
      <trkpt lat="58.02086370997130870819091796875" lon="-4.3739709444344043731689453125">
        <ele>136</ele>
        <time>2026-08-07T12:32:18.000Z</time>
      </trkpt>
      <trkpt lat="58.0209900252521038055419921875" lon="-4.37432876788079738616943359375">
        <ele>136.600006103515625</ele>
        <time>2026-08-07T12:32:23.000Z</time>
      </trkpt>
      <trkpt lat="58.0210168473422527313232421875" lon="-4.374406971037387847900390625">
        <ele>136.8000030517578125</ele>
        <time>2026-08-07T12:32:24.000Z</time>
      </trkpt>
      <trkpt lat="58.021040149033069610595703125" lon="-4.37448467127978801727294921875">
        <ele>137</ele>
        <time>2026-08-07T12:32:25.000Z</time>
      </trkpt>
      <trkpt lat="58.021170236170291900634765625" lon="-4.3748792074620723724365234375">
        <ele>137.1999969482421875</ele>
        <time>2026-08-07T12:32:30.000Z</time>
      </trkpt>
      <trkpt lat="58.02124927751719951629638671875" lon="-4.37510828487575054168701171875">
        <ele>137.1999969482421875</ele>
        <time>2026-08-07T12:32:33.000Z</time>
      </trkpt>
      <trkpt lat="58.02129973657429218292236328125" lon="-4.375273324549198150634765625">
        <ele>137.399993896484375</ele>
        <time>2026-08-07T12:32:35.000Z</time>
      </trkpt>
      <trkpt lat="58.02132806740701198577880859375" lon="-4.3753677047789096832275390625">
        <ele>137.1999969482421875</ele>
        <time>2026-08-07T12:32:36.000Z</time>
      </trkpt>
      <trkpt lat="58.0213809572160243988037109375" lon="-4.3755437247455120086669921875">
        <ele>135.8000030517578125</ele>
        <time>2026-08-07T12:32:38.000Z</time>
      </trkpt>
      <trkpt lat="58.02148212678730487823486328125" lon="-4.37585310079157352447509765625">
        <ele>135.399993896484375</ele>
        <time>2026-08-07T12:32:42.000Z</time>
      </trkpt>
      <trkpt lat="58.02159511484205722808837890625" lon="-4.3761395104229450225830078125">
        <ele>136.1999969482421875</ele>
        <time>2026-08-07T12:32:46.000Z</time>
      </trkpt>
      <trkpt lat="58.0216159857809543609619140625" lon="-4.37620128504931926727294921875">
        <ele>136.399993896484375</ele>
        <time>2026-08-07T12:32:47.000Z</time>
      </trkpt>
      <trkpt lat="58.021637611091136932373046875" lon="-4.37625593505799770355224609375">
        <ele>136.600006103515625</ele>
        <time>2026-08-07T12:32:48.000Z</time>
      </trkpt>
      <trkpt lat="58.0216770060360431671142578125" lon="-4.3763638101518154144287109375">
        <ele>136.8000030517578125</ele>
        <time>2026-08-07T12:32:50.000Z</time>
      </trkpt>
      <trkpt lat="58.0217272974550724029541015625" lon="-4.3765445239841938018798828125">
        <ele>137.600006103515625</ele>
        <time>2026-08-07T12:32:54.000Z</time>
      </trkpt>
      <trkpt lat="58.02174196578562259674072265625" lon="-4.37656246125698089599609375">
        <ele>137.8000030517578125</ele>
        <time>2026-08-07T12:32:55.000Z</time>
      </trkpt>
      <trkpt lat="58.021758981049060821533203125" lon="-4.37661266885697841644287109375">
        <ele>137.8000030517578125</ele>
        <time>2026-08-07T12:32:59.000Z</time>
      </trkpt>
      <trkpt lat="58.02175923250615596771240234375" lon="-4.37660730443894863128662109375">
        <ele>137.600006103515625</ele>
        <time>2026-08-07T12:33:04.000Z</time>
      </trkpt>
      <trkpt lat="58.021758981049060821533203125" lon="-4.376606047153472900390625">
        <ele>137.600006103515625</ele>
        <time>2026-08-07T12:33:07.000Z</time>
      </trkpt>
      <trkpt lat="58.02175923250615596771240234375" lon="-4.37660730443894863128662109375">
        <ele>137.600006103515625</ele>
        <time>2026-08-07T12:33:13.000Z</time>
      </trkpt>
      <trkpt lat="58.02175923250615596771240234375" lon="-4.37660730443894863128662109375">
        <ele>137.600006103515625</ele>
        <time>2026-08-07T12:33:17.000Z</time>
      </trkpt>
      <trkpt lat="58.02175923250615596771240234375" lon="-4.37660730443894863128662109375">
        <ele>137.600006103515625</ele>
        <time>2026-08-07T12:33:20.000Z</time>
      </trkpt>
      <trkpt lat="58.02175923250615596771240234375" lon="-4.37660730443894863128662109375">
        <ele>137.600006103515625</ele>
        <time>2026-08-07T12:33:23.000Z</time>
      </trkpt>
      <trkpt lat="58.02175923250615596771240234375" lon="-4.37660730443894863128662109375">
        <ele>137.600006103515625</ele>
        <time>2026-08-07T12:33:25.000Z</time>
      </trkpt>
      <trkpt lat="58.02175923250615596771240234375" lon="-4.37660730443894863128662109375">
        <ele>137.600006103515625</ele>
        <time>2026-08-07T12:33:28.000Z</time>
      </trkpt>
      <trkpt lat="58.02175923250615596771240234375" lon="-4.37660730443894863128662109375">
        <ele>135.1999969482421875</ele>
        <time>2026-08-07T12:33:32.000Z</time>
      </trkpt>
      <trkpt lat="58.02175923250615596771240234375" lon="-4.37660730443894863128662109375">
        <ele>135</ele>
        <time>2026-08-07T12:33:37.000Z</time>
      </trkpt>
      <trkpt lat="58.02175923250615596771240234375" lon="-4.37660730443894863128662109375">
        <ele>134.8000030517578125</ele>
        <time>2026-08-07T12:33:39.000Z</time>
      </trkpt>
      <trkpt lat="58.02175923250615596771240234375" lon="-4.37660730443894863128662109375">
        <ele>134.8000030517578125</ele>
        <time>2026-08-07T12:33:45.000Z</time>
      </trkpt>
      <trkpt lat="58.02175923250615596771240234375" lon="-4.37660730443894863128662109375">
        <ele>134.8000030517578125</ele>
        <time>2026-08-07T12:33:47.000Z</time>
      </trkpt>
      <trkpt lat="58.02175923250615596771240234375" lon="-4.37660730443894863128662109375">
        <ele>134.600006103515625</ele>
        <time>2026-08-07T12:33:48.000Z</time>
      </trkpt>
      <trkpt lat="58.02175923250615596771240234375" lon="-4.37660730443894863128662109375">
        <ele>134.600006103515625</ele>
        <time>2026-08-07T12:33:49.000Z</time>
      </trkpt>
      <trkpt lat="58.02175923250615596771240234375" lon="-4.37660730443894863128662109375">
        <ele>134.8000030517578125</ele>
        <time>2026-08-07T12:33:52.000Z</time>
      </trkpt>
      <trkpt lat="58.0217490904033184051513671875" lon="-4.3766045384109020233154296875">
        <ele>134.600006103515625</ele>
        <time>2026-08-07T12:33:57.000Z</time>
      </trkpt>
      <trkpt lat="58.0217490904033184051513671875" lon="-4.3766045384109020233154296875">
        <ele>134.1999969482421875</ele>
        <time>2026-08-07T12:34:03.000Z</time>
      </trkpt>
      <trkpt lat="58.0217490904033184051513671875" lon="-4.37660579569637775421142578125">
        <ele>134.1999969482421875</ele>
        <time>2026-08-07T12:34:04.000Z</time>
      </trkpt>
      <trkpt lat="58.02172889001667499542236328125" lon="-4.37660831026732921600341796875">
        <ele>134</ele>
        <time>2026-08-07T12:34:11.000Z</time>
      </trkpt>
      <trkpt lat="58.0217239446938037872314453125" lon="-4.3766192905604839324951171875">
        <ele>134.1999969482421875</ele>
        <time>2026-08-07T12:34:16.000Z</time>
      </trkpt>
      <trkpt lat="58.0217152275145053863525390625" lon="-4.376637227833271026611328125">
        <ele>134</ele>
        <time>2026-08-07T12:34:21.000Z</time>
      </trkpt>
      <trkpt lat="58.021768368780612945556640625" lon="-4.37670906074345111846923828125">
        <ele>134</ele>
        <time>2026-08-07T12:34:27.000Z</time>
      </trkpt>
      <trkpt lat="58.02177247591316699981689453125" lon="-4.37670939601957798004150390625">
        <ele>133.8000030517578125</ele>
        <time>2026-08-07T12:34:28.000Z</time>
      </trkpt>
      <trkpt lat="58.02177247591316699981689453125" lon="-4.37670922838151454925537109375">
        <ele>133.8000030517578125</ele>
        <time>2026-08-07T12:34:29.000Z</time>
      </trkpt>
      <trkpt lat="58.02177247591316699981689453125" lon="-4.37670939601957798004150390625">
        <ele>133.600006103515625</ele>
        <time>2026-08-07T12:34:31.000Z</time>
      </trkpt>
      <trkpt lat="58.02177247591316699981689453125" lon="-4.37670939601957798004150390625">
        <ele>133.600006103515625</ele>
        <time>2026-08-07T12:34:32.000Z</time>
      </trkpt>
      <trkpt lat="58.0217854678630828857421875" lon="-4.37672012485563755035400390625">
        <ele>133.399993896484375</ele>
        <time>2026-08-07T12:34:37.000Z</time>
      </trkpt>
      <trkpt lat="58.0217853002250194549560546875" lon="-4.37671978957951068878173828125">
        <ele>133.600006103515625</ele>
        <time>2026-08-07T12:34:45.000Z</time>
      </trkpt>
      <trkpt lat="58.0217853002250194549560546875" lon="-4.37671978957951068878173828125">
        <ele>133.600006103515625</ele>
        <time>2026-08-07T12:34:53.000Z</time>
      </trkpt>
      <trkpt lat="58.0217853002250194549560546875" lon="-4.37671978957951068878173828125">
        <ele>133.1999969482421875</ele>
        <time>2026-08-07T12:34:57.000Z</time>
      </trkpt>
      <trkpt lat="58.02178706042468547821044921875" lon="-4.37672280706465244293212890625">
        <ele>133.1999969482421875</ele>
        <time>2026-08-07T12:34:59.000Z</time>
      </trkpt>
      <trkpt lat="58.02179158665239810943603515625" lon="-4.3767399899661540985107421875">
        <ele>133.399993896484375</ele>
        <time>2026-08-07T12:35:00.000Z</time>
      </trkpt>
      <trkpt lat="58.02179963327944278717041015625" lon="-4.37681182287633419036865234375">
        <ele>133.399993896484375</ele>
        <time>2026-08-07T12:35:03.000Z</time>
      </trkpt>
      <trkpt lat="58.02179946564137935638427734375" lon="-4.37685691751539707183837890625">
        <ele>133</ele>
        <time>2026-08-07T12:35:07.000Z</time>
      </trkpt>
      <trkpt lat="58.02179954946041107177734375" lon="-4.37685691751539707183837890625">
        <ele>132.8000030517578125</ele>
        <time>2026-08-07T12:35:15.000Z</time>
      </trkpt>
      <trkpt lat="58.02179954946041107177734375" lon="-4.37685691751539707183837890625">
        <ele>133.600006103515625</ele>
        <time>2026-08-07T12:35:30.000Z</time>
      </trkpt>
      <trkpt lat="58.02179954946041107177734375" lon="-4.37685691751539707183837890625">
        <ele>133.600006103515625</ele>
        <time>2026-08-07T12:35:37.000Z</time>
      </trkpt>
      <trkpt lat="58.02179954946041107177734375" lon="-4.37685691751539707183837890625">
        <ele>133.600006103515625</ele>
        <time>2026-08-07T12:35:45.000Z</time>
      </trkpt>
      <trkpt lat="58.02179954946041107177734375" lon="-4.37685691751539707183837890625">
        <ele>133.600006103515625</ele>
        <time>2026-08-07T12:35:53.000Z</time>
      </trkpt>
      <trkpt lat="58.02179577760398387908935546875" lon="-4.376852475106716156005859375">
        <ele>133.600006103515625</ele>
        <time>2026-08-07T12:35:55.000Z</time>
      </trkpt>
      <trkpt lat="58.02182109095156192779541015625" lon="-4.3769032694399356842041015625">
        <ele>133.399993896484375</ele>
        <time>2026-08-07T12:35:58.000Z</time>
      </trkpt>
      <trkpt lat="58.02191077731549739837646484375" lon="-4.37706730328500270843505859375">
        <ele>133.600006103515625</ele>
        <time>2026-08-07T12:36:02.000Z</time>
      </trkpt>
      <trkpt lat="58.02193474955856800079345703125" lon="-4.3771154992282390594482421875">
        <ele>133.600006103515625</ele>
        <time>2026-08-07T12:36:03.000Z</time>
      </trkpt>
      <trkpt lat="58.02213440649211406707763671875" lon="-4.377523362636566162109375">
        <ele>133.1999969482421875</ele>
        <time>2026-08-07T12:36:11.000Z</time>
      </trkpt>
      <trkpt lat="58.0221648328006267547607421875" lon="-4.377582035958766937255859375">
        <ele>133.1999969482421875</ele>
        <time>2026-08-07T12:36:12.000Z</time>
      </trkpt>
      <trkpt lat="58.0221929959952831268310546875" lon="-4.3776479177176952362060546875">
        <ele>133.1999969482421875</ele>
        <time>2026-08-07T12:36:13.000Z</time>
      </trkpt>
      <trkpt lat="58.022281341254711151123046875" lon="-4.377847574651241302490234375">
        <ele>133</ele>
        <time>2026-08-07T12:36:16.000Z</time>
      </trkpt>
      <trkpt lat="58.0223381705582141876220703125" lon="-4.37796525657176971435546875">
        <ele>133</ele>
        <time>2026-08-07T12:36:18.000Z</time>
      </trkpt>
      <trkpt lat="58.02255484275519847869873046875" lon="-4.37840891070663928985595703125">
        <ele>132.399993896484375</ele>
        <time>2026-08-07T12:36:25.000Z</time>
      </trkpt>
      <trkpt lat="58.02271015942096710205078125" lon="-4.3786688335239887237548828125">
        <ele>132</ele>
        <time>2026-08-07T12:36:29.000Z</time>
      </trkpt>
      <trkpt lat="58.022848628461360931396484375" lon="-4.3788529001176357269287109375">
        <ele>131.8000030517578125</ele>
        <time>2026-08-07T12:36:32.000Z</time>
      </trkpt>
      <trkpt lat="58.02299841307103633880615234375" lon="-4.37905767001211643218994140625">
        <ele>131.1999969482421875</ele>
        <time>2026-08-07T12:36:35.000Z</time>
      </trkpt>
      <trkpt lat="58.0231039412319660186767578125" lon="-4.37919412739574909210205078125">
        <ele>131</ele>
        <time>2026-08-07T12:36:37.000Z</time>
      </trkpt>
      <trkpt lat="58.02320628426969051361083984375" lon="-4.3793427385389804840087890625">
        <ele>130.8000030517578125</ele>
        <time>2026-08-07T12:36:39.000Z</time>
      </trkpt>
      <trkpt lat="58.02340007387101650238037109375" lon="-4.37968295998871326446533203125">
        <ele>129.8000030517578125</ele>
        <time>2026-08-07T12:36:43.000Z</time>
      </trkpt>
      <trkpt lat="58.02352747879922389984130859375" lon="-4.3799807690083980560302734375">
        <ele>129.399993896484375</ele>
        <time>2026-08-07T12:36:46.000Z</time>
      </trkpt>
      <trkpt lat="58.0236678756773471832275390625" lon="-4.380394332110881805419921875">
        <ele>128.600006103515625</ele>
        <time>2026-08-07T12:36:50.000Z</time>
      </trkpt>
      <trkpt lat="58.023805506527423858642578125" lon="-4.3808055482804775238037109375">
        <ele>128.399993896484375</ele>
        <time>2026-08-07T12:36:54.000Z</time>
      </trkpt>
      <trkpt lat="58.024015389382839202880859375" lon="-4.38147568143904209136962890625">
        <ele>128</ele>
        <time>2026-08-07T12:37:01.000Z</time>
      </trkpt>
      <trkpt lat="58.0240417085587978363037109375" lon="-4.38158229924738407135009765625">
        <ele>127.40000152587890625</ele>
        <time>2026-08-07T12:37:02.000Z</time>
      </trkpt>
      <trkpt lat="58.02413709461688995361328125" lon="-4.3820698745548725128173828125">
        <ele>126.8000030517578125</ele>
        <time>2026-08-07T12:37:06.000Z</time>
      </trkpt>
      <trkpt lat="58.0241899006068706512451171875" lon="-4.3828953243792057037353515625">
        <ele>126.1999969482421875</ele>
        <time>2026-08-07T12:37:12.000Z</time>
      </trkpt>
      <trkpt lat="58.02421177737414836883544921875" lon="-4.3835819698870182037353515625">
        <ele>125.1999969482421875</ele>
        <time>2026-08-07T12:37:17.000Z</time>
      </trkpt>
      <trkpt lat="58.02424211986362934112548828125" lon="-4.38413341529667377471923828125">
        <ele>124.8000030517578125</ele>
        <time>2026-08-07T12:37:21.000Z</time>
      </trkpt>
      <trkpt lat="58.02424564026296138763427734375" lon="-4.3842719681560993194580078125">
        <ele>124.59999847412109375</ele>
        <time>2026-08-07T12:37:22.000Z</time>
      </trkpt>
      <trkpt lat="58.02425108850002288818359375" lon="-4.38440859317779541015625">
        <ele>123.59999847412109375</ele>
        <time>2026-08-07T12:37:23.000Z</time>
      </trkpt>
      <trkpt lat="58.02426760084927082061767578125" lon="-4.3848184682428836822509765625">
        <ele>122.40000152587890625</ele>
        <time>2026-08-07T12:37:26.000Z</time>
      </trkpt>
      <trkpt lat="58.02427715621888637542724609375" lon="-4.385080821812152862548828125">
        <ele>122.59999847412109375</ele>
        <time>2026-08-07T12:37:28.000Z</time>
      </trkpt>
      <trkpt lat="58.02428034134209156036376953125" lon="-4.38521048985421657562255859375">
        <ele>122.1999969482421875</ele>
        <time>2026-08-07T12:37:29.000Z</time>
      </trkpt>
      <trkpt lat="58.02427589893341064453125" lon="-4.38559270463883876800537109375">
        <ele>121.40000152587890625</ele>
        <time>2026-08-07T12:37:32.000Z</time>
      </trkpt>
      <trkpt lat="58.02425938658416271209716796875" lon="-4.3858568184077739715576171875">
        <ele>120.59999847412109375</ele>
        <time>2026-08-07T12:37:34.000Z</time>
      </trkpt>
      <trkpt lat="58.024246394634246826171875" lon="-4.385991431772708892822265625">
        <ele>120.1999969482421875</ele>
        <time>2026-08-07T12:37:35.000Z</time>
      </trkpt>
      <trkpt lat="58.0242251046001911163330078125" lon="-4.38612009398639202117919921875">
        <ele>119.8000030517578125</ele>
        <time>2026-08-07T12:37:36.000Z</time>
      </trkpt>
      <trkpt lat="58.02416500635445117950439453125" lon="-4.38637523911893367767333984375">
        <ele>119.1999969482421875</ele>
        <time>2026-08-07T12:37:38.000Z</time>
      </trkpt>
      <trkpt lat="58.02412770688533782958984375" lon="-4.3864971958100795745849609375">
        <ele>119</ele>
        <time>2026-08-07T12:37:39.000Z</time>
      </trkpt>
      <trkpt lat="58.0240829475224018096923828125" lon="-4.38661127351224422454833984375">
        <ele>119.1999969482421875</ele>
        <time>2026-08-07T12:37:40.000Z</time>
      </trkpt>
      <trkpt lat="58.02393148653209209442138671875" lon="-4.3869169615209102630615234375">
        <ele>119.40000152587890625</ele>
        <time>2026-08-07T12:37:43.000Z</time>
      </trkpt>
      <trkpt lat="58.02366494201123714447021484375" lon="-4.3872974999248981475830078125">
        <ele>119.59999847412109375</ele>
        <time>2026-08-07T12:37:48.000Z</time>
      </trkpt>
      <trkpt lat="58.02328473888337612152099609375" lon="-4.38782715238630771636962890625">
        <ele>119.40000152587890625</ele>
        <time>2026-08-07T12:37:56.000Z</time>
      </trkpt>
      <trkpt lat="58.02314777858555316925048828125" lon="-4.38816544599831104278564453125">
        <ele>119.8000030517578125</ele>
        <time>2026-08-07T12:38:00.000Z</time>
      </trkpt>
      <trkpt lat="58.0231247283518314361572265625" lon="-4.38825580291450023651123046875">
        <ele>119.59999847412109375</ele>
        <time>2026-08-07T12:38:01.000Z</time>
      </trkpt>
      <trkpt lat="58.0230895243585109710693359375" lon="-4.38844724558293819427490234375">
        <ele>120</ele>
        <time>2026-08-07T12:38:03.000Z</time>
      </trkpt>
      <trkpt lat="58.02306328900158405303955078125" lon="-4.388764165341854095458984375">
        <ele>120.59999847412109375</ele>
        <time>2026-08-07T12:38:06.000Z</time>
      </trkpt>
      <trkpt lat="58.02303914912045001983642578125" lon="-4.3892642296850681304931640625">
        <ele>119</ele>
        <time>2026-08-07T12:38:10.000Z</time>
      </trkpt>
      <trkpt lat="58.02303629927337169647216796875" lon="-4.38940110616385936737060546875">
        <ele>118.59999847412109375</ele>
        <time>2026-08-07T12:38:11.000Z</time>
      </trkpt>
      <trkpt lat="58.023035712540149688720703125" lon="-4.38954007811844348907470703125">
        <ele>118</ele>
        <time>2026-08-07T12:38:12.000Z</time>
      </trkpt>
      <trkpt lat="58.02302875556051731109619140625" lon="-4.3898360431194305419921875">
        <ele>116.59999847412109375</ele>
        <time>2026-08-07T12:38:14.000Z</time>
      </trkpt>
      <trkpt lat="58.02302640862762928009033203125" lon="-4.3902861513197422027587890625">
        <ele>115.8000030517578125</ele>
        <time>2026-08-07T12:38:17.000Z</time>
      </trkpt>
      <trkpt lat="58.02302355878055095672607421875" lon="-4.390429146587848663330078125">
        <ele>116</ele>
        <time>2026-08-07T12:38:18.000Z</time>
      </trkpt>
      <trkpt lat="58.0230224691331386566162109375" lon="-4.39072142355144023895263671875">
        <ele>116</ele>
        <time>2026-08-07T12:38:20.000Z</time>
      </trkpt>
      <trkpt lat="58.02302875556051731109619140625" lon="-4.39101411961019039154052734375">
        <ele>115</ele>
        <time>2026-08-07T12:38:22.000Z</time>
      </trkpt>
      <trkpt lat="58.02303026430308818817138671875" lon="-4.39130832441151142120361328125">
        <ele>113</ele>
        <time>2026-08-07T12:38:24.000Z</time>
      </trkpt>
      <trkpt lat="58.023032359778881072998046875" lon="-4.39174954779446125030517578125">
        <ele>110.8000030517578125</ele>
        <time>2026-08-07T12:38:27.000Z</time>
      </trkpt>
      <trkpt lat="58.02303227595984935760498046875" lon="-4.3918938003480434417724609375">
        <ele>109.59999847412109375</ele>
        <time>2026-08-07T12:38:28.000Z</time>
      </trkpt>
      <trkpt lat="58.02303135395050048828125" lon="-4.39218959771096706390380859375">
        <ele>107.8000030517578125</ele>
        <time>2026-08-07T12:38:30.000Z</time>
      </trkpt>
      <trkpt lat="58.02304350771009922027587890625" lon="-4.39262612722814083099365234375">
        <ele>108.40000152587890625</ele>
        <time>2026-08-07T12:38:33.000Z</time>
      </trkpt>
      <trkpt lat="58.0231010913848876953125" lon="-4.3935782276093959808349609375">
        <ele>108</ele>
        <time>2026-08-07T12:38:40.000Z</time>
      </trkpt>
      <trkpt lat="58.02318130619823932647705078125" lon="-4.394462518393993377685546875">
        <ele>109.1999969482421875</ele>
        <time>2026-08-07T12:38:46.000Z</time>
      </trkpt>
      <trkpt lat="58.02319698035717010498046875" lon="-4.39460861496627330780029296875">
        <ele>107.59999847412109375</ele>
        <time>2026-08-07T12:38:47.000Z</time>
      </trkpt>
      <trkpt lat="58.023218773305416107177734375" lon="-4.3948824517428874969482421875">
        <ele>105.40000152587890625</ele>
        <time>2026-08-07T12:38:49.000Z</time>
      </trkpt>
      <trkpt lat="58.02323696203529834747314453125" lon="-4.395151175558567047119140625">
        <ele>104.1999969482421875</ele>
        <time>2026-08-07T12:38:51.000Z</time>
      </trkpt>
      <trkpt lat="58.023279793560504913330078125" lon="-4.3959204666316509246826171875">
        <ele>104</ele>
        <time>2026-08-07T12:38:57.000Z</time>
      </trkpt>
      <trkpt lat="58.0232940427958965301513671875" lon="-4.39617133699357509613037109375">
        <ele>102.8000030517578125</ele>
        <time>2026-08-07T12:38:59.000Z</time>
      </trkpt>
      <trkpt lat="58.023323379456996917724609375" lon="-4.3965289928019046783447265625">
        <ele>101.59999847412109375</ele>
        <time>2026-08-07T12:39:02.000Z</time>
      </trkpt>
      <trkpt lat="58.0233384668827056884765625" lon="-4.3967667035758495330810546875">
        <ele>101.40000152587890625</ele>
        <time>2026-08-07T12:39:04.000Z</time>
      </trkpt>
      <trkpt lat="58.0233527161180973052978515625" lon="-4.3970154784619808197021484375">
        <ele>101.1999969482421875</ele>
        <time>2026-08-07T12:39:06.000Z</time>
      </trkpt>
      <trkpt lat="58.0233641155064105987548828125" lon="-4.397408924996852874755859375">
        <ele>100.1999969482421875</ele>
        <time>2026-08-07T12:39:09.000Z</time>
      </trkpt>
      <trkpt lat="58.0233694799244403839111328125" lon="-4.397671110928058624267578125">
        <ele>99.59999847412109375</ele>
        <time>2026-08-07T12:39:11.000Z</time>
      </trkpt>
      <trkpt lat="58.0233879201114177703857421875" lon="-4.39792625606060028076171875">
        <ele>99</ele>
        <time>2026-08-07T12:39:13.000Z</time>
      </trkpt>
      <trkpt lat="58.02345271222293376922607421875" lon="-4.39845272339880466461181640625">
        <ele>98.1999969482421875</ele>
        <time>2026-08-07T12:39:17.000Z</time>
      </trkpt>
      <trkpt lat="58.0235056020319461822509765625" lon="-4.3987061083316802978515625">
        <ele>98.1999969482421875</ele>
        <time>2026-08-07T12:39:19.000Z</time>
      </trkpt>
      <trkpt lat="58.0236511118710041046142578125" lon="-4.3991615809500217437744140625">
        <ele>98</ele>
        <time>2026-08-07T12:39:23.000Z</time>
      </trkpt>
      <trkpt lat="58.02368639968335628509521484375" lon="-4.3992789275944232940673828125">
        <ele>97.40000152587890625</ele>
        <time>2026-08-07T12:39:24.000Z</time>
      </trkpt>
      <trkpt lat="58.02372210659086704254150390625" lon="-4.39939769916236400604248046875">
        <ele>96.8000030517578125</ele>
        <time>2026-08-07T12:39:25.000Z</time>
      </trkpt>
      <trkpt lat="58.023790419101715087890625" lon="-4.39963121898472309112548828125">
        <ele>95.40000152587890625</ele>
        <time>2026-08-07T12:39:27.000Z</time>
      </trkpt>
      <trkpt lat="58.02391841076314449310302734375" lon="-4.400220550596714019775390625">
        <ele>95.40000152587890625</ele>
        <time>2026-08-07T12:39:32.000Z</time>
      </trkpt>
      <trkpt lat="58.023992590606212615966796875" lon="-4.400586672127246856689453125">
        <ele>94.1999969482421875</ele>
        <time>2026-08-07T12:39:35.000Z</time>
      </trkpt>
      <trkpt lat="58.02404363639652729034423828125" lon="-4.40096310339868068695068359375">
        <ele>93.1999969482421875</ele>
        <time>2026-08-07T12:39:38.000Z</time>
      </trkpt>
      <trkpt lat="58.02406811155378818511962890625" lon="-4.40108363516628742218017578125">
        <ele>92.59999847412109375</ele>
        <time>2026-08-07T12:39:39.000Z</time>
      </trkpt>
      <trkpt lat="58.02412007935345172882080078125" lon="-4.40129804424941539764404296875">
        <ele>91.40000152587890625</ele>
        <time>2026-08-07T12:39:41.000Z</time>
      </trkpt>
      <trkpt lat="58.02414656616747379302978515625" lon="-4.401385970413684844970703125">
        <ele>90</ele>
        <time>2026-08-07T12:39:42.000Z</time>
      </trkpt>
      <trkpt lat="58.02416450344026088714599609375" lon="-4.401466436684131622314453125">
        <ele>89</ele>
        <time>2026-08-07T12:39:43.000Z</time>
      </trkpt>
      <trkpt lat="58.02417464554309844970703125" lon="-4.401549585163593292236328125">
        <ele>87.8000030517578125</ele>
        <time>2026-08-07T12:39:44.000Z</time>
      </trkpt>
      <trkpt lat="58.02419970743358135223388671875" lon="-4.40169274806976318359375">
        <ele>86.59999847412109375</ele>
        <time>2026-08-07T12:39:46.000Z</time>
      </trkpt>
      <trkpt lat="58.02421328611671924591064453125" lon="-4.40175242722034454345703125">
        <ele>86.59999847412109375</ele>
        <time>2026-08-07T12:39:47.000Z</time>
      </trkpt>
      <trkpt lat="58.024256117641925811767578125" lon="-4.401886872947216033935546875">
        <ele>86.8000030517578125</ele>
        <time>2026-08-07T12:39:51.000Z</time>
      </trkpt>
      <trkpt lat="58.024251423776149749755859375" lon="-4.40191528759896755218505859375">
        <ele>87</ele>
        <time>2026-08-07T12:39:55.000Z</time>
      </trkpt>
      <trkpt lat="58.024251423776149749755859375" lon="-4.40191528759896755218505859375">
        <ele>87.59999847412109375</ele>
        <time>2026-08-07T12:39:58.000Z</time>
      </trkpt>
      <trkpt lat="58.024254105985164642333984375" lon="-4.40191713161766529083251953125">
        <ele>87.59999847412109375</ele>
        <time>2026-08-07T12:40:00.000Z</time>
      </trkpt>
      <trkpt lat="58.024251423776149749755859375" lon="-4.40191528759896755218505859375">
        <ele>86.59999847412109375</ele>
        <time>2026-08-07T12:40:04.000Z</time>
      </trkpt>
      <trkpt lat="58.024251423776149749755859375" lon="-4.40191528759896755218505859375">
        <ele>86.40000152587890625</ele>
        <time>2026-08-07T12:40:07.000Z</time>
      </trkpt>
      <trkpt lat="58.02425268106162548065185546875" lon="-4.4019249267876148223876953125">
        <ele>86.59999847412109375</ele>
        <time>2026-08-07T12:40:12.000Z</time>
      </trkpt>
      <trkpt lat="58.024251423776149749755859375" lon="-4.40191528759896755218505859375">
        <ele>85.8000030517578125</ele>
        <time>2026-08-07T12:40:17.000Z</time>
      </trkpt>
      <trkpt lat="58.024251423776149749755859375" lon="-4.40191528759896755218505859375">
        <ele>85.59999847412109375</ele>
        <time>2026-08-07T12:40:19.000Z</time>
      </trkpt>
      <trkpt lat="58.0242532677948474884033203125" lon="-4.40191830508410930633544921875">
        <ele>85.59999847412109375</ele>
        <time>2026-08-07T12:40:21.000Z</time>
      </trkpt>
      <trkpt lat="58.02426726557314395904541015625" lon="-4.40193791873753070831298828125">
        <ele>85.40000152587890625</ele>
        <time>2026-08-07T12:40:23.000Z</time>
      </trkpt>
      <trkpt lat="58.02430808544158935546875" lon="-4.40197027288377285003662109375">
        <ele>85</ele>
        <time>2026-08-07T12:40:25.000Z</time>
      </trkpt>
      <trkpt lat="58.02436198107898235321044921875" lon="-4.40196909941732883453369140625">
        <ele>84.8000030517578125</ele>
        <time>2026-08-07T12:40:27.000Z</time>
      </trkpt>
      <trkpt lat="58.0245261825621128082275390625" lon="-4.40188142471015453338623046875">
        <ele>84.59999847412109375</ele>
        <time>2026-08-07T12:40:31.000Z</time>
      </trkpt>
      <trkpt lat="58.0245722830295562744140625" lon="-4.4018531776964664459228515625">
        <ele>84.59999847412109375</ele>
        <time>2026-08-07T12:40:32.000Z</time>
      </trkpt>
      <trkpt lat="58.02485416643321514129638671875" lon="-4.4017432071268558502197265625">
        <ele>84.59999847412109375</ele>
        <time>2026-08-07T12:40:38.000Z</time>
      </trkpt>
      <trkpt lat="58.02495726384222507476806640625" lon="-4.401717223227024078369140625">
        <ele>84.40000152587890625</ele>
        <time>2026-08-07T12:40:40.000Z</time>
      </trkpt>
      <trkpt lat="58.0253207869827747344970703125" lon="-4.40163382329046726226806640625">
        <ele>84.59999847412109375</ele>
        <time>2026-08-07T12:40:46.000Z</time>
      </trkpt>
      <trkpt lat="58.02585328929126262664794921875" lon="-4.401514045894145965576171875">
        <ele>85.1999969482421875</ele>
        <time>2026-08-07T12:40:55.000Z</time>
      </trkpt>
      <trkpt lat="58.0261338315904140472412109375" lon="-4.401440285146236419677734375">
        <ele>85.59999847412109375</ele>
        <time>2026-08-07T12:41:00.000Z</time>
      </trkpt>
      <trkpt lat="58.0261904932558536529541015625" lon="-4.4014273770153522491455078125">
        <ele>85.40000152587890625</ele>
        <time>2026-08-07T12:41:01.000Z</time>
      </trkpt>
      <trkpt lat="58.02641806192696094512939453125" lon="-4.40145160071551799774169921875">
        <ele>85.8000030517578125</ele>
        <time>2026-08-07T12:41:05.000Z</time>
      </trkpt>
      <trkpt lat="58.026469610631465911865234375" lon="-4.4014951027929782867431640625">
        <ele>86</ele>
        <time>2026-08-07T12:41:06.000Z</time>
      </trkpt>
      <trkpt lat="58.0265168845653533935546875" lon="-4.40155033953487873077392578125">
        <ele>85.8000030517578125</ele>
        <time>2026-08-07T12:41:07.000Z</time>
      </trkpt>
      <trkpt lat="58.02658938802778720855712890625" lon="-4.40170842222869396209716796875">
        <ele>85.40000152587890625</ele>
        <time>2026-08-07T12:41:09.000Z</time>
      </trkpt>
      <trkpt lat="58.02661989815533161163330078125" lon="-4.40179375000298023223876953125">
        <ele>85.40000152587890625</ele>
        <time>2026-08-07T12:41:10.000Z</time>
      </trkpt>
      <trkpt lat="58.02664705552160739898681640625" lon="-4.401887543499469757080078125">
        <ele>84.40000152587890625</ele>
        <time>2026-08-07T12:41:11.000Z</time>
      </trkpt>
      <trkpt lat="58.02672081626951694488525390625" lon="-4.40218149684369564056396484375">
        <ele>87</ele>
        <time>2026-08-07T12:41:14.000Z</time>
      </trkpt>
      <trkpt lat="58.02674579434096813201904296875" lon="-4.40227420069277286529541015625">
        <ele>88.1999969482421875</ele>
        <time>2026-08-07T12:41:15.000Z</time>
      </trkpt>
      <trkpt lat="58.0267651565372943878173828125" lon="-4.4023604504764080047607421875">
        <ele>89</ele>
        <time>2026-08-07T12:41:16.000Z</time>
      </trkpt>
      <trkpt lat="58.026780076324939727783203125" lon="-4.4024395756423473358154296875">
        <ele>90.40000152587890625</ele>
        <time>2026-08-07T12:41:17.000Z</time>
      </trkpt>
      <trkpt lat="58.0268171243369579315185546875" lon="-4.4026477821171283721923828125">
        <ele>89.40000152587890625</ele>
        <time>2026-08-07T12:41:20.000Z</time>
      </trkpt>
      <trkpt lat="58.02683078683912754058837890625" lon="-4.40271609462797641754150390625">
        <ele>88.8000030517578125</ele>
        <time>2026-08-07T12:41:21.000Z</time>
      </trkpt>
      <trkpt lat="58.02686565555632114410400390625" lon="-4.4028566591441631317138671875">
        <ele>88.8000030517578125</ele>
        <time>2026-08-07T12:41:23.000Z</time>
      </trkpt>
      <trkpt lat="58.0269321240484714508056640625" lon="-4.4030620157718658447265625">
        <ele>90</ele>
        <time>2026-08-07T12:41:26.000Z</time>
      </trkpt>
      <trkpt lat="58.0269579403102397918701171875" lon="-4.40312982536852359771728515625">
        <ele>90.1999969482421875</ele>
        <time>2026-08-07T12:41:27.000Z</time>
      </trkpt>
      <trkpt lat="58.02714343182742595672607421875" lon="-4.40345227718353271484375">
        <ele>90.1999969482421875</ele>
        <time>2026-08-07T12:41:32.000Z</time>
      </trkpt>
      <trkpt lat="58.027185760438442230224609375" lon="-4.40351790748536586761474609375">
        <ele>90.59999847412109375</ele>
        <time>2026-08-07T12:41:33.000Z</time>
      </trkpt>
      <trkpt lat="58.02728600800037384033203125" lon="-4.4037102721631526947021484375">
        <ele>89.8000030517578125</ele>
        <time>2026-08-07T12:41:36.000Z</time>
      </trkpt>
      <trkpt lat="58.0273686535656452178955078125" lon="-4.40383356995880603790283203125">
        <ele>89.1999969482421875</ele>
        <time>2026-08-07T12:41:38.000Z</time>
      </trkpt>
      <trkpt lat="58.0274464376270771026611328125" lon="-4.403936751186847686767578125">
        <ele>89</ele>
        <time>2026-08-07T12:41:40.000Z</time>
      </trkpt>
      <trkpt lat="58.0274689011275768280029296875" lon="-4.40408603288233280181884765625">
        <ele>88.59999847412109375</ele>
        <time>2026-08-07T12:41:43.000Z</time>
      </trkpt>
      <trkpt lat="58.0274685658514499664306640625" lon="-4.40421863459050655364990234375">
        <ele>88.40000152587890625</ele>
        <time>2026-08-07T12:41:46.000Z</time>
      </trkpt>
      <trkpt lat="58.02749983035027980804443359375" lon="-4.4042986817657947540283203125">
        <ele>87.8000030517578125</ele>
        <time>2026-08-07T12:41:48.000Z</time>
      </trkpt>
      <trkpt lat="58.027584068477153778076171875" lon="-4.4045182876288890838623046875">
        <ele>87.8000030517578125</ele>
        <time>2026-08-07T12:41:53.000Z</time>
      </trkpt>
      <trkpt lat="58.0275817215442657470703125" lon="-4.40452457405626773834228515625">
        <ele>87.1999969482421875</ele>
        <time>2026-08-07T12:41:56.000Z</time>
      </trkpt>
      <trkpt lat="58.02758197300136089324951171875" lon="-4.40452457405626773834228515625">
        <ele>87.1999969482421875</ele>
        <time>2026-08-07T12:41:58.000Z</time>
      </trkpt>
      <trkpt lat="58.0275771953165531158447265625" lon="-4.40452356822788715362548828125">
        <ele>87.1999969482421875</ele>
        <time>2026-08-07T12:42:03.000Z</time>
      </trkpt>
      <trkpt lat="58.0275456793606281280517578125" lon="-4.40460487268865108489990234375">
        <ele>87.40000152587890625</ele>
        <time>2026-08-07T12:42:08.000Z</time>
      </trkpt>
      <trkpt lat="58.027536459267139434814453125" lon="-4.4046694971621036529541015625">
        <ele>86.59999847412109375</ele>
        <time>2026-08-07T12:42:11.000Z</time>
      </trkpt>
      <trkpt lat="58.02752162329852581024169921875" lon="-4.40468869172036647796630859375">
        <ele>86</ele>
        <time>2026-08-07T12:42:14.000Z</time>
      </trkpt>
      <trkpt lat="58.02751927636563777923583984375" lon="-4.40468517132103443145751953125">
        <ele>86</ele>
        <time>2026-08-07T12:42:15.000Z</time>
      </trkpt>
      <trkpt lat="58.0275265686213970184326171875" lon="-4.404701180756092071533203125">
        <ele>86</ele>
        <time>2026-08-07T12:42:16.000Z</time>
      </trkpt>
      <trkpt lat="58.027522377669811248779296875" lon="-4.40467427484691143035888671875">
        <ele>85.8000030517578125</ele>
        <time>2026-08-07T12:42:18.000Z</time>
      </trkpt>
      <trkpt lat="58.027524389326572418212890625" lon="-4.4046728499233722686767578125">
        <ele>85.59999847412109375</ele>
        <time>2026-08-07T12:42:20.000Z</time>
      </trkpt>
      <trkpt lat="58.02752044983208179473876953125" lon="-4.4046738557517528533935546875">
        <ele>85.59999847412109375</ele>
        <time>2026-08-07T12:42:21.000Z</time>
      </trkpt>
      <trkpt lat="58.02751491777598857879638671875" lon="-4.40468936227262020111083984375">
        <ele>85.59999847412109375</ele>
        <time>2026-08-07T12:42:22.000Z</time>
      </trkpt>
      <trkpt lat="58.02751592360436916351318359375" lon="-4.4046973250806331634521484375">
        <ele>85.40000152587890625</ele>
        <time>2026-08-07T12:42:23.000Z</time>
      </trkpt>
      <trkpt lat="58.0275292508304119110107421875" lon="-4.4047355465590953826904296875">
        <ele>85.40000152587890625</ele>
        <time>2026-08-07T12:42:28.000Z</time>
      </trkpt>
      <trkpt lat="58.02752614952623844146728515625" lon="-4.40474032424390316009521484375">
        <ele>85.40000152587890625</ele>
        <time>2026-08-07T12:42:32.000Z</time>
      </trkpt>
      <trkpt lat="58.02752832882106304168701171875" lon="-4.40473864786326885223388671875">
        <ele>85</ele>
        <time>2026-08-07T12:42:34.000Z</time>
      </trkpt>
      <trkpt lat="58.0275215394794940948486328125" lon="-4.404726326465606689453125">
        <ele>85</ele>
        <time>2026-08-07T12:42:38.000Z</time>
      </trkpt>
      <trkpt lat="58.0275232158601284027099609375" lon="-4.4047060422599315643310546875">
        <ele>85.1999969482421875</ele>
        <time>2026-08-07T12:42:44.000Z</time>
      </trkpt>
      <trkpt lat="58.02751600742340087890625" lon="-4.4046976603567600250244140625">
        <ele>85.1999969482421875</ele>
        <time>2026-08-07T12:42:46.000Z</time>
      </trkpt>
      <trkpt lat="58.02751843817532062530517578125" lon="-4.4046927988529205322265625">
        <ele>85.40000152587890625</ele>
        <time>2026-08-07T12:42:48.000Z</time>
      </trkpt>
      <trkpt lat="58.02750335074961185455322265625" lon="-4.4046658091247081756591796875">
        <ele>85.1999969482421875</ele>
        <time>2026-08-07T12:42:53.000Z</time>
      </trkpt>
      <trkpt lat="58.02749195136129856109619140625" lon="-4.40466673113405704498291015625">
        <ele>84.8000030517578125</ele>
        <time>2026-08-07T12:42:58.000Z</time>
      </trkpt>
      <trkpt lat="58.0274920351803302764892578125" lon="-4.4046507216989994049072265625">
        <ele>84.59999847412109375</ele>
        <time>2026-08-07T12:43:00.000Z</time>
      </trkpt>
      <trkpt lat="58.02749681286513805389404296875" lon="-4.4046674855053424835205078125">
        <ele>84.59999847412109375</ele>
        <time>2026-08-07T12:43:02.000Z</time>
      </trkpt>
      <trkpt lat="58.027506284415721893310546875" lon="-4.4046798907220363616943359375">
        <ele>84.59999847412109375</ele>
        <time>2026-08-07T12:43:03.000Z</time>
      </trkpt>
      <trkpt lat="58.0275014229118824005126953125" lon="-4.40466254018247127532958984375">
        <ele>84.8000030517578125</ele>
        <time>2026-08-07T12:43:05.000Z</time>
      </trkpt>
      <trkpt lat="58.027492873370647430419921875" lon="-4.40468098036944866180419921875">
        <ele>84.8000030517578125</ele>
        <time>2026-08-07T12:43:06.000Z</time>
      </trkpt>
      <trkpt lat="58.0274695716798305511474609375" lon="-4.4046735204756259918212890625">
        <ele>84.59999847412109375</ele>
        <time>2026-08-07T12:43:08.000Z</time>
      </trkpt>
      <trkpt lat="58.027449287474155426025390625" lon="-4.4046503864228725433349609375">
        <ele>84.1999969482421875</ele>
        <time>2026-08-07T12:43:11.000Z</time>
      </trkpt>
      <trkpt lat="58.027390949428081512451171875" lon="-4.40452759154140949249267578125">
        <ele>84</ele>
        <time>2026-08-07T12:43:16.000Z</time>
      </trkpt>
      <trkpt lat="58.0273777060210704803466796875" lon="-4.40447512082755565643310546875">
        <ele>84.1999969482421875</ele>
        <time>2026-08-07T12:43:21.000Z</time>
      </trkpt>
      <trkpt lat="58.0273904465138912200927734375" lon="-4.4044673256576061248779296875">
        <ele>84.40000152587890625</ele>
        <time>2026-08-07T12:43:22.000Z</time>
      </trkpt>
      <trkpt lat="58.0274045281112194061279296875" lon="-4.40442432649433612823486328125">
        <ele>85</ele>
        <time>2026-08-07T12:43:25.000Z</time>
      </trkpt>
      <trkpt lat="58.02741500549018383026123046875" lon="-4.4043788127601146697998046875">
        <ele>85.59999847412109375</ele>
        <time>2026-08-07T12:43:28.000Z</time>
      </trkpt>
      <trkpt lat="58.0274266563355922698974609375" lon="-4.40438442863523960113525390625">
        <ele>86.1999969482421875</ele>
        <time>2026-08-07T12:43:31.000Z</time>
      </trkpt>
      <trkpt lat="58.02743755280971527099609375" lon="-4.4044017791748046875">
        <ele>86</ele>
        <time>2026-08-07T12:43:37.000Z</time>
      </trkpt>
      <trkpt lat="58.02744098939001560211181640625" lon="-4.40438794903457164764404296875">
        <ele>86</ele>
        <time>2026-08-07T12:43:43.000Z</time>
      </trkpt>
      <trkpt lat="58.027451299130916595458984375" lon="-4.40436665900051593780517578125">
        <ele>86</ele>
        <time>2026-08-07T12:43:50.000Z</time>
      </trkpt>
      <trkpt lat="58.02744417451322078704833984375" lon="-4.40436816774308681488037109375">
        <ele>86</ele>
        <time>2026-08-07T12:43:56.000Z</time>
      </trkpt>
      <trkpt lat="58.02744266577064990997314453125" lon="-4.40437822602689266204833984375">
        <ele>86</ele>
        <time>2026-08-07T12:43:58.000Z</time>
      </trkpt>
      <trkpt lat="58.02743394859135150909423828125" lon="-4.40440504811704158782958984375">
        <ele>86</ele>
        <time>2026-08-07T12:44:04.000Z</time>
      </trkpt>
      <trkpt lat="58.0274316854774951934814453125" lon="-4.40440513193607330322265625">
        <ele>86</ele>
        <time>2026-08-07T12:44:08.000Z</time>
      </trkpt>
      <trkpt lat="58.027426488697528839111328125" lon="-4.40439306199550628662109375">
        <ele>86</ele>
        <time>2026-08-07T12:44:12.000Z</time>
      </trkpt>
      <trkpt lat="58.027422130107879638671875" lon="-4.40438610501587390899658203125">
        <ele>86</ele>
        <time>2026-08-07T12:44:20.000Z</time>
      </trkpt>
      <trkpt lat="58.0274323560297489166259765625" lon="-4.40439213998615741729736328125">
        <ele>86</ele>
        <time>2026-08-07T12:44:26.000Z</time>
      </trkpt>
      <trkpt lat="58.02745356224477291107177734375" lon="-4.40442482940852642059326171875">
        <ele>86</ele>
        <time>2026-08-07T12:44:32.000Z</time>
      </trkpt>
      <trkpt lat="58.02745875902473926544189453125" lon="-4.40445181913673877716064453125">
        <ele>83.8000030517578125</ele>
        <time>2026-08-07T12:44:37.000Z</time>
      </trkpt>
      <trkpt lat="58.0274608545005321502685546875" lon="-4.404432289302349090576171875">
        <ele>83.59999847412109375</ele>
        <time>2026-08-07T12:44:39.000Z</time>
      </trkpt>
      <trkpt lat="58.027459681034088134765625" lon="-4.40442784689366817474365234375">
        <ele>83.59999847412109375</ele>
        <time>2026-08-07T12:44:40.000Z</time>
      </trkpt>
      <trkpt lat="58.02747200243175029754638671875" lon="-4.404438324272632598876953125">
        <ele>83.40000152587890625</ele>
        <time>2026-08-07T12:44:47.000Z</time>
      </trkpt>
      <trkpt lat="58.0274675600230693817138671875" lon="-4.40445316024124622344970703125">
        <ele>83.40000152587890625</ele>
        <time>2026-08-07T12:44:52.000Z</time>
      </trkpt>
      <trkpt lat="58.02745892666280269622802734375" lon="-4.40441678278148174285888671875">
        <ele>83.40000152587890625</ele>
        <time>2026-08-07T12:44:57.000Z</time>
      </trkpt>
      <trkpt lat="58.02744870074093341827392578125" lon="-4.40432340838015079498291015625">
        <ele>83.40000152587890625</ele>
        <time>2026-08-07T12:45:04.000Z</time>
      </trkpt>
      <trkpt lat="58.0275342799723148345947265625" lon="-4.4045506417751312255859375">
        <ele>83.40000152587890625</ele>
        <time>2026-08-07T12:45:11.000Z</time>
      </trkpt>
      <trkpt lat="58.02757627330720424652099609375" lon="-4.40463001839816570281982421875">
        <ele>83.40000152587890625</ele>
        <time>2026-08-07T12:45:18.000Z</time>
      </trkpt>
      <trkpt lat="58.02756118588149547576904296875" lon="-4.4045705907046794891357421875">
        <ele>83</ele>
        <time>2026-08-07T12:45:25.000Z</time>
      </trkpt>
      <trkpt lat="58.02760259248316287994384765625" lon="-4.40450579859316349029541015625">
        <ele>83</ele>
        <time>2026-08-07T12:45:32.000Z</time>
      </trkpt>
      <trkpt lat="58.02759312093257904052734375" lon="-4.4045414216816425323486328125">
        <ele>82.8000030517578125</ele>
        <time>2026-08-07T12:45:38.000Z</time>
      </trkpt>
      <trkpt lat="58.02759638987481594085693359375" lon="-4.40454787574708461761474609375">
        <ele>82.59999847412109375</ele>
        <time>2026-08-07T12:45:39.000Z</time>
      </trkpt>
      <trkpt lat="58.02760158665478229522705078125" lon="-4.40455642528831958770751953125">
        <ele>82.59999847412109375</ele>
        <time>2026-08-07T12:45:40.000Z</time>
      </trkpt>
      <trkpt lat="58.0276043526828289031982421875" lon="-4.40454871393740177154541015625">
        <ele>82.59999847412109375</ele>
        <time>2026-08-07T12:45:41.000Z</time>
      </trkpt>
      <trkpt lat="58.027183078229427337646484375" lon="-4.403516985476016998291015625">
        <ele>74.59999847412109375</ele>
        <time>2026-08-07T16:14:42.000Z</time>
      </trkpt>
      <trkpt lat="58.02717109210789203643798828125" lon="-4.40351304598152637481689453125">
        <ele>74.59999847412109375</ele>
        <time>2026-08-07T16:14:43.000Z</time>
      </trkpt>
      <trkpt lat="58.0271664820611476898193359375" lon="-4.403493516147136688232421875">
        <ele>74.59999847412109375</ele>
        <time>2026-08-07T16:14:44.000Z</time>
      </trkpt>
      <trkpt lat="58.02717578597366809844970703125" lon="-4.4035030715167522430419921875">
        <ele>74.59999847412109375</ele>
        <time>2026-08-07T16:14:45.000Z</time>
      </trkpt>
      <trkpt lat="58.02722255699336528778076171875" lon="-4.40356669016182422637939453125">
        <ele>74.59999847412109375</ele>
        <time>2026-08-07T16:14:48.000Z</time>
      </trkpt>
      <trkpt lat="58.027339316904544830322265625" lon="-4.40375913865864276885986328125">
        <ele>74.40000152587890625</ele>
        <time>2026-08-07T16:14:53.000Z</time>
      </trkpt>
      <trkpt lat="58.02744568325579166412353515625" lon="-4.40392811782658100128173828125">
        <ele>75.1999969482421875</ele>
        <time>2026-08-07T16:14:57.000Z</time>
      </trkpt>
      <trkpt lat="58.0275322683155536651611328125" lon="-4.40401830710470676422119140625">
        <ele>75.8000030517578125</ele>
        <time>2026-08-07T16:15:00.000Z</time>
      </trkpt>
      <trkpt lat="58.02755598910152912139892578125" lon="-4.40405669622123241424560546875">
        <ele>75.8000030517578125</ele>
        <time>2026-08-07T16:15:01.000Z</time>
      </trkpt>
      <trkpt lat="58.02768171764910221099853515625" lon="-4.40427077002823352813720703125">
        <ele>76</ele>
        <time>2026-08-07T16:15:07.000Z</time>
      </trkpt>
      <trkpt lat="58.02770870737731456756591796875" lon="-4.40431787632405757904052734375">
        <ele>76.1999969482421875</ele>
        <time>2026-08-07T16:15:08.000Z</time>
      </trkpt>
      <trkpt lat="58.0278192646801471710205078125" lon="-4.40453052520751953125">
        <ele>76.40000152587890625</ele>
        <time>2026-08-07T16:15:12.000Z</time>
      </trkpt>
      <trkpt lat="58.027875758707523345947265625" lon="-4.40464560873806476593017578125">
        <ele>76.8000030517578125</ele>
        <time>2026-08-07T16:15:14.000Z</time>
      </trkpt>
      <trkpt lat="58.02789998240768909454345703125" lon="-4.4047124125063419342041015625">
        <ele>76.8000030517578125</ele>
        <time>2026-08-07T16:15:15.000Z</time>
      </trkpt>
      <trkpt lat="58.02796670235693454742431640625" lon="-4.40493579022586345672607421875">
        <ele>77</ele>
        <time>2026-08-07T16:15:18.000Z</time>
      </trkpt>
      <trkpt lat="58.02801833488047122955322265625" lon="-4.40514718182384967803955078125">
        <ele>77.8000030517578125</ele>
        <time>2026-08-07T16:15:21.000Z</time>
      </trkpt>
      <trkpt lat="58.028030656278133392333984375" lon="-4.4052096270024776458740234375">
        <ele>78</ele>
        <time>2026-08-07T16:15:22.000Z</time>
      </trkpt>
      <trkpt lat="58.0280430614948272705078125" lon="-4.4052662886679172515869140625">
        <ele>78.1999969482421875</ele>
        <time>2026-08-07T16:15:23.000Z</time>
      </trkpt>
      <trkpt lat="58.0280569754540920257568359375" lon="-4.4053316675126552581787109375">
        <ele>78.1999969482421875</ele>
        <time>2026-08-07T16:15:24.000Z</time>
      </trkpt>
      <trkpt lat="58.0280888266861438751220703125" lon="-4.4054885767400264739990234375">
        <ele>78.40000152587890625</ele>
        <time>2026-08-07T16:15:26.000Z</time>
      </trkpt>
      <trkpt lat="58.0281206779181957244873046875" lon="-4.4056431390345096588134765625">
        <ele>79</ele>
        <time>2026-08-07T16:15:28.000Z</time>
      </trkpt>
      <trkpt lat="58.02813224494457244873046875" lon="-4.40571597777307033538818359375">
        <ele>79.40000152587890625</ele>
        <time>2026-08-07T16:15:29.000Z</time>
      </trkpt>
      <trkpt lat="58.0281716398894786834716796875" lon="-4.40592552535235881805419921875">
        <ele>79.8000030517578125</ele>
        <time>2026-08-07T16:15:32.000Z</time>
      </trkpt>
      <trkpt lat="58.0282061733305454254150390625" lon="-4.406137503683567047119140625">
        <ele>79.8000030517578125</ele>
        <time>2026-08-07T16:15:35.000Z</time>
      </trkpt>
      <trkpt lat="58.02822788245975971221923828125" lon="-4.4062697701156139373779296875">
        <ele>80.1999969482421875</ele>
        <time>2026-08-07T16:15:37.000Z</time>
      </trkpt>
      <trkpt lat="58.028266690671443939208984375" lon="-4.406492225825786590576171875">
        <ele>80.8000030517578125</ele>
        <time>2026-08-07T16:15:40.000Z</time>
      </trkpt>
      <trkpt lat="58.0283054150640964508056640625" lon="-4.40674535930156707763671875">
        <ele>80.40000152587890625</ele>
        <time>2026-08-07T16:15:43.000Z</time>
      </trkpt>
      <trkpt lat="58.028316982090473175048828125" lon="-4.406830854713916778564453125">
        <ele>80</ele>
        <time>2026-08-07T16:15:44.000Z</time>
      </trkpt>
      <trkpt lat="58.02835176698863506317138671875" lon="-4.40699773840606212615966796875">
        <ele>79.59999847412109375</ele>
        <time>2026-08-07T16:15:46.000Z</time>
      </trkpt>
      <trkpt lat="58.0283818580210208892822265625" lon="-4.4071867503225803375244140625">
        <ele>79.8000030517578125</ele>
        <time>2026-08-07T16:15:48.000Z</time>
      </trkpt>
      <trkpt lat="58.02842720411717891693115234375" lon="-4.40747768618166446685791015625">
        <ele>80.40000152587890625</ele>
        <time>2026-08-07T16:15:51.000Z</time>
      </trkpt>
      <trkpt lat="58.0284774117171764373779296875" lon="-4.4077443145215511322021484375">
        <ele>80.8000030517578125</ele>
        <time>2026-08-07T16:15:54.000Z</time>
      </trkpt>
      <trkpt lat="58.0285099335014820098876953125" lon="-4.4079092703759670257568359375">
        <ele>81.40000152587890625</ele>
        <time>2026-08-07T16:15:56.000Z</time>
      </trkpt>
      <trkpt lat="58.02854128181934356689453125" lon="-4.40806089900434017181396484375">
        <ele>81.8000030517578125</ele>
        <time>2026-08-07T16:15:58.000Z</time>
      </trkpt>
      <trkpt lat="58.0286095105111598968505859375" lon="-4.40834571607410907745361328125">
        <ele>82.40000152587890625</ele>
        <time>2026-08-07T16:16:02.000Z</time>
      </trkpt>
      <trkpt lat="58.0286473967134952545166015625" lon="-4.40848032943904399871826171875">
        <ele>82.8000030517578125</ele>
        <time>2026-08-07T16:16:04.000Z</time>
      </trkpt>
      <trkpt lat="58.0287281982600688934326171875" lon="-4.40874637104570865631103515625">
        <ele>83.59999847412109375</ele>
        <time>2026-08-07T16:16:08.000Z</time>
      </trkpt>
      <trkpt lat="58.028805144131183624267578125" lon="-4.40895960666239261627197265625">
        <ele>84.40000152587890625</ele>
        <time>2026-08-07T16:16:12.000Z</time>
      </trkpt>
      <trkpt lat="58.0288190580904483795166015625" lon="-4.409016855061054229736328125">
        <ele>84.59999847412109375</ele>
        <time>2026-08-07T16:16:13.000Z</time>
      </trkpt>
      <trkpt lat="58.0289149470627307891845703125" lon="-4.40928650088608264923095703125">
        <ele>85.40000152587890625</ele>
        <time>2026-08-07T16:16:18.000Z</time>
      </trkpt>
      <trkpt lat="58.0289789848029613494873046875" lon="-4.40942865796387195587158203125">
        <ele>85.8000030517578125</ele>
        <time>2026-08-07T16:16:21.000Z</time>
      </trkpt>
      <trkpt lat="58.029069341719150543212890625" lon="-4.40960048697888851165771484375">
        <ele>86.1999969482421875</ele>
        <time>2026-08-07T16:16:25.000Z</time>
      </trkpt>
      <trkpt lat="58.02916062064468860626220703125" lon="-4.4097888283431529998779296875">
        <ele>86.59999847412109375</ele>
        <time>2026-08-07T16:16:29.000Z</time>
      </trkpt>
      <trkpt lat="58.02918526344001293182373046875" lon="-4.40983258187770843505859375">
        <ele>86.8000030517578125</ele>
        <time>2026-08-07T16:16:30.000Z</time>
      </trkpt>
      <trkpt lat="58.02920772694051265716552734375" lon="-4.4098723120987415313720703125">
        <ele>87</ele>
        <time>2026-08-07T16:16:31.000Z</time>
      </trkpt>
      <trkpt lat="58.02933395840227603912353515625" lon="-4.41012217663228511810302734375">
        <ele>88</ele>
        <time>2026-08-07T16:16:37.000Z</time>
      </trkpt>
      <trkpt lat="58.0294272489845752716064453125" lon="-4.41032074391841888427734375">
        <ele>88.59999847412109375</ele>
        <time>2026-08-07T16:16:41.000Z</time>
      </trkpt>
      <trkpt lat="58.02948541939258575439453125" lon="-4.4104134477674961090087890625">
        <ele>89</ele>
        <time>2026-08-07T16:16:43.000Z</time>
      </trkpt>
      <trkpt lat="58.0295960605144500732421875" lon="-4.41061134450137615203857421875">
        <ele>89.1999969482421875</ele>
        <time>2026-08-07T16:16:47.000Z</time>
      </trkpt>
      <trkpt lat="58.0297276563942432403564453125" lon="-4.410827346146106719970703125">
        <ele>89.8000030517578125</ele>
        <time>2026-08-07T16:16:52.000Z</time>
      </trkpt>
      <trkpt lat="58.02975498139858245849609375" lon="-4.41088006831705570220947265625">
        <ele>90</ele>
        <time>2026-08-07T16:16:53.000Z</time>
      </trkpt>
      <trkpt lat="58.02992605604231357574462890625" lon="-4.41119003109633922576904296875">
        <ele>90.59999847412109375</ele>
        <time>2026-08-07T16:16:59.000Z</time>
      </trkpt>
      <trkpt lat="58.03003921173512935638427734375" lon="-4.4114169292151927947998046875">
        <ele>91.1999969482421875</ele>
        <time>2026-08-07T16:17:03.000Z</time>
      </trkpt>
      <trkpt lat="58.03006603382527828216552734375" lon="-4.4114772789180278778076171875">
        <ele>91.40000152587890625</ele>
        <time>2026-08-07T16:17:04.000Z</time>
      </trkpt>
      <trkpt lat="58.03011951036751270294189453125" lon="-4.4115949608385562896728515625">
        <ele>91.59999847412109375</ele>
        <time>2026-08-07T16:17:06.000Z</time>
      </trkpt>
      <trkpt lat="58.0302329175174236297607421875" lon="-4.411831162869930267333984375">
        <ele>91.59999847412109375</ele>
        <time>2026-08-07T16:17:10.000Z</time>
      </trkpt>
      <trkpt lat="58.03035722114145755767822265625" lon="-4.41218487918376922607421875">
        <ele>91.8000030517578125</ele>
        <time>2026-08-07T16:17:15.000Z</time>
      </trkpt>
      <trkpt lat="58.030429892241954803466796875" lon="-4.41239719279110431671142578125">
        <ele>92.40000152587890625</ele>
        <time>2026-08-07T16:17:18.000Z</time>
      </trkpt>
      <trkpt lat="58.03053542040288448333740234375" lon="-4.4128264300525188446044921875">
        <ele>93</ele>
        <time>2026-08-07T16:17:24.000Z</time>
      </trkpt>
      <trkpt lat="58.0305527709424495697021484375" lon="-4.41290195100009441375732421875">
        <ele>93.1999969482421875</ele>
        <time>2026-08-07T16:17:25.000Z</time>
      </trkpt>
      <trkpt lat="58.0306033976376056671142578125" lon="-4.41313438117504119873046875">
        <ele>93.40000152587890625</ele>
        <time>2026-08-07T16:17:28.000Z</time>
      </trkpt>
      <trkpt lat="58.03064019419252872467041015625" lon="-4.41335960291326045989990234375">
        <ele>93.59999847412109375</ele>
        <time>2026-08-07T16:17:31.000Z</time>
      </trkpt>
      <trkpt lat="58.03065343759953975677490234375" lon="-4.4134346209466457366943359375">
        <ele>93.8000030517578125</ele>
        <time>2026-08-07T16:17:32.000Z</time>
      </trkpt>
      <trkpt lat="58.030688054859638214111328125" lon="-4.41365330480039119720458984375">
        <ele>94</ele>
        <time>2026-08-07T16:17:35.000Z</time>
      </trkpt>
      <trkpt lat="58.03074605762958526611328125" lon="-4.414044655859470367431640625">
        <ele>94.59999847412109375</ele>
        <time>2026-08-07T16:17:40.000Z</time>
      </trkpt>
      <trkpt lat="58.03077799268066883087158203125" lon="-4.4142951071262359619140625">
        <ele>94.59999847412109375</ele>
        <time>2026-08-07T16:17:43.000Z</time>
      </trkpt>
      <trkpt lat="58.03084957413375377655029296875" lon="-4.41469484008848667144775390625">
        <ele>94.8000030517578125</ele>
        <time>2026-08-07T16:17:48.000Z</time>
      </trkpt>
      <trkpt lat="58.03094713948667049407958984375" lon="-4.41510521806776523590087890625">
        <ele>95</ele>
        <time>2026-08-07T16:17:53.000Z</time>
      </trkpt>
      <trkpt lat="58.03097580559551715850830078125" lon="-4.41519238986074924468994140625">
        <ele>95</ele>
        <time>2026-08-07T16:17:54.000Z</time>
      </trkpt>
      <trkpt lat="58.031078986823558807373046875" lon="-4.41545910201966762542724609375">
        <ele>94.40000152587890625</ele>
        <time>2026-08-07T16:17:57.000Z</time>
      </trkpt>
      <trkpt lat="58.03120563738048076629638671875" lon="-4.4157151691615581512451171875">
        <ele>94</ele>
        <time>2026-08-07T16:18:00.000Z</time>
      </trkpt>
      <trkpt lat="58.031447790563106536865234375" lon="-4.41617600619792938232421875">
        <ele>93.40000152587890625</ele>
        <time>2026-08-07T16:18:05.000Z</time>
      </trkpt>
      <trkpt lat="58.0315455235540866851806640625" lon="-4.4163702987134456634521484375">
        <ele>93</ele>
        <time>2026-08-07T16:18:07.000Z</time>
      </trkpt>
      <trkpt lat="58.03175129927694797515869140625" lon="-4.416887126863002777099609375">
        <ele>92.8000030517578125</ele>
        <time>2026-08-07T16:18:12.000Z</time>
      </trkpt>
      <trkpt lat="58.0318375490605831146240234375" lon="-4.4172188825905323028564453125">
        <ele>93.1999969482421875</ele>
        <time>2026-08-07T16:18:15.000Z</time>
      </trkpt>
      <trkpt lat="58.03188004530966281890869140625" lon="-4.4174408353865146636962890625">
        <ele>93.1999969482421875</ele>
        <time>2026-08-07T16:18:17.000Z</time>
      </trkpt>
      <trkpt lat="58.03189882077276706695556640625" lon="-4.417545609176158905029296875">
        <ele>93.1999969482421875</ele>
        <time>2026-08-07T16:18:18.000Z</time>
      </trkpt>
      <trkpt lat="58.03202790208160877227783203125" lon="-4.4184362702071666717529296875">
        <ele>94</ele>
        <time>2026-08-07T16:18:26.000Z</time>
      </trkpt>
      <trkpt lat="58.03221045993268489837646484375" lon="-4.41903951577842235565185546875">
        <ele>94.40000152587890625</ele>
        <time>2026-08-07T16:18:32.000Z</time>
      </trkpt>
      <trkpt lat="58.032384216785430908203125" lon="-4.41937579773366451263427734375">
        <ele>94.59999847412109375</ele>
        <time>2026-08-07T16:18:36.000Z</time>
      </trkpt>
      <trkpt lat="58.03248010575771331787109375" lon="-4.41952432505786418914794921875">
        <ele>94.59999847412109375</ele>
        <time>2026-08-07T16:18:38.000Z</time>
      </trkpt>
      <trkpt lat="58.032730557024478912353515625" lon="-4.41985054872930049896240234375">
        <ele>94.8000030517578125</ele>
        <time>2026-08-07T16:18:43.000Z</time>
      </trkpt>
      <trkpt lat="58.0327796749770641326904296875" lon="-4.4199223816394805908203125">
        <ele>94.8000030517578125</ele>
        <time>2026-08-07T16:18:44.000Z</time>
      </trkpt>
      <trkpt lat="58.0331501550972461700439453125" lon="-4.4204368628561496734619140625">
        <ele>95.1999969482421875</ele>
        <time>2026-08-07T16:18:51.000Z</time>
      </trkpt>
      <trkpt lat="58.03330622613430023193359375" lon="-4.42066644318401813507080078125">
        <ele>95.40000152587890625</ele>
        <time>2026-08-07T16:18:54.000Z</time>
      </trkpt>
      <trkpt lat="58.0336078070104122161865234375" lon="-4.42110649310052394866943359375">
        <ele>95.40000152587890625</ele>
        <time>2026-08-07T16:19:00.000Z</time>
      </trkpt>
      <trkpt lat="58.03370160050690174102783203125" lon="-4.4212629832327365875244140625">
        <ele>94.40000152587890625</ele>
        <time>2026-08-07T16:19:02.000Z</time>
      </trkpt>
      <trkpt lat="58.0339404009282588958740234375" lon="-4.42160613834857940673828125">
        <ele>95.40000152587890625</ele>
        <time>2026-08-07T16:19:07.000Z</time>
      </trkpt>
      <trkpt lat="58.0342746712267398834228515625" lon="-4.42198776639997959136962890625">
        <ele>96</ele>
        <time>2026-08-07T16:19:14.000Z</time>
      </trkpt>
      <trkpt lat="58.034476675093173980712890625" lon="-4.42218205891549587249755859375">
        <ele>96.40000152587890625</ele>
        <time>2026-08-07T16:19:18.000Z</time>
      </trkpt>
      <trkpt lat="58.03462495096027851104736328125" lon="-4.422317929565906524658203125">
        <ele>96.8000030517578125</ele>
        <time>2026-08-07T16:19:21.000Z</time>
      </trkpt>
      <trkpt lat="58.0348422937095165252685546875" lon="-4.42251272499561309814453125">
        <ele>97.40000152587890625</ele>
        <time>2026-08-07T16:19:26.000Z</time>
      </trkpt>
      <trkpt lat="58.03487724624574184417724609375" lon="-4.422559328377246856689453125">
        <ele>97.1999969482421875</ele>
        <time>2026-08-07T16:19:27.000Z</time>
      </trkpt>
      <trkpt lat="58.03492737002670764923095703125" lon="-4.4225947000086307525634765625">
        <ele>97.40000152587890625</ele>
        <time>2026-08-07T16:19:28.000Z</time>
      </trkpt>
      <trkpt lat="58.03496492095291614532470703125" lon="-4.4226362742483615875244140625">
        <ele>97.59999847412109375</ele>
        <time>2026-08-07T16:19:29.000Z</time>
      </trkpt>
      <trkpt lat="58.035033904016017913818359375" lon="-4.42271665669977664947509765625">
        <ele>97.8000030517578125</ele>
        <time>2026-08-07T16:19:31.000Z</time>
      </trkpt>
      <trkpt lat="58.0351482331752777099609375" lon="-4.42281992174685001373291015625">
        <ele>98.40000152587890625</ele>
        <time>2026-08-07T16:19:34.000Z</time>
      </trkpt>
      <trkpt lat="58.03518511354923248291015625" lon="-4.4228461571037769317626953125">
        <ele>98.40000152587890625</ele>
        <time>2026-08-07T16:19:35.000Z</time>
      </trkpt>
      <trkpt lat="58.035225681960582733154296875" lon="-4.4228806905448436737060546875">
        <ele>98.59999847412109375</ele>
        <time>2026-08-07T16:19:36.000Z</time>
      </trkpt>
      <trkpt lat="58.03536792285740375518798828125" lon="-4.42302796058356761932373046875">
        <ele>99.8000030517578125</ele>
        <time>2026-08-07T16:19:40.000Z</time>
      </trkpt>
      <trkpt lat="58.0355514027178287506103515625" lon="-4.423204399645328521728515625">
        <ele>100.1999969482421875</ele>
        <time>2026-08-07T16:19:44.000Z</time>
      </trkpt>
      <trkpt lat="58.03567989729344844818115234375" lon="-4.42333306185901165008544921875">
        <ele>100.1999969482421875</ele>
        <time>2026-08-07T16:19:47.000Z</time>
      </trkpt>
      <trkpt lat="58.0357713438570499420166015625" lon="-4.42340430803596973419189453125">
        <ele>100.1999969482421875</ele>
        <time>2026-08-07T16:19:49.000Z</time>
      </trkpt>
      <trkpt lat="58.0358132533729076385498046875" lon="-4.4234570302069187164306640625">
        <ele>100.1999969482421875</ele>
        <time>2026-08-07T16:19:50.000Z</time>
      </trkpt>
      <trkpt lat="58.03591107018291950225830078125" lon="-4.42354428581893444061279296875">
        <ele>100.1999969482421875</ele>
        <time>2026-08-07T16:19:52.000Z</time>
      </trkpt>
      <trkpt lat="58.03606177680194377899169921875" lon="-4.42367638461291790008544921875">
        <ele>100.40000152587890625</ele>
        <time>2026-08-07T16:19:55.000Z</time>
      </trkpt>
      <trkpt lat="58.036206699907779693603515625" lon="-4.423786103725433349609375">
        <ele>100.59999847412109375</ele>
        <time>2026-08-07T16:19:58.000Z</time>
      </trkpt>
      <trkpt lat="58.03630434907972812652587890625" lon="-4.42386179231107234954833984375">
        <ele>100.59999847412109375</ele>
        <time>2026-08-07T16:20:00.000Z</time>
      </trkpt>
      <trkpt lat="58.03644298575818538665771484375" lon="-4.42398416809737682342529296875">
        <ele>100.8000030517578125</ele>
        <time>2026-08-07T16:20:03.000Z</time>
      </trkpt>
      <trkpt lat="58.036573827266693115234375" lon="-4.42410436458885669708251953125">
        <ele>101.40000152587890625</ele>
        <time>2026-08-07T16:20:06.000Z</time>
      </trkpt>
      <trkpt lat="58.0367060936987400054931640625" lon="-4.42419405095279216766357421875">
        <ele>101.8000030517578125</ele>
        <time>2026-08-07T16:20:09.000Z</time>
      </trkpt>
      <trkpt lat="58.03681514225900173187255859375" lon="-4.42426957190036773681640625">
        <ele>102</ele>
        <time>2026-08-07T16:20:11.000Z</time>
      </trkpt>
      <trkpt lat="58.03714354522526264190673828125" lon="-4.42442941479384899139404296875">
        <ele>102.1999969482421875</ele>
        <time>2026-08-07T16:20:17.000Z</time>
      </trkpt>
      <trkpt lat="58.03752559237182140350341796875" lon="-4.4246425665915012359619140625">
        <ele>102.8000030517578125</ele>
        <time>2026-08-07T16:20:24.000Z</time>
      </trkpt>
      <trkpt lat="58.0375756323337554931640625" lon="-4.4246626831591129302978515625">
        <ele>102.8000030517578125</ele>
        <time>2026-08-07T16:20:25.000Z</time>
      </trkpt>
      <trkpt lat="58.0378289334475994110107421875" lon="-4.424794279038906097412109375">
        <ele>102.59999847412109375</ele>
        <time>2026-08-07T16:20:30.000Z</time>
      </trkpt>
      <trkpt lat="58.03813755512237548828125" lon="-4.42495395429432392120361328125">
        <ele>102.40000152587890625</ele>
        <time>2026-08-07T16:20:36.000Z</time>
      </trkpt>
      <trkpt lat="58.038187511265277862548828125" lon="-4.42497499287128448486328125">
        <ele>102.1999969482421875</ele>
        <time>2026-08-07T16:20:37.000Z</time>
      </trkpt>
      <trkpt lat="58.0382362939417362213134765625" lon="-4.4250013120472431182861328125">
        <ele>102.40000152587890625</ele>
        <time>2026-08-07T16:20:38.000Z</time>
      </trkpt>
      <trkpt lat="58.0384481884539127349853515625" lon="-4.42507700063288211822509765625">
        <ele>102.8000030517578125</ele>
        <time>2026-08-07T16:20:42.000Z</time>
      </trkpt>
      <trkpt lat="58.0385507829487323760986328125" lon="-4.4250982068479061126708984375">
        <ele>103</ele>
        <time>2026-08-07T16:20:44.000Z</time>
      </trkpt>
      <trkpt lat="58.03876393474638462066650390625" lon="-4.4250829517841339111328125">
        <ele>102.8000030517578125</ele>
        <time>2026-08-07T16:20:48.000Z</time>
      </trkpt>
      <trkpt lat="58.0390536971390247344970703125" lon="-4.425065852701663970947265625">
        <ele>103</ele>
        <time>2026-08-07T16:20:53.000Z</time>
      </trkpt>
      <trkpt lat="58.039226867258548736572265625" lon="-4.425032995641231536865234375">
        <ele>103</ele>
        <time>2026-08-07T16:20:56.000Z</time>
      </trkpt>
      <trkpt lat="58.0393380112946033477783203125" lon="-4.425004832446575164794921875">
        <ele>103.1999969482421875</ele>
        <time>2026-08-07T16:20:58.000Z</time>
      </trkpt>
      <trkpt lat="58.0396833457052707672119140625" lon="-4.4249054230749607086181640625">
        <ele>104</ele>
        <time>2026-08-07T16:21:04.000Z</time>
      </trkpt>
      <trkpt lat="58.04008106701076030731201171875" lon="-4.42482923157513141632080078125">
        <ele>104.1999969482421875</ele>
        <time>2026-08-07T16:21:11.000Z</time>
      </trkpt>
      <trkpt lat="58.04044098593294620513916015625" lon="-4.424745328724384307861328125">
        <ele>104.1999969482421875</ele>
        <time>2026-08-07T16:21:17.000Z</time>
      </trkpt>
      <trkpt lat="58.0405604280531406402587890625" lon="-4.4247123040258884429931640625">
        <ele>104.40000152587890625</ele>
        <time>2026-08-07T16:21:19.000Z</time>
      </trkpt>
      <trkpt lat="58.04074424318969249725341796875" lon="-4.424664191901683807373046875">
        <ele>104.8000030517578125</ele>
        <time>2026-08-07T16:21:22.000Z</time>
      </trkpt>
      <trkpt lat="58.0409205146133899688720703125" lon="-4.42461851052939891815185546875">
        <ele>105</ele>
        <time>2026-08-07T16:21:25.000Z</time>
      </trkpt>
      <trkpt lat="58.0410415492951869964599609375" lon="-4.424584396183490753173828125">
        <ele>105.1999969482421875</ele>
        <time>2026-08-07T16:21:27.000Z</time>
      </trkpt>
      <trkpt lat="58.04147833026945590972900390625" lon="-4.42446663044393062591552734375">
        <ele>105.59999847412109375</ele>
        <time>2026-08-07T16:21:34.000Z</time>
      </trkpt>
      <trkpt lat="58.0417550168931484222412109375" lon="-4.4244072027504444122314453125">
        <ele>106.1999969482421875</ele>
        <time>2026-08-07T16:21:39.000Z</time>
      </trkpt>
      <trkpt lat="58.041866831481456756591796875" lon="-4.42438599653542041778564453125">
        <ele>106.40000152587890625</ele>
        <time>2026-08-07T16:21:41.000Z</time>
      </trkpt>
      <trkpt lat="58.04225885309278964996337890625" lon="-4.4242623634636402130126953125">
        <ele>106.59999847412109375</ele>
        <time>2026-08-07T16:21:48.000Z</time>
      </trkpt>
      <trkpt lat="58.04231232963502407073974609375" lon="-4.4242539815604686737060546875">
        <ele>106.59999847412109375</ele>
        <time>2026-08-07T16:21:49.000Z</time>
      </trkpt>
      <trkpt lat="58.04254509508609771728515625" lon="-4.42419237457215785980224609375">
        <ele>106.8000030517578125</ele>
        <time>2026-08-07T16:21:53.000Z</time>
      </trkpt>
      <trkpt lat="58.0428949557244777679443359375" lon="-4.42408240400254726409912109375">
        <ele>106.59999847412109375</ele>
        <time>2026-08-07T16:21:59.000Z</time>
      </trkpt>
      <trkpt lat="58.0433549545705318450927734375" lon="-4.42390143871307373046875">
        <ele>106.8000030517578125</ele>
        <time>2026-08-07T16:22:07.000Z</time>
      </trkpt>
      <trkpt lat="58.04377195425331592559814453125" lon="-4.42370370961725711822509765625">
        <ele>107</ele>
        <time>2026-08-07T16:22:14.000Z</time>
      </trkpt>
      <trkpt lat="58.0439416877925395965576171875" lon="-4.42359994165599346160888671875">
        <ele>107.1999969482421875</ele>
        <time>2026-08-07T16:22:17.000Z</time>
      </trkpt>
      <trkpt lat="58.0441136844456195831298828125" lon="-4.42345954477787017822265625">
        <ele>107.1999969482421875</ele>
        <time>2026-08-07T16:22:20.000Z</time>
      </trkpt>
      <trkpt lat="58.0442167818546295166015625" lon="-4.42338016815483570098876953125">
        <ele>107.40000152587890625</ele>
        <time>2026-08-07T16:22:22.000Z</time>
      </trkpt>
      <trkpt lat="58.0443696677684783935546875" lon="-4.4232565350830554962158203125">
        <ele>107.1999969482421875</ele>
        <time>2026-08-07T16:22:25.000Z</time>
      </trkpt>
      <trkpt lat="58.04464501328766345977783203125" lon="-4.4230614043772220611572265625">
        <ele>106.59999847412109375</ele>
        <time>2026-08-07T16:22:30.000Z</time>
      </trkpt>
      <trkpt lat="58.04492714814841747283935546875" lon="-4.4228501804172992706298828125">
        <ele>106.40000152587890625</ele>
        <time>2026-08-07T16:22:35.000Z</time>
      </trkpt>
      <trkpt lat="58.04498850367963314056396484375" lon="-4.422814808785915374755859375">
        <ele>106.40000152587890625</ele>
        <time>2026-08-07T16:22:36.000Z</time>
      </trkpt>
      <trkpt lat="58.045106939971446990966796875" lon="-4.422747753560543060302734375">
        <ele>106.1999969482421875</ele>
        <time>2026-08-07T16:22:38.000Z</time>
      </trkpt>
      <trkpt lat="58.04535361938178539276123046875" lon="-4.42263887263834476470947265625">
        <ele>106</ele>
        <time>2026-08-07T16:22:42.000Z</time>
      </trkpt>
      <trkpt lat="58.04553835652768611907958984375" lon="-4.42254264838993549346923828125">
        <ele>106</ele>
        <time>2026-08-07T16:22:45.000Z</time>
      </trkpt>
      <trkpt lat="58.0457937531173229217529296875" lon="-4.42244189791381359100341796875">
        <ele>106.1999969482421875</ele>
        <time>2026-08-07T16:22:49.000Z</time>
      </trkpt>
      <trkpt lat="58.04586030542850494384765625" lon="-4.42241608165204524993896484375">
        <ele>106</ele>
        <time>2026-08-07T16:22:50.000Z</time>
      </trkpt>
      <trkpt lat="58.0463362298905849456787109375" lon="-4.42222849465906620025634765625">
        <ele>105.40000152587890625</ele>
        <time>2026-08-07T16:22:57.000Z</time>
      </trkpt>
      <trkpt lat="58.046682067215442657470703125" lon="-4.4220874272286891937255859375">
        <ele>105.1999969482421875</ele>
        <time>2026-08-07T16:23:02.000Z</time>
      </trkpt>
      <trkpt lat="58.0470121465623378753662109375" lon="-4.4219539873301982879638671875">
        <ele>104.40000152587890625</ele>
        <time>2026-08-07T16:23:07.000Z</time>
      </trkpt>
      <trkpt lat="58.0471579916775226593017578125" lon="-4.4219140894711017608642578125">
        <ele>104</ele>
        <time>2026-08-07T16:23:09.000Z</time>
      </trkpt>
      <trkpt lat="58.04738371632993221282958984375" lon="-4.42184879444539546966552734375">
        <ele>103.8000030517578125</ele>
        <time>2026-08-07T16:23:12.000Z</time>
      </trkpt>
      <trkpt lat="58.0474567227065563201904296875" lon="-4.4218316115438938140869140625">
        <ele>103.8000030517578125</ele>
        <time>2026-08-07T16:23:13.000Z</time>
      </trkpt>
      <trkpt lat="58.04789467714726924896240234375" lon="-4.42168836481869220733642578125">
        <ele>103</ele>
        <time>2026-08-07T16:23:19.000Z</time>
      </trkpt>
      <trkpt lat="58.04797120392322540283203125" lon="-4.42165902815759181976318359375">
        <ele>103</ele>
        <time>2026-08-07T16:23:20.000Z</time>
      </trkpt>
      <trkpt lat="58.04831293411552906036376953125" lon="-4.42152139730751514434814453125">
        <ele>102.59999847412109375</ele>
        <time>2026-08-07T16:23:24.000Z</time>
      </trkpt>
      <trkpt lat="58.04852147586643695831298828125" lon="-4.42145920358598232269287109375">
        <ele>102</ele>
        <time>2026-08-07T16:23:26.000Z</time>
      </trkpt>
      <trkpt lat="58.04863027296960353851318359375" lon="-4.42142584361135959625244140625">
        <ele>102</ele>
        <time>2026-08-07T16:23:27.000Z</time>
      </trkpt>
      <trkpt lat="58.0487415008246898651123046875" lon="-4.421396590769290924072265625">
        <ele>102</ele>
        <time>2026-08-07T16:23:28.000Z</time>
      </trkpt>
      <trkpt lat="58.04895113222301006317138671875" lon="-4.4213343970477581024169921875">
        <ele>102</ele>
        <time>2026-08-07T16:23:30.000Z</time>
      </trkpt>
      <trkpt lat="58.04953099228441715240478515625" lon="-4.4211711175739765167236328125">
        <ele>102.1999969482421875</ele>
        <time>2026-08-07T16:23:36.000Z</time>
      </trkpt>
      <trkpt lat="58.0496246181428432464599609375" lon="-4.42113935016095638275146484375">
        <ele>102</ele>
        <time>2026-08-07T16:23:37.000Z</time>
      </trkpt>
      <trkpt lat="58.04971673525869846343994140625" lon="-4.42110967822372913360595703125">
        <ele>101.8000030517578125</ele>
        <time>2026-08-07T16:23:38.000Z</time>
      </trkpt>
      <trkpt lat="58.049807846546173095703125" lon="-4.42108134739100933074951171875">
        <ele>102</ele>
        <time>2026-08-07T16:23:39.000Z</time>
      </trkpt>
      <trkpt lat="58.049896024167537689208984375" lon="-4.42105636931955814361572265625">
        <ele>101.8000030517578125</ele>
        <time>2026-08-07T16:23:40.000Z</time>
      </trkpt>
      <trkpt lat="58.05006458424031734466552734375" lon="-4.4210041500627994537353515625">
        <ele>101.8000030517578125</ele>
        <time>2026-08-07T16:23:42.000Z</time>
      </trkpt>
      <trkpt lat="58.0503260158002376556396484375" lon="-4.42091890610754489898681640625">
        <ele>101.1999969482421875</ele>
        <time>2026-08-07T16:23:45.000Z</time>
      </trkpt>
      <trkpt lat="58.050920628011226654052734375" lon="-4.4207377731800079345703125">
        <ele>101</ele>
        <time>2026-08-07T16:23:52.000Z</time>
      </trkpt>
      <trkpt lat="58.05099983699619770050048828125" lon="-4.42071153782308101654052734375">
        <ele>100.59999847412109375</ele>
        <time>2026-08-07T16:23:53.000Z</time>
      </trkpt>
      <trkpt lat="58.05155974812805652618408203125" lon="-4.42055362276732921600341796875">
        <ele>101</ele>
        <time>2026-08-07T16:24:00.000Z</time>
      </trkpt>
      <trkpt lat="58.051636107265949249267578125" lon="-4.42053115926682949066162109375">
        <ele>101</ele>
        <time>2026-08-07T16:24:01.000Z</time>
      </trkpt>
      <trkpt lat="58.05171229876577854156494140625" lon="-4.4205029122531414031982421875">
        <ele>101</ele>
        <time>2026-08-07T16:24:02.000Z</time>
      </trkpt>
      <trkpt lat="58.0522204935550689697265625" lon="-4.42033317871391773223876953125">
        <ele>100.8000030517578125</ele>
        <time>2026-08-07T16:24:09.000Z</time>
      </trkpt>
      <trkpt lat="58.05262743495404720306396484375" lon="-4.420203678309917449951171875">
        <ele>100.8000030517578125</ele>
        <time>2026-08-07T16:24:15.000Z</time>
      </trkpt>
      <trkpt lat="58.0526952445507049560546875" lon="-4.4201837293803691864013671875">
        <ele>100.8000030517578125</ele>
        <time>2026-08-07T16:24:16.000Z</time>
      </trkpt>
      <trkpt lat="58.05327116511762142181396484375" lon="-4.4199932925403118133544921875">
        <ele>101.40000152587890625</ele>
        <time>2026-08-07T16:24:25.000Z</time>
      </trkpt>
      <trkpt lat="58.0537773482501506805419921875" lon="-4.41983881406486034393310546875">
        <ele>101</ele>
        <time>2026-08-07T16:24:33.000Z</time>
      </trkpt>
      <trkpt lat="58.053902573883533477783203125" lon="-4.41980394534766674041748046875">
        <ele>101</ele>
        <time>2026-08-07T16:24:35.000Z</time>
      </trkpt>
      <trkpt lat="58.05446390993893146514892578125" lon="-4.41962608136236667633056640625">
        <ele>101</ele>
        <time>2026-08-07T16:24:44.000Z</time>
      </trkpt>
      <trkpt lat="58.0545924045145511627197265625" lon="-4.41958601586520671844482421875">
        <ele>101</ele>
        <time>2026-08-07T16:24:46.000Z</time>
      </trkpt>
      <trkpt lat="58.05516086518764495849609375" lon="-4.4193780608475208282470703125">
        <ele>101.59999847412109375</ele>
        <time>2026-08-07T16:24:55.000Z</time>
      </trkpt>
      <trkpt lat="58.055348955094814300537109375" lon="-4.41930304281413555145263671875">
        <ele>101.59999847412109375</ele>
        <time>2026-08-07T16:24:58.000Z</time>
      </trkpt>
      <trkpt lat="58.05541274137794971466064453125" lon="-4.41927655600011348724365234375">
        <ele>101.8000030517578125</ele>
        <time>2026-08-07T16:24:59.000Z</time>
      </trkpt>
      <trkpt lat="58.055623881518840789794921875" lon="-4.4191829301416873931884765625">
        <ele>102.1999969482421875</ele>
        <time>2026-08-07T16:25:03.000Z</time>
      </trkpt>
      <trkpt lat="58.055680207908153533935546875" lon="-4.41917329095304012298583984375">
        <ele>102.1999969482421875</ele>
        <time>2026-08-07T16:25:05.000Z</time>
      </trkpt>
      <trkpt lat="58.0556823872029781341552734375" lon="-4.419231377542018890380859375">
        <ele>102.1999969482421875</ele>
        <time>2026-08-07T16:25:07.000Z</time>
      </trkpt>
      <trkpt lat="58.05565933696925640106201171875" lon="-4.419371187686920166015625">
        <ele>102.40000152587890625</ele>
        <time>2026-08-07T16:25:10.000Z</time>
      </trkpt>
      <trkpt lat="58.055657409131526947021484375" lon="-4.41943162120878696441650390625">
        <ele>102.59999847412109375</ele>
        <time>2026-08-07T16:25:11.000Z</time>
      </trkpt>
      <trkpt lat="58.05566268973052501678466796875" lon="-4.41955885849893093109130859375">
        <ele>102.8000030517578125</ele>
        <time>2026-08-07T16:25:13.000Z</time>
      </trkpt>
      <trkpt lat="58.0556770227849483489990234375" lon="-4.41981710493564605712890625">
        <ele>102.8000030517578125</ele>
        <time>2026-08-07T16:25:17.000Z</time>
      </trkpt>
      <trkpt lat="58.05569135583937168121337890625" lon="-4.42012715153396129608154296875">
        <ele>101.59999847412109375</ele>
        <time>2026-08-07T16:25:21.000Z</time>
      </trkpt>
      <trkpt lat="58.0556968040764331817626953125" lon="-4.4202051870524883270263671875">
        <ele>101.1999969482421875</ele>
        <time>2026-08-07T16:25:22.000Z</time>
      </trkpt>
      <trkpt lat="58.05570845492184162139892578125" lon="-4.42037123255431652069091796875">
        <ele>100.8000030517578125</ele>
        <time>2026-08-07T16:25:24.000Z</time>
      </trkpt>
      <trkpt lat="58.0557202734053134918212890625" lon="-4.42054641433060169219970703125">
        <ele>100.40000152587890625</ele>
        <time>2026-08-07T16:25:26.000Z</time>
      </trkpt>
      <trkpt lat="58.0557407252490520477294921875" lon="-4.4208271242678165435791015625">
        <ele>99.1999969482421875</ele>
        <time>2026-08-07T16:25:29.000Z</time>
      </trkpt>
      <trkpt lat="58.0557529628276824951171875" lon="-4.42103482782840728759765625">
        <ele>98</ele>
        <time>2026-08-07T16:25:31.000Z</time>
      </trkpt>
      <trkpt lat="58.0557648651301860809326171875" lon="-4.421249069273471832275390625">
        <ele>97.59999847412109375</ele>
        <time>2026-08-07T16:25:33.000Z</time>
      </trkpt>
      <trkpt lat="58.05577643215656280517578125" lon="-4.42146976478397846221923828125">
        <ele>97</ele>
        <time>2026-08-07T16:25:35.000Z</time>
      </trkpt>
      <trkpt lat="58.0557833053171634674072265625" lon="-4.4216953217983245849609375">
        <ele>96.59999847412109375</ele>
        <time>2026-08-07T16:25:37.000Z</time>
      </trkpt>
      <trkpt lat="58.05578523315489292144775390625" lon="-4.42191417329013347625732421875">
        <ele>97</ele>
        <time>2026-08-07T16:25:39.000Z</time>
      </trkpt>
      <trkpt lat="58.05579126812517642974853515625" lon="-4.4220123253762722015380859375">
        <ele>99</ele>
        <time>2026-08-07T16:25:40.000Z</time>
      </trkpt>
      <trkpt lat="58.0557960458099842071533203125" lon="-4.42211735062301158905029296875">
        <ele>100.40000152587890625</ele>
        <time>2026-08-07T16:25:41.000Z</time>
      </trkpt>
      <trkpt lat="58.0558020807802677154541015625" lon="-4.422224052250385284423828125">
        <ele>102.1999969482421875</ele>
        <time>2026-08-07T16:25:42.000Z</time>
      </trkpt>
      <trkpt lat="58.05581976659595966339111328125" lon="-4.42255002446472644805908203125">
        <ele>101.8000030517578125</ele>
        <time>2026-08-07T16:25:45.000Z</time>
      </trkpt>
      <trkpt lat="58.055833093822002410888671875" lon="-4.4229666888713836669921875">
        <ele>101.8000030517578125</ele>
        <time>2026-08-07T16:25:49.000Z</time>
      </trkpt>
      <trkpt lat="58.05584340356290340423583984375" lon="-4.42315603606402873992919921875">
        <ele>101.59999847412109375</ele>
        <time>2026-08-07T16:25:51.000Z</time>
      </trkpt>
      <trkpt lat="58.05585698224604129791259765625" lon="-4.4233651645481586456298828125">
        <ele>101</ele>
        <time>2026-08-07T16:25:53.000Z</time>
      </trkpt>
      <trkpt lat="58.05585899390280246734619140625" lon="-4.42346264608204364776611328125">
        <ele>100</ele>
        <time>2026-08-07T16:25:54.000Z</time>
      </trkpt>
      <trkpt lat="58.05586301721632480621337890625" lon="-4.42355685867369174957275390625">
        <ele>99</ele>
        <time>2026-08-07T16:25:55.000Z</time>
      </trkpt>
      <trkpt lat="58.055867962539196014404296875" lon="-4.42365157417953014373779296875">
        <ele>98.1999969482421875</ele>
        <time>2026-08-07T16:25:56.000Z</time>
      </trkpt>
      <trkpt lat="58.05587994866073131561279296875" lon="-4.4237453676760196685791015625">
        <ele>98.1999969482421875</ele>
        <time>2026-08-07T16:25:57.000Z</time>
      </trkpt>
      <trkpt lat="58.05592303164303302764892578125" lon="-4.42414325661957263946533203125">
        <ele>99</ele>
        <time>2026-08-07T16:26:01.000Z</time>
      </trkpt>
      <trkpt lat="58.055941723287105560302734375" lon="-4.42425188608467578887939453125">
        <ele>99.8000030517578125</ele>
        <time>2026-08-07T16:26:02.000Z</time>
      </trkpt>
      <trkpt lat="58.05596494115889072418212890625" lon="-4.4243616051971912384033203125">
        <ele>100.40000152587890625</ele>
        <time>2026-08-07T16:26:03.000Z</time>
      </trkpt>
      <trkpt lat="58.05599100887775421142578125" lon="-4.4244668819010257720947265625">
        <ele>101.59999847412109375</ele>
        <time>2026-08-07T16:26:04.000Z</time>
      </trkpt>
      <trkpt lat="58.05603803135454654693603515625" lon="-4.42467181943356990814208984375">
        <ele>101</ele>
        <time>2026-08-07T16:26:06.000Z</time>
      </trkpt>
      <trkpt lat="58.05606133304536342620849609375" lon="-4.424774833023548126220703125">
        <ele>100.40000152587890625</ele>
        <time>2026-08-07T16:26:07.000Z</time>
      </trkpt>
      <trkpt lat="58.0561031587421894073486328125" lon="-4.42498681135475635528564453125">
        <ele>99</ele>
        <time>2026-08-07T16:26:09.000Z</time>
      </trkpt>
      <trkpt lat="58.05612570606172084808349609375" lon="-4.42509192042052745819091796875">
        <ele>99</ele>
        <time>2026-08-07T16:26:10.000Z</time>
      </trkpt>
      <trkpt lat="58.05619225837290287017822265625" lon="-4.42541680298745632171630859375">
        <ele>100.59999847412109375</ele>
        <time>2026-08-07T16:26:13.000Z</time>
      </trkpt>
      <trkpt lat="58.05633190087974071502685546875" lon="-4.42614250816404819488525390625">
        <ele>101.1999969482421875</ele>
        <time>2026-08-07T16:26:20.000Z</time>
      </trkpt>
      <trkpt lat="58.05636945180594921112060546875" lon="-4.4263497926294803619384765625">
        <ele>101</ele>
        <time>2026-08-07T16:26:22.000Z</time>
      </trkpt>
      <trkpt lat="58.05645947344601154327392578125" lon="-4.4268677942454814910888671875">
        <ele>99.40000152587890625</ele>
        <time>2026-08-07T16:26:27.000Z</time>
      </trkpt>
      <trkpt lat="58.05656542070209980010986328125" lon="-4.42737615667283535003662109375">
        <ele>100.59999847412109375</ele>
        <time>2026-08-07T16:26:32.000Z</time>
      </trkpt>
      <trkpt lat="58.05667052976787090301513671875" lon="-4.42789566703140735626220703125">
        <ele>99.40000152587890625</ele>
        <time>2026-08-07T16:26:37.000Z</time>
      </trkpt>
      <trkpt lat="58.05668838322162628173828125" lon="-4.42799876444041728973388671875">
        <ele>99</ele>
        <time>2026-08-07T16:26:38.000Z</time>
      </trkpt>
      <trkpt lat="58.0568179674446582794189453125" lon="-4.42865171469748020172119140625">
        <ele>99</ele>
        <time>2026-08-07T16:26:44.000Z</time>
      </trkpt>
      <trkpt lat="58.056891225278377532958984375" lon="-4.4290045090019702911376953125">
        <ele>99.40000152587890625</ele>
        <time>2026-08-07T16:26:47.000Z</time>
      </trkpt>
      <trkpt lat="58.05698233656585216522216796875" lon="-4.42933215759694576263427734375">
        <ele>99.59999847412109375</ele>
        <time>2026-08-07T16:26:50.000Z</time>
      </trkpt>
      <trkpt lat="58.05701234377920627593994140625" lon="-4.42944061942398548126220703125">
        <ele>99.59999847412109375</ele>
        <time>2026-08-07T16:26:51.000Z</time>
      </trkpt>
      <trkpt lat="58.05725089274346828460693359375" lon="-4.4300237484276294708251953125">
        <ele>100</ele>
        <time>2026-08-07T16:26:57.000Z</time>
      </trkpt>
      <trkpt lat="58.05737796239554882049560546875" lon="-4.43028735928237438201904296875">
        <ele>100.40000152587890625</ele>
        <time>2026-08-07T16:27:00.000Z</time>
      </trkpt>
      <trkpt lat="58.0575582571327686309814453125" lon="-4.43063470534980297088623046875">
        <ele>100.40000152587890625</ele>
        <time>2026-08-07T16:27:04.000Z</time>
      </trkpt>
      <trkpt lat="58.0577064491808414459228515625" lon="-4.43097266368567943572998046875">
        <ele>99</ele>
        <time>2026-08-07T16:27:08.000Z</time>
      </trkpt>
      <trkpt lat="58.05772639811038970947265625" lon="-4.43102530203759670257568359375">
        <ele>99.40000152587890625</ele>
        <time>2026-08-07T16:27:09.000Z</time>
      </trkpt>
      <trkpt lat="58.0577433295547962188720703125" lon="-4.43104407750070095062255859375">
        <ele>100.40000152587890625</ele>
        <time>2026-08-07T16:27:11.000Z</time>
      </trkpt>
      <trkpt lat="58.0577433295547962188720703125" lon="-4.43104407750070095062255859375">
        <ele>102.1999969482421875</ele>
        <time>2026-08-07T16:27:12.000Z</time>
      </trkpt>
      <trkpt lat="58.05778247304260730743408203125" lon="-4.4311045110225677490234375">
        <ele>101.40000152587890625</ele>
        <time>2026-08-07T16:27:18.000Z</time>
      </trkpt>
      <trkpt lat="58.05779957212507724761962890625" lon="-4.43113736808300018310546875">
        <ele>100.8000030517578125</ele>
        <time>2026-08-07T16:27:19.000Z</time>
      </trkpt>
      <trkpt lat="58.0578978918492794036865234375" lon="-4.431317746639251708984375">
        <ele>100.40000152587890625</ele>
        <time>2026-08-07T16:27:23.000Z</time>
      </trkpt>
      <trkpt lat="58.0579528771340847015380859375" lon="-4.431441128253936767578125">
        <ele>100.8000030517578125</ele>
        <time>2026-08-07T16:27:25.000Z</time>
      </trkpt>
      <trkpt lat="58.0579800345003604888916015625" lon="-4.43150885403156280517578125">
        <ele>101</ele>
        <time>2026-08-07T16:27:26.000Z</time>
      </trkpt>
      <trkpt lat="58.05805991403758525848388671875" lon="-4.43171462975442409515380859375">
        <ele>101</ele>
        <time>2026-08-07T16:27:29.000Z</time>
      </trkpt>
      <trkpt lat="58.05818413384258747100830078125" lon="-4.43209650926291942596435546875">
        <ele>102</ele>
        <time>2026-08-07T16:27:35.000Z</time>
      </trkpt>
      <trkpt lat="58.05820492096245288848876953125" lon="-4.43215769715607166290283203125">
        <ele>102</ele>
        <time>2026-08-07T16:27:36.000Z</time>
      </trkpt>
      <trkpt lat="58.05822352878749370574951171875" lon="-4.432221986353397369384765625">
        <ele>101.8000030517578125</ele>
        <time>2026-08-07T16:27:37.000Z</time>
      </trkpt>
      <trkpt lat="58.0582415498793125152587890625" lon="-4.4322925619781017303466796875">
        <ele>101.59999847412109375</ele>
        <time>2026-08-07T16:27:38.000Z</time>
      </trkpt>
      <trkpt lat="58.058258481323719024658203125" lon="-4.4323678314685821533203125">
        <ele>101</ele>
        <time>2026-08-07T16:27:39.000Z</time>
      </trkpt>
      <trkpt lat="58.05828429758548736572265625" lon="-4.43243379704654216766357421875">
        <ele>100.8000030517578125</ele>
        <time>2026-08-07T16:27:40.000Z</time>
      </trkpt>
      <trkpt lat="58.05831790901720523834228515625" lon="-4.43248375318944454193115234375">
        <ele>100.8000030517578125</ele>
        <time>2026-08-07T16:27:41.000Z</time>
      </trkpt>
      <trkpt lat="58.05835847742855548858642578125" lon="-4.4325158558785915374755859375">
        <ele>101</ele>
        <time>2026-08-07T16:27:42.000Z</time>
      </trkpt>
      <trkpt lat="58.05844581685960292816162109375" lon="-4.43250772543251514434814453125">
        <ele>102</ele>
        <time>2026-08-07T16:27:44.000Z</time>
      </trkpt>
      <trkpt lat="58.05848420597612857818603515625" lon="-4.4324799813330173492431640625">
        <ele>102.40000152587890625</ele>
        <time>2026-08-07T16:27:45.000Z</time>
      </trkpt>
      <trkpt lat="58.058519326150417327880859375" lon="-4.4324444420635700225830078125">
        <ele>102.8000030517578125</ele>
        <time>2026-08-07T16:27:46.000Z</time>
      </trkpt>
      <trkpt lat="58.05861261673271656036376953125" lon="-4.43234193138778209686279296875">
        <ele>103.40000152587890625</ele>
        <time>2026-08-07T16:27:49.000Z</time>
      </trkpt>
      <trkpt lat="58.058809004724025726318359375" lon="-4.43209315650165081024169921875">
        <ele>104</ele>
        <time>2026-08-07T16:27:55.000Z</time>
      </trkpt>
      <trkpt lat="58.05901251733303070068359375" lon="-4.43184790201485157012939453125">
        <ele>104</ele>
        <time>2026-08-07T16:28:01.000Z</time>
      </trkpt>
      <trkpt lat="58.05916414596140384674072265625" lon="-4.43167515099048614501953125">
        <ele>103.8000030517578125</ele>
        <time>2026-08-07T16:28:05.000Z</time>
      </trkpt>
      <trkpt lat="58.059437312185764312744140625" lon="-4.4313544593751430511474609375">
        <ele>103.40000152587890625</ele>
        <time>2026-08-07T16:28:11.000Z</time>
      </trkpt>
      <trkpt lat="58.05958692915737628936767578125" lon="-4.43117667920887470245361328125">
        <ele>102.8000030517578125</ele>
        <time>2026-08-07T16:28:14.000Z</time>
      </trkpt>
      <trkpt lat="58.0596929602324962615966796875" lon="-4.43105262704193592071533203125">
        <ele>102.40000152587890625</ele>
        <time>2026-08-07T16:28:16.000Z</time>
      </trkpt>
      <trkpt lat="58.05986721999943256378173828125" lon="-4.43084777332842350006103515625">
        <ele>102.1999969482421875</ele>
        <time>2026-08-07T16:28:19.000Z</time>
      </trkpt>
      <trkpt lat="58.0602454952895641326904296875" lon="-4.43039565347135066986083984375">
        <ele>101.40000152587890625</ele>
        <time>2026-08-07T16:28:25.000Z</time>
      </trkpt>
      <trkpt lat="58.06037181057035923004150390625" lon="-4.43024595268070697784423828125">
        <ele>101</ele>
        <time>2026-08-07T16:28:27.000Z</time>
      </trkpt>
      <trkpt lat="58.06080331094563007354736328125" lon="-4.4297558628022670745849609375">
        <ele>101.40000152587890625</ele>
        <time>2026-08-07T16:28:34.000Z</time>
      </trkpt>
      <trkpt lat="58.0609338171780109405517578125" lon="-4.42963340319693088531494140625">
        <ele>101.8000030517578125</ele>
        <time>2026-08-07T16:28:36.000Z</time>
      </trkpt>
      <trkpt lat="58.06099777109920978546142578125" lon="-4.42957959137856960296630859375">
        <ele>101.8000030517578125</ele>
        <time>2026-08-07T16:28:37.000Z</time>
      </trkpt>
      <trkpt lat="58.0613029561936855316162109375" lon="-4.4293384440243244171142578125">
        <ele>102.1999969482421875</ele>
        <time>2026-08-07T16:28:42.000Z</time>
      </trkpt>
      <trkpt lat="58.06147621013224124908447265625" lon="-4.42918731831014156341552734375">
        <ele>102.40000152587890625</ele>
        <time>2026-08-07T16:28:45.000Z</time>
      </trkpt>
      <trkpt lat="58.06187250651419162750244140625" lon="-4.42883041687309741973876953125">
        <ele>102.8000030517578125</ele>
        <time>2026-08-07T16:28:52.000Z</time>
      </trkpt>
      <trkpt lat="58.0621364526450634002685546875" lon="-4.4286129064857959747314453125">
        <ele>103.40000152587890625</ele>
        <time>2026-08-07T16:28:57.000Z</time>
      </trkpt>
      <trkpt lat="58.0622868239879608154296875" lon="-4.4284861721098423004150390625">
        <ele>103.8000030517578125</ele>
        <time>2026-08-07T16:29:00.000Z</time>
      </trkpt>
      <trkpt lat="58.0625469982624053955078125" lon="-4.42827276885509490966796875">
        <ele>104.40000152587890625</ele>
        <time>2026-08-07T16:29:05.000Z</time>
      </trkpt>
      <trkpt lat="58.06259863078594207763671875" lon="-4.4282265007495880126953125">
        <ele>104.59999847412109375</ele>
        <time>2026-08-07T16:29:06.000Z</time>
      </trkpt>
      <trkpt lat="58.062751181423664093017578125" lon="-4.4280898757278919219970703125">
        <ele>105.1999969482421875</ele>
        <time>2026-08-07T16:29:09.000Z</time>
      </trkpt>
      <trkpt lat="58.0630110204219818115234375" lon="-4.42786582745611667633056640625">
        <ele>105.59999847412109375</ele>
        <time>2026-08-07T16:29:14.000Z</time>
      </trkpt>
      <trkpt lat="58.06306541897356510162353515625" lon="-4.42782375030219554901123046875">
        <ele>105.59999847412109375</ele>
        <time>2026-08-07T16:29:15.000Z</time>
      </trkpt>
      <trkpt lat="58.06322584860026836395263671875" lon="-4.4276932440698146820068359375">
        <ele>106.1999969482421875</ele>
        <time>2026-08-07T16:29:18.000Z</time>
      </trkpt>
      <trkpt lat="58.0634390003979206085205078125" lon="-4.42752250470221042633056640625">
        <ele>106.8000030517578125</ele>
        <time>2026-08-07T16:29:22.000Z</time>
      </trkpt>
      <trkpt lat="58.0636381544172763824462890625" lon="-4.42735369317233562469482421875">
        <ele>107.8000030517578125</ele>
        <time>2026-08-07T16:29:26.000Z</time>
      </trkpt>
      <trkpt lat="58.0636869370937347412109375" lon="-4.42731010727584362030029296875">
        <ele>107.8000030517578125</ele>
        <time>2026-08-07T16:29:27.000Z</time>
      </trkpt>
      <trkpt lat="58.06392003782093524932861328125" lon="-4.42712587304413318634033203125">
        <ele>107.40000152587890625</ele>
        <time>2026-08-07T16:29:32.000Z</time>
      </trkpt>
      <trkpt lat="58.06396923959255218505859375" lon="-4.42709016613662242889404296875">
        <ele>107.1999969482421875</ele>
        <time>2026-08-07T16:29:33.000Z</time>
      </trkpt>
      <trkpt lat="58.06405842304229736328125" lon="-4.42696376703679561614990234375">
        <ele>107.59999847412109375</ele>
        <time>2026-08-07T16:29:36.000Z</time>
      </trkpt>
      <trkpt lat="58.06405104696750640869140625" lon="-4.42691557109355926513671875">
        <ele>107.59999847412109375</ele>
        <time>2026-08-07T16:29:37.000Z</time>
      </trkpt>
      <trkpt lat="58.06399782188236713409423828125" lon="-4.42687257193028926849365234375">
        <ele>107.59999847412109375</ele>
        <time>2026-08-07T16:29:39.000Z</time>
      </trkpt>
      <trkpt lat="58.06396513245999813079833984375" lon="-4.42688128910958766937255859375">
        <ele>107.40000152587890625</ele>
        <time>2026-08-07T16:29:40.000Z</time>
      </trkpt>
      <trkpt lat="58.0638808943331241607666015625" lon="-4.4269470870494842529296875">
        <ele>107.1999969482421875</ele>
        <time>2026-08-07T16:29:43.000Z</time>
      </trkpt>
      <trkpt lat="58.0637950636446475982666015625" lon="-4.426958151161670684814453125">
        <ele>107.1999969482421875</ele>
        <time>2026-08-07T16:29:45.000Z</time>
      </trkpt>
      <trkpt lat="58.0637209676206111907958984375" lon="-4.42692738957703113555908203125">
        <ele>106.8000030517578125</ele>
        <time>2026-08-07T16:29:47.000Z</time>
      </trkpt>
      <trkpt lat="58.06368852965533733367919921875" lon="-4.4268919341266155242919921875">
        <ele>106.59999847412109375</ele>
        <time>2026-08-07T16:29:48.000Z</time>
      </trkpt>
      <trkpt lat="58.06366288103163242340087890625" lon="-4.426843486726284027099609375">
        <ele>106.40000152587890625</ele>
        <time>2026-08-07T16:29:49.000Z</time>
      </trkpt>
      <trkpt lat="58.06362750940024852752685546875" lon="-4.426728151738643646240234375">
        <ele>106.1999969482421875</ele>
        <time>2026-08-07T16:29:51.000Z</time>
      </trkpt>
      <trkpt lat="58.06359012611210346221923828125" lon="-4.4266089610755443572998046875">
        <ele>106.1999969482421875</ele>
        <time>2026-08-07T16:29:55.000Z</time>
      </trkpt>
      <trkpt lat="58.0635680817067623138427734375" lon="-4.42645465023815631866455078125">
        <ele>106.1999969482421875</ele>
        <time>2026-08-07T16:29:59.000Z</time>
      </trkpt>
      <trkpt lat="58.0635583586990833282470703125" lon="-4.426345936954021453857421875">
        <ele>106.40000152587890625</ele>
        <time>2026-08-07T16:30:04.000Z</time>
      </trkpt>
      <trkpt lat="58.063558526337146759033203125" lon="-4.42635121755301952362060546875">
        <ele>106.1999969482421875</ele>
        <time>2026-08-07T16:30:09.000Z</time>
      </trkpt>
      <trkpt lat="58.063558526337146759033203125" lon="-4.42635121755301952362060546875">
        <ele>106.1999969482421875</ele>
        <time>2026-08-07T16:30:14.000Z</time>
      </trkpt>
      <trkpt lat="58.06355726905167102813720703125" lon="-4.4263558275997638702392578125">
        <ele>106.1999969482421875</ele>
        <time>2026-08-07T16:30:18.000Z</time>
      </trkpt>
      <trkpt lat="58.06355349719524383544921875" lon="-4.426359347999095916748046875">
        <ele>106.1999969482421875</ele>
        <time>2026-08-07T16:30:23.000Z</time>
      </trkpt>
      <trkpt lat="58.063540756702423095703125" lon="-4.42635021172463893890380859375">
        <ele>106</ele>
        <time>2026-08-07T16:30:24.000Z</time>
      </trkpt>
      <trkpt lat="58.063448555767536163330078125" lon="-4.426339901983737945556640625">
        <ele>106</ele>
        <time>2026-08-07T16:30:28.000Z</time>
      </trkpt>
      <trkpt lat="58.06334151886403560638427734375" lon="-4.426266141235828399658203125">
        <ele>105.59999847412109375</ele>
        <time>2026-08-07T16:30:31.000Z</time>
      </trkpt>
      <trkpt lat="58.0633006989955902099609375" lon="-4.42625381983816623687744140625">
        <ele>105.1999969482421875</ele>
        <time>2026-08-07T16:30:32.000Z</time>
      </trkpt>
      <trkpt lat="58.06317488662898540496826171875" lon="-4.42625306546688079833984375">
        <ele>104.59999847412109375</ele>
        <time>2026-08-07T16:30:36.000Z</time>
      </trkpt>
      <trkpt lat="58.06312191300094127655029296875" lon="-4.42624233663082122802734375">
        <ele>104.59999847412109375</ele>
        <time>2026-08-07T16:30:41.000Z</time>
      </trkpt>
      <trkpt lat="58.0631047300994396209716796875" lon="-4.4262146763503551483154296875">
        <ele>104.59999847412109375</ele>
        <time>2026-08-07T16:30:49.000Z</time>
      </trkpt>
      <trkpt lat="58.0631047300994396209716796875" lon="-4.4262146763503551483154296875">
        <ele>105</ele>
        <time>2026-08-07T16:30:54.000Z</time>
      </trkpt>
      <trkpt lat="58.06309643201529979705810546875" lon="-4.42619673907756805419921875">
        <ele>104.8000030517578125</ele>
        <time>2026-08-07T16:30:58.000Z</time>
      </trkpt>
      <trkpt lat="58.0630966834723949432373046875" lon="-4.42618844099342823028564453125">
        <ele>104.59999847412109375</ele>
        <time>2026-08-07T16:30:59.000Z</time>
      </trkpt>
      <trkpt lat="58.06309752166271209716796875" lon="-4.42620034329593181610107421875">
        <ele>104.8000030517578125</ele>
        <time>2026-08-07T16:31:02.000Z</time>
      </trkpt>
      <trkpt lat="58.0631100945174694061279296875" lon="-4.42620872519910335540771484375">
        <ele>105.1999969482421875</ele>
        <time>2026-08-07T16:31:04.000Z</time>
      </trkpt>
      <trkpt lat="58.0631114356219768524169921875" lon="-4.42618022672832012176513671875">
        <ele>105.1999969482421875</ele>
        <time>2026-08-07T16:31:06.000Z</time>
      </trkpt>
      <trkpt lat="58.0631090886890888214111328125" lon="-4.426207132637500762939453125">
        <ele>105</ele>
        <time>2026-08-07T16:31:08.000Z</time>
      </trkpt>
      <trkpt lat="58.06309760548174381256103515625" lon="-4.42622817121446132659912109375">
        <ele>105</ele>
        <time>2026-08-07T16:31:14.000Z</time>
      </trkpt>
      <trkpt lat="58.06310498155653476715087890625" lon="-4.42623035050928592681884765625">
        <ele>105.59999847412109375</ele>
        <time>2026-08-07T16:31:21.000Z</time>
      </trkpt>
      <trkpt lat="58.06309777311980724334716796875" lon="-4.4262282550334930419921875">
        <ele>105.8000030517578125</ele>
        <time>2026-08-07T16:31:24.000Z</time>
      </trkpt>
      <trkpt lat="58.06309777311980724334716796875" lon="-4.4262282550334930419921875">
        <ele>105.59999847412109375</ele>
        <time>2026-08-07T16:31:30.000Z</time>
      </trkpt>
      <trkpt lat="58.06309777311980724334716796875" lon="-4.4262282550334930419921875">
        <ele>105.8000030517578125</ele>
        <time>2026-08-07T16:31:36.000Z</time>
      </trkpt>
      <trkpt lat="58.06310816667973995208740234375" lon="-4.4262324459850788116455078125">
        <ele>105.8000030517578125</ele>
        <time>2026-08-07T16:31:37.000Z</time>
      </trkpt>
      <trkpt lat="58.06311503984034061431884765625" lon="-4.4262411631643772125244140625">
        <ele>105.59999847412109375</ele>
        <time>2026-08-07T16:31:39.000Z</time>
      </trkpt>
      <trkpt lat="58.0631057359278202056884765625" lon="-4.42621006630361080169677734375">
        <ele>105.40000152587890625</ele>
        <time>2026-08-07T16:31:42.000Z</time>
      </trkpt>
      <trkpt lat="58.06311537511646747589111328125" lon="-4.426219873130321502685546875">
        <ele>105.40000152587890625</ele>
        <time>2026-08-07T16:31:43.000Z</time>
      </trkpt>
      <trkpt lat="58.063108585774898529052734375" lon="-4.42622498609125614166259765625">
        <ele>105.40000152587890625</ele>
        <time>2026-08-07T16:31:48.000Z</time>
      </trkpt>
      <trkpt lat="58.06311118416488170623779296875" lon="-4.4262148439884185791015625">
        <ele>105.40000152587890625</ele>
        <time>2026-08-07T16:31:52.000Z</time>
      </trkpt>
      <trkpt lat="58.063113950192928314208984375" lon="-4.4262170232832431793212890625">
        <ele>105.1999969482421875</ele>
        <time>2026-08-07T16:31:55.000Z</time>
      </trkpt>
      <trkpt lat="58.06312006898224353790283203125" lon="-4.42621392197906970977783203125">
        <ele>105</ele>
        <time>2026-08-07T16:31:56.000Z</time>
      </trkpt>
      <trkpt lat="58.0631067417562007904052734375" lon="-4.426207803189754486083984375">
        <ele>105</ele>
        <time>2026-08-07T16:32:00.000Z</time>
      </trkpt>
      <trkpt lat="58.063113950192928314208984375" lon="-4.4262170232832431793212890625">
        <ele>104.8000030517578125</ele>
        <time>2026-08-07T16:32:02.000Z</time>
      </trkpt>
    </trkseg>
  </trk>
</gpx>
